x,y,gene,cell_truth,is_noise_truth,molecule_id,confidence,cluster,cell,assignment_confidence,is_noise,ncv_color
35.746893,110.016547,Ttr,42,false,1,0.986,1,CR9f3683203-27,1.0,false,#0082FF
8.98997,102.414906,Pdgfra,41,false,2,0.98683,3,CR9f3683203-17,1.0,false,#009C9A
70.720881,51.261216,Slc17a7,20,false,3,0.99166,3,CR9f3683203-19,1.0,false,#005000
108.224866,89.319342,Slc17a7,38,false,4,0.99184,3,CR9f3683203-44,1.0,false,#FA0069
110.107761,102.687924,Gad1,46,false,5,0.98213,2,CR9f3683203-54,1.0,false,#5D8212
85.416195,126.246803,Sox10,53,false,6,0.99043,3,CR9f3683203-52,1.0,false,#005000
129.809683,12.014981,Ttr,7,false,7,0.99024,2,CR9f3683203-24,1.0,false,#00608F
87.736764,105.707244,Ttr,45,false,8,0.99154,3,CR9f3683203-47,1.0,false,#0082FF
89.648881,10.440628,Slc17a7,5,false,9,0.99172,3,CR9f3683203-11,1.0,false,#5F91FC
15.619718,80.517853,Sox10,0,true,10,5.0e-5,1,CR9f3683203-14,0.84,false,#008F7E
107.515915,31.099162,Slc17a7,14,false,11,0.99112,3,CR9f3683203-26,1.0,false,#5E93FD
45.659557,48.270892,Gad1,19,false,12,0.91976,2,CR9f3683203-15,1.0,false,#00BA4F
34.817401,103.627931,Aldoc,42,false,13,0.96256,3,CR9f3683203-27,1.0,false,#008E7C
120.509501,35.060042,Gad1,0,true,14,0.9659,2,CR9f3683203-34,1.0,false,#86A5C7
84.589144,128.667305,Slc17a7,53,false,15,0.82816,3,CR9f3683203-52,1.0,false,#005F94
135.920417,35.040616,Aldoc,0,true,16,0.0,1,,0.92,true,#00A1FF
129.766349,53.448621,Pdgfra,23,false,17,0.05048,3,CR9f3683203-38,1.0,false,#00A2FF
12.613041,62.171332,Gad1,25,false,18,0.06403,2,CR9f3683203-8,0.98,false,#C74A00
65.70701,13.521679,Ttr,4,false,19,0.99163,2,CR9f3683203-7,1.0,false,#84A8CC
65.017621,146.096631,Sox10,0,true,20,0.99137,3,CR9f3683203-53,1.0,false,#BA7D9A
82.954956,100.840611,Aldoc,0,true,21,0.00012,1,CR9f3683203-47,0.94,false,#D38AF8
89.646491,89.333855,Gad1,37,false,22,0.9911,2,CR9f3683203-42,1.0,false,#F0CF65
145.627931,9.624271,Aldoc,8,false,23,0.99139,3,CR9f3683203-32,1.0,false,#954680
45.493833,108.369611,Gad1,43,false,24,0.9904,2,CR9f3683203-29,1.0,false,#B94B1F
67.276187,72.338007,Gad1,28,false,25,0.99182,2,CR9f3683203-22,1.0,false,#5B89F7
49.975496,51.178945,Gad1,19,false,26,0.99164,2,CR9f3683203-15,1.0,false,#58462D
15.359145,99.072038,Aldoc,41,false,27,0.00042,1,CR9f3683203-14,0.56,false,#66810B
127.015761,29.347831,Aldoc,15,false,28,0.99181,1,CR9f3683203-34,1.0,false,#783A2E
142.735776,11.744517,Slc17a7,8,false,29,0.9901,3,CR9f3683203-32,1.0,false,#003A81
70.146431,142.658831,Pdgfra,60,false,30,0.99187,3,CR9f3683203-53,1.0,false,#00A2FF
7.929307,47.548708,Ttr,17,false,31,0.99011,3,CR9f3683203-4,1.0,false,#2E2185
46.835292,109.873665,Gad1,43,false,32,0.98507,2,CR9f3683203-29,1.0,false,#7A2C00
26.466783,13.983015,Slc17a7,2,false,33,0.98885,3,CR9f3683203-2,1.0,false,#006EFD
144.133004,13.861494,Slc17a7,8,false,34,0.99075,3,CR9f3683203-32,1.0,false,#005F8A
33.148206,91.764754,Gad1,34,false,35,0.98043,2,CR9f3683203-21,1.0,false,#002E9A
17.0943,145.191307,Aldoc,57,false,36,0.95802,1,CR9f3683203-36,1.0,false,#00452A
34.490882,72.254325,Slc17a7,26,false,37,0.9826,3,CR9f3683203-13,1.0,false,#006DFC
84.108674,15.157527,Slc17a7,5,false,38,0.93813,3,CR9f3683203-11,1.0,false,#005F8F
80.763364,58.622961,Pdgfra,0,true,39,0.0,3,,1.0,true,#AA7B5C
29.245221,72.59174,Slc17a7,26,false,40,0.99075,3,CR9f3683203-13,1.0,false,#5F0025
123.553555,48.218919,Gad1,23,false,41,0.99166,3,CR9f3683203-38,1.0,false,#696800
89.617613,86.996942,Gad1,37,false,42,0.99184,2,CR9f3683203-42,1.0,false,#FE0076
125.201675,123.509202,Sox10,55,false,43,0.99183,2,CR9f3683203-58,1.0,false,#371500
29.934787,30.386268,Aldoc,10,false,44,0.99101,2,CR9f3683203-5,1.0,false,#00462C
129.198208,67.335932,Gad1,31,false,45,0.98919,2,CR9f3683203-49,1.0,false,#002F9C
95.519333,7.826685,Slc17a7,0,true,46,1.0e-5,3,CR9f3683203-11,0.76,false,#005F91
73.560188,146.570174,Ttr,60,false,47,0.9832,3,CR9f3683203-53,1.0,false,#FF007E
51.454569,67.688185,Sox10,27,false,48,0.98981,1,CR9f3683203-16,1.0,false,#4F4B31
91.626002,31.132547,Ttr,13,false,49,0.98883,2,CR9f3683203-20,1.0,false,#004B00
71.988778,75.041109,Gad1,0,true,50,0.00157,2,CR9f3683203-22,1.0,false,#FA006B
69.995837,107.367437,Gad1,44,false,51,0.99181,3,CR9f3683203-40,1.0,false,#006DFE
131.093278,127.18759,Aldoc,55,false,52,0.0578,1,CR9f3683203-58,1.0,false,#1B5171
66.254846,145.971899,Sox10,60,false,53,0.99162,3,CR9f3683203-53,1.0,false,#BB7D9A
129.987116,86.783587,Aldoc,39,false,54,0.97985,3,CR9f3683203-50,1.0,false,#00C6DB
48.83686,87.160102,Slc17a7,0,true,55,0.99151,3,CR9f3683203-23,1.0,false,#F3D3BD
103.344589,19.241426,Gad1,6,false,56,0.00294,2,CR9f3683203-18,0.86,false,#004D00
141.431719,84.567741,Gad1,40,false,57,0.99073,2,CR9f3683203-55,1.0,false,#2C2084
103.234038,125.612739,Aldoc,54,false,58,0.9912,3,CR9f3683203-57,1.0,false,#005D7E
128.586006,63.004806,Aldoc,0,true,59,0.10392,1,CR9f3683203-49,1.0,false,#FF0077
10.543707,127.162827,Gad1,49,false,60,0.99155,2,CR9f3683203-28,1.0,false,#00BDFF
49.981775,49.123299,Ttr,19,false,61,0.99154,2,CR9f3683203-15,1.0,false,#005C7A
52.694627,10.703571,Aldoc,3,false,62,0.9918,3,CR9f3683203-6,1.0,false,#E29972
67.584907,13.70574,Gad1,4,false,63,0.99059,2,CR9f3683203-7,1.0,false,#007F26
13.474229,27.043556,Aldoc,9,false,64,0.98567,1,CR9f3683203-3,1.0,false,#D23179
11.291849,28.224751,Sox10,9,false,65,0.99041,1,CR9f3683203-3,1.0,false,#009693
85.782758,123.614779,Sox10,53,false,66,0.99139,3,CR9f3683203-52,1.0,false,#00BEFF
105.895754,105.581941,Gad1,46,false,67,0.99042,2,CR9f3683203-54,1.0,false,#51492F
68.648529,108.328253,Slc17a7,44,false,68,0.99069,3,CR9f3683203-40,1.0,false,#006CFF
33.659331,144.010626,Gad1,58,false,69,0.99184,2,CR9f3683203-43,1.0,false,#90AED6
65.238555,107.090274,Sox10,44,false,70,0.99164,3,CR9f3683203-40,1.0,false,#637F0C
83.824755,50.084058,Sox10,21,false,71,0.98115,3,CR9f3683203-25,1.0,false,#005F95
102.675117,71.237871,Slc17a7,30,false,72,0.98936,3,CR9f3683203-41,1.0,false,#00A1FF
49.643052,11.798721,Ttr,3,false,73,0.99109,3,CR9f3683203-6,1.0,false,#008E7C
142.500129,32.270293,Ttr,0,true,74,0.99182,2,CR9f3683203-39,1.0,false,#002E9A
108.644429,6.166523,Pdgfra,0,true,75,0.79623,3,CR9f3683203-18,1.0,false,#009A99
31.787638,67.944089,Slc17a7,26,false,76,0.99183,3,CR9f3683203-13,1.0,false,#89006C
127.434411,32.118578,Sox10,15,false,77,0.99186,1,CR9f3683203-34,1.0,false,#007CD8
50.149056,89.123452,Slc17a7,35,false,78,0.99054,3,CR9f3683203-23,1.0,false,#00C4D3
92.920891,106.085987,Pdgfra,45,false,79,0.98599,3,CR9f3683203-47,1.0,false,#005F88
82.859433,32.872663,Ttr,13,false,80,0.83908,2,CR9f3683203-20,1.0,false,#8BAED6
140.25393,89.131519,Slc17a7,40,false,81,0.99049,2,CR9f3683203-55,1.0,false,#0071FF
82.05615,27.827096,Gad1,13,false,82,0.00808,2,CR9f3683203-20,1.0,false,#0071FF
12.801922,10.44459,Gad1,1,false,83,0.99155,2,CR9f3683203-1,1.0,false,#005D90
12.838179,127.831574,Gad1,49,false,84,0.99109,2,CR9f3683203-28,1.0,false,#00472C
147.411187,90.69951,Gad1,40,false,85,0.82825,2,CR9f3683203-55,1.0,false,#9EB1DC
73.826118,143.064112,Gad1,60,false,86,0.96407,2,CR9f3683203-53,1.0,false,#0080DA
48.252131,13.17339,Gad1,3,false,87,0.98962,1,CR9f3683203-6,1.0,false,#064C6F
7.869963,13.560807,Slc17a7,1,false,88,0.94349,3,CR9f3683203-1,1.0,false,#5D8DFC
143.914051,35.19219,Aldoc,16,false,89,0.98903,2,CR9f3683203-39,1.0,false,#607D05
68.562802,67.795419,Ttr,28,false,90,0.99037,2,CR9f3683203-22,1.0,false,#005C87
47.982836,147.140849,Slc17a7,59,false,91,0.99127,3,CR9f3683203-48,1.0,false,#83E4FF
123.581418,11.439049,Gad1,7,false,92,0.99134,2,CR9f3683203-24,1.0,false,#CD00B4
88.716473,66.034523,Pdgfra,29,false,93,0.99116,3,CR9f3683203-35,1.0,false,#DC398B
36.458172,144.154076,Aldoc,58,false,94,0.98271,2,CR9f3683203-43,1.0,false,#004D00
15.268093,121.390578,Sox10,49,false,95,0.60904,1,CR9f3683203-28,1.0,false,#5E7F0D
90.310239,73.134355,Pdgfra,29,false,96,0.87283,3,CR9f3683203-35,1.0,false,#FE745A
15.849722,34.899857,Aldoc,9,false,97,0.90813,1,CR9f3683203-3,1.0,false,#EC9669
24.484144,15.107052,Slc17a7,2,false,98,0.83918,3,CR9f3683203-2,1.0,false,#006DFE
6.266056,133.7275,Ttr,0,true,99,0.0,2,,1.0,true,#00A0FF
109.689766,111.077859,Gad1,46,false,100,0.96833,2,CR9f3683203-54,1.0,false,#0071FF
65.932418,92.950849,Aldoc,36,false,101,0.77432,3,CR9f3683203-30,1.0,false,#E2996F
48.162229,146.916248,Slc17a7,59,false,102,0.99096,3,CR9f3683203-48,1.0,false,#84E3FF
148.566659,46.608229,Aldoc,24,false,103,0.96382,3,CR9f3683203-46,1.0,false,#00C6D8
145.76044,92.332555,Ttr,40,false,104,0.88147,2,CR9f3683203-55,1.0,false,#89ADD4
67.377697,67.563166,Aldoc,28,false,105,0.99181,2,CR9f3683203-22,1.0,false,#094E71
10.507646,125.08387,Gad1,49,false,106,0.99076,2,CR9f3683203-28,1.0,false,#1A278D
129.33325,69.589739,Gad1,31,false,107,0.97546,2,CR9f3683203-49,1.0,false,#003487
83.91786,109.041905,Aldoc,45,false,108,0.8848,1,CR9f3683203-47,1.0,false,#783A2E
134.299523,83.566863,Sox10,0,true,109,0.0,1,,0.98,true,#00C1FF
103.713586,49.368823,Gad1,22,false,110,0.99054,2,CR9f3683203-33,1.0,false,#085000
92.421759,89.878252,Gad1,37,false,111,0.9897,2,CR9f3683203-42,1.0,false,#00E4FF
9.567361,50.623301,Ttr,0,true,112,0.99181,3,CR9f3683203-4,1.0,false,#D43173
45.892935,122.8886,Gad1,0,true,113,0.99065,3,CR9f3683203-37,1.0,false,#AE7E5C
27.069635,10.929114,Pdgfra,2,false,114,0.98672,3,CR9f3683203-2,1.0,false,#EBC8A3
31.230665,11.165791,Pdgfra,2,false,115,0.98973,3,CR9f3683203-2,1.0,false,#005C77
108.625693,51.938406,Ttr,22,false,116,0.99167,2,CR9f3683203-33,1.0,false,#594A37
124.432088,52.380705,Slc17a7,23,false,117,0.99158,3,CR9f3683203-38,1.0,false,#963F7A
89.094684,66.810805,Ttr,29,false,118,0.98987,3,CR9f3683203-35,1.0,false,#DC398B
52.365549,9.534875,Sox10,3,false,119,0.99182,3,CR9f3683203-6,1.0,false,#D17BE1
105.107511,88.219135,Slc17a7,38,false,120,0.98995,3,CR9f3683203-44,1.0,false,#006DFF
105.973637,66.661269,Slc17a7,30,false,121,0.99033,3,CR9f3683203-41,1.0,false,#0091CC
66.500905,126.919012,Gad1,52,false,122,0.99186,2,CR9f3683203-45,1.0,false,#00BAFC
106.31394,73.566337,Pdgfra,30,false,123,0.95765,3,CR9f3683203-41,1.0,false,#594C30
105.412069,87.506608,Gad1,38,false,124,0.99117,3,CR9f3683203-44,1.0,false,#4A8B69
91.439593,13.029197,Gad1,5,false,125,0.95604,2,CR9f3683203-11,1.0,false,#2D2185
84.848721,77.013405,Gad1,0,true,126,0.0,2,,1.0,true,#608515
127.278055,86.97611,Ttr,39,false,127,0.99167,3,CR9f3683203-50,1.0,false,#D83788
147.68749,126.344326,Slc17a7,56,false,128,0.99187,3,CR9f3683203-60,1.0,false,#004429
11.006702,91.116766,Aldoc,33,false,129,0.99177,1,CR9f3683203-14,1.0,false,#005F97
15.810693,91.057681,Ttr,33,false,130,0.97528,1,CR9f3683203-14,1.0,false,#008D79
144.527887,127.433746,Slc17a7,56,false,131,0.99137,3,CR9f3683203-60,1.0,false,#D73377
88.247274,51.045971,Pdgfra,21,false,132,0.98786,3,CR9f3683203-25,1.0,false,#009C9E
69.122333,124.428784,Ttr,52,false,133,0.99104,2,CR9f3683203-45,1.0,false,#00A2FF
67.212277,72.699098,Gad1,28,false,134,0.99177,2,CR9f3683203-22,1.0,false,#5A8CF4
30.262701,28.376431,Gad1,10,false,135,0.99146,2,CR9f3683203-5,1.0,false,#008F64
11.261252,51.678011,Slc17a7,17,false,136,0.99133,3,CR9f3683203-4,1.0,false,#006DFD
147.039449,34.118611,Gad1,16,false,137,0.99148,2,CR9f3683203-39,1.0,false,#008D62
135.653986,95.309953,Slc17a7,0,true,138,0.0,3,,1.0,true,#00492D
34.950681,74.817344,Slc17a7,26,false,139,0.86358,3,CR9f3683203-13,1.0,false,#00C5D4
13.708245,88.29794,Aldoc,33,false,140,0.99095,1,CR9f3683203-14,1.0,false,#A77B5E
105.757336,83.772417,Ttr,38,false,141,0.99184,3,CR9f3683203-44,1.0,false,#DD955F
126.341625,14.803808,Gad1,7,false,142,0.98893,2,CR9f3683203-24,1.0,false,#5A8EF1
8.877815,52.28782,Slc17a7,17,false,143,0.98824,3,CR9f3683203-4,1.0,false,#00A1FF
106.591029,49.920865,Pdgfra,22,false,144,0.99174,2,CR9f3683203-33,1.0,false,#CD00B4
71.54253,49.087346,Aldoc,20,false,145,0.99068,3,CR9f3683203-19,1.0,false,#00A1FF
146.248354,10.342918,Slc17a7,8,false,146,0.9917,3,CR9f3683203-32,1.0,false,#78E156
48.344703,101.886097,Gad1,43,false,147,0.97948,2,CR9f3683203-29,1.0,false,#024F00
88.474007,34.586939,Slc17a7,13,false,148,0.99141,2,CR9f3683203-20,1.0,false,#630027
30.528283,109.806608,Aldoc,42,false,149,0.99174,3,CR9f3683203-27,1.0,false,#CF81EB
86.770654,48.289962,Ttr,21,false,150,0.99185,3,CR9f3683203-25,1.0,false,#00A2FF
143.166839,87.991078,Gad1,40,false,151,0.99101,2,CR9f3683203-55,1.0,false,#CE4A00
51.059183,62.274459,Aldoc,27,false,152,0.95583,1,CR9f3683203-16,1.0,false,#00BDFD
84.90998,92.650114,Gad1,37,false,153,0.91967,2,CR9f3683203-42,1.0,false,#00926A
15.90293,83.573309,Slc17a7,0,true,154,0.65829,3,CR9f3683203-14,1.0,false,#0090CD
64.144637,106.11185,Slc17a7,44,false,155,0.9841,3,CR9f3683203-40,1.0,false,#FB7767
126.296778,108.604568,Slc17a7,47,false,156,0.99101,3,CR9f3683203-56,1.0,false,#006EFD
51.420341,144.823425,Ttr,59,false,157,0.99162,3,CR9f3683203-48,1.0,false,#311B7E
49.651427,8.951082,Ttr,3,false,158,0.99106,3,CR9f3683203-6,1.0,false,#00978F
106.171995,69.896884,Aldoc,30,false,159,0.98983,3,CR9f3683203-41,1.0,false,#005E7D
9.640698,128.52455,Slc17a7,49,false,160,0.98898,2,CR9f3683203-28,1.0,false,#8AAED7
88.278973,48.145172,Aldoc,21,false,161,0.99182,1,CR9f3683203-25,1.0,false,#2A5573
105.619969,30.878048,Slc17a7,14,false,162,0.99184,3,CR9f3683203-26,1.0,false,#00B44D
51.755216,63.184412,Slc17a7,27,false,163,0.98877,1,CR9f3683203-16,1.0,false,#008D77
88.197063,50.474381,Sox10,21,false,164,0.98975,3,CR9f3683203-25,1.0,false,#00958C
144.836382,123.693217,Sox10,56,false,165,0.99072,3,CR9f3683203-60,1.0,false,#FA734B
109.045184,9.739759,Aldoc,6,false,166,0.97913,3,CR9f3683203-18,1.0,false,#DA3888
47.166717,146.377465,Ttr,59,false,167,0.99176,3,CR9f3683203-48,1.0,false,#003A81
143.767691,31.85275,Slc17a7,16,false,168,0.99121,2,CR9f3683203-39,1.0,false,#EFCD64
15.146419,83.614397,Pdgfra,33,false,169,0.7616,1,CR9f3683203-14,1.0,false,#0090CC
67.109184,65.483428,Gad1,28,false,170,0.98777,2,CR9f3683203-22,1.0,false,#A17F68
104.385602,150.824349,Sox10,0,true,171,0.0,1,,1.0,true,#5F8516
46.578441,30.084247,Sox10,11,false,172,0.9897,3,CR9f3683203-10,1.0,false,#005D80
123.977263,88.941052,Gad1,39,false,173,0.99148,3,CR9f3683203-50,1.0,false,#005D7A
107.335393,31.343663,Pdgfra,14,false,174,0.99158,3,CR9f3683203-26,1.0,false,#5F8BFC
136.841362,18.631978,Ttr,0,true,175,0.0,1,,1.0,true,#8FB0D9
124.506591,28.794602,Aldoc,15,false,176,0.99054,1,CR9f3683203-34,1.0,false,#AF7D5B
70.29812,129.666112,Gad1,52,false,177,0.99162,2,CR9f3683203-45,1.0,false,#BA4B1F
13.105993,92.274945,Aldoc,33,false,178,0.98937,1,CR9f3683203-14,1.0,false,#006190
106.008569,46.742344,Gad1,0,true,179,0.98545,2,CR9f3683203-33,1.0,false,#00A2FF
86.402795,8.735011,Slc17a7,5,false,180,0.9904,3,CR9f3683203-11,1.0,false,#97447E
116.727342,132.598526,Pdgfra,0,true,181,0.0,3,,1.0,true,#5B91EE
86.884252,26.328449,Sox10,13,false,182,0.90885,2,CR9f3683203-20,1.0,false,#FA7455
88.593462,125.276303,Slc17a7,53,false,183,0.98909,3,CR9f3683203-52,1.0,false,#009A95
88.827101,88.647779,Gad1,37,false,184,0.99129,2,CR9f3683203-42,1.0,false,#FF007F
67.465814,143.831644,Aldoc,60,false,185,0.9916,3,CR9f3683203-53,1.0,false,#00A2FF
26.759789,14.703602,Slc17a7,2,false,186,0.9868,3,CR9f3683203-2,1.0,false,#006FFF
90.132427,87.350268,Sox10,37,false,187,0.99187,2,CR9f3683203-42,1.0,false,#FF0076
51.330257,50.074662,Pdgfra,19,false,188,0.99083,2,CR9f3683203-15,1.0,false,#005D7A
123.28005,126.448327,Gad1,55,false,189,0.99126,2,CR9f3683203-58,1.0,false,#9B7D6A
146.111695,67.329312,Gad1,32,false,190,0.9916,3,CR9f3683203-51,1.0,false,#F97767
135.584033,107.426717,Gad1,0,true,191,3.0e-5,2,,0.6,true,#074E71
122.114692,127.290396,Gad1,55,false,192,0.99183,2,CR9f3683203-58,1.0,false,#D14B00
32.202854,68.242358,Slc17a7,26,false,193,0.99182,3,CR9f3683203-13,1.0,false,#89006C
28.530905,89.645698,Aldoc,34,false,194,0.99142,2,CR9f3683203-21,1.0,false,#A27E65
11.655231,101.243192,Slc17a7,41,false,195,0.99005,3,CR9f3683203-17,1.0,false,#00C1D1
128.964748,24.665342,Pdgfra,0,true,196,0.00212,1,CR9f3683203-34,1.0,false,#00968C
130.032468,11.653988,Gad1,7,false,197,0.98657,2,CR9f3683203-24,1.0,false,#00A2FF
123.024149,34.884423,Gad1,15,false,198,0.99047,1,CR9f3683203-34,1.0,false,#FF0074
34.423085,148.007167,Pdgfra,58,false,199,0.99186,2,CR9f3683203-43,1.0,false,#656500
107.150101,123.057017,Aldoc,54,false,200,0.98866,1,CR9f3683203-57,1.0,false,#646A00
93.515006,129.050072,Ttr,0,true,201,0.18131,3,CR9f3683203-52,1.0,false,#00A1FF
50.299241,53.052357,Gad1,19,false,202,0.99179,2,CR9f3683203-15,1.0,false,#004800
105.712204,69.924519,Gad1,30,false,203,0.99165,3,CR9f3683203-41,1.0,false,#005D7F
32.648013,24.048141,Sox10,10,false,204,0.91936,2,CR9f3683203-5,0.98,false,#428F00
107.193914,32.035122,Sox10,14,false,205,0.99138,3,CR9f3683203-26,1.0,false,#5D87FA
87.381162,90.070067,Gad1,37,false,206,0.99186,2,CR9f3683203-42,1.0,false,#650029
36.361248,104.742772,Slc17a7,0,true,207,0.95341,3,CR9f3683203-27,1.0,false,#005C7C
51.180313,68.324752,Pdgfra,27,false,208,0.99142,1,CR9f3683203-16,1.0,false,#927A6C
32.801987,109.468158,Slc17a7,42,false,209,0.99184,3,CR9f3683203-27,1.0,false,#009892
51.190572,14.281172,Aldoc,3,false,210,0.98877,3,CR9f3683203-6,1.0,false,#00C5DA
110.641797,106.716841,Gad1,46,false,211,0.99187,2,CR9f3683203-54,1.0,false,#2D5776
90.965187,86.969929,Gad1,37,false,212,0.99126,2,CR9f3683203-42,1.0,false,#27258B
68.420333,125.1328,Gad1,52,false,213,0.98989,2,CR9f3683203-45,1.0,false,#00B147
9.580461,48.860528,Aldoc,17,false,214,0.99092,3,CR9f3683203-4,1.0,false,#00A2FF
154.862518,91.957309,Gad1,0,true,215,0.0,2,,1.0,true,#00BB52
128.096982,14.416009,Slc17a7,7,false,216,0.9917,2,CR9f3683203-24,1.0,false,#005C7B
31.11475,70.869045,Gad1,26,false,217,0.98771,3,CR9f3683203-13,1.0,false,#0070FF
10.37699,109.731063,Slc17a7,41,false,218,0.98533,3,CR9f3683203-17,1.0,false,#8B006D
155.585537,144.105138,Pdgfra,0,true,219,0.0,3,,1.0,true,#CE00B3
86.616545,90.438525,Gad1,37,false,220,0.99155,2,CR9f3683203-42,1.0,false,#009164
31.576092,14.103076,Slc17a7,2,false,221,0.98894,3,CR9f3683203-2,1.0,false,#DD945E
89.487506,49.881243,Aldoc,21,false,222,0.9899,3,CR9f3683203-25,1.0,false,#00608E
49.239189,47.655523,Gad1,19,false,223,0.99187,2,CR9f3683203-15,1.0,false,#683D27
141.490458,66.541635,Slc17a7,32,false,224,0.98274,3,CR9f3683203-51,1.0,false,#004026
109.707562,107.77757,Ttr,46,false,225,0.99117,2,CR9f3683203-54,1.0,false,#6C3D29
72.342744,140.520691,Ttr,60,false,226,0.92994,3,CR9f3683203-53,1.0,false,#00A2FF
126.992646,34.538435,Aldoc,15,false,227,0.99121,1,CR9f3683203-34,1.0,false,#753C2E
51.093173,146.597473,Slc17a7,59,false,228,0.99187,3,CR9f3683203-48,1.0,false,#007D1B
66.338817,5.935396,Gad1,4,false,229,0.20787,2,CR9f3683203-7,1.0,false,#9DB2DD
105.421941,69.452084,Slc17a7,30,false,230,0.99153,3,CR9f3683203-41,1.0,false,#005C7B
118.719397,60.679812,Ttr,0,true,231,0.0,2,,1.0,true,#2F5876
48.269351,140.704178,Slc17a7,59,false,232,0.90805,3,CR9f3683203-48,1.0,false,#98B3E0
67.091695,9.620286,Gad1,4,false,233,0.99171,2,CR9f3683203-7,1.0,false,#0F5300
66.627995,52.218897,Slc17a7,20,false,234,0.98927,3,CR9f3683203-19,1.0,false,#88006B
91.760652,92.136656,Ttr,37,false,235,0.98936,2,CR9f3683203-42,1.0,false,#00E4FF
69.330901,147.696811,Aldoc,60,false,236,0.9794,3,CR9f3683203-53,1.0,false,#67422C
88.556559,127.27973,Slc17a7,53,false,237,0.99167,3,CR9f3683203-52,1.0,false,#008F77
49.98356,10.951341,Aldoc,3,false,238,0.99166,3,CR9f3683203-6,1.0,false,#9EB1DC
144.414117,137.048081,Sox10,0,true,239,0.0,1,,1.0,true,#610024
126.541602,128.400545,Gad1,55,false,240,0.99143,2,CR9f3683203-58,1.0,false,#2A5575
51.547602,119.065945,Aldoc,51,false,241,0.14513,3,CR9f3683203-37,1.0,false,#00A1FF
121.483968,85.622392,Aldoc,39,false,242,0.96807,3,CR9f3683203-50,1.0,false,#008DCA
124.224531,71.112471,Gad1,31,false,243,0.99182,2,CR9f3683203-49,1.0,false,#5E422B
123.335465,31.470499,Aldoc,15,false,244,0.99187,1,CR9f3683203-34,1.0,false,#008D79
98.978424,7.632175,Sox10,0,true,245,0.0033,1,CR9f3683203-18,0.92,false,#FE0073
143.644511,105.876861,Aldoc,48,false,246,0.99155,3,CR9f3683203-59,1.0,false,#00C5DA
87.620418,121.612672,Slc17a7,53,false,247,0.98867,3,CR9f3683203-52,1.0,false,#DE996D
11.001343,124.21264,Gad1,49,false,248,0.99117,2,CR9f3683203-28,1.0,false,#351600
85.19113,66.188654,Slc17a7,29,false,249,0.93916,3,CR9f3683203-35,1.0,false,#00BC5B
85.035122,70.283383,Ttr,0,true,250,0.93329,3,CR9f3683203-35,1.0,false,#005C80
139.706327,88.384376,Gad1,40,false,251,0.98476,2,CR9f3683203-55,1.0,false,#0071FF
9.79176,32.09139,Sox10,9,false,252,0.99187,1,CR9f3683203-3,1.0,false,#064C6F
105.118237,124.765363,Aldoc,54,false,253,0.99182,1,CR9f3683203-57,1.0,false,#FB006D
12.015914,77.64059,Ttr,0,true,254,0.00023,2,CR9f3683203-8,0.96,false,#005F97
84.51938,120.916785,Slc17a7,53,false,255,0.94698,3,CR9f3683203-52,1.0,false,#5B95F7
12.443895,47.30999,Slc17a7,17,false,256,0.99004,3,CR9f3683203-4,1.0,false,#00C4FF
102.600591,124.198406,Sox10,54,false,257,0.97948,3,CR9f3683203-57,1.0,false,#4A4D33
82.854825,88.706716,Ttr,37,false,258,0.32614,2,CR9f3683203-42,1.0,false,#5B88F8
12.706202,46.430764,Slc17a7,17,false,259,0.99182,3,CR9f3683203-4,1.0,false,#00C3FF
92.992406,69.903101,Slc17a7,29,false,260,0.98613,3,CR9f3683203-35,1.0,false,#4D8E6B
49.908166,126.537335,Sox10,51,false,261,0.99177,3,CR9f3683203-37,1.0,false,#00BBFD
124.551123,69.455734,Pdgfra,31,false,262,0.99182,2,CR9f3683203-49,1.0,false,#3F9000
31.483151,71.506763,Slc17a7,26,false,263,0.99117,3,CR9f3683203-13,1.0,false,#006DFE
124.691736,10.30595,Sox10,7,false,264,0.98958,2,CR9f3683203-24,1.0,false,#9F7E69
105.550798,122.83225,Sox10,54,false,265,0.99129,1,CR9f3683203-57,1.0,false,#927B6D
65.965673,102.733767,Slc17a7,44,false,266,0.82754,3,CR9f3683203-40,1.0,false,#8B006F
5.944264,146.003528,Aldoc,57,false,267,0.00048,1,CR9f3683203-36,0.92,false,#D28AF9
141.411569,83.972354,Gad1,40,false,268,0.99007,2,CR9f3683203-55,1.0,false,#5A8EF1
48.605137,71.317261,Aldoc,27,false,269,0.9907,1,CR9f3683203-16,1.0,false,#004F00
89.624597,69.056354,Slc17a7,29,false,270,0.98972,3,CR9f3683203-35,1.0,false,#FC7665
48.938622,121.278636,Aldoc,51,false,271,0.99057,3,CR9f3683203-37,1.0,false,#783A2E
10.357812,36.034008,Aldoc,0,true,272,0.87864,1,CR9f3683203-3,1.0,false,#85ABD0
102.518175,84.670687,Pdgfra,38,false,273,0.97968,3,CR9f3683203-44,1.0,false,#00A2FF
69.501627,109.867014,Slc17a7,44,false,274,0.99186,3,CR9f3683203-40,1.0,false,#00A2FF
14.980445,30.291592,Aldoc,9,false,275,0.99184,3,CR9f3683203-3,1.0,false,#666900
29.107352,7.222967,Slc17a7,2,false,276,0.97787,3,CR9f3683203-2,1.0,false,#85E3FF
73.171039,48.784809,Pdgfra,0,true,277,0.99187,3,CR9f3683203-19,1.0,false,#005C79
141.745372,146.831546,Slc17a7,0,true,278,0.0,3,,1.0,true,#5B95F9
29.222246,106.303483,Aldoc,42,false,279,0.99071,3,CR9f3683203-27,1.0,false,#008C7A
152.553997,82.922966,Sox10,0,true,280,0.0,1,,1.0,true,#FB006D
69.598027,46.848547,Ttr,20,false,281,0.99115,3,CR9f3683203-19,1.0,false,#D8347A
104.832561,69.557593,Sox10,30,false,282,0.99187,3,CR9f3683203-41,1.0,false,#005C7A
106.025496,128.761061,Aldoc,54,false,283,0.99187,3,CR9f3683203-57,1.0,false,#8D498A
32.192527,28.169047,Gad1,10,false,284,0.99185,2,CR9f3683203-5,1.0,false,#9FB0DB
87.802499,92.479046,Gad1,37,false,285,0.98756,2,CR9f3683203-42,1.0,false,#657F05
49.620027,67.206527,Ttr,27,false,286,0.99186,1,CR9f3683203-16,1.0,false,#009794
141.356658,69.587618,Slc17a7,32,false,287,0.99187,3,CR9f3683203-51,1.0,false,#006DFF
52.206474,67.103218,Ttr,27,false,288,0.9915,1,CR9f3683203-16,1.0,false,#434F36
20.45139,3.178674,Ttr,0,true,289,0.0,1,,1.0,true,#00A1FF
31.091836,143.347078,Gad1,58,false,290,0.99185,2,CR9f3683203-43,1.0,false,#003487
12.607487,143.27283,Gad1,0,true,291,0.99186,2,CR9f3683203-36,1.0,false,#646900
86.267812,8.886466,Slc17a7,5,false,292,0.99103,3,CR9f3683203-11,1.0,false,#D73276
129.052567,11.824996,Gad1,7,false,293,0.99157,2,CR9f3683203-24,1.0,false,#00608E
27.381248,88.505233,Slc17a7,34,false,294,0.99162,2,CR9f3683203-21,1.0,false,#00BEFF
50.000328,121.878075,Aldoc,51,false,295,0.99167,3,CR9f3683203-37,1.0,false,#EC9669
51.743161,54.066005,Pdgfra,19,false,296,0.98306,2,CR9f3683203-15,1.0,false,#D54C00
21.318401,103.354649,Ttr,41,false,297,0.0,1,,1.0,true,#D23175
90.354848,138.276214,Gad1,0,true,298,0.0,2,,1.0,true,#5F810E
146.40391,13.504482,Slc17a7,8,false,299,0.9887,3,CR9f3683203-32,1.0,false,#4C8D6A
137.836705,81.730332,Slc17a7,0,true,300,5.0e-5,3,CR9f3683203-55,0.56,false,#321E81
110.68831,124.659141,Aldoc,54,false,301,0.98348,1,CR9f3683203-57,1.0,false,#6A4430
110.629243,66.362197,Aldoc,30,false,302,0.94577,1,CR9f3683203-41,1.0,false,#2AAFFF
70.297805,123.919844,Gad1,52,false,303,0.99187,2,CR9f3683203-45,1.0,false,#005C80
103.373594,49.72984,Gad1,22,false,304,0.99091,2,CR9f3683203-33,1.0,false,#004C00
124.697856,122.548321,Gad1,55,false,305,0.99111,2,CR9f3683203-58,1.0,false,#00C1FF
51.498817,50.25631,Gad1,19,false,306,0.99115,2,CR9f3683203-15,1.0,false,#005D82
9.393904,28.688316,Ttr,9,false,307,0.99159,1,CR9f3683203-3,1.0,false,#FF007E
108.481233,27.480927,Slc17a7,14,false,308,0.98506,3,CR9f3683203-26,1.0,false,#97447E
87.486768,89.834306,Gad1,37,false,309,0.99181,2,CR9f3683203-42,1.0,false,#66002A
8.738612,144.630555,Aldoc,57,false,310,0.96874,1,CR9f3683203-36,1.0,false,#6B432F
69.864407,52.439585,Slc17a7,20,false,311,0.99184,3,CR9f3683203-19,1.0,false,#87006B
35.590294,28.653446,Gad1,10,false,312,0.98603,2,CR9f3683203-5,1.0,false,#002F9C
72.174786,87.5983,Slc17a7,36,false,313,0.99096,3,CR9f3683203-30,1.0,false,#009687
31.910837,21.141402,Pdgfra,0,true,314,0.00194,3,CR9f3683203-2,0.9,false,#FD7458
0.800154,61.942769,Aldoc,0,true,315,0.0,1,,1.0,true,#004800
31.190834,29.066205,Slc17a7,10,false,316,0.99171,2,CR9f3683203-5,1.0,false,#00472D
51.319262,53.16986,Gad1,19,false,317,0.99184,2,CR9f3683203-15,1.0,false,#D04B00
47.879794,29.781163,Slc17a7,11,false,318,0.99155,3,CR9f3683203-10,1.0,false,#5C87F8
66.688848,146.148283,Aldoc,60,false,319,0.99121,3,CR9f3683203-53,1.0,false,#BB7D9A
130.759488,106.869177,Ttr,47,false,320,0.98602,3,CR9f3683203-56,1.0,false,#FF006F
103.658113,122.460567,Pdgfra,54,false,321,0.97833,1,CR9f3683203-57,1.0,false,#987A67
143.119999,85.228338,Sox10,40,false,322,0.99169,2,CR9f3683203-55,1.0,false,#FA7451
123.719999,91.240758,Ttr,39,false,323,0.99135,3,CR9f3683203-50,1.0,false,#009B9A
127.311793,102.436907,Slc17a7,47,false,324,0.91499,3,CR9f3683203-56,1.0,false,#00937D
88.76199,106.350943,Aldoc,45,false,325,0.99154,3,CR9f3683203-47,1.0,false,#0081FF
153.656047,11.938499,Slc17a7,8,false,326,1.0e-5,3,CR9f3683203-32,0.62,false,#618616
128.003751,28.730829,Aldoc,15,false,327,0.98977,1,CR9f3683203-34,1.0,false,#783A2D
13.056625,104.825243,Ttr,0,true,328,0.99186,3,CR9f3683203-17,1.0,false,#EBC8A3
149.22619,71.462452,Aldoc,0,true,329,0.97548,3,CR9f3683203-51,1.0,false,#8D498A
50.966835,69.435503,Gad1,27,false,330,0.99169,1,CR9f3683203-16,1.0,false,#4B4E32
71.757623,40.232923,Pdgfra,0,true,331,0.0,3,,0.9,true,#00492D
104.003367,27.678054,Slc17a7,14,false,332,0.89386,3,CR9f3683203-26,1.0,false,#006DFE
47.718544,7.276125,Aldoc,3,false,333,0.98448,3,CR9f3683203-6,1.0,false,#00618F
12.361524,69.353733,Pdgfra,25,false,334,0.99175,2,CR9f3683203-8,1.0,false,#00A2FF
9.138423,71.599935,Gad1,25,false,335,0.9917,2,CR9f3683203-8,1.0,false,#395CDF
85.939049,106.306974,Aldoc,45,false,336,0.99183,3,CR9f3683203-47,1.0,false,#005F97
50.782243,32.641177,Ttr,11,false,337,0.99103,3,CR9f3683203-10,1.0,false,#EECE63
50.853802,90.213292,Slc17a7,35,false,338,0.99073,3,CR9f3683203-23,1.0,false,#79E157
43.215137,152.426323,Pdgfra,59,false,339,0.0,3,,0.92,true,#005F90
29.41663,25.573368,Aldoc,10,false,340,0.9668,2,CR9f3683203-5,1.0,false,#0F2014
5.714182,140.016908,Aldoc,0,true,341,0.0,1,,0.98,true,#142012
12.979021,105.520966,Ttr,41,false,342,0.99167,3,CR9f3683203-17,1.0,false,#EBC8A3
70.944483,86.608787,Aldoc,36,false,343,0.99173,3,CR9f3683203-30,1.0,false,#D63584
71.075851,129.827914,Sox10,52,false,344,0.98859,2,CR9f3683203-45,1.0,false,#2F5776
146.197215,14.118125,Slc17a7,8,false,345,0.98621,3,CR9f3683203-32,1.0,false,#006FFE
70.381791,13.140467,Gad1,4,false,346,0.99187,2,CR9f3683203-7,1.0,false,#0F2013
66.417074,28.761165,Pdgfra,12,false,347,0.99016,1,CR9f3683203-12,1.0,false,#CD4B00
69.240722,70.918497,Slc17a7,28,false,348,0.99185,2,CR9f3683203-22,1.0,false,#005C7B
100.022337,12.028468,Sox10,6,false,349,0.79727,3,CR9f3683203-18,1.0,false,#005D7F
49.846735,29.534531,Slc17a7,11,false,350,0.99178,3,CR9f3683203-10,1.0,false,#F80067
30.233376,87.018796,Gad1,34,false,351,0.99066,2,CR9f3683203-21,1.0,false,#CC00B4
92.390443,123.730246,Aldoc,53,false,352,0.9286,3,CR9f3683203-52,1.0,false,#00C4FF
88.606608,14.308956,Slc17a7,5,false,353,0.99075,3,CR9f3683203-11,1.0,false,#32197C
31.301975,106.467535,Pdgfra,42,false,354,0.99166,3,CR9f3683203-27,1.0,false,#005D83
50.926101,51.605739,Ttr,19,false,355,0.98832,2,CR9f3683203-15,1.0,false,#6A3D28
50.918673,47.383371,Gad1,19,false,356,0.99131,2,CR9f3683203-15,1.0,false,#00472C
8.729973,86.711505,Gad1,33,false,357,0.991,1,CR9f3683203-14,1.0,false,#003E4C
143.821258,11.511762,Slc17a7,8,false,358,0.99173,3,CR9f3683203-32,1.0,false,#00BB59
51.565971,12.040706,Aldoc,3,false,359,0.98893,3,CR9f3683203-6,1.0,false,#009082
29.988196,123.317447,Slc17a7,50,false,360,0.98775,3,CR9f3683203-31,1.0,false,#00B759
53.887192,13.068351,Aldoc,3,false,361,0.9812,3,CR9f3683203-6,1.0,false,#574B33
87.025635,88.318964,Aldoc,37,false,362,0.9918,2,CR9f3683203-42,1.0,false,#957C6C
142.354947,108.281055,Sox10,48,false,363,0.98915,3,CR9f3683203-59,1.0,false,#63ADFF
19.538931,81.772169,Sox10,0,true,364,0.0,1,,0.88,true,#00C5DB
53.295204,107.010863,Gad1,43,false,365,0.9578,2,CR9f3683203-29,1.0,false,#003E4C
69.156962,31.666641,Aldoc,12,false,366,0.99153,1,CR9f3683203-12,1.0,false,#00A1FF
123.478124,124.73606,Gad1,55,false,367,0.99171,2,CR9f3683203-58,1.0,false,#7A2B00
11.873467,67.427162,Gad1,25,false,368,0.99085,2,CR9f3683203-8,1.0,false,#122A92
46.430714,106.423032,Pdgfra,43,false,369,0.99176,2,CR9f3683203-29,1.0,false,#937B6D
53.503477,126.001649,Sox10,51,false,370,0.98585,1,CR9f3683203-37,1.0,false,#255270
128.424457,11.794976,Ttr,7,false,371,0.99185,2,CR9f3683203-24,1.0,false,#594A37
145.698183,84.764718,Gad1,40,false,372,0.99177,2,CR9f3683203-55,1.0,false,#341700
31.784332,112.152525,Aldoc,42,false,373,0.937,1,CR9f3683203-27,1.0,false,#ED9567
30.021092,12.212137,Slc17a7,2,false,374,0.98888,3,CR9f3683203-2,1.0,false,#FFA3FF
84.121196,8.794043,Slc17a7,5,false,375,0.99056,3,CR9f3683203-11,1.0,false,#00A1FF
88.433771,101.92923,Aldoc,45,false,376,0.95555,1,CR9f3683203-47,1.0,false,#62ADFF
124.356019,91.036242,Pdgfra,39,false,377,0.9918,3,CR9f3683203-50,1.0,false,#009C9E
145.003803,72.540993,Slc17a7,32,false,378,0.99069,3,CR9f3683203-51,1.0,false,#00A1FF
11.103333,143.995812,Aldoc,57,false,379,0.99186,1,CR9f3683203-36,1.0,false,#594A38
66.032202,34.193336,Sox10,12,false,380,0.9856,1,CR9f3683203-12,1.0,false,#008AC9
89.711611,105.462038,Aldoc,45,false,381,0.99178,3,CR9f3683203-47,1.0,false,#BF7E9E
122.696918,84.653978,Pdgfra,39,false,382,0.98551,3,CR9f3683203-50,1.0,false,#008C7A
25.536465,10.386527,Slc17a7,2,false,383,0.94963,3,CR9f3683203-2,1.0,false,#ECC9A5
110.302463,0.209796,Slc17a7,0,true,384,0.0,3,,1.0,true,#009079
106.729111,108.252756,Gad1,46,false,385,0.99038,2,CR9f3683203-54,1.0,false,#305876
147.118494,69.638111,Slc17a7,32,false,386,0.99186,3,CR9f3683203-51,1.0,false,#005F90
50.160006,87.882041,Slc17a7,35,false,387,0.9913,3,CR9f3683203-23,1.0,false,#EFCDB0
50.35708,27.967809,Slc17a7,11,false,388,0.99103,3,CR9f3683203-10,1.0,false,#003487
12.920021,125.861444,Pdgfra,49,false,389,0.98846,2,CR9f3683203-28,1.0,false,#00B549
125.283533,74.885051,Gad1,31,false,390,0.98359,2,CR9f3683203-49,1.0,false,#004900
37.110196,128.12292,Ttr,0,true,391,0.81118,3,CR9f3683203-31,0.94,false,#5C87F8
154.087917,129.55026,Pdgfra,56,false,392,0.0,3,,0.84,true,#F0D0B5
24.444725,15.019347,Pdgfra,2,false,393,0.83135,3,CR9f3683203-2,1.0,false,#006DFE
28.36755,105.19794,Aldoc,42,false,394,0.9746,3,CR9f3683203-27,1.0,false,#D28AFA
33.915481,109.346185,Aldoc,42,false,395,0.99114,3,CR9f3683203-27,1.0,false,#008D7C
144.23615,126.93016,Slc17a7,56,false,396,0.99165,3,CR9f3683203-60,1.0,false,#DB3784
53.11837,110.068452,Gad1,43,false,397,0.4668,2,CR9f3683203-29,1.0,false,#BA4B1F
105.821925,89.812562,Slc17a7,38,false,398,0.99182,3,CR9f3683203-44,1.0,false,#696E00
34.209385,49.950375,Pdgfra,18,false,399,0.99015,3,CR9f3683203-9,1.0,false,#D484EE
12.259404,67.665375,Sox10,0,true,400,0.99036,2,CR9f3683203-8,1.0,false,#20278C
151.782926,105.321871,Pdgfra,48,false,401,0.30765,3,CR9f3683203-59,1.0,false,#0090CA
129.859136,66.068118,Gad1,31,false,402,0.90931,2,CR9f3683203-49,1.0,false,#1D278D
142.350881,72.877258,Aldoc,32,false,403,0.98726,3,CR9f3683203-51,1.0,false,#87AED6
102.044991,13.67088,Slc17a7,6,false,404,0.97771,3,CR9f3683203-18,1.0,false,#00C0D3
128.15376,13.604134,Sox10,7,false,405,0.99156,2,CR9f3683203-24,1.0,false,#00618F
66.687595,149.607241,Aldoc,60,false,406,0.89006,3,CR9f3683203-53,1.0,false,#00462B
86.949281,109.092628,Gad1,45,false,407,0.9915,1,CR9f3683203-47,1.0,false,#594937
12.477584,33.485181,Gad1,9,false,408,0.99187,1,CR9f3683203-3,1.0,false,#062017
69.996462,68.46445,Gad1,28,false,409,0.99151,2,CR9f3683203-22,1.0,false,#409000
8.026091,29.280522,Aldoc,0,true,410,0.9819,1,CR9f3683203-3,1.0,false,#FF0083
87.793955,61.066076,Slc17a7,29,false,411,0.00181,3,CR9f3683203-35,1.0,false,#D23071
113.372179,124.629641,Aldoc,54,false,412,0.48325,1,CR9f3683203-57,0.92,false,#CC316A
125.823255,107.051858,Pdgfra,47,false,413,0.98826,3,CR9f3683203-56,1.0,false,#3B8766
50.224045,12.563892,Sox10,3,false,414,0.99127,3,CR9f3683203-6,1.0,false,#009790
65.922213,92.134658,Slc17a7,36,false,415,0.96772,3,CR9f3683203-30,1.0,false,#E29769
45.651347,144.514692,Slc17a7,59,false,416,0.97291,3,CR9f3683203-48,1.0,false,#F0D164
68.088564,27.515195,Sox10,12,false,417,0.98023,1,CR9f3683203-12,1.0,false,#62ADFF
109.546468,86.196518,Slc17a7,38,false,418,0.99163,3,CR9f3683203-44,1.0,false,#008D62
46.654766,150.910979,Ttr,0,true,419,0.9332,3,CR9f3683203-48,1.0,false,#005F8C
90.070838,28.152439,Gad1,13,false,420,0.98913,2,CR9f3683203-20,1.0,false,#5C85F8
86.93363,8.682772,Slc17a7,5,false,421,0.98989,3,CR9f3683203-11,1.0,false,#D13071
145.125609,108.656104,Aldoc,48,false,422,0.99187,3,CR9f3683203-59,1.0,false,#003487
126.034899,130.024216,Aldoc,0,true,423,0.98735,1,CR9f3683203-58,1.0,false,#014F00
12.85594,17.255456,Slc17a7,1,false,424,0.91492,3,CR9f3683203-1,1.0,false,#004026
88.143752,31.220948,Sox10,13,false,425,0.99109,2,CR9f3683203-20,1.0,false,#00BDFF
20.066564,138.414771,Pdgfra,0,true,426,0.0,1,,1.0,true,#5D90F6
146.211368,30.062482,Gad1,16,false,427,0.99184,2,CR9f3683203-39,1.0,false,#009365
146.255097,8.483288,Pdgfra,8,false,428,0.99131,3,CR9f3683203-32,1.0,false,#00A1FF
111.14976,51.344065,Gad1,22,false,429,0.9892,2,CR9f3683203-33,1.0,false,#1D5171
110.373987,25.86936,Slc17a7,14,false,430,0.66647,3,CR9f3683203-26,1.0,false,#4C8D6A
148.65763,125.382802,Slc17a7,56,false,431,0.9801,3,CR9f3683203-60,1.0,false,#006CFF
86.991396,109.558006,Ttr,45,false,432,0.98858,1,CR9f3683203-47,1.0,false,#5A4937
142.473235,119.853117,Aldoc,56,false,433,0.0112,1,CR9f3683203-60,1.0,false,#657800
51.11376,108.101272,Gad1,43,false,434,0.99076,2,CR9f3683203-29,1.0,false,#009366
31.476088,68.366251,Pdgfra,26,false,435,0.99182,3,CR9f3683203-13,1.0,false,#9C54FE
32.057764,87.10603,Ttr,34,false,436,0.99136,2,CR9f3683203-21,1.0,false,#1E288F
34.959597,90.479444,Gad1,34,false,437,0.98394,2,CR9f3683203-21,1.0,false,#371500
11.63141,111.890706,Slc17a7,41,false,438,0.74677,3,CR9f3683203-17,1.0,false,#007D1B
9.52322,9.990828,Sox10,1,false,439,0.99097,2,CR9f3683203-1,1.0,false,#F67861
33.672039,25.674463,Gad1,10,false,440,0.98813,2,CR9f3683203-5,1.0,false,#F57862
66.738591,144.267058,Aldoc,60,false,441,0.99175,3,CR9f3683203-53,1.0,false,#00442A
123.742174,33.024355,Aldoc,15,false,442,0.99178,1,CR9f3683203-34,1.0,false,#EC9668
49.197433,89.30669,Sox10,35,false,443,0.99163,3,CR9f3683203-23,1.0,false,#00BFCE
89.223794,104.631065,Sox10,45,false,444,0.9885,3,CR9f3683203-47,1.0,false,#D287F4
51.234008,91.501906,Aldoc,35,false,445,0.99121,3,CR9f3683203-23,1.0,false,#00966D
89.140399,125.722515,Sox10,53,false,446,0.99058,3,CR9f3683203-52,1.0,false,#009B99
51.674237,142.788003,Slc17a7,59,false,447,0.98834,3,CR9f3683203-48,1.0,false,#5C87F9
49.312457,106.845958,Slc17a7,43,false,448,0.99187,2,CR9f3683203-29,1.0,false,#610023
132.39024,131.858297,Gad1,0,true,449,0.0,2,,0.7,true,#004800
52.470751,101.186017,Gad1,43,false,450,0.83867,2,CR9f3683203-29,1.0,false,#8DADD5
108.695658,128.737562,Sox10,54,false,451,0.98045,3,CR9f3683203-57,1.0,false,#937A6B
96.840243,131.452948,Pdgfra,0,true,452,0.0,3,,0.78,true,#00A1FF
59.024219,16.53032,Sox10,0,true,453,0.0,1,,1.0,true,#F90069
89.000222,91.004297,Aldoc,37,false,454,0.99184,2,CR9f3683203-42,1.0,false,#646A00
153.620087,70.13264,Sox10,0,true,455,0.0,1,,1.0,true,#00937C
143.649801,125.214288,Slc17a7,56,false,456,0.99179,3,CR9f3683203-60,1.0,false,#D13071
109.759224,104.501557,Slc17a7,46,false,457,0.99172,2,CR9f3683203-54,1.0,false,#005B7A
50.761218,89.354281,Slc17a7,35,false,458,0.99071,3,CR9f3683203-23,1.0,false,#96427C
128.946501,74.181099,Gad1,31,false,459,0.89956,2,CR9f3683203-49,1.0,false,#175172
142.825314,72.354637,Gad1,32,false,460,0.99182,3,CR9f3683203-51,1.0,false,#89B1DA
68.561007,105.59039,Slc17a7,44,false,461,0.99185,3,CR9f3683203-40,1.0,false,#01BE5B
74.335306,49.999677,Gad1,0,true,462,0.9733,2,CR9f3683203-19,1.0,false,#FD7455
142.179463,128.098091,Slc17a7,56,false,463,0.98984,3,CR9f3683203-60,1.0,false,#FA734C
127.068422,15.179315,Gad1,7,false,464,0.99154,2,CR9f3683203-24,1.0,false,#29258A
48.599578,124.778245,Aldoc,51,false,465,0.99174,3,CR9f3683203-37,1.0,false,#CC4B00
69.218576,42.450893,Slc17a7,20,false,466,0.00242,3,CR9f3683203-19,1.0,false,#F0D1B8
65.637805,44.342046,Pdgfra,0,true,467,0.01558,3,CR9f3683203-19,1.0,false,#D93479
63.961632,108.301817,Slc17a7,44,false,468,0.98894,3,CR9f3683203-40,1.0,false,#00BCCE
146.399629,33.132577,Slc17a7,16,false,469,0.99078,2,CR9f3683203-39,1.0,false,#008F64
48.36728,104.899734,Pdgfra,43,false,470,0.99183,2,CR9f3683203-29,1.0,false,#00E3FF
48.107206,123.051614,Aldoc,51,false,471,0.99086,3,CR9f3683203-37,1.0,false,#B24C20
125.67818,55.5391,Slc17a7,23,false,472,0.88659,3,CR9f3683203-38,1.0,false,#00A0FF
104.722535,89.578899,Sox10,38,false,473,0.99187,3,CR9f3683203-44,1.0,false,#697000
67.087002,127.95914,Gad1,52,false,474,0.99133,2,CR9f3683203-45,1.0,false,#00452B
49.271298,105.923742,Gad1,43,false,475,0.99092,2,CR9f3683203-29,1.0,false,#650029
136.397971,102.664197,Gad1,0,true,476,0.0,2,,0.98,true,#004A00
145.736087,31.382378,Gad1,16,false,477,0.98913,2,CR9f3683203-39,1.0,false,#00BDFF
144.221359,107.235708,Gad1,48,false,478,0.9881,3,CR9f3683203-59,1.0,false,#C74A00
71.398342,64.267733,Sox10,28,false,479,0.77267,2,CR9f3683203-22,1.0,false,#5E810F
123.424292,83.548781,Aldoc,39,false,480,0.97689,3,CR9f3683203-50,1.0,false,#005F96
15.38921,121.343903,Aldoc,49,false,481,0.48384,1,CR9f3683203-28,1.0,false,#5E7F0D
148.200879,8.926346,Sox10,8,false,482,0.9806,3,CR9f3683203-32,1.0,false,#FC7666
32.641772,34.841467,Sox10,10,false,483,0.97645,2,CR9f3683203-5,1.0,false,#5C4530
11.853956,10.723092,Pdgfra,1,false,484,0.99058,2,CR9f3683203-1,1.0,false,#00A2FF
50.711046,89.072047,Slc17a7,35,false,485,0.98897,3,CR9f3683203-23,1.0,false,#97417C
37.037554,56.596163,Slc17a7,0,true,486,2.0e-5,3,CR9f3683203-9,0.74,false,#DD9A70
85.535263,91.053486,Slc17a7,37,false,487,0.99067,3,CR9f3683203-42,1.0,false,#008D62
47.082066,123.113353,Aldoc,51,false,488,0.99174,3,CR9f3683203-37,1.0,false,#395CDF
90.096446,62.979507,Slc17a7,29,false,489,0.92473,3,CR9f3683203-35,1.0,false,#9AB3DF
141.487427,105.725906,Ttr,48,false,490,0.98446,3,CR9f3683203-59,1.0,false,#008E7C
147.617603,128.435315,Sox10,56,false,491,0.99174,3,CR9f3683203-60,1.0,false,#005F8C
53.537035,30.053455,Slc17a7,11,false,492,0.97366,3,CR9f3683203-10,1.0,false,#003487
123.432464,35.372577,Aldoc,15,false,493,0.99057,1,CR9f3683203-34,1.0,false,#FF0075
104.481222,87.413736,Slc17a7,38,false,494,0.99,3,CR9f3683203-44,1.0,false,#006CFF
105.333223,19.690372,Gad1,0,true,495,0.0011,2,CR9f3683203-18,0.66,false,#703927
83.002491,85.117709,Pdgfra,37,false,496,0.67865,3,CR9f3683203-42,0.64,false,#00608F
124.82619,34.173905,Sox10,15,false,497,0.99175,1,CR9f3683203-34,1.0,false,#6C432F
12.25,90.159329,Pdgfra,33,false,498,0.991,1,CR9f3683203-14,1.0,false,#667200
17.548183,149.900356,Aldoc,57,false,499,0.39596,1,CR9f3683203-36,1.0,false,#28AFFF
109.942307,49.426368,Slc17a7,22,false,500,0.99168,2,CR9f3683203-33,1.0,false,#FF007C
145.042004,70.361569,Slc17a7,32,false,501,0.99187,3,CR9f3683203-51,1.0,false,#00BA59
112.162322,45.695772,Pdgfra,22,false,502,0.06736,1,CR9f3683203-33,1.0,false,#636A00
47.143455,128.728996,Pdgfra,51,false,503,0.96643,3,CR9f3683203-37,1.0,false,#00988A
144.088391,71.074265,Slc17a7,32,false,504,0.99161,3,CR9f3683203-51,1.0,false,#D43173
50.561364,125.196954,Slc17a7,51,false,505,0.99178,3,CR9f3683203-37,1.0,false,#666800
33.555492,52.77453,Sox10,18,false,506,0.98818,3,CR9f3683203-9,1.0,false,#E5986F
12.966965,31.386237,Aldoc,9,false,507,0.99179,1,CR9f3683203-3,1.0,false,#004228
47.101219,106.776003,Gad1,43,false,508,0.99105,2,CR9f3683203-29,1.0,false,#977D6C
11.521978,42.689222,Slc17a7,17,false,509,0.5148,3,CR9f3683203-4,1.0,false,#638615
106.137422,124.655367,Aldoc,54,false,510,0.9917,1,CR9f3683203-57,1.0,false,#FB006E
71.707724,49.236235,Slc17a7,20,false,511,0.99096,3,CR9f3683203-19,1.0,false,#00A1FF
86.161805,94.485054,Gad1,37,false,512,0.78225,2,CR9f3683203-42,1.0,false,#009366
85.992709,27.27189,Gad1,13,false,513,0.95859,2,CR9f3683203-20,1.0,false,#F57861
52.235106,102.681558,Gad1,43,false,514,0.94619,2,CR9f3683203-29,1.0,false,#009265
72.254057,59.166928,Pdgfra,0,true,515,0.0,3,,0.96,true,#5E92FB
145.154556,107.631789,Aldoc,48,false,516,0.99145,3,CR9f3683203-59,1.0,false,#425CDC
31.463484,10.62016,Aldoc,2,false,517,0.99055,3,CR9f3683203-2,1.0,false,#005C79
11.299323,15.027458,Slc17a7,1,false,518,0.99035,2,CR9f3683203-1,1.0,false,#00A3FF
29.790777,128.563584,Pdgfra,50,false,519,0.99064,3,CR9f3683203-31,1.0,false,#6C7200
125.756377,103.692818,Sox10,47,false,520,0.98853,3,CR9f3683203-56,1.0,false,#005D7E
50.303174,88.427352,Slc17a7,35,false,521,0.98932,3,CR9f3683203-23,1.0,false,#F0D1B8
11.946109,46.897148,Slc17a7,17,false,522,0.99174,3,CR9f3683203-4,1.0,false,#600026
108.490371,46.964709,Gad1,22,false,523,0.99017,2,CR9f3683203-33,1.0,false,#00A2FF
70.942826,53.062467,Sox10,20,false,524,0.99078,3,CR9f3683203-19,1.0,false,#005000
9.142659,30.847289,Aldoc,0,true,525,0.99178,1,CR9f3683203-3,1.0,false,#00BDFE
69.72151,105.607147,Slc17a7,44,false,526,0.99182,3,CR9f3683203-40,1.0,false,#FE7357
129.888869,105.910953,Sox10,47,false,527,0.99026,3,CR9f3683203-56,1.0,false,#F90066
123.429601,46.674206,Aldoc,23,false,528,0.99158,3,CR9f3683203-38,1.0,false,#637C04
50.066249,57.863006,Pdgfra,0,true,529,0.00855,1,CR9f3683203-16,0.76,false,#967A69
34.488521,28.363551,Ttr,10,false,530,0.99174,2,CR9f3683203-5,1.0,false,#002D99
33.365121,148.059605,Aldoc,58,false,531,0.99121,2,CR9f3683203-43,1.0,false,#544C30
101.911337,127.113722,Aldoc,54,false,532,0.96943,3,CR9f3683203-57,1.0,false,#00958B
11.803136,99.970519,Slc17a7,41,false,533,0.89559,3,CR9f3683203-17,0.98,false,#678513
47.872971,144.857958,Slc17a7,59,false,534,0.99076,3,CR9f3683203-48,1.0,false,#C50000
71.026544,55.779549,Slc17a7,20,false,535,0.79186,3,CR9f3683203-19,1.0,false,#432082
13.497149,6.732023,Gad1,1,false,536,0.97795,2,CR9f3683203-1,1.0,false,#B1805C
105.463012,67.439106,Pdgfra,30,false,537,0.99182,3,CR9f3683203-41,1.0,false,#009684
81.679505,136.049173,Ttr,0,true,538,0.0,1,,1.0,true,#282991
146.260178,86.013536,Sox10,40,false,539,0.99186,2,CR9f3683203-55,1.0,false,#0A5275
7.149366,47.269684,Slc17a7,17,false,540,0.97879,3,CR9f3683203-4,1.0,false,#312184
110.000297,50.676593,Gad1,22,false,541,0.99063,2,CR9f3683203-33,1.0,false,#144F71
131.170365,32.596279,Aldoc,15,false,542,0.50307,1,CR9f3683203-34,1.0,false,#00C4FF
104.573647,29.392026,Slc17a7,14,false,543,0.98739,3,CR9f3683203-26,1.0,false,#006CFF
68.185196,107.152573,Ttr,44,false,544,0.98915,3,CR9f3683203-40,1.0,false,#00B149
103.577391,10.066364,Pdgfra,6,false,545,0.99014,3,CR9f3683203-18,1.0,false,#00978C
68.545913,107.769338,Gad1,44,false,546,0.99017,3,CR9f3683203-40,1.0,false,#00B149
66.675789,52.166209,Sox10,20,false,547,0.98875,3,CR9f3683203-19,1.0,false,#88006C
11.455529,105.132214,Pdgfra,41,false,548,0.99145,3,CR9f3683203-17,1.0,false,#EBC9A6
49.443573,47.935826,Pdgfra,19,false,549,0.99172,2,CR9f3683203-15,1.0,false,#5F432A
129.036099,48.073111,Slc17a7,23,false,550,0.97807,3,CR9f3683203-38,1.0,false,#008F7C
16.350553,7.36776,Gad1,1,false,551,0.85937,2,CR9f3683203-1,1.0,false,#005E94
49.374018,104.378236,Gad1,43,false,552,0.99179,2,CR9f3683203-29,1.0,false,#00E2FF
49.058843,150.728621,Slc17a7,59,false,553,0.99037,3,CR9f3683203-48,1.0,false,#610026
142.838679,103.006863,Aldoc,48,false,554,0.98814,1,CR9f3683203-59,1.0,false,#008D77
3.895898,97.679897,Slc17a7,0,true,555,0.0,3,,1.0,true,#005F90
71.131579,104.501108,Slc17a7,44,false,556,0.94057,3,CR9f3683203-40,1.0,false,#FB7353
44.982716,6.6589,Aldoc,3,false,557,0.54194,1,CR9f3683203-6,1.0,false,#00C2FF
126.858067,88.352088,Pdgfra,39,false,558,0.99187,3,CR9f3683203-50,1.0,false,#0081FF
72.431087,47.136426,Slc17a7,20,false,559,0.99047,3,CR9f3683203-19,1.0,false,#009785
51.980191,106.209002,Gad1,43,false,560,0.99074,2,CR9f3683203-29,1.0,false,#AE4C21
14.111193,68.099161,Gad1,25,false,561,0.99186,2,CR9f3683203-8,1.0,false,#00B94D
126.617804,50.013051,Sox10,23,false,562,0.99185,3,CR9f3683203-38,1.0,false,#372083
8.005026,52.983331,Pdgfra,17,false,563,0.94704,3,CR9f3683203-4,1.0,false,#00A2FF
128.530762,86.606787,Aldoc,39,false,564,0.99148,3,CR9f3683203-50,1.0,false,#D13178
13.490237,147.851555,Aldoc,57,false,565,0.99118,3,CR9f3683203-36,1.0,false,#C74A00
14.433611,146.321939,Pdgfra,57,false,566,0.98938,3,CR9f3683203-36,1.0,false,#D487F3
154.91111,4.045572,Ttr,0,true,567,0.0,2,,1.0,true,#002F9C
9.981756,70.478714,Gad1,25,false,568,0.99108,2,CR9f3683203-8,1.0,false,#00A1FF
143.488797,5.222095,Gad1,0,true,569,0.973,2,CR9f3683203-32,1.0,false,#00BB57
104.193471,14.292127,Aldoc,6,false,570,0.98942,3,CR9f3683203-18,1.0,false,#D081E9
127.520129,106.038535,Slc17a7,47,false,571,0.98926,3,CR9f3683203-56,1.0,false,#00947E
121.817239,30.5614,Aldoc,15,false,572,0.98967,1,CR9f3683203-34,1.0,false,#D179DE
90.234723,49.323493,Aldoc,21,false,573,0.99147,3,CR9f3683203-25,1.0,false,#5F8517
148.489056,29.192898,Gad1,16,false,574,0.9804,2,CR9f3683203-39,1.0,false,#002E9B
89.25735,65.198373,Aldoc,29,false,575,0.99179,3,CR9f3683203-35,1.0,false,#D63276
53.207393,31.303178,Slc17a7,11,false,576,0.98262,3,CR9f3683203-10,1.0,false,#973E79
121.176952,25.720671,Ttr,0,true,577,0.10921,1,CR9f3683203-34,1.0,false,#005F97
142.023658,28.356794,Aldoc,16,false,578,0.98051,1,CR9f3683203-39,1.0,false,#6C3F2C
29.140947,66.552248,Pdgfra,26,false,579,0.98404,3,CR9f3683203-13,1.0,false,#004328
61.290518,84.377364,Aldoc,0,true,580,1.0e-5,1,CR9f3683203-30,0.52,false,#5F8517
47.889467,30.686423,Ttr,11,false,581,0.99066,3,CR9f3683203-10,1.0,false,#5D88FA
104.088597,67.818634,Slc17a7,30,false,582,0.99052,3,CR9f3683203-41,1.0,false,#00968E
88.390207,129.689285,Slc17a7,53,false,583,0.90688,3,CR9f3683203-52,1.0,false,#00976C
87.364078,85.654207,Aldoc,37,false,584,0.99015,2,CR9f3683203-42,1.0,false,#00A2FF
104.660975,30.034679,Gad1,14,false,585,0.98695,3,CR9f3683203-26,1.0,false,#00B754
47.454459,33.125477,Slc17a7,11,false,586,0.98195,3,CR9f3683203-10,1.0,false,#00B657
34.156545,106.87801,Pdgfra,42,false,587,0.99162,3,CR9f3683203-27,1.0,false,#616C00
10.533278,69.994771,Gad1,25,false,588,0.99066,2,CR9f3683203-8,1.0,false,#00A1FF
86.816936,34.488137,Sox10,13,false,589,0.99075,2,CR9f3683203-20,1.0,false,#656400
52.618665,36.873578,Aldoc,0,true,590,0.33461,1,CR9f3683203-10,0.98,false,#00A2FF
13.33232,106.457272,Slc17a7,41,false,591,0.99174,3,CR9f3683203-17,1.0,false,#DA357B
90.027145,90.714479,Gad1,37,false,592,0.99082,2,CR9f3683203-42,1.0,false,#723928
126.288505,109.356136,Slc17a7,47,false,593,0.99179,3,CR9f3683203-56,1.0,false,#00B858
31.431156,106.294741,Pdgfra,42,false,594,0.99147,3,CR9f3683203-27,1.0,false,#005D83
34.488449,51.878666,Ttr,18,false,595,0.96949,3,CR9f3683203-9,1.0,false,#D279DD
47.969667,28.418512,Slc17a7,11,false,596,0.99007,3,CR9f3683203-10,1.0,false,#005C7D
67.806744,107.288994,Ttr,44,false,597,0.99069,3,CR9f3683203-40,1.0,false,#00B54C
105.759855,53.316672,Pdgfra,22,false,598,0.98635,2,CR9f3683203-33,1.0,false,#F9734C
29.059502,29.532226,Aldoc,10,false,599,0.99053,2,CR9f3683203-5,1.0,false,#0060EF
123.694367,76.432809,Aldoc,0,true,600,0.21939,1,CR9f3683203-49,1.0,false,#69422E
129.093606,151.639904,Ttr,0,true,601,0.0,1,,1.0,true,#005F97
127.492787,47.797772,Slc17a7,23,false,602,0.99143,3,CR9f3683203-38,1.0,false,#DB3889
47.729888,105.527656,Gad1,43,false,603,0.99176,2,CR9f3683203-29,1.0,false,#AE805F
87.131165,69.261078,Aldoc,29,false,604,0.99129,3,CR9f3683203-35,1.0,false,#008FCC
8.400957,106.610072,Ttr,41,false,605,0.98792,3,CR9f3683203-17,1.0,false,#EECF62
8.73372,47.769786,Gad1,0,true,606,0.9916,3,CR9f3683203-4,1.0,false,#FF007B
54.767365,147.795207,Slc17a7,0,true,607,0.89022,3,CR9f3683203-48,1.0,false,#00A2FF
66.319593,9.609918,Ttr,4,false,608,0.99066,2,CR9f3683203-7,1.0,false,#00A2FF
93.700915,67.548384,Ttr,29,false,609,0.96538,3,CR9f3683203-35,1.0,false,#00A1FF
33.442347,91.368819,Ttr,34,false,610,0.97881,2,CR9f3683203-21,1.0,false,#002F9B
71.500744,145.611321,Aldoc,60,false,611,0.99176,3,CR9f3683203-53,1.0,false,#607200
50.152392,105.012225,Gad1,43,false,612,0.99173,2,CR9f3683203-29,1.0,false,#331700
11.063568,51.308832,Slc17a7,17,false,613,0.99134,3,CR9f3683203-4,1.0,false,#3A8666
34.226223,85.920308,Gad1,34,false,614,0.98915,2,CR9f3683203-21,1.0,false,#5E810F
141.325271,88.268145,Gad1,40,false,615,0.9917,2,CR9f3683203-55,1.0,false,#006CFF
30.594906,30.516163,Gad1,10,false,616,0.99178,2,CR9f3683203-5,1.0,false,#00A1FF
28.955081,129.337383,Slc17a7,50,false,617,0.99154,3,CR9f3683203-31,1.0,false,#678512
37.523988,31.519896,Gad1,10,false,618,0.31496,2,CR9f3683203-5,1.0,false,#498B00
58.491571,22.835716,Pdgfra,0,true,619,0.0,1,,1.0,true,#667C00
146.877391,51.084298,Aldoc,24,false,620,0.98909,3,CR9f3683203-46,1.0,false,#003487
86.940502,48.41613,Aldoc,21,false,621,0.9918,3,CR9f3683203-25,1.0,false,#00A1FF
112.493254,120.861264,Sox10,54,false,622,0.0016,1,CR9f3683203-57,0.98,false,#2A5573
106.258442,91.923797,Slc17a7,38,false,623,0.95282,3,CR9f3683203-44,1.0,false,#FF0071
89.732077,33.365801,Gad1,13,false,624,0.99177,2,CR9f3683203-20,1.0,false,#3A5CDF
30.51555,55.279708,Slc17a7,18,false,625,0.98934,3,CR9f3683203-9,1.0,false,#00C1D6
113.437316,105.896651,Gad1,46,false,626,0.96788,2,CR9f3683203-54,1.0,false,#FF007A
48.61534,7.593591,Aldoc,3,false,627,0.99054,3,CR9f3683203-6,1.0,false,#009A99
12.741955,12.429397,Sox10,1,false,628,0.99177,2,CR9f3683203-1,1.0,false,#FF0080
128.753532,31.505042,Aldoc,15,false,629,0.98729,1,CR9f3683203-34,1.0,false,#00B9FC
109.026076,15.832603,Pdgfra,6,false,630,0.96919,3,CR9f3683203-18,1.0,false,#5E91F9
107.555657,90.721718,Sox10,38,false,631,0.98768,3,CR9f3683203-44,1.0,false,#DD9B76
14.252583,150.911894,Aldoc,57,false,632,0.88782,1,CR9f3683203-36,1.0,false,#C74A00
29.710572,72.850162,Sox10,26,false,633,0.99119,3,CR9f3683203-13,1.0,false,#5F0025
85.374915,84.810355,Pdgfra,37,false,634,0.97121,3,CR9f3683203-42,0.88,false,#005C7A
90.79861,30.295401,Gad1,13,false,635,0.99168,2,CR9f3683203-20,1.0,false,#5B91EE
110.78574,86.208302,Gad1,0,true,636,0.97992,3,CR9f3683203-44,1.0,false,#448968
147.36404,49.542112,Aldoc,24,false,637,0.99138,3,CR9f3683203-46,1.0,false,#7C2C00
31.54339,70.196872,Slc17a7,26,false,638,0.9905,3,CR9f3683203-13,1.0,false,#0070FF
129.755328,41.500406,Slc17a7,23,false,639,0.0,3,,1.0,true,#658513
127.965659,12.409618,Sox10,7,false,640,0.99181,2,CR9f3683203-24,1.0,false,#054B6F
66.302013,64.051518,Gad1,0,true,641,0.71745,2,CR9f3683203-22,1.0,false,#CC00B4
147.346448,7.519816,Slc17a7,8,false,642,0.97867,3,CR9f3683203-32,1.0,false,#5C89F9
54.508828,70.273463,Aldoc,27,false,643,0.88525,1,CR9f3683203-16,1.0,false,#004A00
8.99321,69.586395,Ttr,25,false,644,0.99184,2,CR9f3683203-8,1.0,false,#165000
85.364385,9.480371,Ttr,5,false,645,0.99172,3,CR9f3683203-11,1.0,false,#00B453
145.997018,34.285071,Aldoc,16,false,646,0.99185,2,CR9f3683203-39,1.0,false,#008C62
86.412039,125.228803,Ttr,53,false,647,0.99136,3,CR9f3683203-52,1.0,false,#005C81
45.574505,125.344302,Sox10,51,false,648,0.99179,3,CR9f3683203-37,1.0,false,#656300
14.178567,147.108091,Aldoc,57,false,649,0.99042,3,CR9f3683203-36,1.0,false,#C84A00
132.766525,16.925176,Gad1,7,false,650,0.00118,2,CR9f3683203-24,1.0,false,#064F00
50.221116,61.844447,Sox10,27,false,651,0.93741,1,CR9f3683203-16,1.0,false,#006192
48.161234,127.081259,Sox10,51,false,652,0.99147,3,CR9f3683203-37,1.0,false,#009895
65.715947,13.636268,Aldoc,4,false,653,0.99168,2,CR9f3683203-7,1.0,false,#84A8CC
23.927707,65.23542,Pdgfra,26,false,654,0.0,3,,0.96,true,#005F90
89.011357,88.078952,Ttr,37,false,655,0.99098,2,CR9f3683203-42,1.0,false,#FF0084
12.645626,146.61696,Pdgfra,57,false,656,0.99044,3,CR9f3683203-36,1.0,false,#6257CD
14.498418,7.788929,Pdgfra,1,false,657,0.9857,2,CR9f3683203-1,1.0,false,#927B6D
49.33333,130.786157,Aldoc,51,false,658,0.55472,3,CR9f3683203-37,1.0,false,#D13177
65.056673,49.055258,Sox10,20,false,659,0.95579,3,CR9f3683203-19,1.0,false,#FB7351
126.612427,28.324875,Sox10,15,false,660,0.99019,1,CR9f3683203-34,1.0,false,#008F80
45.800377,123.939301,Aldoc,51,false,661,0.99187,3,CR9f3683203-37,1.0,false,#5E7300
102.756545,14.360873,Aldoc,6,false,662,0.98456,3,CR9f3683203-18,1.0,false,#D83688
87.998574,51.732388,Aldoc,21,false,663,0.99021,3,CR9f3683203-25,1.0,false,#009A94
151.978712,45.288787,Aldoc,0,true,664,6.0e-5,1,CR9f3683203-46,0.9,false,#2E5874
14.391874,87.038156,Aldoc,33,false,665,0.9918,1,CR9f3683203-14,1.0,false,#AF4C21
104.866716,31.273524,Slc17a7,14,false,666,0.99119,3,CR9f3683203-26,1.0,false,#00B44A
130.3349,90.765628,Aldoc,0,true,667,0.72189,1,CR9f3683203-50,1.0,false,#00C6D8
109.156518,87.860793,Gad1,38,false,668,0.99187,3,CR9f3683203-44,1.0,false,#008C61
126.897957,122.448729,Gad1,55,false,669,0.99,2,CR9f3683203-58,1.0,false,#703927
143.121196,87.24016,Gad1,40,false,670,0.9911,2,CR9f3683203-55,1.0,false,#005C88
126.369417,106.274076,Slc17a7,47,false,671,0.98873,3,CR9f3683203-56,1.0,false,#DB3781
127.868637,93.212248,Aldoc,39,false,672,0.83291,3,CR9f3683203-50,1.0,false,#008FC9
69.995272,49.538792,Slc17a7,20,false,673,0.99182,3,CR9f3683203-19,1.0,false,#CC0000
30.14868,73.133241,Slc17a7,26,false,674,0.99186,3,CR9f3683203-13,1.0,false,#610027
68.120012,16.857555,Gad1,4,false,675,0.98961,2,CR9f3683203-7,1.0,false,#23258A
93.049606,65.601544,Pdgfra,29,false,676,0.98153,3,CR9f3683203-35,1.0,false,#5F8BFC
105.060749,129.742487,Slc17a7,54,false,677,0.98584,3,CR9f3683203-57,1.0,false,#8D498A
104.466813,126.207752,Gad1,54,false,678,0.99173,3,CR9f3683203-57,1.0,false,#00A2FF
10.928997,76.667853,Pdgfra,0,true,679,0.00323,3,CR9f3683203-8,0.92,false,#005F97
69.91344,32.068447,Ttr,12,false,680,0.99138,1,CR9f3683203-12,1.0,false,#434F36
89.180628,68.910915,Gad1,29,false,681,0.99069,3,CR9f3683203-35,1.0,false,#FE745D
69.962156,89.410477,Slc17a7,36,false,682,0.99099,3,CR9f3683203-30,1.0,false,#008AC9
91.722385,64.999627,Gad1,29,false,683,0.98986,3,CR9f3683203-35,1.0,false,#5C92FE
67.970717,13.758062,Gad1,4,false,684,0.99116,2,CR9f3683203-7,1.0,false,#F1D065
147.21168,146.925722,Sox10,0,true,685,0.0,1,,1.0,true,#5B92F0
80.946888,31.11271,Gad1,13,false,686,0.02159,2,CR9f3683203-20,1.0,false,#9EB1DD
70.048821,107.804546,Slc17a7,44,false,687,0.99152,3,CR9f3683203-40,1.0,false,#006DFC
20.956589,118.166326,Aldoc,0,true,688,0.0,1,,1.0,true,#608517
105.183032,11.245209,Pdgfra,6,false,689,0.99157,3,CR9f3683203-18,1.0,false,#D73686
101.479577,116.149406,Aldoc,0,true,690,0.0,1,,1.0,true,#00A1FF
123.830244,73.349665,Pdgfra,31,false,691,0.98944,2,CR9f3683203-49,1.0,false,#165000
124.625365,107.170989,Slc17a7,47,false,692,0.9904,3,CR9f3683203-56,1.0,false,#00462A
142.66095,86.248898,Gad1,40,false,693,0.99087,2,CR9f3683203-55,1.0,false,#5D8FF5
4.74667,23.358397,Aldoc,0,true,694,0.0,1,,1.0,true,#005F97
110.048993,68.099811,Pdgfra,30,false,695,0.99165,1,CR9f3683203-41,1.0,false,#947A6A
49.851252,103.531144,Gad1,43,false,696,0.99065,2,CR9f3683203-29,1.0,false,#00E5FF
108.88291,30.75162,Slc17a7,14,false,697,0.99112,3,CR9f3683203-26,1.0,false,#00A0FF
122.28174,51.285664,Gad1,23,false,698,0.99116,3,CR9f3683203-38,1.0,false,#0080DA
73.881341,109.188055,Slc17a7,44,false,699,0.81375,3,CR9f3683203-40,1.0,false,#688410
40.558205,89.295855,Sox10,0,true,700,0.0,1,,1.0,true,#FA006A
28.686849,53.217353,Sox10,18,false,701,0.99173,3,CR9f3683203-9,1.0,false,#626B00
11.507744,11.562339,Gad1,1,false,702,0.99153,2,CR9f3683203-1,1.0,false,#00462B
44.951533,26.446413,Slc17a7,11,false,703,0.4481,3,CR9f3683203-10,1.0,false,#00C5D4
14.786341,68.691721,Gad1,25,false,704,0.9901,2,CR9f3683203-8,1.0,false,#478C00
125.009227,105.480678,Ttr,47,false,705,0.99077,3,CR9f3683203-56,1.0,false,#00A2FF
38.699119,143.650063,Ttr,58,false,706,0.02378,2,CR9f3683203-43,0.98,false,#5C482E
66.586245,88.058951,Aldoc,36,false,707,0.99155,3,CR9f3683203-30,1.0,false,#D086F2
33.635248,89.608899,Gad1,34,false,708,0.99157,2,CR9f3683203-21,1.0,false,#331700
126.015182,30.629707,Aldoc,15,false,709,0.99166,1,CR9f3683203-34,1.0,false,#743C2E
12.312092,67.18172,Gad1,25,false,710,0.99037,2,CR9f3683203-8,1.0,false,#1B288F
10.652209,29.21929,Aldoc,9,false,711,0.9909,1,CR9f3683203-3,1.0,false,#DE9B77
37.264784,50.697339,Pdgfra,18,false,712,0.07214,3,CR9f3683203-9,1.0,false,#005F90
89.851229,64.036737,Slc17a7,29,false,713,0.98637,3,CR9f3683203-35,1.0,false,#9BB3DF
107.288216,9.464463,Aldoc,6,false,714,0.9913,3,CR9f3683203-18,1.0,false,#D73687
33.320718,25.184809,Gad1,10,false,715,0.98347,2,CR9f3683203-5,1.0,false,#498B00
32.138078,47.985174,Aldoc,18,false,716,0.99122,3,CR9f3683203-9,1.0,false,#00C5DB
11.969596,142.646868,Aldoc,57,false,717,0.99159,1,CR9f3683203-36,1.0,false,#626B00
6.323637,122.58073,Gad1,49,false,718,0.02906,2,CR9f3683203-28,1.0,false,#1C278D
107.495573,29.299203,Slc17a7,14,false,719,0.99182,3,CR9f3683203-26,1.0,false,#D83378
121.881457,121.376736,Ttr,55,false,720,0.83787,2,CR9f3683203-58,1.0,false,#91AED7
148.720378,68.445251,Sox10,32,false,721,0.98947,3,CR9f3683203-51,1.0,false,#C50000
65.867192,12.313168,Gad1,0,true,722,0.99185,2,CR9f3683203-7,1.0,false,#154F00
109.714536,88.325275,Aldoc,38,false,723,0.99175,3,CR9f3683203-44,1.0,false,#008C61
144.761465,64.883344,Ttr,32,false,724,0.97445,3,CR9f3683203-51,1.0,false,#00B953
35.204307,119.24694,Slc17a7,50,false,725,1.0e-5,3,CR9f3683203-31,0.68,false,#05BE5B
8.916139,53.011215,Pdgfra,17,false,726,0.98025,3,CR9f3683203-4,1.0,false,#00B44F
146.183161,10.773914,Slc17a7,8,false,727,0.99146,3,CR9f3683203-32,1.0,false,#963F7A
87.867603,10.898401,Slc17a7,5,false,728,0.98905,3,CR9f3683203-11,1.0,false,#009581
67.556734,111.394476,Gad1,44,false,729,0.98737,3,CR9f3683203-40,1.0,false,#8FB0DA
65.449222,89.479606,Slc17a7,36,false,730,0.99141,3,CR9f3683203-30,1.0,false,#009C9E
26.4408,144.279675,Gad1,0,true,731,0.65309,2,CR9f3683203-43,1.0,false,#002E9A
144.505418,118.660309,Sox10,56,false,732,0.00189,1,CR9f3683203-60,1.0,false,#667A00
62.12309,126.172003,Gad1,52,false,733,0.15536,2,CR9f3683203-45,1.0,false,#395CDE
37.44977,33.84726,Gad1,10,false,734,0.04144,2,CR9f3683203-5,1.0,false,#C74A00
108.670265,49.995374,Gad1,22,false,735,0.99112,2,CR9f3683203-33,1.0,false,#58462E
124.505444,13.650155,Gad1,7,false,736,0.9911,2,CR9f3683203-24,1.0,false,#007F26
68.157991,109.081103,Pdgfra,44,false,737,0.99158,3,CR9f3683203-40,1.0,false,#006CFF
105.024528,124.371316,Aldoc,54,false,738,0.99182,1,CR9f3683203-57,1.0,false,#005F97
107.393377,47.44277,Gad1,22,false,739,0.99187,2,CR9f3683203-33,1.0,false,#00A2FF
107.784777,12.810353,Aldoc,6,false,740,0.99187,3,CR9f3683203-18,1.0,false,#B27F5A
52.261171,69.641702,Ttr,27,false,741,0.99187,1,CR9f3683203-16,1.0,false,#594C33
131.487279,104.737589,Gad1,47,false,742,0.52747,2,CR9f3683203-56,1.0,false,#5C90FA
142.953757,69.465015,Slc17a7,32,false,743,0.99178,3,CR9f3683203-51,1.0,false,#0072FF
68.240504,127.074996,Aldoc,52,false,744,0.99182,2,CR9f3683203-45,1.0,false,#8BACD4
52.369396,123.021049,Gad1,51,false,745,0.98179,1,CR9f3683203-37,1.0,false,#00608F
105.245387,48.354259,Gad1,22,false,746,0.99175,2,CR9f3683203-33,1.0,false,#105400
34.671378,88.006118,Slc17a7,34,false,747,0.99037,2,CR9f3683203-21,1.0,false,#696A00
127.538399,88.336258,Aldoc,39,false,748,0.99168,3,CR9f3683203-50,1.0,false,#0081FF
28.981432,50.944779,Aldoc,18,false,749,0.9913,3,CR9f3683203-9,1.0,false,#009792
110.112834,31.266607,Sox10,14,false,750,0.99187,3,CR9f3683203-26,1.0,false,#6C7900
1.797168,51.749917,Pdgfra,0,true,751,0.0,3,,1.0,true,#005D8E
74.164559,104.979903,Sox10,0,true,752,0.11651,3,CR9f3683203-40,1.0,false,#FB7455
30.40954,89.936164,Gad1,34,false,753,0.99184,2,CR9f3683203-21,1.0,false,#478D00
7.178193,52.047332,Slc17a7,17,false,754,0.95886,3,CR9f3683203-4,1.0,false,#00A2FF
28.412766,53.564264,Pdgfra,18,false,755,0.99136,3,CR9f3683203-9,1.0,false,#646900
146.059458,31.178228,Slc17a7,16,false,756,0.98868,2,CR9f3683203-39,1.0,false,#008E63
9.545082,51.660843,Slc17a7,17,false,757,0.99161,3,CR9f3683203-4,1.0,false,#F0D1B8
51.743469,15.743505,Aldoc,3,false,758,0.90459,1,CR9f3683203-6,1.0,false,#74E3FF
16.231049,130.156627,Gad1,49,false,759,0.72126,2,CR9f3683203-28,1.0,false,#A27E66
130.45789,45.106167,Slc17a7,23,false,760,0.1597,3,CR9f3683203-38,1.0,false,#FA0067
49.201741,105.108909,Gad1,43,false,761,0.99161,2,CR9f3683203-29,1.0,false,#00E2FF
108.334269,122.761624,Aldoc,54,false,762,0.97901,1,CR9f3683203-57,1.0,false,#006090
67.650243,145.865073,Sox10,60,false,763,0.98976,3,CR9f3683203-53,1.0,false,#E5986D
141.325846,88.016125,Slc17a7,40,false,764,0.99174,2,CR9f3683203-55,1.0,false,#006CFF
108.634714,27.906909,Pdgfra,14,false,765,0.98845,3,CR9f3683203-26,1.0,false,#97447E
144.873825,33.891208,Gad1,16,false,766,0.99178,2,CR9f3683203-39,1.0,false,#636B00
103.545522,71.057526,Aldoc,30,false,767,0.99175,3,CR9f3683203-41,1.0,false,#00A1FF
84.293049,32.978015,Gad1,13,false,768,0.97325,2,CR9f3683203-20,1.0,false,#00A2FF
33.142509,60.580123,Ttr,0,true,769,6.0e-5,3,CR9f3683203-9,0.72,false,#00A1FF
66.819009,109.386765,Slc17a7,44,false,770,0.99187,3,CR9f3683203-40,1.0,false,#688512
107.928151,69.641156,Aldoc,30,false,771,0.98941,3,CR9f3683203-41,1.0,false,#00A2FF
32.197734,87.490275,Gad1,34,false,772,0.99151,2,CR9f3683203-21,1.0,false,#1A288F
105.719279,107.807235,Gad1,46,false,773,0.99022,2,CR9f3683203-54,1.0,false,#2F5776
49.736783,48.417663,Aldoc,19,false,774,0.99027,2,CR9f3683203-15,1.0,false,#594B31
86.586398,90.906543,Gad1,37,false,775,0.99184,2,CR9f3683203-42,1.0,false,#009064
90.461172,125.763538,Aldoc,53,false,776,0.99187,3,CR9f3683203-52,1.0,false,#BB7D9B
88.727114,123.754529,Slc17a7,53,false,777,0.9916,3,CR9f3683203-52,1.0,false,#F0D0B6
69.635366,84.863642,Ttr,36,false,778,0.98977,1,CR9f3683203-30,1.0,false,#0081FF
126.120163,122.209501,Aldoc,55,false,779,0.99173,2,CR9f3683203-58,1.0,false,#713928
88.781349,32.058112,Gad1,13,false,780,0.98949,2,CR9f3683203-20,1.0,false,#00BCFE
9.509256,124.81305,Gad1,49,false,781,0.9906,2,CR9f3683203-28,1.0,false,#242489
52.293212,69.177512,Aldoc,27,false,782,0.99109,1,CR9f3683203-16,1.0,false,#594C32
69.510368,0.577433,Aldoc,0,true,783,0.0,1,,1.0,true,#95AFD8
67.886669,52.596445,Slc17a7,20,false,784,0.99175,3,CR9f3683203-19,1.0,false,#007D1B
145.854314,88.846349,Aldoc,40,false,785,0.99006,2,CR9f3683203-55,1.0,false,#0F5000
49.925547,85.310667,Slc17a7,35,false,786,0.98988,3,CR9f3683203-23,1.0,false,#004026
123.777632,68.548945,Gad1,31,false,787,0.99053,2,CR9f3683203-49,1.0,false,#5B91EE
25.074146,154.721178,Sox10,0,true,788,0.0,1,,1.0,true,#6F3A28
34.941221,111.404178,Aldoc,42,false,789,0.97243,1,CR9f3683203-27,1.0,false,#D38AF9
48.045389,68.959665,Slc17a7,27,false,790,0.98996,1,CR9f3683203-16,1.0,false,#666300
92.366765,107.114803,Sox10,45,false,791,0.99187,3,CR9f3683203-47,1.0,false,#009C9E
29.946147,49.177568,Ttr,18,false,792,0.99178,3,CR9f3683203-9,1.0,false,#E6976A
33.910674,143.633408,Gad1,58,false,793,0.99186,2,CR9f3683203-43,1.0,false,#9EB0DA
138.743707,105.444005,Ttr,0,true,794,0.33804,1,CR9f3683203-59,0.92,false,#004900
108.232763,104.184409,Gad1,46,false,795,0.99171,2,CR9f3683203-54,1.0,false,#00A2FF
97.702403,19.380027,Ttr,0,true,796,0.0,1,,1.0,true,#005F97
108.154266,67.442611,Sox10,30,false,797,0.99137,3,CR9f3683203-41,1.0,false,#008CC9
105.235951,128.283057,Aldoc,54,false,798,0.99173,3,CR9f3683203-57,1.0,false,#8D498A
53.350182,87.444597,Slc17a7,35,false,799,0.99161,3,CR9f3683203-23,1.0,false,#DA3680
68.418079,13.771079,Gad1,4,false,800,0.99106,2,CR9f3683203-7,1.0,false,#007F25
86.255774,123.723984,Gad1,53,false,801,0.99112,3,CR9f3683203-52,1.0,false,#0080DA
124.331989,91.320372,Aldoc,39,false,802,0.99183,3,CR9f3683203-50,1.0,false,#009C9E
108.514166,30.385487,Slc17a7,14,false,803,0.99157,3,CR9f3683203-26,1.0,false,#98B4E1
104.821232,9.172245,Aldoc,6,false,804,0.99025,3,CR9f3683203-18,1.0,false,#D73686
88.846163,5.555948,Slc17a7,5,false,805,0.9595,3,CR9f3683203-11,1.0,false,#EDCBAA
71.456575,111.937362,Ttr,44,false,806,0.92563,3,CR9f3683203-40,1.0,false,#00A2FF
48.796334,65.650798,Gad1,27,false,807,0.99182,1,CR9f3683203-16,1.0,false,#B04C21
29.292881,74.670892,Slc17a7,26,false,808,0.97245,3,CR9f3683203-13,1.0,false,#64002A
75.273878,2.610242,Slc17a7,0,true,809,0.0,3,,1.0,true,#97B3E1
125.326888,49.071652,Sox10,23,false,810,0.9916,3,CR9f3683203-38,1.0,false,#87006B
153.607792,54.090925,Aldoc,24,false,811,0.0,1,,0.86,true,#783A2D
49.325067,145.307959,Ttr,59,false,812,0.99187,3,CR9f3683203-48,1.0,false,#C50000
46.946933,69.220583,Gad1,27,false,813,0.98034,1,CR9f3683203-16,1.0,false,#656700
144.558607,123.749589,Gad1,56,false,814,0.99151,3,CR9f3683203-60,1.0,false,#FA7250
147.367394,125.240499,Slc17a7,56,false,815,0.99024,3,CR9f3683203-60,1.0,false,#006CFF
28.86683,126.160181,Gad1,50,false,816,0.99087,3,CR9f3683203-31,1.0,false,#5D87FA
145.78573,129.4056,Slc17a7,56,false,817,0.99101,3,CR9f3683203-60,1.0,false,#FA734C
88.40731,12.741704,Slc17a7,5,false,818,0.99175,3,CR9f3683203-11,1.0,false,#00BE5E
141.939528,7.666181,Pdgfra,8,false,819,0.98008,3,CR9f3683203-32,1.0,false,#86006B
12.533607,52.38443,Gad1,17,false,820,0.99179,3,CR9f3683203-4,1.0,false,#009269
149.301815,51.758914,Aldoc,24,false,821,0.9849,3,CR9f3683203-46,1.0,false,#69422E
125.454076,46.449262,Slc17a7,23,false,822,0.99099,3,CR9f3683203-38,1.0,false,#688512
33.528722,32.486159,Gad1,10,false,823,0.99187,2,CR9f3683203-5,1.0,false,#00E4FF
61.937129,107.254238,Gad1,0,true,824,0.78166,2,CR9f3683203-40,0.64,false,#686800
14.747247,92.516863,Pdgfra,33,false,825,0.97759,1,CR9f3683203-14,1.0,false,#005F87
127.462997,109.162467,Ttr,47,false,826,0.99155,3,CR9f3683203-56,1.0,false,#00B351
145.277191,84.664329,Gad1,40,false,827,0.99186,2,CR9f3683203-55,1.0,false,#331700
84.707168,47.809871,Gad1,0,true,828,0.9885,3,CR9f3683203-25,1.0,false,#005D8C
106.480785,70.524723,Aldoc,30,false,829,0.99135,3,CR9f3683203-41,1.0,false,#6D422F
49.45211,34.828993,Slc17a7,11,false,830,0.991,3,CR9f3683203-10,1.0,false,#00B24D
109.565396,50.654824,Gad1,22,false,831,0.9903,2,CR9f3683203-33,1.0,false,#6A3E29
45.953011,64.208944,Gad1,27,false,832,0.96777,2,CR9f3683203-16,1.0,false,#004328
33.527636,128.587391,Aldoc,50,false,833,0.99033,3,CR9f3683203-31,1.0,false,#00936B
67.644769,87.214176,Sox10,36,false,834,0.99183,3,CR9f3683203-30,1.0,false,#E7976C
88.553431,105.031894,Aldoc,45,false,835,0.9912,3,CR9f3683203-47,1.0,false,#D388F5
96.138054,147.990324,Pdgfra,0,true,836,0.0,3,,1.0,true,#688512
88.590316,88.137927,Aldoc,37,false,837,0.99162,2,CR9f3683203-42,1.0,false,#FF007D
90.261629,66.868998,Slc17a7,29,false,838,0.99088,3,CR9f3683203-35,1.0,false,#003A82
63.994601,143.28686,Ttr,60,false,839,0.90438,3,CR9f3683203-53,1.0,false,#1B5172
13.884873,53.260623,Aldoc,17,false,840,0.99056,3,CR9f3683203-4,1.0,false,#00482D
149.871163,128.691047,Slc17a7,56,false,841,0.98099,3,CR9f3683203-60,1.0,false,#008E77
11.188341,144.382406,Gad1,57,false,842,0.99187,1,CR9f3683203-36,1.0,false,#594938
116.82505,141.107244,Aldoc,0,true,843,0.0,1,,1.0,true,#656300
72.744719,126.425888,Ttr,52,false,844,0.97272,2,CR9f3683203-45,1.0,false,#86A6C8
14.775907,125.053766,Pdgfra,49,false,845,0.98981,2,CR9f3683203-28,1.0,false,#006CFF
108.628819,106.033904,Pdgfra,46,false,846,0.9918,2,CR9f3683203-54,1.0,false,#5D442A
13.857383,145.531578,Ttr,57,false,847,0.99154,3,CR9f3683203-36,1.0,false,#CF81E9
70.767687,31.972364,Sox10,12,false,848,0.99183,1,CR9f3683203-12,1.0,false,#434F36
106.083443,71.339606,Aldoc,30,false,849,0.99137,3,CR9f3683203-41,1.0,false,#205170
92.719923,107.811268,Aldoc,45,false,850,0.98951,3,CR9f3683203-47,1.0,false,#009999
32.64031,33.251244,Gad1,10,false,851,0.99187,2,CR9f3683203-5,1.0,false,#2D5776
87.746908,125.127536,Pdgfra,53,false,852,0.98986,3,CR9f3683203-52,1.0,false,#00A2FF
50.485615,31.279181,Gad1,11,false,853,0.99034,3,CR9f3683203-10,1.0,false,#00A2FF
85.117784,29.880475,Gad1,13,false,854,0.9839,2,CR9f3683203-20,1.0,false,#425CDC
107.363241,64.354874,Sox10,30,false,855,0.94405,3,CR9f3683203-41,1.0,false,#5E7300
107.001313,87.579872,Slc17a7,38,false,856,0.99019,3,CR9f3683203-44,1.0,false,#00946C
70.797617,124.636683,Slc17a7,0,true,857,0.99186,2,CR9f3683203-45,1.0,false,#FF0078
24.311069,14.339985,Slc17a7,2,false,858,0.92073,3,CR9f3683203-2,1.0,false,#00BC5B
70.668262,14.809994,Pdgfra,4,false,859,0.98904,2,CR9f3683203-7,1.0,false,#D94D00
88.389373,51.507884,Slc17a7,21,false,860,0.98892,3,CR9f3683203-25,1.0,false,#009C9D
125.162024,84.998518,Gad1,39,false,861,0.99142,3,CR9f3683203-50,1.0,false,#67432E
34.041589,146.801054,Sox10,58,false,862,0.99175,2,CR9f3683203-43,1.0,false,#9B7D6A
85.304592,108.356138,Pdgfra,45,false,863,0.98958,1,CR9f3683203-47,1.0,false,#004A00
70.4523,144.622941,Slc17a7,60,false,864,0.99127,3,CR9f3683203-53,1.0,false,#008D7A
30.183219,52.708271,Aldoc,18,false,865,0.99173,3,CR9f3683203-9,1.0,false,#00A1FF
148.722165,33.570089,Gad1,16,false,866,0.979,2,CR9f3683203-39,1.0,false,#F2D066
89.819959,14.691164,Slc17a7,5,false,867,0.98897,3,CR9f3683203-11,1.0,false,#32197C
18.301164,70.315259,Pdgfra,0,true,868,0.01641,2,CR9f3683203-8,1.0,false,#478D00
149.446434,52.349031,Ttr,24,false,869,0.98418,3,CR9f3683203-46,1.0,false,#004E00
74.832195,49.89596,Gad1,0,true,870,0.92085,2,CR9f3683203-19,1.0,false,#FD7559
69.404019,14.256605,Gad1,4,false,871,0.99174,2,CR9f3683203-7,1.0,false,#004800
32.643688,126.594841,Aldoc,50,false,872,0.99186,3,CR9f3683203-31,1.0,false,#69E3FF
9.379856,108.394456,Sox10,41,false,873,0.99131,3,CR9f3683203-17,1.0,false,#FD7665
73.895106,89.374804,Pdgfra,0,true,874,0.94007,3,CR9f3683203-30,1.0,false,#00A1FF
68.730064,110.638289,Ttr,44,false,875,0.99021,3,CR9f3683203-40,1.0,false,#00A2FF
125.387172,51.910302,Pdgfra,23,false,876,0.991,3,CR9f3683203-38,1.0,false,#DB3782
46.07038,50.3312,Gad1,19,false,877,0.97179,2,CR9f3683203-15,1.0,false,#00B64B
71.365302,68.580619,Pdgfra,28,false,878,0.99156,2,CR9f3683203-22,1.0,false,#3F9000
32.699001,148.313753,Gad1,58,false,879,0.99183,2,CR9f3683203-43,1.0,false,#005D86
11.864064,105.219613,Pdgfra,0,true,880,0.99039,3,CR9f3683203-17,1.0,false,#EAC8A2
30.879846,68.031003,Slc17a7,26,false,881,0.99186,3,CR9f3683203-13,1.0,false,#9B54FE
83.764577,125.217424,Sox10,53,false,882,0.98337,3,CR9f3683203-52,1.0,false,#C50000
49.804324,107.503997,Gad1,43,false,883,0.99139,2,CR9f3683203-29,1.0,false,#610024
109.719865,50.405653,Aldoc,22,false,884,0.98997,2,CR9f3683203-33,1.0,false,#00BAFC
110.562363,33.407434,Slc17a7,14,false,885,0.98991,3,CR9f3683203-26,1.0,false,#00BE5C
69.993714,145.063786,Aldoc,60,false,886,0.99163,3,CR9f3683203-53,1.0,false,#0091CB
140.677503,83.632306,Ttr,40,false,887,0.96756,2,CR9f3683203-55,1.0,false,#32197C
10.062198,70.111389,Gad1,25,false,888,0.99138,2,CR9f3683203-8,1.0,false,#00A1FF
28.95435,36.396136,Ttr,0,true,889,0.02047,2,CR9f3683203-5,1.0,false,#448E00
88.211447,32.122341,Aldoc,13,false,890,0.98961,2,CR9f3683203-20,1.0,false,#00BBFD
122.917147,122.436975,Gad1,55,false,891,0.99038,2,CR9f3683203-58,1.0,false,#9CB0DB
123.241132,33.228164,Aldoc,15,false,892,0.99185,1,CR9f3683203-34,1.0,false,#F90069
144.482374,33.088739,Sox10,16,false,893,0.99162,2,CR9f3683203-39,1.0,false,#005D8D
92.011445,90.188573,Gad1,37,false,894,0.99137,2,CR9f3683203-42,1.0,false,#00E4FF
112.572489,31.297308,Slc17a7,0,true,895,0.99059,3,CR9f3683203-26,1.0,false,#91B4E0
11.319997,12.497915,Gad1,1,false,896,0.99154,2,CR9f3683203-1,1.0,false,#142012
12.280249,46.104791,Gad1,0,true,897,0.99187,3,CR9f3683203-4,1.0,false,#5F0024
126.412824,125.348214,Aldoc,55,false,898,0.99159,2,CR9f3683203-58,1.0,false,#2D5675
51.501143,10.915129,Slc17a7,3,false,899,0.99141,3,CR9f3683203-6,1.0,false,#FF0079
34.636013,146.738627,Gad1,58,false,900,0.99182,2,CR9f3683203-43,1.0,false,#5D7300
106.436999,83.64988,Sox10,38,false,901,0.99058,3,CR9f3683203-44,1.0,false,#DC945B
89.489264,29.204293,Gad1,13,false,902,0.99186,2,CR9f3683203-20,1.0,false,#5C84F9
126.837789,68.398672,Pdgfra,31,false,903,0.99183,2,CR9f3683203-49,1.0,false,#105400
10.148295,89.993643,Aldoc,33,false,904,0.99151,1,CR9f3683203-14,1.0,false,#D387F3
16.621828,31.668908,Gad1,9,false,905,0.99171,3,CR9f3683203-3,1.0,false,#617100
51.257606,50.621662,Sox10,19,false,906,0.9904,2,CR9f3683203-15,1.0,false,#4A4E33
16.174724,15.163645,Pdgfra,1,false,907,0.93268,2,CR9f3683203-1,0.96,false,#00A1FF
143.512638,42.544053,Aldoc,0,true,908,0.0027,1,CR9f3683203-46,0.9,false,#005F97
38.710184,144.390209,Pdgfra,0,true,909,0.07406,2,CR9f3683203-43,1.0,false,#105400
14.09438,107.998159,Slc17a7,41,false,910,0.99147,3,CR9f3683203-17,1.0,false,#67E3FF
73.550987,4.69682,Ttr,0,true,911,0.0,2,,1.0,true,#8CAFD7
108.085051,15.311542,Sox10,6,false,912,0.98924,3,CR9f3683203-18,1.0,false,#6D7100
66.775287,9.676783,Pdgfra,4,false,913,0.99148,2,CR9f3683203-7,1.0,false,#105400
67.953935,50.026943,Slc17a7,20,false,914,0.99101,3,CR9f3683203-19,1.0,false,#006DFC
31.892302,146.619369,Ttr,58,false,915,0.99146,2,CR9f3683203-43,1.0,false,#004B00
144.81137,27.579728,Gad1,16,false,916,0.97204,2,CR9f3683203-39,1.0,false,#CF4B00
110.508104,89.789551,Slc17a7,38,false,917,0.9606,3,CR9f3683203-44,1.0,false,#00946D
109.942693,31.971885,Pdgfra,14,false,918,0.99145,3,CR9f3683203-26,1.0,false,#5D93FC
53.062738,106.771264,Sox10,0,true,919,0.97844,2,CR9f3683203-29,1.0,false,#003E4C
65.620857,68.791107,Gad1,28,false,920,0.99158,2,CR9f3683203-22,1.0,false,#98AFD8
122.949209,12.592527,Gad1,7,false,921,0.99081,2,CR9f3683203-24,1.0,false,#7A2B00
29.563365,109.011283,Sox10,42,false,922,0.99179,3,CR9f3683203-27,1.0,false,#00C2D9
143.406441,107.942152,Pdgfra,48,false,923,0.9905,3,CR9f3683203-59,1.0,false,#B17E5A
102.388043,150.305314,Aldoc,0,true,924,0.0,1,,1.0,true,#5F8517
28.141016,150.788976,Gad1,58,false,925,0.56653,2,CR9f3683203-43,1.0,false,#2E5776
144.403237,67.039728,Pdgfra,32,false,926,0.99079,3,CR9f3683203-51,1.0,false,#6A7E00
47.937455,68.066744,Sox10,27,false,927,0.98973,1,CR9f3683203-16,1.0,false,#005C7C
106.59129,103.760103,Gad1,46,false,928,0.99167,2,CR9f3683203-54,1.0,false,#444F35
28.280888,124.417119,Pdgfra,50,false,929,0.97738,3,CR9f3683203-31,1.0,false,#5D94FD
51.721447,68.327619,Pdgfra,27,false,930,0.99055,1,CR9f3683203-16,1.0,false,#927B6D
88.30173,124.293194,Slc17a7,53,false,931,0.99083,3,CR9f3683203-52,1.0,false,#C70000
73.435694,85.817954,Slc17a7,36,false,932,0.95812,3,CR9f3683203-30,1.0,false,#00BED3
105.255637,125.548556,Aldoc,54,false,933,0.99143,3,CR9f3683203-57,1.0,false,#FF0071
13.602153,86.936146,Aldoc,33,false,934,0.99124,1,CR9f3683203-14,1.0,false,#003E4B
12.52141,9.28627,Gad1,1,false,935,0.9917,2,CR9f3683203-1,1.0,false,#1D278D
47.408741,8.378805,Slc17a7,3,false,936,0.98856,3,CR9f3683203-6,1.0,false,#676F00
124.514669,123.708998,Gad1,55,false,937,0.9914,2,CR9f3683203-58,1.0,false,#351600
73.246257,90.19554,Aldoc,36,false,938,0.96874,1,CR9f3683203-30,1.0,false,#594C30
12.485882,48.562748,Gad1,17,false,939,0.99183,3,CR9f3683203-4,1.0,false,#00C2FF
141.888239,89.458581,Gad1,40,false,940,0.99136,2,CR9f3683203-55,1.0,false,#0071FF
49.037359,104.589639,Gad1,43,false,941,0.99179,2,CR9f3683203-29,1.0,false,#00E3FF
108.496658,12.566197,Aldoc,6,false,942,0.99181,3,CR9f3683203-18,1.0,false,#3CAEFF
146.089064,13.889479,Slc17a7,8,false,943,0.98964,3,CR9f3683203-32,1.0,false,#006EFE
69.152616,52.542794,Slc17a7,20,false,944,0.99187,3,CR9f3683203-19,1.0,false,#9F53FE
33.749778,129.326703,Slc17a7,50,false,945,0.98716,3,CR9f3683203-31,1.0,false,#92B3DF
126.219366,71.715617,Gad1,31,false,946,0.98871,2,CR9f3683203-49,1.0,false,#2C5676
33.030732,48.933916,Pdgfra,18,false,947,0.99007,3,CR9f3683203-9,1.0,false,#A07B63
120.238933,67.240834,Ttr,31,false,948,0.4664,2,CR9f3683203-49,1.0,false,#FF0079
151.650364,107.833063,Sox10,48,false,949,0.02189,1,CR9f3683203-59,1.0,false,#5E7F0F
7.709242,151.941954,Slc17a7,0,true,950,1.0e-5,3,,0.84,true,#00C2D2
84.651179,27.330137,Slc17a7,0,true,951,0.95033,2,CR9f3683203-20,1.0,false,#F77861
11.155354,104.589967,Ttr,41,false,952,0.99075,3,CR9f3683203-17,1.0,false,#EBC9A6
143.009138,32.515774,Gad1,16,false,953,0.99187,2,CR9f3683203-39,1.0,false,#252489
88.023819,29.665758,Gad1,13,false,954,0.99169,2,CR9f3683203-20,1.0,false,#F57863
11.605977,64.155191,Gad1,25,false,955,0.96032,2,CR9f3683203-8,1.0,false,#C84A00
147.387574,129.065159,Slc17a7,56,false,956,0.99134,3,CR9f3683203-60,1.0,false,#DD9661
123.757925,89.667663,Aldoc,39,false,957,0.99172,3,CR9f3683203-50,1.0,false,#005C78
34.499198,141.485499,Gad1,58,false,958,0.97054,2,CR9f3683203-43,1.0,false,#6D3A26
110.485759,31.031293,Slc17a7,14,false,959,0.99181,3,CR9f3683203-26,1.0,false,#009B9A
124.074894,128.974157,Gad1,55,false,960,0.99152,2,CR9f3683203-58,1.0,false,#074F00
106.431684,28.626806,Pdgfra,14,false,961,0.98733,3,CR9f3683203-26,1.0,false,#006CFF
146.650988,105.707275,Gad1,48,false,962,0.99103,3,CR9f3683203-59,1.0,false,#A27B63
147.947529,29.669603,Gad1,16,false,963,0.99044,2,CR9f3683203-39,1.0,false,#331700
66.678097,89.397382,Sox10,36,false,964,0.99187,3,CR9f3683203-30,1.0,false,#DE9B77
46.997306,48.489481,Pdgfra,19,false,965,0.99083,2,CR9f3683203-15,1.0,false,#448E00
145.17664,128.00729,Slc17a7,56,false,966,0.99064,3,CR9f3683203-60,1.0,false,#00A2FF
93.210067,124.298688,Slc17a7,53,false,967,0.75101,3,CR9f3683203-52,1.0,false,#458968
107.094261,105.26625,Pdgfra,46,false,968,0.99037,2,CR9f3683203-54,1.0,false,#544B30
68.539141,51.77277,Slc17a7,20,false,969,0.9916,3,CR9f3683203-19,1.0,false,#9F53FE
66.839141,108.325206,Sox10,44,false,970,0.99047,3,CR9f3683203-40,1.0,false,#69810A
66.800382,15.074117,Gad1,4,false,971,0.99173,2,CR9f3683203-7,1.0,false,#EFCD63
93.084155,68.689888,Aldoc,29,false,972,0.98291,3,CR9f3683203-35,1.0,false,#86A6C9
106.330336,72.003879,Gad1,30,false,973,0.99131,3,CR9f3683203-41,1.0,false,#004E00
86.773914,91.781483,Gad1,37,false,974,0.9909,2,CR9f3683203-42,1.0,false,#008F65
48.820725,87.33433,Slc17a7,35,false,975,0.99149,3,CR9f3683203-23,1.0,false,#F2D2BC
6.656751,52.033947,Gad1,17,false,976,0.93795,2,CR9f3683203-4,1.0,false,#00A2FF
65.768131,124.549006,Gad1,52,false,977,0.97872,2,CR9f3683203-45,1.0,false,#BA4B1E
123.148264,90.675696,Slc17a7,39,false,978,0.99151,3,CR9f3683203-50,1.0,false,#005C80
122.190292,14.925789,Gad1,7,false,979,0.9809,2,CR9f3683203-24,1.0,false,#C94A00
11.046368,86.293635,Aldoc,33,false,980,0.99019,1,CR9f3683203-14,1.0,false,#5E8112
62.886463,67.921027,Sox10,28,false,981,0.96942,2,CR9f3683203-22,1.0,false,#5A8DF2
29.658975,50.692726,Aldoc,18,false,982,0.99182,3,CR9f3683203-9,1.0,false,#D279DE
87.425469,5.414736,Pdgfra,5,false,983,0.94705,3,CR9f3683203-11,1.0,false,#97447E
14.172085,8.11752,Sox10,1,false,984,0.98863,2,CR9f3683203-1,1.0,false,#927B6D
84.86075,91.623008,Slc17a7,37,false,985,0.97385,3,CR9f3683203-42,1.0,false,#009168
105.3312,66.93254,Slc17a7,30,false,986,0.9914,3,CR9f3683203-41,1.0,false,#009583
52.507307,49.28335,Gad1,19,false,987,0.99187,2,CR9f3683203-15,1.0,false,#004900
93.522755,32.412205,Aldoc,13,false,988,0.80933,1,CR9f3683203-20,1.0,false,#00A1FF
28.89551,143.448262,Gad1,58,false,989,0.98857,2,CR9f3683203-43,1.0,false,#2B258A
11.254364,47.48392,Slc17a7,17,false,990,0.99183,3,CR9f3683203-4,1.0,false,#C70000
67.52999,108.751819,Slc17a7,44,false,991,0.98993,3,CR9f3683203-40,1.0,false,#FF745C
148.455326,50.278467,Sox10,24,false,992,0.99179,3,CR9f3683203-46,1.0,false,#62ADFF
66.272649,11.413011,Pdgfra,4,false,993,0.99182,2,CR9f3683203-7,1.0,false,#F7775E
87.132775,31.034454,Gad1,13,false,994,0.99075,2,CR9f3683203-20,1.0,false,#630027
52.312721,91.557838,Slc17a7,35,false,995,0.99128,3,CR9f3683203-23,1.0,false,#498B69
104.797609,85.295002,Slc17a7,38,false,996,0.99154,3,CR9f3683203-44,1.0,false,#FFA3FF
46.60111,61.102914,Sox10,27,false,997,0.20226,1,CR9f3683203-16,1.0,false,#494E33
22.74809,49.535636,Ttr,0,true,998,0.00329,3,CR9f3683203-9,1.0,false,#009692
27.976839,87.364961,Gad1,34,false,999,0.99166,2,CR9f3683203-21,1.0,false,#5B91EE
142.616434,5.591815,Slc17a7,8,false,1000,0.97483,3,CR9f3683203-32,1.0,false,#00BC5A
68.280695,144.829938,Slc17a7,60,false,1001,0.99183,3,CR9f3683203-53,1.0,false,#FF0072
16.615059,145.976756,Gad1,57,false,1002,0.98504,2,CR9f3683203-36,1.0,false,#5E8212
48.744432,126.271804,Aldoc,51,false,1003,0.99186,3,CR9f3683203-37,1.0,false,#60ACFF
126.010897,107.643481,Gad1,47,false,1004,0.99071,3,CR9f3683203-56,1.0,false,#00A0FF
123.979327,47.94824,Slc17a7,23,false,1005,0.99176,3,CR9f3683203-38,1.0,false,#676400
21.948059,146.655038,Pdgfra,0,true,1006,0.0,1,,0.98,true,#D74D00
124.951414,18.17855,Gad1,7,false,1007,0.81952,2,CR9f3683203-24,1.0,false,#2C5676
122.063839,88.522928,Pdgfra,39,false,1008,0.98746,3,CR9f3683203-50,1.0,false,#574C31
127.227539,12.266679,Gad1,7,false,1009,0.99168,2,CR9f3683203-24,1.0,false,#1D5374
67.497002,107.522497,Slc17a7,44,false,1010,0.98991,3,CR9f3683203-40,1.0,false,#321E82
103.60401,72.084534,Aldoc,30,false,1011,0.98236,3,CR9f3683203-41,1.0,false,#00A1FF
144.733686,104.990915,Aldoc,48,false,1012,0.99113,3,CR9f3683203-59,1.0,false,#00452A
9.462533,46.621578,Sox10,17,false,1013,0.99182,3,CR9f3683203-4,1.0,false,#5C90FB
48.977517,72.847555,Pdgfra,27,false,1014,0.96769,1,CR9f3683203-16,1.0,false,#004F00
11.920317,31.025759,Slc17a7,9,false,1015,0.99187,1,CR9f3683203-3,1.0,false,#004126
89.751603,125.204112,Sox10,53,false,1016,0.99006,3,CR9f3683203-52,1.0,false,#DE9A70
50.626148,67.45823,Pdgfra,27,false,1017,0.99106,1,CR9f3683203-16,1.0,false,#564C34
129.948797,24.686319,Pdgfra,0,true,1018,0.0001,1,CR9f3683203-34,0.88,false,#008C7A
13.184477,66.571655,Gad1,25,false,1019,0.99181,2,CR9f3683203-8,1.0,false,#002E9A
50.182477,30.181896,Slc17a7,11,false,1020,0.9917,3,CR9f3683203-10,1.0,false,#86A7CA
106.290104,71.362353,Aldoc,30,false,1021,0.9914,3,CR9f3683203-41,1.0,false,#215170
68.026581,68.033123,Gad1,28,false,1022,0.99052,2,CR9f3683203-22,1.0,false,#0D5274
105.867041,107.043797,Gad1,46,false,1023,0.99184,2,CR9f3683203-54,1.0,false,#60432E
25.062557,14.483921,Gad1,2,false,1024,0.94966,3,CR9f3683203-2,1.0,false,#006DFF
70.289955,105.56619,Sox10,0,true,1025,0.99099,3,CR9f3683203-40,1.0,false,#FB7353
27.077088,17.479912,Slc17a7,2,false,1026,0.79164,3,CR9f3683203-2,1.0,false,#0072FF
70.341447,16.009687,Pdgfra,4,false,1027,0.98758,2,CR9f3683203-7,1.0,false,#00462C
97.339266,120.410946,Slc17a7,0,true,1028,0.0,3,,0.98,true,#688512
142.261968,127.355982,Sox10,56,false,1029,0.98982,3,CR9f3683203-60,1.0,false,#FB734C
13.259608,8.975443,Gad1,1,false,1030,0.99185,2,CR9f3683203-1,1.0,false,#00BFFF
17.013061,142.159913,Sox10,57,false,1031,0.84513,1,CR9f3683203-36,1.0,false,#E4986F
44.855278,35.921919,Pdgfra,11,false,1032,0.01719,3,CR9f3683203-10,1.0,false,#00BD5D
144.560125,103.589488,Ttr,0,true,1033,0.99179,1,CR9f3683203-59,1.0,false,#004F00
147.413027,32.920992,Gad1,16,false,1034,0.99173,2,CR9f3683203-39,1.0,false,#F2D065
44.818144,13.951559,Gad1,3,false,1035,0.79221,2,CR9f3683203-6,1.0,false,#A37C62
102.711215,69.421007,Ttr,30,false,1036,0.99161,3,CR9f3683203-41,1.0,false,#00A1FF
145.350294,108.354967,Aldoc,48,false,1037,0.99187,3,CR9f3683203-59,1.0,false,#003487
50.934425,11.083968,Aldoc,3,false,1038,0.99135,3,CR9f3683203-6,1.0,false,#00BDFE
41.174784,123.487537,Aldoc,51,false,1039,0.01334,1,CR9f3683203-37,0.92,false,#5F8517
12.087313,145.220137,Aldoc,57,false,1040,0.99162,1,CR9f3683203-36,1.0,false,#783A2E
15.742946,30.444051,Gad1,9,false,1041,0.99153,3,CR9f3683203-3,1.0,false,#626C00
31.526179,72.832552,Slc17a7,26,false,1042,0.99181,3,CR9f3683203-13,1.0,false,#007E21
14.386946,87.96502,Sox10,33,false,1043,0.99124,1,CR9f3683203-14,1.0,false,#AD7C5B
124.65246,92.198122,Pdgfra,39,false,1044,0.98772,3,CR9f3683203-50,1.0,false,#005C79
139.441263,51.33249,Slc17a7,0,true,1045,0.85765,3,CR9f3683203-46,1.0,false,#006094
36.821988,67.360552,Pdgfra,26,false,1046,0.32557,3,CR9f3683203-13,1.0,false,#004328
101.67302,12.7082,Pdgfra,6,false,1047,0.96281,3,CR9f3683203-18,1.0,false,#006190
31.907148,129.981658,Aldoc,50,false,1048,0.99033,3,CR9f3683203-31,1.0,false,#63E3FF
85.430881,105.731589,Slc17a7,45,false,1049,0.99097,3,CR9f3683203-47,1.0,false,#00A2FF
146.673734,107.099995,Pdgfra,48,false,1050,0.99176,3,CR9f3683203-59,1.0,false,#647200
63.104618,66.559213,Gad1,28,false,1051,0.79516,2,CR9f3683203-22,1.0,false,#5B91EE
69.545881,125.646848,Slc17a7,52,false,1052,0.99034,2,CR9f3683203-45,1.0,false,#00B349
47.024021,146.602546,Slc17a7,59,false,1053,0.99137,3,CR9f3683203-48,1.0,false,#DC9358
49.099568,15.222926,Aldoc,3,false,1054,0.97163,1,CR9f3683203-6,1.0,false,#00C4FF
8.575485,70.384184,Gad1,25,false,1055,0.99122,2,CR9f3683203-8,1.0,false,#004900
123.60877,27.815553,Aldoc,15,false,1056,0.95918,1,CR9f3683203-34,1.0,false,#A47B61
31.091082,103.955424,Aldoc,42,false,1057,0.99101,3,CR9f3683203-27,1.0,false,#D13177
54.598779,89.582478,Slc17a7,35,false,1058,0.99086,3,CR9f3683203-23,1.0,false,#F2D2BB
146.901616,130.422254,Sox10,56,false,1059,0.98877,3,CR9f3683203-60,1.0,false,#FB7353
13.409721,108.607897,Slc17a7,41,false,1060,0.99186,3,CR9f3683203-17,1.0,false,#66E3FF
66.435743,148.609254,Aldoc,60,false,1061,0.98532,3,CR9f3683203-53,1.0,false,#914380
124.854906,90.994864,Sox10,39,false,1062,0.99186,3,CR9f3683203-50,1.0,false,#009C9E
125.329068,124.730069,Ttr,55,false,1063,0.99181,2,CR9f3683203-58,1.0,false,#064B6F
30.713746,32.379956,Gad1,10,false,1064,0.99031,2,CR9f3683203-5,1.0,false,#4A8B00
144.312878,29.271713,Aldoc,16,false,1065,0.9909,2,CR9f3683203-39,1.0,false,#0D5100
31.535409,126.711572,Ttr,50,false,1066,0.99152,3,CR9f3683203-31,1.0,false,#FF0073
71.253738,73.224829,Gad1,28,false,1067,0.64194,2,CR9f3683203-22,1.0,false,#005F97
67.555151,11.738439,Sox10,4,false,1068,0.98991,2,CR9f3683203-7,1.0,false,#FA765A
107.848454,86.733208,Slc17a7,38,false,1069,0.99066,3,CR9f3683203-44,1.0,false,#79E157
139.840017,47.241924,Aldoc,24,false,1070,0.18997,1,CR9f3683203-46,1.0,false,#6257CD
107.631624,33.980193,Slc17a7,14,false,1071,0.9907,3,CR9f3683203-26,1.0,false,#00C1D0
89.867688,71.68695,Pdgfra,29,false,1072,0.98195,3,CR9f3683203-35,1.0,false,#006CFE
31.144432,32.514012,Gad1,10,false,1073,0.99048,2,CR9f3683203-5,1.0,false,#351600
106.724556,15.488379,Pdgfra,6,false,1074,0.98832,3,CR9f3683203-18,1.0,false,#656600
85.221469,86.646413,Sox10,37,false,1075,0.98503,2,CR9f3683203-42,1.0,false,#005D86
12.853251,125.458859,Gad1,49,false,1076,0.99062,2,CR9f3683203-28,1.0,false,#00B346
30.058125,51.309371,Pdgfra,18,false,1077,0.99183,3,CR9f3683203-9,1.0,false,#524D34
17.289577,12.974667,Gad1,1,false,1078,0.97121,2,CR9f3683203-1,1.0,false,#00B94E
88.487475,67.364868,Slc17a7,29,false,1079,0.99048,3,CR9f3683203-35,1.0,false,#009786
27.156483,157.814512,Pdgfra,0,true,1080,0.0,3,,1.0,true,#005E96
71.47209,14.10549,Aldoc,4,false,1081,0.98997,2,CR9f3683203-7,1.0,false,#D34B00
71.22579,143.54573,Slc17a7,60,false,1082,0.99187,3,CR9f3683203-53,1.0,false,#00A2FF
127.717203,28.1897,Ttr,15,false,1083,0.98831,1,CR9f3683203-34,1.0,false,#008D7A
129.447519,108.331569,Slc17a7,47,false,1084,0.99141,3,CR9f3683203-56,1.0,false,#DC9256
86.549224,106.51643,Aldoc,45,false,1085,0.99136,3,CR9f3683203-47,1.0,false,#008E7E
7.311779,14.936598,Pdgfra,1,false,1086,0.22761,3,CR9f3683203-1,1.0,false,#5D92FD
85.443318,69.336286,Aldoc,29,false,1087,0.94292,3,CR9f3683203-35,1.0,false,#005D7F
31.669281,9.933872,Gad1,0,true,1088,0.99144,3,CR9f3683203-2,1.0,false,#696700
9.668927,29.601182,Sox10,9,false,1089,0.99185,1,CR9f3683203-3,1.0,false,#E4986F
142.750553,89.175675,Gad1,40,false,1090,0.99187,2,CR9f3683203-55,1.0,false,#00E3FF
86.828097,11.404648,Slc17a7,5,false,1091,0.99034,3,CR9f3683203-11,1.0,false,#924784
13.738616,86.981907,Gad1,33,false,1092,0.99172,1,CR9f3683203-14,1.0,false,#003F4B
92.966887,123.080626,Slc17a7,53,false,1093,0.58821,3,CR9f3683203-52,1.0,false,#00946D
35.139945,127.366475,Pdgfra,50,false,1094,0.99054,3,CR9f3683203-31,1.0,false,#6B7100
10.270983,88.895525,Pdgfra,33,false,1095,0.99154,1,CR9f3683203-14,1.0,false,#57ADFF
129.863025,88.011145,Sox10,39,false,1096,0.97513,3,CR9f3683203-50,1.0,false,#5FACFF
67.968015,11.198807,Gad1,4,false,1097,0.99041,2,CR9f3683203-7,1.0,false,#2A258B
13.074468,70.961843,Gad1,25,false,1098,0.99186,2,CR9f3683203-8,1.0,false,#305A75
29.829334,87.678825,Gad1,34,false,1099,0.9898,2,CR9f3683203-21,1.0,false,#5D432A
94.749652,56.946042,Slc17a7,0,true,1100,0.0,3,,1.0,true,#005F90
7.471036,88.281764,Aldoc,33,false,1101,0.97105,1,CR9f3683203-14,1.0,false,#AA7B5C
124.371807,48.980112,Pdgfra,23,false,1102,0.99187,3,CR9f3683203-38,1.0,false,#FC7353
125.602384,106.900046,Aldoc,47,false,1103,0.98668,3,CR9f3683203-56,1.0,false,#00472C
12.43901,69.148925,Slc17a7,25,false,1104,0.99149,2,CR9f3683203-8,1.0,false,#00A2FF
91.196821,29.500109,Pdgfra,13,false,1105,0.99187,2,CR9f3683203-20,1.0,false,#5E90F5
32.332488,11.417312,Slc17a7,2,false,1106,0.99181,3,CR9f3683203-2,1.0,false,#005B78
145.73231,122.931777,Pdgfra,56,false,1107,0.99119,3,CR9f3683203-60,1.0,false,#FB734D
52.643767,124.500578,Aldoc,51,false,1108,0.98993,1,CR9f3683203-37,1.0,false,#064C6F
50.189598,109.42289,Aldoc,43,false,1109,0.98887,2,CR9f3683203-29,1.0,false,#365CE0
11.603067,106.517235,Slc17a7,41,false,1110,0.99059,3,CR9f3683203-17,1.0,false,#9C54FE
70.655112,52.180499,Pdgfra,20,false,1111,0.99052,3,CR9f3683203-19,1.0,false,#88006B
13.083092,127.44903,Slc17a7,49,false,1112,0.99113,2,CR9f3683203-28,1.0,false,#00462B
128.504521,108.013648,Ttr,47,false,1113,0.99138,3,CR9f3683203-56,1.0,false,#009889
108.936627,68.419134,Sox10,30,false,1114,0.99187,3,CR9f3683203-41,1.0,false,#9A7A66
143.926917,90.089977,Gad1,40,false,1115,0.99036,2,CR9f3683203-55,1.0,false,#00E2FF
89.790863,87.637451,Slc17a7,0,true,1116,0.99105,2,CR9f3683203-42,1.0,false,#FF007C
85.522737,128.692343,Gad1,53,false,1117,0.93303,3,CR9f3683203-52,1.0,false,#005F93
86.463231,64.229956,Pdgfra,29,false,1118,0.93271,3,CR9f3683203-35,1.0,false,#00A2FF
52.245459,109.864547,Gad1,43,false,1119,0.93155,2,CR9f3683203-29,1.0,false,#3F5CDD
70.497756,123.505525,Sox10,52,false,1120,0.99178,2,CR9f3683203-45,1.0,false,#FF0077
19.526609,58.88201,Gad1,0,true,1121,0.0,2,,1.0,true,#5F8516
69.284401,88.884208,Aldoc,36,false,1122,0.9907,3,CR9f3683203-30,1.0,false,#0090C9
30.055571,88.075924,Gad1,34,false,1123,0.99045,2,CR9f3683203-21,1.0,false,#5F422B
53.367443,88.012983,Slc17a7,35,false,1124,0.99177,3,CR9f3683203-23,1.0,false,#D9357C
148.983238,80.5592,Sox10,40,false,1125,0.00211,1,CR9f3683203-55,1.0,false,#FF0077
15.587131,52.017118,Aldoc,17,false,1126,0.96398,3,CR9f3683203-4,1.0,false,#8D4889
31.022808,124.247074,Pdgfra,50,false,1127,0.99137,3,CR9f3683203-31,1.0,false,#00B147
28.462169,92.556184,Ttr,34,false,1128,0.97512,2,CR9f3683203-21,1.0,false,#5A8EF1
4.055959,25.575887,Slc17a7,0,true,1129,0.0,3,,1.0,true,#005F92
15.717529,142.495385,Sox10,57,false,1130,0.98197,3,CR9f3683203-36,1.0,false,#361800
71.612071,49.33334,Slc17a7,20,false,1131,0.99099,3,CR9f3683203-19,1.0,false,#00A1FF
89.122019,103.114359,Aldoc,45,false,1132,0.98686,1,CR9f3683203-47,1.0,false,#60ACFF
121.385744,91.019738,Gad1,39,false,1133,0.96762,2,CR9f3683203-50,1.0,false,#00A2FF
57.831854,133.339984,Pdgfra,0,true,1134,0.0,3,,1.0,true,#005F92
30.880495,70.675067,Slc17a7,26,false,1135,0.98687,3,CR9f3683203-13,1.0,false,#007E21
47.066599,122.456109,Aldoc,51,false,1136,0.99148,3,CR9f3683203-37,1.0,false,#B44C20
51.673568,45.885215,Gad1,19,false,1137,0.97509,2,CR9f3683203-15,1.0,false,#00A1FF
89.639429,7.058498,Slc17a7,5,false,1138,0.97719,3,CR9f3683203-11,1.0,false,#F1D1B9
127.394328,126.514525,Gad1,55,false,1139,0.99113,2,CR9f3683203-58,1.0,false,#B54B1F
114.58538,7.668324,Slc17a7,0,true,1140,0.0,3,,0.88,true,#678512
123.793055,127.74934,Ttr,55,false,1141,0.99163,2,CR9f3683203-58,1.0,false,#105400
87.693471,10.876545,Slc17a7,5,false,1142,0.9882,3,CR9f3683203-11,1.0,false,#009480
68.927464,124.289548,Gad1,52,false,1143,0.9916,2,CR9f3683203-45,1.0,false,#00A2FF
68.831939,112.406086,Slc17a7,44,false,1144,0.88748,3,CR9f3683203-40,1.0,false,#86ABD0
112.911703,124.459126,Aldoc,54,false,1145,0.43101,1,CR9f3683203-57,1.0,false,#305A75
13.565675,85.721964,Sox10,33,false,1146,0.98961,1,CR9f3683203-14,1.0,false,#9E7A64
31.921587,11.028696,Sox10,2,false,1147,0.99102,3,CR9f3683203-2,1.0,false,#005C78
86.195068,65.905132,Gad1,29,false,1148,0.98244,3,CR9f3683203-35,1.0,false,#00BA59
128.648483,16.323951,Gad1,7,false,1149,0.9813,2,CR9f3683203-24,1.0,false,#0071FF
105.313117,34.404526,Gad1,14,false,1150,0.98733,2,CR9f3683203-26,1.0,false,#00A2FF
86.81006,50.693125,Aldoc,21,false,1151,0.99145,3,CR9f3683203-25,1.0,false,#AD7C5B
13.233741,35.428321,Aldoc,9,false,1152,0.97599,1,CR9f3683203-3,1.0,false,#9BAFD9
31.2215,11.529856,Gad1,2,false,1153,0.98904,3,CR9f3683203-2,1.0,false,#005B78
94.6738,126.607152,Slc17a7,53,false,1154,0.15764,3,CR9f3683203-52,0.98,false,#00A1FF
110.866949,86.786827,Slc17a7,38,false,1155,0.97974,3,CR9f3683203-44,1.0,false,#008F65
23.979976,49.140868,Pdgfra,0,true,1156,0.24205,3,CR9f3683203-9,1.0,false,#009A97
149.927609,105.651464,Slc17a7,0,true,1157,0.9726,3,CR9f3683203-59,1.0,false,#0091CB
105.326657,85.438116,Slc17a7,38,false,1158,0.99155,3,CR9f3683203-44,1.0,false,#FFA3FF
90.138374,107.493672,Aldoc,45,false,1159,0.99156,3,CR9f3683203-47,1.0,false,#BF7D9D
142.693809,6.005093,Slc17a7,8,false,1160,0.98529,3,CR9f3683203-32,1.0,false,#5B95F8
107.773027,30.93125,Ttr,14,false,1161,0.98961,3,CR9f3683203-26,1.0,false,#EECCAE
86.373958,32.81377,Gad1,13,false,1162,0.99128,2,CR9f3683203-20,1.0,false,#677E00
74.280495,48.506369,Slc17a7,20,false,1163,0.97862,3,CR9f3683203-19,1.0,false,#FC7351
108.582713,9.412135,Ttr,6,false,1164,0.98703,3,CR9f3683203-18,1.0,false,#D93887
26.916678,109.46601,Aldoc,42,false,1165,0.93068,1,CR9f3683203-27,1.0,false,#5F8315
29.837327,16.014248,Slc17a7,2,false,1166,0.96525,3,CR9f3683203-2,1.0,false,#618616
122.740757,72.328216,Gad1,31,false,1167,0.97655,2,CR9f3683203-49,1.0,false,#124F00
144.898467,86.896955,Pdgfra,40,false,1168,0.99138,2,CR9f3683203-55,1.0,false,#4D4E34
108.838672,104.519075,Pdgfra,46,false,1169,0.99187,2,CR9f3683203-54,1.0,false,#005D86
29.623885,45.549983,Aldoc,18,false,1170,0.27688,1,CR9f3683203-9,1.0,false,#74E3FF
88.983994,127.801785,Slc17a7,53,false,1171,0.99072,3,CR9f3683203-52,1.0,false,#963E7A
69.718226,84.918827,Aldoc,36,false,1172,0.98882,1,CR9f3683203-30,1.0,false,#0081FF
54.290832,35.026155,Gad1,11,false,1173,0.21658,2,CR9f3683203-10,1.0,false,#00452A
15.034252,157.755311,Sox10,0,true,1174,0.0,1,,1.0,true,#60ACFF
145.669237,105.492842,Aldoc,48,false,1175,0.99008,3,CR9f3683203-59,1.0,false,#5E8111
29.165156,90.636267,Pdgfra,34,false,1176,0.99178,2,CR9f3683203-21,1.0,false,#6C3A26
103.816391,32.537731,Slc17a7,14,false,1177,0.96733,3,CR9f3683203-26,1.0,false,#00B54C
125.616017,67.351235,Ttr,31,false,1178,0.98837,2,CR9f3683203-49,1.0,false,#594A37
65.858069,31.629706,Sox10,12,false,1179,0.99133,1,CR9f3683203-12,1.0,false,#065275
122.420156,30.743541,Pdgfra,15,false,1180,0.99153,1,CR9f3683203-34,1.0,false,#D07EE6
146.988282,47.792419,Slc17a7,24,false,1181,0.9917,3,CR9f3683203-46,1.0,false,#008ACA
129.997007,15.064282,Gad1,7,false,1182,0.98409,2,CR9f3683203-24,1.0,false,#005C8C
105.864966,107.954337,Gad1,46,false,1183,0.99077,2,CR9f3683203-54,1.0,false,#773A2C
123.797303,124.35528,Gad1,55,false,1184,0.99181,2,CR9f3683203-58,1.0,false,#331800
50.131549,127.818781,Slc17a7,51,false,1185,0.99076,3,CR9f3683203-37,1.0,false,#E19970
49.6686,152.530033,Sox10,59,false,1186,0.84259,3,CR9f3683203-48,1.0,false,#432082
9.657754,70.466533,Aldoc,25,false,1187,0.99164,2,CR9f3683203-8,1.0,false,#004B00
120.499444,121.512755,Gad1,55,false,1188,0.21621,2,CR9f3683203-58,1.0,false,#98AFD8
89.279758,126.718406,Slc17a7,53,false,1189,0.99177,3,CR9f3683203-52,1.0,false,#00C3D2
18.550512,89.11126,Aldoc,33,false,1190,0.48319,1,CR9f3683203-14,1.0,false,#361800
14.142727,5.734156,Gad1,1,false,1191,0.79919,2,CR9f3683203-1,1.0,false,#B1805C
30.667101,72.989598,Slc17a7,26,false,1192,0.99187,3,CR9f3683203-13,1.0,false,#65002A
74.380244,55.485553,Gad1,0,true,1193,0.01439,2,CR9f3683203-19,0.98,false,#5B8FF2
111.293966,15.524276,Ttr,6,false,1194,0.79849,3,CR9f3683203-18,1.0,false,#C70000
125.201151,125.238498,Aldoc,55,false,1195,0.99187,2,CR9f3683203-58,1.0,false,#062016
47.282845,148.8909,Slc17a7,59,false,1196,0.9905,3,CR9f3683203-48,1.0,false,#688511
33.758361,130.429114,Slc17a7,50,false,1197,0.98956,3,CR9f3683203-31,1.0,false,#00A0FF
51.049848,32.760093,Slc17a7,11,false,1198,0.99162,3,CR9f3683203-10,1.0,false,#EECD63
31.035819,51.839816,Gad1,0,true,1199,0.99186,3,CR9f3683203-9,1.0,false,#00A1FF
87.561008,124.645832,Slc17a7,53,false,1200,0.98963,3,CR9f3683203-52,1.0,false,#6A7200
16.364989,30.634039,Gad1,9,false,1201,0.99178,3,CR9f3683203-3,1.0,false,#617100
30.081938,68.46395,Slc17a7,26,false,1202,0.99161,3,CR9f3683203-13,1.0,false,#9F53FD
144.972089,131.456066,Slc17a7,56,false,1203,0.95241,3,CR9f3683203-60,1.0,false,#FE745A
128.594972,74.813228,Sox10,31,false,1204,0.7745,2,CR9f3683203-49,1.0,false,#2B5676
103.118569,69.518099,Aldoc,30,false,1205,0.99184,3,CR9f3683203-41,1.0,false,#0082FF
127.451238,119.486018,Gad1,55,false,1206,0.71603,2,CR9f3683203-58,1.0,false,#AD8060
128.513955,17.138192,Pdgfra,7,false,1207,0.96944,2,CR9f3683203-24,1.0,false,#5B92EE
31.178482,27.226276,Gad1,10,false,1208,0.9918,2,CR9f3683203-5,1.0,false,#142012
124.129824,88.493532,Aldoc,39,false,1209,0.9912,3,CR9f3683203-50,1.0,false,#005D84
127.255621,70.176511,Gad1,31,false,1210,0.99121,2,CR9f3683203-49,1.0,false,#B04C21
90.225052,68.158164,Slc17a7,29,false,1211,0.98893,3,CR9f3683203-35,1.0,false,#FA7767
149.649889,106.056764,Pdgfra,48,false,1212,0.97959,3,CR9f3683203-59,1.0,false,#008DCB
68.466029,30.333242,Aldoc,12,false,1213,0.99152,1,CR9f3683203-12,1.0,false,#132012
66.468615,85.823369,Aldoc,36,false,1214,0.99127,3,CR9f3683203-30,1.0,false,#A27B62
86.19893,35.349255,Aldoc,13,false,1215,0.97474,1,CR9f3683203-20,1.0,false,#656300
31.519287,12.415133,Slc17a7,2,false,1216,0.99155,3,CR9f3683203-2,1.0,false,#5A90FD
53.335559,15.213217,Ttr,3,false,1217,0.77314,3,CR9f3683203-6,1.0,false,#005F97
12.786304,144.932481,Aldoc,57,false,1218,0.99148,3,CR9f3683203-36,1.0,false,#EC9567
11.080547,31.36299,Aldoc,9,false,1219,0.99186,1,CR9f3683203-3,1.0,false,#00B9FC
103.922615,69.37442,Ttr,30,false,1220,0.99187,3,CR9f3683203-41,1.0,false,#009998
2.634386,7.798591,Sox10,0,true,1221,0.0,1,,1.0,true,#FB006D
88.814715,53.453966,Ttr,21,false,1222,0.99042,3,CR9f3683203-25,1.0,false,#5C4C31
71.523077,46.946398,Sox10,20,false,1223,0.99143,3,CR9f3683203-19,1.0,false,#00937D
107.77053,90.434663,Aldoc,38,false,1224,0.99037,3,CR9f3683203-44,1.0,false,#FF007D
107.989091,32.621641,Slc17a7,14,false,1225,0.99176,3,CR9f3683203-26,1.0,false,#6D7300
132.5366,134.392168,Aldoc,0,true,1226,0.0,1,,1.0,true,#004900
32.70584,143.731898,Slc17a7,58,false,1227,0.99176,2,CR9f3683203-43,1.0,false,#85AAD0
13.841387,32.294091,Pdgfra,9,false,1228,0.99187,1,CR9f3683203-3,1.0,false,#DA4D00
68.856347,83.631275,Aldoc,36,false,1229,0.92665,1,CR9f3683203-30,1.0,false,#0081FF
84.809335,14.007234,Ttr,5,false,1230,0.98822,3,CR9f3683203-11,1.0,false,#FF0072
65.020484,113.665824,Slc17a7,44,false,1231,0.04603,3,CR9f3683203-40,1.0,false,#00C4FF
124.316581,84.228783,Aldoc,39,false,1232,0.98615,3,CR9f3683203-50,1.0,false,#6A422E
27.902646,12.389322,Slc17a7,2,false,1233,0.99182,3,CR9f3683203-2,1.0,false,#ECC9A7
65.003522,65.969198,Sox10,28,false,1234,0.9796,2,CR9f3683203-22,1.0,false,#FA7451
143.163793,51.551422,Aldoc,24,false,1235,0.99185,3,CR9f3683203-46,1.0,false,#E5986E
91.305247,85.096531,Gad1,37,false,1236,0.98372,2,CR9f3683203-42,1.0,false,#4A8B00
69.605313,111.339831,Aldoc,0,true,1237,0.98,3,CR9f3683203-40,1.0,false,#00A2FF
140.844162,64.447614,Slc17a7,32,false,1238,0.7705,3,CR9f3683203-51,1.0,false,#00A2FF
109.356196,13.451262,Pdgfra,6,false,1239,0.99187,3,CR9f3683203-18,1.0,false,#8F4686
108.591819,125.471355,Sox10,54,false,1240,0.99178,3,CR9f3683203-57,1.0,false,#00C1D8
30.716148,128.071711,Pdgfra,50,false,1241,0.99153,3,CR9f3683203-31,1.0,false,#698006
66.949724,34.078079,Aldoc,12,false,1242,0.98757,1,CR9f3683203-12,1.0,false,#00BDD2
9.778361,101.210494,Aldoc,41,false,1243,0.98352,3,CR9f3683203-17,0.92,false,#00BFD4
92.923646,67.491377,Ttr,29,false,1244,0.98841,3,CR9f3683203-35,1.0,false,#005F90
84.342184,105.503705,Ttr,45,false,1245,0.98415,3,CR9f3683203-47,1.0,false,#00A2FF
125.606881,105.255853,Gad1,47,false,1246,0.9902,3,CR9f3683203-56,1.0,false,#00A3FF
84.389841,7.279252,Aldoc,5,false,1247,0.98582,3,CR9f3683203-11,1.0,false,#86ACD3
50.869479,146.087032,Slc17a7,59,false,1248,0.99187,3,CR9f3683203-48,1.0,false,#003A81
75.124112,130.695662,Slc17a7,0,true,1249,0.00509,3,CR9f3683203-45,0.98,false,#F90067
133.279224,9.292986,Gad1,0,true,1250,0.00015,2,CR9f3683203-24,1.0,false,#00A1FF
55.851904,30.89597,Slc17a7,11,false,1251,0.30542,3,CR9f3683203-10,1.0,false,#006DFC
110.426083,68.179854,Aldoc,30,false,1252,0.99059,1,CR9f3683203-41,1.0,false,#957A69
147.801907,28.872402,Sox10,16,false,1253,0.98835,2,CR9f3683203-39,1.0,false,#361500
86.962723,124.036793,Slc17a7,53,false,1254,0.99052,3,CR9f3683203-52,1.0,false,#0080DA
141.844366,90.199678,Gad1,40,false,1255,0.99045,2,CR9f3683203-55,1.0,false,#00A1FF
49.153531,6.866038,Ttr,3,false,1256,0.97827,3,CR9f3683203-6,1.0,false,#009793
141.384757,88.739622,Pdgfra,40,false,1257,0.99149,2,CR9f3683203-55,1.0,false,#006CFF
30.665156,10.675027,Slc17a7,2,false,1258,0.99018,3,CR9f3683203-2,1.0,false,#005F8D
130.878366,67.690759,Gad1,31,false,1259,0.84109,2,CR9f3683203-49,1.0,false,#331700
147.948023,90.777889,Gad1,40,false,1260,0.47964,2,CR9f3683203-55,1.0,false,#9EB1DD
73.778712,13.040759,Slc17a7,4,false,1261,0.80621,3,CR9f3683203-7,1.0,false,#008E63
51.093166,100.266031,Ttr,43,false,1262,0.86074,2,CR9f3683203-29,1.0,false,#94AFD7
143.7923,106.781613,Pdgfra,48,false,1263,0.98976,3,CR9f3683203-59,1.0,false,#C84B00
86.763819,103.410725,Aldoc,45,false,1264,0.98696,1,CR9f3683203-47,1.0,false,#62ADFF
80.101821,145.430538,Ttr,0,true,1265,0.0,1,,1.0,true,#FA0069
35.022103,12.688449,Aldoc,2,false,1266,0.83822,3,CR9f3683203-2,1.0,false,#009793
9.27881,63.901511,Pdgfra,0,true,1267,0.67916,2,CR9f3683203-8,1.0,false,#DA4D00
48.871056,48.906648,Ttr,19,false,1268,0.99131,2,CR9f3683203-15,1.0,false,#5E4430
31.274958,109.511462,Sox10,42,false,1269,0.99156,3,CR9f3683203-27,1.0,false,#00948C
10.706536,106.129232,Slc17a7,41,false,1270,0.9906,3,CR9f3683203-17,1.0,false,#A053FD
33.539686,148.584511,Gad1,58,false,1271,0.99186,2,CR9f3683203-43,1.0,false,#005F8B
49.515899,124.307982,Pdgfra,51,false,1272,0.99144,3,CR9f3683203-37,1.0,false,#00452A
35.445279,81.86039,Slc17a7,0,true,1273,0.0001,3,CR9f3683203-21,0.6,false,#007152
53.915688,52.610634,Gad1,19,false,1274,0.98625,2,CR9f3683203-15,1.0,false,#2A5DE4
67.652064,125.32287,Gad1,52,false,1275,0.99176,2,CR9f3683203-45,1.0,false,#00A1FF
64.511322,103.095208,Slc17a7,44,false,1276,0.36637,3,CR9f3683203-40,1.0,false,#8B006F
110.788104,63.11705,Sox10,30,false,1277,0.00223,1,CR9f3683203-41,0.98,false,#00C6D8
51.602575,50.36256,Aldoc,19,false,1278,0.99115,2,CR9f3683203-15,1.0,false,#474E33
50.176771,122.983253,Aldoc,51,false,1279,0.99165,3,CR9f3683203-37,1.0,false,#70E3FF
141.899332,33.960832,Slc17a7,16,false,1280,0.98719,2,CR9f3683203-39,1.0,false,#FF007A
54.701685,50.9748,Gad1,19,false,1281,0.98667,2,CR9f3683203-15,1.0,false,#0660EE
50.94847,129.181065,Aldoc,51,false,1282,0.97711,3,CR9f3683203-37,1.0,false,#72E3FF
12.932785,31.137543,Aldoc,9,false,1283,0.99169,1,CR9f3683203-3,1.0,false,#004126
105.451596,88.058134,Pdgfra,38,false,1284,0.98915,3,CR9f3683203-44,1.0,false,#006CFF
105.703203,109.95868,Gad1,46,false,1285,0.9016,2,CR9f3683203-54,1.0,false,#00E5FF
8.519102,131.816796,Ttr,0,true,1286,0.0069,2,CR9f3683203-28,1.0,false,#00B94F
156.640978,138.418485,Gad1,0,true,1287,0.0,2,,1.0,true,#0071FF
10.563238,127.450008,Gad1,49,false,1288,0.99167,2,CR9f3683203-28,1.0,false,#00BEFF
71.422667,12.668411,Gad1,4,false,1289,0.99152,2,CR9f3683203-7,1.0,false,#385CDF
12.755743,12.035335,Slc17a7,1,false,1290,0.99176,2,CR9f3683203-1,1.0,false,#FF0085
105.708405,72.080987,Gad1,30,false,1291,0.99058,3,CR9f3683203-41,1.0,false,#004E00
146.383694,87.045596,Gad1,40,false,1292,0.99056,2,CR9f3683203-55,1.0,false,#4C4D34
8.749995,98.058503,Sox10,0,true,1293,0.00192,1,CR9f3683203-14,0.86,false,#5F8010
13.987952,125.64659,Gad1,49,false,1294,0.98818,2,CR9f3683203-28,1.0,false,#00B84E
124.253077,46.946476,Slc17a7,23,false,1295,0.99122,3,CR9f3683203-38,1.0,false,#657A00
86.097576,15.612143,Gad1,5,false,1296,0.97251,2,CR9f3683203-11,1.0,false,#FF0082
13.284721,126.255634,Gad1,49,false,1297,0.98536,2,CR9f3683203-28,1.0,false,#00B147
10.618858,29.921506,Sox10,9,false,1298,0.99186,1,CR9f3683203-3,1.0,false,#DE9A76
12.676525,108.371521,Slc17a7,41,false,1299,0.99187,3,CR9f3683203-17,1.0,false,#DA357C
34.24596,30.49658,Ttr,10,false,1300,0.99107,2,CR9f3683203-5,1.0,false,#0A5275
61.573918,20.225148,Aldoc,0,true,1301,0.0,1,,1.0,true,#005F95
63.78246,14.384809,Gad1,4,false,1302,0.89772,2,CR9f3683203-7,1.0,false,#112013
89.349636,50.882543,Slc17a7,21,false,1303,0.98892,3,CR9f3683203-25,1.0,false,#009894
33.335271,126.205972,Slc17a7,50,false,1304,0.99187,3,CR9f3683203-31,1.0,false,#86ACD2
145.947597,48.989797,Pdgfra,24,false,1305,0.99158,3,CR9f3683203-46,1.0,false,#0092CC
121.128252,88.927572,Aldoc,39,false,1306,0.97212,3,CR9f3683203-50,1.0,false,#005C7B
107.320047,51.744219,Sox10,22,false,1307,0.99137,2,CR9f3683203-33,1.0,false,#584833
129.2371,106.156204,Slc17a7,47,false,1308,0.99187,3,CR9f3683203-56,1.0,false,#00C1D0
34.682173,27.512049,Gad1,10,false,1309,0.98978,2,CR9f3683203-5,1.0,false,#2C2387
67.466826,143.695088,Slc17a7,60,false,1310,0.99175,3,CR9f3683203-53,1.0,false,#627B00
87.729819,116.159983,Aldoc,45,false,1311,0.00086,1,CR9f3683203-47,0.92,false,#F90069
108.092579,88.596696,Gad1,38,false,1312,0.99148,3,CR9f3683203-44,1.0,false,#00946C
49.361872,137.566748,Gad1,0,true,1313,8.0e-5,2,CR9f3683203-48,0.62,false,#00936A
125.712502,130.208988,Aldoc,55,false,1314,0.9839,1,CR9f3683203-58,1.0,false,#DB4D00
65.799543,71.495452,Gad1,28,false,1315,0.99171,2,CR9f3683203-22,1.0,false,#00A2FF
90.192844,126.379472,Slc17a7,53,false,1316,0.99168,3,CR9f3683203-52,1.0,false,#BA7D9A
12.952013,27.828401,Pdgfra,9,false,1317,0.99064,1,CR9f3683203-3,1.0,false,#008D7A
101.139737,84.020211,Gad1,38,false,1318,0.30572,2,CR9f3683203-44,0.86,false,#00A2FF
110.126889,51.545183,Ttr,0,true,1319,0.99186,2,CR9f3683203-33,1.0,false,#082016
103.177575,126.832309,Pdgfra,54,false,1320,0.98645,3,CR9f3683203-57,1.0,false,#006191
9.467231,89.474709,Aldoc,33,false,1321,0.99144,1,CR9f3683203-14,1.0,false,#3DAEFF
93.808384,137.760356,Pdgfra,0,true,1322,0.0,3,,1.0,true,#005F97
124.776617,14.315475,Gad1,7,false,1323,0.99013,2,CR9f3683203-24,1.0,false,#00E5FF
48.40879,125.623645,Pdgfra,51,false,1324,0.99143,3,CR9f3683203-37,1.0,false,#A87A5E
147.031663,50.502174,Aldoc,24,false,1325,0.98963,3,CR9f3683203-46,1.0,false,#003487
28.982254,53.6949,Gad1,18,false,1326,0.99167,3,CR9f3683203-9,1.0,false,#666E00
124.802292,70.230936,Gad1,31,false,1327,0.9912,2,CR9f3683203-49,1.0,false,#419000
140.240263,88.810507,Gad1,40,false,1328,0.98811,2,CR9f3683203-55,1.0,false,#0071FF
124.344837,17.098852,Aldoc,7,false,1329,0.97345,2,CR9f3683203-24,1.0,false,#6E3C29
12.955686,30.346028,Aldoc,9,false,1330,0.99138,1,CR9f3683203-3,1.0,false,#00A1FF
5.648639,42.202862,Sox10,0,true,1331,1.0e-5,3,,0.7,true,#00C3FF
146.694184,32.088823,Gad1,16,false,1332,0.98847,2,CR9f3683203-39,1.0,false,#F1D065
13.751572,52.515859,Slc17a7,17,false,1333,0.98727,3,CR9f3683203-4,1.0,false,#00452A
51.863183,147.872023,Slc17a7,59,false,1334,0.98969,3,CR9f3683203-48,1.0,false,#00C5D4
74.379629,125.89238,Aldoc,0,true,1335,0.25046,1,CR9f3683203-45,1.0,false,#87ADD4
15.545824,12.893536,Gad1,1,false,1336,0.98973,2,CR9f3683203-1,1.0,false,#ECCC64
34.089164,85.999482,Gad1,34,false,1337,0.98939,2,CR9f3683203-21,1.0,false,#5F800C
142.639524,14.54094,Sox10,0,true,1338,0.98895,3,CR9f3683203-32,1.0,false,#DD9970
89.578527,91.028077,Sox10,37,false,1339,0.9918,2,CR9f3683203-42,1.0,false,#62412A
28.792051,148.09013,Sox10,58,false,1340,0.98231,2,CR9f3683203-43,1.0,false,#371500
50.599281,89.819928,Aldoc,35,false,1341,0.99115,3,CR9f3683203-23,1.0,false,#963F7A
127.929223,65.70682,Gad1,31,false,1342,0.97582,2,CR9f3683203-49,1.0,false,#FF0079
51.264681,48.262059,Gad1,19,false,1343,0.99187,2,CR9f3683203-15,1.0,false,#00A2FF
51.194934,11.919526,Aldoc,3,false,1344,0.98929,3,CR9f3683203-6,1.0,false,#607D06
30.773438,143.78534,Gad1,58,false,1345,0.99184,2,CR9f3683203-43,1.0,false,#7A2B00
50.87573,30.766787,Aldoc,11,false,1346,0.99152,3,CR9f3683203-10,1.0,false,#87A5C7
20.910774,14.063598,Slc17a7,0,true,1347,0.00322,3,CR9f3683203-2,0.9,false,#00A1FF
124.784001,70.45883,Sox10,31,false,1348,0.99092,2,CR9f3683203-49,1.0,false,#428F00
90.45878,108.603622,Aldoc,45,false,1349,0.99149,3,CR9f3683203-47,1.0,false,#008FC9
27.277434,49.998776,Aldoc,18,false,1350,0.98657,3,CR9f3683203-9,1.0,false,#00BED3
89.400371,32.337861,Gad1,13,false,1351,0.99069,2,CR9f3683203-20,1.0,false,#1D5EE8
27.985226,30.464878,Aldoc,10,false,1352,0.98375,2,CR9f3683203-5,1.0,false,#98AFD8
107.874907,124.616265,Slc17a7,54,false,1353,0.99187,3,CR9f3683203-57,1.0,false,#008CCB
126.934025,71.51684,Gad1,31,false,1354,0.99001,2,CR9f3683203-49,1.0,false,#2C5676
32.450258,11.184067,Ttr,2,false,1355,0.99187,3,CR9f3683203-2,1.0,false,#005C77
10.398855,46.176103,Slc17a7,17,false,1356,0.99165,3,CR9f3683203-4,1.0,false,#87006B
75.189245,155.886983,Ttr,0,true,1357,0.0,1,,1.0,true,#361800
122.577211,66.154348,Gad1,31,false,1358,0.98015,2,CR9f3683203-49,1.0,false,#00B9FC
120.313759,33.005163,Slc17a7,15,false,1359,0.97087,3,CR9f3683203-34,1.0,false,#85A6C9
30.872104,146.07821,Pdgfra,58,false,1360,0.99169,2,CR9f3683203-43,1.0,false,#00E7FF
32.96308,51.714161,Aldoc,18,false,1361,0.99185,3,CR9f3683203-9,1.0,false,#E6986D
33.002508,144.954247,Aldoc,58,false,1362,0.99074,2,CR9f3683203-43,1.0,false,#00BCFD
101.074408,10.594088,Aldoc,6,false,1363,0.98049,3,CR9f3683203-18,1.0,false,#005E84
14.207213,125.762648,Gad1,49,false,1364,0.98753,2,CR9f3683203-28,1.0,false,#00B84D
90.843196,69.032091,Slc17a7,29,false,1365,0.99165,3,CR9f3683203-35,1.0,false,#65002A
125.744321,106.029294,Slc17a7,47,false,1366,0.9872,3,CR9f3683203-56,1.0,false,#89B0D8
143.273618,12.884758,Ttr,8,false,1367,0.99043,3,CR9f3683203-32,1.0,false,#C30000
94.634572,11.904086,Aldoc,5,false,1368,0.00345,1,CR9f3683203-11,0.96,false,#005F8E
54.34639,86.691473,Ttr,35,false,1369,0.98913,3,CR9f3683203-23,1.0,false,#DD955F
64.063321,139.087712,Aldoc,0,true,1370,0.00487,1,CR9f3683203-53,1.0,false,#361800
65.877957,31.225076,Sox10,12,false,1371,0.99187,1,CR9f3683203-12,1.0,false,#054B6F
31.12214,103.824054,Aldoc,42,false,1372,0.99024,3,CR9f3683203-27,1.0,false,#D13177
117.467218,71.315776,Pdgfra,0,true,1373,0.0,1,,1.0,true,#005E96
52.588824,143.234086,Pdgfra,59,false,1374,0.99001,3,CR9f3683203-48,1.0,false,#5F8BFC
148.578057,106.311639,Sox10,48,false,1375,0.99087,3,CR9f3683203-59,1.0,false,#666800
33.989071,28.592156,Gad1,10,false,1376,0.99175,2,CR9f3683203-5,1.0,false,#122012
127.41113,50.10223,Slc17a7,23,false,1377,0.99047,3,CR9f3683203-38,1.0,false,#32197C
104.24741,68.312381,Aldoc,30,false,1378,0.99161,3,CR9f3683203-41,1.0,false,#009996
35.045734,126.155071,Slc17a7,50,false,1379,0.9863,3,CR9f3683203-31,1.0,false,#657D00
29.567538,13.064077,Ttr,2,false,1380,0.99183,3,CR9f3683203-2,1.0,false,#65E3FF
92.79213,105.960806,Aldoc,45,false,1381,0.9876,3,CR9f3683203-47,1.0,false,#006092
112.644232,123.2586,Aldoc,54,false,1382,0.13129,1,CR9f3683203-57,1.0,false,#2B5672
125.059267,53.952188,Pdgfra,23,false,1383,0.99171,3,CR9f3683203-38,1.0,false,#00492D
125.835694,71.34184,Gad1,31,false,1384,0.98787,2,CR9f3683203-49,1.0,false,#BA4B1F
31.318815,8.522921,Slc17a7,2,false,1385,0.9906,3,CR9f3683203-2,1.0,false,#5C95FB
13.201549,125.011552,Ttr,49,false,1386,0.99053,2,CR9f3683203-28,1.0,false,#00B347
127.874723,67.716175,Gad1,31,false,1387,0.98971,2,CR9f3683203-49,1.0,false,#6F3A27
11.343716,13.745688,Gad1,1,false,1388,0.9917,2,CR9f3683203-1,1.0,false,#00BA4F
68.499478,125.265749,Slc17a7,52,false,1389,0.98851,2,CR9f3683203-45,1.0,false,#00A3FF
156.453203,11.185862,Slc17a7,0,true,1390,0.0,3,,1.0,true,#F80067
37.757246,72.795972,Slc17a7,26,false,1391,0.5981,3,CR9f3683203-13,1.0,false,#BF7E9E
12.50995,32.886805,Aldoc,9,false,1392,0.99098,1,CR9f3683203-3,1.0,false,#004E00
69.447016,67.746568,Pdgfra,28,false,1393,0.99097,2,CR9f3683203-22,1.0,false,#005C80
89.883542,13.451647,Ttr,5,false,1394,0.99183,3,CR9f3683203-11,1.0,false,#34197C
51.497057,147.616825,Slc17a7,59,false,1395,0.99105,3,CR9f3683203-48,1.0,false,#00C5D4
10.790674,102.732206,Aldoc,41,false,1396,0.99187,3,CR9f3683203-17,1.0,false,#637C05
70.919198,47.189381,Slc17a7,20,false,1397,0.99172,3,CR9f3683203-19,1.0,false,#009B9B
14.566996,108.376682,Slc17a7,41,false,1398,0.99162,3,CR9f3683203-17,1.0,false,#6DE3FF
90.721712,69.141428,Slc17a7,29,false,1399,0.99168,3,CR9f3683203-35,1.0,false,#0071FF
109.83324,123.33863,Ttr,54,false,1400,0.97942,1,CR9f3683203-57,1.0,false,#005F8B
30.607639,105.160633,Ttr,42,false,1401,0.99185,3,CR9f3683203-27,1.0,false,#00A2FF
48.598748,104.724914,Gad1,43,false,1402,0.99187,2,CR9f3683203-29,1.0,false,#00E4FF
11.286108,49.225472,Gad1,17,false,1403,0.99186,3,CR9f3683203-4,1.0,false,#00A2FF
65.669211,70.693967,Gad1,28,false,1404,0.9903,2,CR9f3683203-22,1.0,false,#00A2FF
144.007884,11.048807,Gad1,8,false,1405,0.99131,3,CR9f3683203-32,1.0,false,#00A0FF
146.662772,83.656402,Ttr,40,false,1406,0.98905,2,CR9f3683203-55,1.0,false,#93AFD7
44.587634,12.260904,Aldoc,3,false,1407,0.6798,1,CR9f3683203-6,1.0,false,#A77C60
130.824828,40.261568,Aldoc,0,true,1408,0.0,1,,0.96,true,#00C5DA
28.157118,126.198425,Slc17a7,50,false,1409,0.98745,3,CR9f3683203-31,1.0,false,#5F8BFC
86.566069,127.81762,Slc17a7,53,false,1410,0.98965,3,CR9f3683203-52,1.0,false,#005F90
50.074426,126.952471,Aldoc,51,false,1411,0.99177,3,CR9f3683203-37,1.0,false,#00BCFD
12.96838,28.149023,Aldoc,9,false,1412,0.99077,1,CR9f3683203-3,1.0,false,#00978E
131.006294,108.980344,Sox10,0,true,1413,0.94752,3,CR9f3683203-56,1.0,false,#DD9A70
105.449977,121.69233,Aldoc,54,false,1414,0.97446,1,CR9f3683203-57,1.0,false,#574B34
69.717331,127.910268,Ttr,52,false,1415,0.99174,2,CR9f3683203-45,1.0,false,#052017
52.415904,65.784211,Gad1,27,false,1416,0.99141,1,CR9f3683203-16,1.0,false,#584C33
125.584518,70.782329,Gad1,31,false,1417,0.98842,2,CR9f3683203-49,1.0,false,#B14C1F
110.432222,8.101204,Slc17a7,6,false,1418,0.89479,3,CR9f3683203-18,1.0,false,#009481
87.897952,12.796008,Slc17a7,5,false,1419,0.99186,3,CR9f3683203-11,1.0,false,#00BA59
13.065697,25.856935,Aldoc,9,false,1420,0.9018,1,CR9f3683203-3,1.0,false,#008D77
150.313181,12.86436,Gad1,8,false,1421,0.66057,2,CR9f3683203-32,1.0,false,#68810A
31.360644,30.368668,Pdgfra,10,false,1422,0.99187,2,CR9f3683203-5,1.0,false,#005D8D
11.25954,105.570562,Slc17a7,41,false,1423,0.99127,3,CR9f3683203-17,1.0,false,#F0D1B8
10.855251,34.070181,Gad1,9,false,1424,0.9913,1,CR9f3683203-3,1.0,false,#84A7CB
147.540899,106.346746,Aldoc,48,false,1425,0.99183,3,CR9f3683203-59,1.0,false,#607200
150.732984,107.663273,Aldoc,48,false,1426,0.32742,3,CR9f3683203-59,1.0,false,#5F7D09
31.936192,27.245455,Gad1,10,false,1427,0.99181,2,CR9f3683203-5,1.0,false,#00E2FF
109.472943,12.44079,Aldoc,6,false,1428,0.99142,3,CR9f3683203-18,1.0,false,#8E4788
12.742599,97.786089,Gad1,0,true,1429,0.02514,2,CR9f3683203-14,0.66,false,#627600
100.559689,127.203037,Slc17a7,0,true,1430,0.78271,3,CR9f3683203-57,0.86,false,#009684
105.557922,87.963934,Slc17a7,38,false,1431,0.98967,3,CR9f3683203-44,1.0,false,#3B8766
91.572606,107.430481,Slc17a7,45,false,1432,0.99173,3,CR9f3683203-47,1.0,false,#BA7D9A
148.051316,10.386666,Slc17a7,8,false,1433,0.98592,3,CR9f3683203-32,1.0,false,#88006B
125.753267,12.082167,Gad1,7,false,1434,0.99183,2,CR9f3683203-24,1.0,false,#003487
103.764822,14.886745,Pdgfra,6,false,1435,0.98609,3,CR9f3683203-18,1.0,false,#008F7F
28.332401,11.278378,Ttr,2,false,1436,0.99187,3,CR9f3683203-2,1.0,false,#F0CFB3
129.523842,51.21885,Slc17a7,23,false,1437,0.93735,3,CR9f3683203-38,1.0,false,#005F90
142.082341,86.035344,Gad1,40,false,1438,0.99178,2,CR9f3683203-55,1.0,false,#FA734C
105.164067,13.885236,Sox10,6,false,1439,0.99187,3,CR9f3683203-18,1.0,false,#361800
50.382958,90.810251,Slc17a7,35,false,1440,0.99176,3,CR9f3683203-23,1.0,false,#78E157
151.558982,6.416921,Ttr,0,true,1441,0.0,3,,0.72,true,#5B94F7
138.063056,65.461483,Pdgfra,32,false,1442,0.02085,3,CR9f3683203-51,1.0,false,#00A2FF
48.037973,148.855909,Pdgfra,59,false,1443,0.99145,3,CR9f3683203-48,1.0,false,#3E8867
34.179569,56.740634,Ttr,18,false,1444,0.49222,3,CR9f3683203-9,1.0,false,#008E7B
16.105806,88.549239,Aldoc,33,false,1445,0.98703,1,CR9f3683203-14,1.0,false,#7C2C00
107.147769,6.633619,Aldoc,6,false,1446,0.92048,3,CR9f3683203-18,1.0,false,#D17FE7
43.136419,1.267631,Aldoc,0,true,1447,0.0,1,,1.0,true,#E79461
10.368197,32.152291,Gad1,0,true,1448,0.99187,1,CR9f3683203-3,1.0,false,#1E5070
62.962174,68.563767,Sox10,28,false,1449,0.97386,2,CR9f3683203-22,1.0,false,#5A8CF4
11.612401,50.306229,Aldoc,17,false,1450,0.99092,3,CR9f3683203-4,1.0,false,#FF0079
48.502019,146.841847,Slc17a7,59,false,1451,0.9915,3,CR9f3683203-48,1.0,false,#00C5D4
143.09039,31.876059,Gad1,16,false,1452,0.99187,2,CR9f3683203-39,1.0,false,#0A2C95
14.129413,93.332072,Sox10,33,false,1453,0.95733,1,CR9f3683203-14,1.0,false,#009A9A
125.686709,86.573005,Pdgfra,39,false,1454,0.99151,3,CR9f3683203-50,1.0,false,#00A1FF
156.104727,36.906143,Sox10,0,true,1455,0.0,1,,1.0,true,#095275
54.34014,138.570165,Gad1,0,true,1456,0.00204,2,CR9f3683203-48,0.94,false,#006DFF
35.262997,126.825834,Gad1,0,true,1457,0.9892,3,CR9f3683203-31,1.0,false,#6A7200
10.215037,48.163302,Ttr,17,false,1458,0.99181,3,CR9f3683203-4,1.0,false,#005C78
147.272055,48.686284,Aldoc,24,false,1459,0.99185,3,CR9f3683203-46,1.0,false,#00C6DC
130.536204,46.668038,Sox10,23,false,1460,0.22624,3,CR9f3683203-38,1.0,false,#DD9B77
148.23494,102.215789,Slc17a7,48,false,1461,0.95559,3,CR9f3683203-59,1.0,false,#677F07
28.824178,69.156257,Gad1,26,false,1462,0.99164,3,CR9f3683203-13,1.0,false,#005F8E
143.237384,7.860523,Slc17a7,8,false,1463,0.99141,3,CR9f3683203-32,1.0,false,#005000
107.18464,7.203669,Pdgfra,6,false,1464,0.95262,3,CR9f3683203-18,1.0,false,#D180E7
48.621917,121.307217,Aldoc,51,false,1465,0.99148,3,CR9f3683203-37,1.0,false,#D388F4
152.967829,137.802104,Gad1,0,true,1466,0.0,2,,1.0,true,#0071FF
30.110149,86.157765,Gad1,34,false,1467,0.99185,2,CR9f3683203-21,1.0,false,#00B64A
106.898178,69.676921,Pdgfra,30,false,1468,0.98727,3,CR9f3683203-41,1.0,false,#005E7B
53.531221,9.696641,Aldoc,0,true,1469,0.99053,3,CR9f3683203-6,1.0,false,#D089F6
67.535957,70.287889,Aldoc,28,false,1470,0.99175,2,CR9f3683203-22,1.0,false,#00BBFC
64.647131,10.788923,Pdgfra,4,false,1471,0.98979,2,CR9f3683203-7,1.0,false,#00B147
145.326471,8.214249,Slc17a7,8,false,1472,0.99167,3,CR9f3683203-32,1.0,false,#DB367E
29.375038,71.828626,Sox10,26,false,1473,0.99179,3,CR9f3683203-13,1.0,false,#600026
13.38871,49.1521,Gad1,17,false,1474,0.99186,3,CR9f3683203-4,1.0,false,#620027
15.904442,148.005344,Sox10,57,false,1475,0.99024,3,CR9f3683203-36,1.0,false,#AE4C21
69.177703,34.21657,Aldoc,12,false,1476,0.98994,1,CR9f3683203-12,1.0,false,#E4976A
82.845884,104.082283,Aldoc,45,false,1477,0.45899,1,CR9f3683203-47,1.0,false,#00A1FF
143.68808,11.754436,Slc17a7,8,false,1478,0.99119,3,CR9f3683203-32,1.0,false,#5C95FC
88.564196,11.161359,Pdgfra,5,false,1479,0.99062,3,CR9f3683203-11,1.0,false,#00A2FF
52.005853,9.612305,Aldoc,3,false,1480,0.99183,3,CR9f3683203-6,1.0,false,#009692
6.968615,127.174529,Gad1,49,false,1481,0.88653,2,CR9f3683203-28,1.0,false,#FB006D
129.188652,123.099792,Gad1,55,false,1482,0.93983,2,CR9f3683203-58,1.0,false,#305A75
122.209637,30.885673,Aldoc,15,false,1483,0.99183,1,CR9f3683203-34,1.0,false,#D07FE6
123.950002,127.980773,Aldoc,55,false,1484,0.99186,2,CR9f3683203-58,1.0,false,#574C31
52.951816,68.680406,Pdgfra,27,false,1485,0.99187,1,CR9f3683203-16,1.0,false,#703F2E
127.096776,30.737118,Aldoc,15,false,1486,0.99186,1,CR9f3683203-34,1.0,false,#A17B62
85.379225,15.945369,Sox10,5,false,1487,0.89024,3,CR9f3683203-11,1.0,false,#FF0080
104.65817,48.932679,Ttr,22,false,1488,0.99132,2,CR9f3683203-33,1.0,false,#105200
13.69915,19.684456,Gad1,0,true,1489,4.0e-5,2,CR9f3683203-1,0.94,false,#00462C
9.082546,88.970357,Pdgfra,33,false,1490,0.9918,1,CR9f3683203-14,1.0,false,#6257CD
69.875861,70.450658,Aldoc,28,false,1491,0.99132,2,CR9f3683203-22,1.0,false,#005E7B
150.030246,54.330032,Aldoc,24,false,1492,0.36679,1,CR9f3683203-46,1.0,false,#004800
13.606886,147.119483,Aldoc,57,false,1493,0.98725,3,CR9f3683203-36,1.0,false,#C74A00
47.876715,62.51138,Pdgfra,27,false,1494,0.96449,1,CR9f3683203-16,1.0,false,#474E34
89.869996,124.292431,Slc17a7,53,false,1495,0.99178,3,CR9f3683203-52,1.0,false,#00927B
19.397736,132.080257,Sox10,0,true,1496,0.0,1,,1.0,true,#9F7D67
46.143105,35.60672,Slc17a7,11,false,1497,0.85356,3,CR9f3683203-10,1.0,false,#00BD5C
91.365045,47.295391,Pdgfra,21,false,1498,0.93838,1,CR9f3683203-25,1.0,false,#00B0D3
145.70813,69.090799,Gad1,32,false,1499,0.99169,3,CR9f3683203-51,1.0,false,#65002A
69.504423,30.263104,Gad1,12,false,1500,0.99172,1,CR9f3683203-12,1.0,false,#0F5500
105.044251,85.224773,Slc17a7,38,false,1501,0.99161,3,CR9f3683203-44,1.0,false,#FFA3FF
102.1422,69.775193,Pdgfra,0,true,1502,0.98619,3,CR9f3683203-41,1.0,false,#00608D
89.879635,69.916596,Slc17a7,29,false,1503,0.99185,3,CR9f3683203-35,1.0,false,#006FFE
15.061536,150.542475,Pdgfra,57,false,1504,0.94327,1,CR9f3683203-36,1.0,false,#B17F5A
32.730544,146.268252,Aldoc,58,false,1505,0.99099,2,CR9f3683203-43,1.0,false,#2C5675
144.569009,109.151695,Aldoc,48,false,1506,0.99183,3,CR9f3683203-59,1.0,false,#6158CE
62.010452,68.508662,Pdgfra,28,false,1507,0.84719,2,CR9f3683203-22,1.0,false,#5E7200
30.989124,143.928493,Gad1,58,false,1508,0.99183,2,CR9f3683203-43,1.0,false,#003487
89.238931,85.39695,Gad1,37,false,1509,0.9908,2,CR9f3683203-42,1.0,false,#007F26
32.733313,108.570509,Ttr,42,false,1510,0.99187,3,CR9f3683203-27,1.0,false,#00978E
53.034629,85.575541,Slc17a7,35,false,1511,0.99052,3,CR9f3683203-23,1.0,false,#E29971
32.653819,29.127092,Aldoc,10,false,1512,0.99143,2,CR9f3683203-5,1.0,false,#0E2014
88.007029,106.599227,Aldoc,45,false,1513,0.99185,3,CR9f3683203-47,1.0,false,#D585F0
144.172668,35.233607,Gad1,16,false,1514,0.98719,2,CR9f3683203-39,1.0,false,#5F7E0A
30.276668,83.748456,Gad1,34,false,1515,0.92047,2,CR9f3683203-21,1.0,false,#004A00
11.554256,109.646387,Sox10,0,true,1516,0.98933,3,CR9f3683203-17,1.0,false,#00C3D2
12.982878,67.301494,Slc17a7,25,false,1517,0.99087,2,CR9f3683203-8,1.0,false,#2C2387
51.401319,49.638926,Ttr,19,false,1518,0.99122,2,CR9f3683203-15,1.0,false,#005D7A
10.621931,89.469075,Sox10,33,false,1519,0.99186,1,CR9f3683203-14,1.0,false,#5E7F0D
12.703657,29.078203,Ttr,9,false,1520,0.9909,1,CR9f3683203-3,1.0,false,#00968D
67.559479,68.170656,Sox10,28,false,1521,0.98792,2,CR9f3683203-22,1.0,false,#FE0075
144.42414,6.584068,Ttr,8,false,1522,0.9917,3,CR9f3683203-32,1.0,false,#00B14A
121.948032,85.438681,Aldoc,39,false,1523,0.98082,3,CR9f3683203-50,1.0,false,#0092CB
128.77045,122.450817,Gad1,55,false,1524,0.98076,2,CR9f3683203-58,1.0,false,#305975
88.423032,51.752774,Sox10,21,false,1525,0.99041,3,CR9f3683203-25,1.0,false,#009C9C
65.468859,108.381052,Aldoc,44,false,1526,0.99187,3,CR9f3683203-40,1.0,false,#686E00
110.567653,33.220895,Slc17a7,14,false,1527,0.99117,3,CR9f3683203-26,1.0,false,#00BE5D
36.133364,56.584751,Aldoc,18,false,1528,0.00358,1,CR9f3683203-9,1.0,false,#DF9A72
42.946825,110.365987,Gad1,43,false,1529,0.03837,2,CR9f3683203-29,1.0,false,#425CDC
88.584272,72.143521,Slc17a7,29,false,1530,0.98339,3,CR9f3683203-35,1.0,false,#6A7D00
31.744895,146.98274,Gad1,58,false,1531,0.99111,2,CR9f3683203-43,1.0,false,#00A2FF
35.492648,46.292563,Aldoc,18,false,1532,0.03353,1,CR9f3683203-9,1.0,false,#D3327C
31.144424,29.449126,Gad1,10,false,1533,0.99185,2,CR9f3683203-5,1.0,false,#00452B
69.572689,54.198231,Slc17a7,20,false,1534,0.98834,3,CR9f3683203-19,1.0,false,#CC0000
65.851309,144.319665,Gad1,60,false,1535,0.991,3,CR9f3683203-53,1.0,false,#007CD8
88.341765,104.529228,Aldoc,45,false,1536,0.99148,3,CR9f3683203-47,1.0,false,#D081EA
28.285877,150.39382,Ttr,0,true,1537,0.84442,2,CR9f3683203-43,1.0,false,#2E5776
91.34662,94.398049,Aldoc,37,false,1538,0.63464,1,CR9f3683203-42,1.0,false,#86A6C8
90.017973,93.345435,Gad1,37,false,1539,0.98177,2,CR9f3683203-42,1.0,false,#FD0074
49.841088,88.974078,Pdgfra,35,false,1540,0.99153,3,CR9f3683203-23,1.0,false,#00C3D1
90.525718,106.673806,Aldoc,45,false,1541,0.99183,3,CR9f3683203-47,1.0,false,#BF7E9E
28.020895,145.584552,Ttr,58,false,1542,0.98433,2,CR9f3683203-43,1.0,false,#F0CE65
146.470045,109.863454,Aldoc,48,false,1543,0.97837,3,CR9f3683203-59,1.0,false,#79E157
88.757166,102.796349,Sox10,45,false,1544,0.97949,1,CR9f3683203-47,1.0,false,#61ACFF
48.290344,11.632482,Ttr,3,false,1545,0.99177,1,CR9f3683203-6,1.0,false,#6C422F
108.395061,125.881539,Sox10,54,false,1546,0.9915,3,CR9f3683203-57,1.0,false,#00C2D9
82.183857,65.17882,Pdgfra,29,false,1547,0.0,3,,0.54,true,#00A0FF
10.596259,145.58224,Sox10,57,false,1548,0.98888,1,CR9f3683203-36,1.0,false,#6A4430
66.307524,90.09061,Sox10,36,false,1549,0.99075,3,CR9f3683203-30,1.0,false,#009690
87.519516,121.924963,Sox10,53,false,1550,0.99063,3,CR9f3683203-52,1.0,false,#DE996C
126.414113,7.010147,Gad1,7,false,1551,0.11882,2,CR9f3683203-24,1.0,false,#005F96
10.269583,106.61764,Slc17a7,41,false,1552,0.99132,3,CR9f3683203-17,1.0,false,#0071FF
9.735781,72.790242,Aldoc,25,false,1553,0.98597,2,CR9f3683203-8,1.0,false,#63412A
121.696704,30.27359,Ttr,0,true,1554,0.99051,1,CR9f3683203-34,1.0,false,#D279DD
11.744826,67.316453,Gad1,25,false,1555,0.9899,2,CR9f3683203-8,1.0,false,#305876
32.484483,108.793992,Aldoc,42,false,1556,0.99186,3,CR9f3683203-27,1.0,false,#009B9A
127.709163,90.426644,Slc17a7,39,false,1557,0.98921,3,CR9f3683203-50,1.0,false,#8F4583
30.547815,30.420619,Gad1,10,false,1558,0.99164,2,CR9f3683203-5,1.0,false,#00462B
34.775514,90.03565,Sox10,34,false,1559,0.9895,2,CR9f3683203-21,1.0,false,#262388
15.717908,149.275913,Aldoc,57,false,1560,0.98595,1,CR9f3683203-36,1.0,false,#2CAFFF
111.27301,84.259318,Slc17a7,38,false,1561,0.59123,3,CR9f3683203-44,1.0,false,#3B8766
69.822998,107.381266,Slc17a7,44,false,1562,0.99175,3,CR9f3683203-40,1.0,false,#006EFD
148.630269,91.850723,Gad1,40,false,1563,0.00537,2,CR9f3683203-55,1.0,false,#9EB1DD
44.703136,52.215431,Slc17a7,0,true,1564,0.09765,3,CR9f3683203-15,1.0,false,#0070FF
65.25134,108.461148,Pdgfra,44,false,1565,0.99176,3,CR9f3683203-40,1.0,false,#008ACA
32.817371,72.551716,Slc17a7,26,false,1566,0.99149,3,CR9f3683203-13,1.0,false,#006CFF
54.196544,145.706458,Ttr,0,true,1567,0.9773,3,CR9f3683203-48,1.0,false,#00A2FF
69.752005,47.908148,Pdgfra,20,false,1568,0.99141,3,CR9f3683203-19,1.0,false,#00998B
49.863991,13.720879,Aldoc,3,false,1569,0.99148,1,CR9f3683203-6,1.0,false,#5F8516
9.778015,47.600001,Slc17a7,17,false,1570,0.99173,3,CR9f3683203-4,1.0,false,#005D80
46.437166,147.83158,Aldoc,59,false,1571,0.99159,3,CR9f3683203-48,1.0,false,#DD9970
107.661647,88.666401,Slc17a7,38,false,1572,0.99132,3,CR9f3683203-44,1.0,false,#00936A
48.60969,52.189528,Gad1,19,false,1573,0.99025,2,CR9f3683203-15,1.0,false,#C74900
110.525398,107.639,Gad1,46,false,1574,0.99066,2,CR9f3683203-54,1.0,false,#004C00
127.152224,86.827722,Pdgfra,39,false,1575,0.99168,3,CR9f3683203-50,1.0,false,#D93789
50.165237,67.354988,Sox10,27,false,1576,0.99131,1,CR9f3683203-16,1.0,false,#009999
72.296346,33.090657,Aldoc,12,false,1577,0.98949,1,CR9f3683203-12,1.0,false,#2B5672
82.961618,9.186769,Slc17a7,5,false,1578,0.96128,3,CR9f3683203-11,1.0,false,#99B3E0
109.205955,50.056224,Sox10,22,false,1579,0.99144,2,CR9f3683203-33,1.0,false,#005F8C
51.301907,143.285724,Gad1,59,false,1580,0.98941,3,CR9f3683203-48,1.0,false,#5C87F8
64.636529,107.322353,Sox10,44,false,1581,0.99083,3,CR9f3683203-40,1.0,false,#667F09
123.390092,121.810467,Slc17a7,55,false,1582,0.98904,2,CR9f3683203-58,1.0,false,#FD0073
143.287041,19.059375,Ttr,0,true,1583,1.0e-5,3,,0.74,true,#005F97
89.136836,25.159593,Pdgfra,13,false,1584,0.3671,2,CR9f3683203-20,1.0,false,#488C00
47.851538,28.262083,Pdgfra,11,false,1585,0.9913,3,CR9f3683203-10,1.0,false,#005C7E
34.809367,27.284068,Slc17a7,10,false,1586,0.9872,2,CR9f3683203-5,1.0,false,#24278D
32.672533,25.644796,Gad1,10,false,1587,0.98887,2,CR9f3683203-5,1.0,false,#478D00
148.296818,28.808533,Ttr,16,false,1588,0.98091,2,CR9f3683203-39,1.0,false,#092B95
47.795494,8.902228,Aldoc,3,false,1589,0.99171,3,CR9f3683203-6,1.0,false,#687100
64.781149,146.737781,Sox10,60,false,1590,0.98922,3,CR9f3683203-53,1.0,false,#BD7D9C
92.309438,119.254323,Gad1,0,true,1591,0.00132,2,CR9f3683203-52,0.88,false,#008D63
116.216782,113.045009,Slc17a7,0,true,1592,0.0,3,,1.0,true,#658513
68.510195,15.872323,Gad1,4,false,1593,0.99173,2,CR9f3683203-7,1.0,false,#351600
62.066539,127.158339,Gad1,0,true,1594,0.09583,2,CR9f3683203-45,1.0,false,#C74A00
119.707358,89.443615,Slc17a7,39,false,1595,0.34652,3,CR9f3683203-50,1.0,false,#00608F
137.750803,24.427572,Slc17a7,0,true,1596,0.0,3,,1.0,true,#00A1FF
90.795205,91.549379,Ttr,37,false,1597,0.99185,2,CR9f3683203-42,1.0,false,#361500
128.207134,30.46599,Aldoc,15,false,1598,0.9907,1,CR9f3683203-34,1.0,false,#AD7D5C
102.202008,72.86513,Aldoc,30,false,1599,0.85889,3,CR9f3683203-41,1.0,false,#5F8314
67.719956,47.569319,Aldoc,20,false,1600,0.99088,3,CR9f3683203-19,1.0,false,#00A1FF
151.376838,143.29795,Pdgfra,0,true,1601,0.0,3,,1.0,true,#4A8B00
70.7772,82.666522,Aldoc,36,false,1602,0.87451,1,CR9f3683203-30,1.0,false,#361800
147.728665,45.913162,Aldoc,24,false,1603,0.9743,3,CR9f3683203-46,1.0,false,#008C79
125.263072,108.337386,Slc17a7,47,false,1604,0.99135,3,CR9f3683203-56,1.0,false,#0072FF
34.931706,68.668614,Gad1,26,false,1605,0.98225,3,CR9f3683203-13,1.0,false,#004328
91.702431,73.564574,Slc17a7,29,false,1606,0.34817,3,CR9f3683203-35,1.0,false,#006DFC
32.035518,50.126505,Gad1,18,false,1607,0.99167,3,CR9f3683203-9,1.0,false,#9A7B67
70.126751,87.07759,Pdgfra,36,false,1608,0.99099,3,CR9f3683203-30,1.0,false,#D383EC
68.77743,145.875864,Aldoc,60,false,1609,0.99175,3,CR9f3683203-53,1.0,false,#006094
66.368069,147.539225,Aldoc,60,false,1610,0.99184,3,CR9f3683203-53,1.0,false,#BF7E9E
51.056049,130.729729,Aldoc,51,false,1611,0.7407,1,CR9f3683203-37,1.0,false,#73E3FF
146.681818,71.797073,Pdgfra,32,false,1612,0.98998,3,CR9f3683203-51,1.0,false,#00462A
106.182255,49.239077,Gad1,22,false,1613,0.99183,2,CR9f3683203-33,1.0,false,#00E3FF
13.968232,125.046236,Slc17a7,49,false,1614,0.99062,2,CR9f3683203-28,1.0,false,#00B247
109.694379,34.300728,Slc17a7,14,false,1615,0.98945,3,CR9f3683203-26,1.0,false,#F1D1BA
8.741555,32.623454,Aldoc,9,false,1616,0.99067,1,CR9f3683203-3,1.0,false,#753C2E
68.44283,87.625095,Ttr,36,false,1617,0.99182,3,CR9f3683203-30,1.0,false,#008D7A
126.508959,45.493229,Gad1,23,false,1618,0.98064,3,CR9f3683203-38,1.0,false,#6A6A00
67.645806,125.89719,Aldoc,52,false,1619,0.99162,2,CR9f3683203-45,1.0,false,#FD0071
110.2523,108.489531,Gad1,46,false,1620,0.99182,2,CR9f3683203-54,1.0,false,#00A1FF
126.792341,13.776153,Ttr,7,false,1621,0.99091,2,CR9f3683203-24,1.0,false,#5C84F9
119.716767,33.26342,Aldoc,15,false,1622,0.90017,1,CR9f3683203-34,1.0,false,#85A7C9
125.268654,69.632304,Pdgfra,31,false,1623,0.98944,2,CR9f3683203-49,1.0,false,#CD00B4
90.806141,89.898298,Ttr,37,false,1624,0.99148,2,CR9f3683203-42,1.0,false,#F2CF65
92.556736,127.743188,Pdgfra,53,false,1625,0.90964,3,CR9f3683203-52,1.0,false,#00B554
126.039831,150.401175,Gad1,0,true,1626,0.0,2,,1.0,true,#005F97
36.218497,112.186664,Aldoc,42,false,1627,0.38043,1,CR9f3683203-27,1.0,false,#D28AFA
11.728812,12.935283,Gad1,1,false,1628,0.99102,2,CR9f3683203-1,1.0,false,#002F9B
126.257747,51.863373,Slc17a7,23,false,1629,0.99186,3,CR9f3683203-38,1.0,false,#009582
31.488985,15.749323,Sox10,2,false,1630,0.97077,3,CR9f3683203-2,1.0,false,#DD9560
71.301293,10.942665,Aldoc,4,false,1631,0.98595,2,CR9f3683203-7,1.0,false,#132012
67.54412,53.926448,Slc17a7,20,false,1632,0.97877,3,CR9f3683203-19,1.0,false,#007D1B
13.396644,46.529064,Slc17a7,17,false,1633,0.98957,3,CR9f3683203-4,1.0,false,#00946D
48.060765,109.470438,Gad1,43,false,1634,0.98786,2,CR9f3683203-29,1.0,false,#B84B1F
70.444501,66.906122,Gad1,28,false,1635,0.99181,2,CR9f3683203-22,1.0,false,#005D8D
64.109493,109.510086,Sox10,44,false,1636,0.97566,3,CR9f3683203-40,0.98,false,#00BCCE
141.487446,32.831586,Gad1,16,false,1637,0.98332,2,CR9f3683203-39,1.0,false,#282489
69.27265,25.411662,Pdgfra,0,true,1638,0.07016,1,CR9f3683203-12,1.0,false,#D485EF
146.83865,123.111264,Gad1,56,false,1639,0.98775,3,CR9f3683203-60,1.0,false,#FC7351
79.689322,39.970705,Sox10,0,true,1640,0.0,1,,1.0,true,#005F95
36.265524,50.333036,Pdgfra,18,false,1641,0.76317,3,CR9f3683203-9,1.0,false,#005F90
140.743701,69.236224,Gad1,32,false,1642,0.98932,3,CR9f3683203-51,1.0,false,#00A1FF
64.385548,67.588639,Gad1,28,false,1643,0.98416,2,CR9f3683203-22,1.0,false,#2C2185
144.359763,6.262773,Slc17a7,8,false,1644,0.99141,3,CR9f3683203-32,1.0,false,#00B44A
69.741869,129.662599,Gad1,52,false,1645,0.99186,2,CR9f3683203-45,1.0,false,#B94B1F
143.860301,44.251126,Gad1,0,true,1646,0.17724,2,CR9f3683203-46,0.94,false,#627500
63.965155,127.427283,Gad1,52,false,1647,0.98073,2,CR9f3683203-45,1.0,false,#C74A00
32.9491,123.865714,Pdgfra,50,false,1648,0.98838,3,CR9f3683203-31,1.0,false,#00A2FF
86.983512,46.800169,Aldoc,21,false,1649,0.99146,1,CR9f3683203-25,1.0,false,#D2327B
13.513791,104.381262,Slc17a7,41,false,1650,0.99081,3,CR9f3683203-17,1.0,false,#EBC8A4
30.232988,97.532512,Gad1,0,true,1651,0.0,2,,0.62,true,#00A1FF
18.004933,13.967788,Gad1,1,false,1652,0.80394,2,CR9f3683203-1,0.96,false,#00BA50
123.717649,107.230103,Gad1,47,false,1653,0.99187,3,CR9f3683203-56,1.0,false,#00A2FF
32.759182,143.318731,Aldoc,58,false,1654,0.99184,2,CR9f3683203-43,1.0,false,#85AACF
32.179456,13.803761,Slc17a7,2,false,1655,0.98776,3,CR9f3683203-2,1.0,false,#DD9662
125.541269,112.752966,Pdgfra,47,false,1656,0.52594,3,CR9f3683203-56,1.0,false,#006DFC
6.327137,103.740368,Pdgfra,0,true,1657,0.1481,3,CR9f3683203-17,1.0,false,#A72F00
63.823486,67.938546,Slc17a7,28,false,1658,0.98692,2,CR9f3683203-22,1.0,false,#5B8FF0
33.14879,142.813545,Ttr,58,false,1659,0.99098,2,CR9f3683203-43,1.0,false,#85AAD0
32.944011,105.264215,Aldoc,42,false,1660,0.99176,3,CR9f3683203-27,1.0,false,#00452A
32.127256,49.595279,Sox10,18,false,1661,0.9917,3,CR9f3683203-9,1.0,false,#967A69
87.735472,125.849064,Ttr,53,false,1662,0.99136,3,CR9f3683203-52,1.0,false,#00998E
141.699869,30.047771,Gad1,16,false,1663,0.98792,2,CR9f3683203-39,1.0,false,#703928
47.753522,65.465904,Aldoc,27,false,1664,0.98552,1,CR9f3683203-16,1.0,false,#0060EE
107.84362,10.515548,Pdgfra,6,false,1665,0.99184,3,CR9f3683203-18,1.0,false,#D93788
17.303058,156.827433,Aldoc,0,true,1666,0.0,1,,1.0,true,#54ADFF
87.127359,11.249999,Slc17a7,5,false,1667,0.99024,3,CR9f3683203-11,1.0,false,#96427C
68.302797,88.571141,Slc17a7,36,false,1668,0.99186,3,CR9f3683203-30,1.0,false,#E3986F
108.471929,125.401047,Pdgfra,54,false,1669,0.99154,3,CR9f3683203-57,1.0,false,#008BC9
144.586385,101.979372,Aldoc,48,false,1670,0.99163,1,CR9f3683203-59,1.0,false,#004A00
119.835102,32.710867,Gad1,15,false,1671,0.95368,2,CR9f3683203-34,1.0,false,#00A1FF
48.375053,77.45317,Gad1,0,true,1672,0.0,2,,1.0,true,#00A2FF
145.744296,31.507166,Aldoc,16,false,1673,0.98852,2,CR9f3683203-39,1.0,false,#00BDFF
11.435807,10.71044,Aldoc,1,false,1674,0.98978,2,CR9f3683203-1,1.0,false,#034F00
58.718338,104.912888,Gad1,0,true,1675,0.0,2,,0.52,true,#00462B
51.385455,125.058868,Sox10,51,false,1676,0.99113,1,CR9f3683203-37,1.0,false,#FF0085
11.580791,122.575688,Gad1,49,false,1677,0.96696,2,CR9f3683203-28,1.0,false,#331700
56.267718,43.974131,Ttr,19,false,1678,0.00087,2,CR9f3683203-15,1.0,false,#005F97
91.548933,94.504106,Ttr,0,true,1679,0.43653,2,CR9f3683203-42,1.0,false,#85A6C8
10.080182,85.279753,Aldoc,33,false,1680,0.98389,1,CR9f3683203-14,1.0,false,#B44C20
110.758421,32.917942,Slc17a7,14,false,1681,0.99158,3,CR9f3683203-26,1.0,false,#00BE5D
31.741669,52.778406,Ttr,18,false,1682,0.99181,3,CR9f3683203-9,1.0,false,#8DAFD8
83.736401,22.065402,Pdgfra,0,true,1683,0.0,3,,0.98,true,#F8775E
64.340712,37.760481,Aldoc,12,false,1684,0.11543,1,CR9f3683203-12,1.0,false,#009389
50.090416,72.40304,Pdgfra,27,false,1685,0.97985,1,CR9f3683203-16,1.0,false,#085100
32.183369,88.212634,Sox10,0,true,1686,0.99142,2,CR9f3683203-21,1.0,false,#152990
68.629847,82.905088,Aldoc,36,false,1687,0.81381,1,CR9f3683203-30,1.0,false,#0081FF
126.835274,105.737328,Aldoc,47,false,1688,0.99091,3,CR9f3683203-56,1.0,false,#DD955E
147.706895,127.557616,Aldoc,56,false,1689,0.99143,3,CR9f3683203-60,1.0,false,#005D7A
8.671362,73.402548,Pdgfra,25,false,1690,0.94998,2,CR9f3683203-8,1.0,false,#6D3A26
106.766119,2.367498,Slc17a7,0,true,1691,0.0,3,,1.0,true,#00988C
11.80384,16.588149,Pdgfra,1,false,1692,0.94357,2,CR9f3683203-1,1.0,false,#004227
37.023696,35.911707,Gad1,10,false,1693,0.0011,2,CR9f3683203-5,1.0,false,#B0805D
145.526547,7.261142,Ttr,8,false,1694,0.99175,3,CR9f3683203-32,1.0,false,#00B048
146.19943,15.241407,Slc17a7,8,false,1695,0.96717,3,CR9f3683203-32,1.0,false,#4D8D6B
32.427208,145.411464,Gad1,58,false,1696,0.99131,2,CR9f3683203-43,1.0,false,#AD4C22
88.405637,67.291751,Pdgfra,29,false,1697,0.99087,3,CR9f3683203-35,1.0,false,#009785
121.374592,125.406595,Gad1,55,false,1698,0.99005,2,CR9f3683203-58,1.0,false,#3D5CDD
107.030388,50.127624,Gad1,22,false,1699,0.9918,2,CR9f3683203-33,1.0,false,#CC00B4
8.4425,12.309109,Slc17a7,0,true,1700,0.98584,2,CR9f3683203-1,1.0,false,#2F2286
70.610986,31.502033,Aldoc,12,false,1701,0.99137,1,CR9f3683203-12,1.0,false,#53482E
12.776462,32.326692,Gad1,9,false,1702,0.99033,1,CR9f3683203-3,1.0,false,#0D5100
87.710468,101.54784,Pdgfra,45,false,1703,0.80269,1,CR9f3683203-47,1.0,false,#62ADFF
13.60115,9.020643,Gad1,1,false,1704,0.99182,2,CR9f3683203-1,1.0,false,#5E800F
86.440783,50.507473,Aldoc,21,false,1705,0.99183,3,CR9f3683203-25,1.0,false,#DA4D00
9.701105,67.352488,Gad1,25,false,1706,0.99175,2,CR9f3683203-8,1.0,false,#6F3A27
111.795473,107.970863,Aldoc,46,false,1707,0.99115,2,CR9f3683203-54,1.0,false,#D04B00
71.979491,139.825497,Gad1,60,false,1708,0.79074,2,CR9f3683203-53,0.9,false,#00A1FF
118.196017,120.206937,Aldoc,0,true,1709,0.0,1,,0.96,true,#FA006B
70.084011,36.755758,Aldoc,12,false,1710,0.94757,3,CR9f3683203-12,1.0,false,#924481
89.026179,88.965901,Gad1,37,false,1711,0.99159,2,CR9f3683203-42,1.0,false,#FE0076
97.325572,15.246376,Sox10,0,true,1712,0.0,1,,0.98,true,#008D7A
142.511753,32.308396,Gad1,16,false,1713,0.99185,2,CR9f3683203-39,1.0,false,#002D98
122.976712,108.169078,Slc17a7,47,false,1714,0.98535,3,CR9f3683203-56,1.0,false,#00A0FF
47.819342,88.276947,Slc17a7,35,false,1715,0.99163,3,CR9f3683203-23,1.0,false,#00937C
90.115966,29.124406,Sox10,13,false,1716,0.9918,2,CR9f3683203-20,1.0,false,#5C84F9
145.388792,26.62675,Gad1,16,false,1717,0.86652,2,CR9f3683203-39,1.0,false,#BB4B1E
68.684675,66.56467,Gad1,28,false,1718,0.99185,2,CR9f3683203-22,1.0,false,#00A2FF
37.188175,112.031248,Sox10,0,true,1719,0.05541,1,CR9f3683203-27,1.0,false,#D288F5
102.564409,126.20592,Sox10,54,false,1720,0.98653,3,CR9f3683203-57,1.0,false,#564C34
45.198197,9.148951,Sox10,3,false,1721,0.94089,1,CR9f3683203-6,1.0,false,#5F7E0D
108.407445,125.256729,Aldoc,54,false,1722,0.99164,3,CR9f3683203-57,1.0,false,#008AC9
13.596778,70.905331,Gad1,25,false,1723,0.99059,2,CR9f3683203-8,1.0,false,#305A75
74.813118,52.852895,Slc17a7,20,false,1724,0.56501,3,CR9f3683203-19,1.0,false,#600025
13.048981,90.650317,Gad1,33,false,1725,0.99168,1,CR9f3683203-14,1.0,false,#646900
13.56517,125.556991,Slc17a7,49,false,1726,0.98883,2,CR9f3683203-28,1.0,false,#00B347
68.834103,50.273447,Pdgfra,20,false,1727,0.99161,3,CR9f3683203-19,1.0,false,#EBC9A5
32.271365,84.783667,Gad1,34,false,1728,0.98408,2,CR9f3683203-21,1.0,false,#F2D166
15.231147,149.815883,Aldoc,57,false,1729,0.98477,1,CR9f3683203-36,1.0,false,#2CAFFF
70.991027,9.883124,Gad1,4,false,1730,0.97823,2,CR9f3683203-7,1.0,false,#142012
67.837075,13.039261,Gad1,4,false,1731,0.99065,2,CR9f3683203-7,1.0,false,#007F26
92.513843,66.835788,Gad1,29,false,1732,0.99086,3,CR9f3683203-35,1.0,false,#005F8C
91.484312,92.148444,Gad1,37,false,1733,0.99016,2,CR9f3683203-42,1.0,false,#00E4FF
8.073438,67.960061,Pdgfra,25,false,1734,0.9916,2,CR9f3683203-8,1.0,false,#494E32
85.954214,48.491002,Gad1,21,false,1735,0.9918,3,CR9f3683203-25,1.0,false,#005D7C
31.866089,70.879884,Pdgfra,26,false,1736,0.99068,3,CR9f3683203-13,1.0,false,#006DFF
34.962977,46.06378,Ttr,18,false,1737,0.0752,3,CR9f3683203-9,1.0,false,#D13178
132.011676,16.099049,Aldoc,7,false,1738,0.16817,1,CR9f3683203-24,1.0,false,#044F00
123.636501,124.695951,Gad1,55,false,1739,0.99184,2,CR9f3683203-58,1.0,false,#7A2B00
143.003722,69.331692,Slc17a7,32,false,1740,0.99179,3,CR9f3683203-51,1.0,false,#0073FF
143.661276,88.742161,Gad1,40,false,1741,0.99143,2,CR9f3683203-55,1.0,false,#00E2FF
64.348968,29.596273,Aldoc,12,false,1742,0.9824,1,CR9f3683203-12,1.0,false,#67432D
68.853236,52.176681,Slc17a7,20,false,1743,0.99181,3,CR9f3683203-19,1.0,false,#9F53FE
15.700295,145.40651,Aldoc,57,false,1744,0.99135,3,CR9f3683203-36,1.0,false,#00A1FF
107.226227,66.630233,Slc17a7,30,false,1745,0.99106,3,CR9f3683203-41,1.0,false,#0089CA
123.91089,89.733067,Slc17a7,39,false,1746,0.99168,3,CR9f3683203-50,1.0,false,#005C77
28.342746,90.88104,Sox10,34,false,1747,0.99075,2,CR9f3683203-21,1.0,false,#5E432A
35.105318,141.952143,Pdgfra,58,false,1748,0.97874,2,CR9f3683203-43,1.0,false,#448E00
70.440245,48.688046,Sox10,20,false,1749,0.98933,3,CR9f3683203-19,1.0,false,#009078
8.438457,33.205004,Aldoc,9,false,1750,0.98475,1,CR9f3683203-3,1.0,false,#6B432F
152.784327,154.608409,Gad1,0,true,1751,0.0,2,,1.0,true,#4A8B00
28.841772,8.693678,Aldoc,2,false,1752,0.98564,3,CR9f3683203-2,1.0,false,#74E3FF
127.450954,32.368054,Slc17a7,15,false,1753,0.99186,1,CR9f3683203-34,1.0,false,#007BD8
14.428868,12.402022,Gad1,1,false,1754,0.99178,2,CR9f3683203-1,1.0,false,#FF0076
70.94668,32.93501,Gad1,12,false,1755,0.9914,1,CR9f3683203-12,1.0,false,#654531
71.18858,33.561805,Ttr,12,false,1756,0.99137,1,CR9f3683203-12,1.0,false,#255371
70.377054,144.001658,Aldoc,60,false,1757,0.99035,3,CR9f3683203-53,1.0,false,#00A1FF
123.432506,47.213523,Sox10,23,false,1758,0.99126,3,CR9f3683203-38,1.0,false,#676B00
75.77643,145.293522,Aldoc,60,false,1759,0.76845,1,CR9f3683203-53,1.0,false,#FF0079
87.73681,11.706829,Slc17a7,5,false,1760,0.98985,3,CR9f3683203-11,1.0,false,#D9357B
146.703744,50.850714,Aldoc,24,false,1761,0.98924,3,CR9f3683203-46,1.0,false,#6257CD
3.436659,99.184004,Ttr,0,true,1762,0.0,1,,1.0,true,#005F94
31.389971,111.020744,Aldoc,42,false,1763,0.99062,1,CR9f3683203-27,1.0,false,#D28AF9
46.619134,8.557502,Sox10,3,false,1764,0.98817,1,CR9f3683203-6,1.0,false,#5F7100
70.265423,87.916822,Pdgfra,36,false,1765,0.98954,3,CR9f3683203-30,1.0,false,#D17CE2
19.818891,118.915656,Gad1,0,true,1766,0.0,2,,1.0,true,#5F8516
45.380849,128.120657,Slc17a7,0,true,1767,0.969,3,CR9f3683203-37,1.0,false,#004026
123.307667,91.435468,Aldoc,39,false,1768,0.99136,3,CR9f3683203-50,1.0,false,#009A98
35.073047,112.049261,Aldoc,42,false,1769,0.94867,1,CR9f3683203-27,1.0,false,#D38BFA
104.743542,30.416572,Slc17a7,14,false,1770,0.98964,3,CR9f3683203-26,1.0,false,#00B54F
69.20874,51.029636,Slc17a7,20,false,1771,0.99167,3,CR9f3683203-19,1.0,false,#EDCCAC
28.043433,69.952349,Pdgfra,26,false,1772,0.9904,3,CR9f3683203-13,1.0,false,#005C88
50.031213,71.41586,Aldoc,27,false,1773,0.99069,1,CR9f3683203-16,1.0,false,#0D5100
33.826887,33.807288,Aldoc,10,false,1774,0.98854,2,CR9f3683203-5,1.0,false,#1A5171
71.54631,125.316917,Gad1,52,false,1775,0.99066,2,CR9f3683203-45,1.0,false,#90ADD5
71.745586,56.531904,Sox10,20,false,1776,0.06521,3,CR9f3683203-19,1.0,false,#5C94FA
126.129643,86.709374,Slc17a7,39,false,1777,0.99187,3,CR9f3683203-50,1.0,false,#DC398D
34.045235,71.799901,Slc17a7,26,false,1778,0.98795,3,CR9f3683203-13,1.0,false,#006CFF
11.3077,47.287011,Sox10,17,false,1779,0.99183,3,CR9f3683203-4,1.0,false,#432082
147.99595,71.058593,Pdgfra,32,false,1780,0.99029,3,CR9f3683203-51,1.0,false,#DC388A
65.535123,149.219454,Pdgfra,60,false,1781,0.93936,3,CR9f3683203-53,1.0,false,#00C6DA
12.887739,51.685956,Gad1,17,false,1782,0.99165,3,CR9f3683203-4,1.0,false,#00472C
123.114344,68.611901,Gad1,31,false,1783,0.98816,2,CR9f3683203-49,1.0,false,#5B92EF
123.746044,28.46562,Pdgfra,15,false,1784,0.98316,1,CR9f3683203-34,1.0,false,#AB7B5C
86.529266,33.228983,Pdgfra,13,false,1785,0.99062,2,CR9f3683203-20,1.0,false,#667D00
11.609916,90.328525,Gad1,33,false,1786,0.99157,1,CR9f3683203-14,1.0,false,#636F00
47.592959,35.304075,Slc17a7,11,false,1787,0.98794,3,CR9f3683203-10,1.0,false,#00BC5B
122.012829,125.756775,Gad1,55,false,1788,0.99158,2,CR9f3683203-58,1.0,false,#2F5DE1
34.908621,128.871006,Gad1,50,false,1789,0.98835,3,CR9f3683203-31,1.0,false,#677F02
29.553056,10.062419,Slc17a7,2,false,1790,0.99164,3,CR9f3683203-2,1.0,false,#FFA3FF
29.412366,90.22856,Gad1,34,false,1791,0.99187,2,CR9f3683203-21,1.0,false,#5C432A
108.695044,51.847623,Aldoc,22,false,1792,0.99142,2,CR9f3683203-33,1.0,false,#594A37
106.697674,12.666089,Aldoc,6,false,1793,0.99151,3,CR9f3683203-18,1.0,false,#361800
35.709371,126.95135,Slc17a7,50,false,1794,0.98959,3,CR9f3683203-31,1.0,false,#005C88
89.148385,125.711026,Aldoc,0,true,1795,0.99052,3,CR9f3683203-52,1.0,false,#009B99
49.968517,128.680328,Aldoc,51,false,1796,0.98901,3,CR9f3683203-37,1.0,false,#E49769
141.886232,68.589745,Slc17a7,32,false,1797,0.99185,3,CR9f3683203-51,1.0,false,#498B69
81.300905,39.409048,Slc17a7,0,true,1798,0.0,3,,1.0,true,#FB0069
142.361244,36.810326,Pdgfra,16,false,1799,0.36242,2,CR9f3683203-39,1.0,false,#6C7100
90.010219,69.283955,Slc17a7,29,false,1800,0.99164,3,CR9f3683203-35,1.0,false,#006FFE
13.711426,92.148221,Slc17a7,33,false,1801,0.98776,1,CR9f3683203-14,1.0,false,#005C7D
2.10834,67.392153,Gad1,0,true,1802,0.0,2,,1.0,true,#733929
12.538897,139.573835,Pdgfra,57,false,1803,0.72554,1,CR9f3683203-36,1.0,false,#6B412E
47.142423,64.110289,Aldoc,27,false,1804,0.95535,1,CR9f3683203-16,1.0,false,#004F00
70.663666,31.694212,Pdgfra,12,false,1805,0.99098,1,CR9f3683203-12,1.0,false,#494D33
31.06933,70.678929,Slc17a7,26,false,1806,0.98684,3,CR9f3683203-13,1.0,false,#0070FF
68.529871,31.995147,Pdgfra,12,false,1807,0.99185,1,CR9f3683203-12,1.0,false,#00968E
84.742644,52.838021,Sox10,21,false,1808,0.9739,1,CR9f3683203-25,1.0,false,#FC006F
126.149115,17.224754,Sox10,7,false,1809,0.98842,2,CR9f3683203-24,1.0,false,#085275
12.624921,146.401428,Aldoc,57,false,1810,0.9904,3,CR9f3683203-36,1.0,false,#4AADFF
33.63158,90.478445,Gad1,34,false,1811,0.98916,2,CR9f3683203-21,1.0,false,#351600
6.074636,31.574055,Sox10,9,false,1812,0.87486,1,CR9f3683203-3,1.0,false,#A27B62
146.413101,145.330787,Pdgfra,0,true,1813,0.0,3,,1.0,true,#CB0000
11.473939,91.344536,Aldoc,33,false,1814,0.99162,1,CR9f3683203-14,1.0,false,#00A1FF
67.195921,12.488078,Gad1,4,false,1815,0.99071,2,CR9f3683203-7,1.0,false,#630026
7.457215,15.247333,Ttr,1,false,1816,0.20629,2,CR9f3683203-1,1.0,false,#5D8FFD
31.818045,53.063574,Ttr,18,false,1817,0.99185,3,CR9f3683203-9,1.0,false,#8FB0D9
9.448704,9.552091,Gad1,1,false,1818,0.98909,2,CR9f3683203-1,1.0,false,#F67861
14.991156,147.368245,Aldoc,57,false,1819,0.99135,3,CR9f3683203-36,1.0,false,#AF7D5B
140.420064,131.803491,Sox10,56,false,1820,0.01063,3,CR9f3683203-60,1.0,false,#FA7350
44.123009,83.050343,Aldoc,35,false,1821,1.0e-5,1,,0.88,true,#914784
109.909542,125.353929,Sox10,54,false,1822,0.98942,3,CR9f3683203-57,1.0,false,#733B2C
74.88666,106.17878,Gad1,0,true,1823,0.09103,2,CR9f3683203-40,1.0,false,#657D02
145.919328,50.765491,Aldoc,24,false,1824,0.98889,3,CR9f3683203-46,1.0,false,#0090CA
130.550575,34.6053,Aldoc,15,false,1825,0.70934,1,CR9f3683203-34,1.0,false,#C74A00
109.60083,123.540711,Gad1,54,false,1826,0.98532,2,CR9f3683203-57,1.0,false,#005E80
34.200442,148.421373,Aldoc,58,false,1827,0.99186,2,CR9f3683203-43,1.0,false,#005D80
100.812834,96.525074,Sox10,0,true,1828,0.0,1,,1.0,true,#FB7459
122.343194,21.140587,Ttr,0,true,1829,0.0,2,,0.96,true,#F90069
88.927834,51.685422,Ttr,21,false,1830,0.98975,3,CR9f3683203-25,1.0,false,#005C78
108.121025,15.259252,Slc17a7,0,true,1831,0.98989,3,CR9f3683203-18,1.0,false,#6C7100
86.651214,49.031658,Pdgfra,21,false,1832,0.99183,3,CR9f3683203-25,1.0,false,#105400
89.705015,32.375231,Gad1,13,false,1833,0.99156,2,CR9f3683203-20,1.0,false,#0060EF
70.173712,48.808962,Slc17a7,20,false,1834,0.99084,3,CR9f3683203-19,1.0,false,#009179
30.136004,92.953497,Pdgfra,34,false,1835,0.97767,2,CR9f3683203-21,1.0,false,#00B048
13.316355,49.471564,Slc17a7,17,false,1836,0.99181,3,CR9f3683203-4,1.0,false,#FA7766
82.873136,116.491887,Slc17a7,53,false,1837,0.0,3,,0.98,true,#00A0FF
127.75851,100.211559,Sox10,0,true,1838,0.00068,1,CR9f3683203-56,0.9,false,#009789
105.12253,71.503259,Ttr,30,false,1839,0.99187,3,CR9f3683203-41,1.0,false,#042017
145.33961,52.01799,Pdgfra,24,false,1840,0.99004,3,CR9f3683203-46,1.0,false,#008CCA
7.821068,106.786602,Slc17a7,41,false,1841,0.98622,3,CR9f3683203-17,1.0,false,#5B95F9
10.388051,50.970312,Slc17a7,17,false,1842,0.99103,3,CR9f3683203-4,1.0,false,#00BE5E
102.996908,89.270539,Slc17a7,38,false,1843,0.98788,3,CR9f3683203-44,1.0,false,#FB734E
144.882685,87.766469,Pdgfra,40,false,1844,0.99132,2,CR9f3683203-55,1.0,false,#054F00
120.207181,34.126137,Ttr,15,false,1845,0.93092,1,CR9f3683203-34,1.0,false,#86A5C8
67.612938,83.990663,Aldoc,36,false,1846,0.9548,1,CR9f3683203-30,1.0,false,#D38AFA
52.087093,28.864387,Slc17a7,11,false,1847,0.98922,3,CR9f3683203-10,1.0,false,#FFA3FF
127.83234,32.307488,Gad1,15,false,1848,0.9918,1,CR9f3683203-34,1.0,false,#007BD8
31.358849,71.284301,Slc17a7,26,false,1849,0.99084,3,CR9f3683203-13,1.0,false,#006DFD
70.631085,31.360525,Pdgfra,12,false,1850,0.99153,1,CR9f3683203-12,1.0,false,#55482E
141.737794,82.39174,Sox10,40,false,1851,0.97788,2,CR9f3683203-55,1.0,false,#005D8F
64.439179,9.799885,Slc17a7,4,false,1852,0.98086,2,CR9f3683203-7,1.0,false,#00A2FF
141.345318,70.700996,Slc17a7,32,false,1853,0.99023,3,CR9f3683203-51,1.0,false,#00B956
133.100571,36.857445,Pdgfra,15,false,1854,0.0,1,,1.0,true,#904380
69.103406,70.558624,Ttr,28,false,1855,0.99152,2,CR9f3683203-22,1.0,false,#005C7D
143.947039,128.415969,Slc17a7,56,false,1856,0.99182,3,CR9f3683203-60,1.0,false,#00A0FF
35.175201,144.741381,Aldoc,58,false,1857,0.9915,2,CR9f3683203-43,1.0,false,#112013
49.673687,47.532047,Gad1,19,false,1858,0.99186,2,CR9f3683203-15,1.0,false,#004B00
49.038989,48.812166,Gad1,19,false,1859,0.99121,2,CR9f3683203-15,1.0,false,#5B4632
123.252136,107.847183,Slc17a7,47,false,1860,0.99026,3,CR9f3683203-56,1.0,false,#00A0FF
10.329453,140.336085,Aldoc,57,false,1861,0.68764,1,CR9f3683203-36,1.0,false,#055000
49.56903,29.825084,Slc17a7,11,false,1862,0.99141,3,CR9f3683203-10,1.0,false,#DC9359
86.645987,7.414082,Slc17a7,5,false,1863,0.99185,3,CR9f3683203-11,1.0,false,#79E057
72.956972,93.082295,Pdgfra,36,false,1864,0.43854,3,CR9f3683203-30,1.0,false,#763A2B
104.886629,87.751299,Slc17a7,38,false,1865,0.98824,3,CR9f3683203-44,1.0,false,#006CFF
52.19502,67.776624,Pdgfra,27,false,1866,0.9913,1,CR9f3683203-16,1.0,false,#484E33
31.479697,86.941788,Gad1,34,false,1867,0.99016,2,CR9f3683203-21,1.0,false,#EECD64
146.246261,83.757233,Ttr,0,true,1868,0.99096,2,CR9f3683203-55,1.0,false,#2C5775
50.389089,87.515766,Ttr,35,false,1869,0.99175,3,CR9f3683203-23,1.0,false,#EECDAF
88.197137,114.485907,Aldoc,45,false,1870,0.02352,1,CR9f3683203-47,1.0,false,#2B5672
126.696022,125.608579,Gad1,55,false,1871,0.99181,2,CR9f3683203-58,1.0,false,#B44C20
105.29676,131.013022,Aldoc,54,false,1872,0.92431,3,CR9f3683203-57,1.0,false,#D83687
129.088588,122.817209,Gad1,55,false,1873,0.96853,2,CR9f3683203-58,1.0,false,#305A75
13.319184,52.370841,Aldoc,0,true,1874,0.99056,3,CR9f3683203-4,1.0,false,#00452A
144.293606,69.748559,Pdgfra,32,false,1875,0.99136,3,CR9f3683203-51,1.0,false,#00B859
128.750828,86.812206,Aldoc,39,false,1876,0.99143,3,CR9f3683203-50,1.0,false,#008D78
29.965129,73.075202,Gad1,26,false,1877,0.99158,3,CR9f3683203-13,1.0,false,#600026
120.6775,86.864412,Sox10,39,false,1878,0.97184,3,CR9f3683203-50,1.0,false,#008CC8
4.703223,151.149954,Aldoc,0,true,1879,0.0,1,,0.98,true,#BF7E9E
32.222193,28.70742,Gad1,10,false,1880,0.99186,2,CR9f3683203-5,1.0,false,#9DB0D9
29.331425,68.257376,Slc17a7,26,false,1881,0.99175,3,CR9f3683203-13,1.0,false,#004A2E
144.089787,81.897056,Aldoc,40,false,1882,0.97219,1,CR9f3683203-55,1.0,false,#5E800F
13.553419,142.987417,Sox10,57,false,1883,0.9918,3,CR9f3683203-36,1.0,false,#5E7800
124.461268,49.409184,Slc17a7,23,false,1884,0.99163,3,CR9f3683203-38,1.0,false,#005000
10.245776,126.781327,Slc17a7,49,false,1885,0.99157,2,CR9f3683203-28,1.0,false,#0080DA
46.972923,82.909224,Slc17a7,35,false,1886,0.34528,3,CR9f3683203-23,1.0,false,#973E7A
120.735385,53.31559,Slc17a7,23,false,1887,0.7948,3,CR9f3683203-38,1.0,false,#00C4FF
14.636467,143.894572,Aldoc,57,false,1888,0.99173,3,CR9f3683203-36,1.0,false,#BF7E9E
126.189067,69.855912,Gad1,31,false,1889,0.98967,2,CR9f3683203-49,1.0,false,#CD4A00
73.153618,28.712665,Slc17a7,12,false,1890,0.83531,3,CR9f3683203-12,1.0,false,#008F78
26.904274,68.542144,Slc17a7,26,false,1891,0.98332,3,CR9f3683203-13,1.0,false,#00A2FF
106.73387,125.553488,Aldoc,54,false,1892,0.99118,3,CR9f3683203-57,1.0,false,#00C3FF
8.74869,73.078716,Gad1,25,false,1893,0.97034,2,CR9f3683203-8,1.0,false,#6D3925
52.172757,47.409568,Gad1,19,false,1894,0.99025,2,CR9f3683203-15,1.0,false,#00BA50
49.467697,69.727794,Pdgfra,27,false,1895,0.99181,1,CR9f3683203-16,1.0,false,#00A1FF
69.585184,47.178296,Slc17a7,20,false,1896,0.99187,3,CR9f3683203-19,1.0,false,#DB3781
143.438822,11.254484,Slc17a7,8,false,1897,0.99154,3,CR9f3683203-32,1.0,false,#4D8D6B
31.143764,26.373436,Ttr,10,false,1898,0.99158,2,CR9f3683203-5,1.0,false,#00E4FF
7.722949,45.65441,Slc17a7,17,false,1899,0.97323,3,CR9f3683203-4,1.0,false,#F80067
139.801585,8.748999,Slc17a7,8,false,1900,0.83014,3,CR9f3683203-32,1.0,false,#F87767
144.142263,15.544984,Aldoc,8,false,1901,0.95602,3,CR9f3683203-32,1.0,false,#006090
51.83552,123.837711,Ttr,51,false,1902,0.99011,1,CR9f3683203-37,1.0,false,#FF007E
9.637377,88.975186,Aldoc,33,false,1903,0.99165,1,CR9f3683203-14,1.0,false,#3FAEFF
35.772806,145.345463,Gad1,58,false,1904,0.98914,2,CR9f3683203-43,1.0,false,#1C5EE9
145.615187,103.562253,Aldoc,48,false,1905,0.99187,1,CR9f3683203-59,1.0,false,#164F70
7.902779,46.474843,Gad1,17,false,1906,0.98455,3,CR9f3683203-4,1.0,false,#F90067
9.037042,66.993103,Aldoc,25,false,1907,0.99141,2,CR9f3683203-8,1.0,false,#5A462D
71.99692,109.520668,Pdgfra,44,false,1908,0.98578,3,CR9f3683203-40,1.0,false,#0092CD
7.440346,50.185357,Ttr,17,false,1909,0.98004,3,CR9f3683203-4,1.0,false,#86A6C8
67.694148,45.237815,Slc17a7,20,false,1910,0.8942,3,CR9f3683203-19,1.0,false,#D33071
47.284775,125.438488,Pdgfra,51,false,1911,0.99187,3,CR9f3683203-37,1.0,false,#D94D00
32.305797,31.300308,Sox10,10,false,1912,0.99159,2,CR9f3683203-5,1.0,false,#594936
15.48847,107.230637,Aldoc,0,true,1913,0.9888,3,CR9f3683203-17,1.0,false,#6EE3FF
66.274895,111.870136,Slc17a7,44,false,1914,0.96014,3,CR9f3683203-40,1.0,false,#03BE5B
86.472015,145.039636,Slc17a7,0,true,1915,0.0,3,,1.0,true,#00A0FF
16.039993,142.294259,Sox10,57,false,1916,0.97548,1,CR9f3683203-36,1.0,false,#EA9669
16.779341,5.501466,Gad1,1,false,1917,0.01623,2,CR9f3683203-1,1.0,false,#5F8415
26.191278,146.29089,Gad1,58,false,1918,0.80354,2,CR9f3683203-43,1.0,false,#002F9C
123.597703,30.726134,Aldoc,15,false,1919,0.99183,1,CR9f3683203-34,1.0,false,#CF85F1
53.974588,7.706126,Aldoc,3,false,1920,0.98309,3,CR9f3683203-6,1.0,false,#0082FF
122.408734,48.210347,Gad1,23,false,1921,0.99061,3,CR9f3683203-38,1.0,false,#FC7355
72.676528,142.172534,Aldoc,60,false,1922,0.98339,3,CR9f3683203-53,1.0,false,#86A6C9
112.237068,152.99658,Slc17a7,0,true,1923,0.0,3,,1.0,true,#618616
26.521352,31.559017,Slc17a7,10,false,1924,0.78799,3,CR9f3683203-5,1.0,false,#00A2FF
106.393226,13.434133,Sox10,6,false,1925,0.99038,3,CR9f3683203-18,1.0,false,#074C6F
50.560314,12.767435,Aldoc,3,false,1926,0.99127,3,CR9f3683203-6,1.0,false,#008F80
89.838007,8.745134,Slc17a7,5,false,1927,0.98744,3,CR9f3683203-11,1.0,false,#00B14A
68.386862,143.283855,Aldoc,60,false,1928,0.99153,3,CR9f3683203-53,1.0,false,#004026
61.259618,111.515601,Aldoc,44,false,1929,0.00267,1,CR9f3683203-40,0.74,false,#608211
126.793256,50.297796,Gad1,23,false,1930,0.99187,3,CR9f3683203-38,1.0,false,#341F82
27.483396,89.705847,Gad1,34,false,1931,0.99052,2,CR9f3683203-21,1.0,false,#5E810F
52.031792,30.419273,Slc17a7,11,false,1932,0.99182,3,CR9f3683203-10,1.0,false,#9BB3DF
35.204891,86.470729,Pdgfra,34,false,1933,0.9684,2,CR9f3683203-21,1.0,false,#617000
109.708799,37.692408,Pdgfra,14,false,1934,0.18774,3,CR9f3683203-26,1.0,false,#97457F
7.5654,12.021164,Gad1,1,false,1935,0.9536,2,CR9f3683203-1,1.0,false,#5B8FF1
111.240564,70.998346,Aldoc,30,false,1936,0.96635,1,CR9f3683203-41,1.0,false,#5E7300
15.807959,11.360217,Ttr,1,false,1937,0.98517,2,CR9f3683203-1,1.0,false,#EDCC64
107.232474,71.120134,Aldoc,30,false,1938,0.9916,3,CR9f3683203-41,1.0,false,#FA006C
113.516836,34.341583,Slc17a7,0,true,1939,0.9419,3,CR9f3683203-26,1.0,false,#F0D163
128.252782,49.487815,Ttr,23,false,1940,0.99163,3,CR9f3683203-38,1.0,false,#FA0067
91.592381,66.553166,Slc17a7,29,false,1941,0.99182,3,CR9f3683203-35,1.0,false,#3C2083
107.672559,125.384496,Aldoc,54,false,1942,0.99146,3,CR9f3683203-57,1.0,false,#0091C9
143.609901,71.647273,Slc17a7,32,false,1943,0.99187,3,CR9f3683203-51,1.0,false,#94B4E0
34.494356,86.671369,Pdgfra,34,false,1944,0.98653,2,CR9f3683203-21,1.0,false,#606D00
47.947184,36.118394,Pdgfra,0,true,1945,0.97535,3,CR9f3683203-10,1.0,false,#00B758
108.914846,109.162084,Gad1,46,false,1946,0.99076,2,CR9f3683203-54,1.0,false,#9EB2DE
143.363376,55.010397,Pdgfra,24,false,1947,0.92988,3,CR9f3683203-46,0.98,false,#00A1FF
144.50248,89.162477,Ttr,40,false,1948,0.99186,2,CR9f3683203-55,1.0,false,#004900
71.234401,27.526038,Aldoc,12,false,1949,0.94531,1,CR9f3683203-12,1.0,false,#00978F
52.798402,51.578721,Gad1,19,false,1950,0.99172,2,CR9f3683203-15,1.0,false,#DA4D00
25.563813,149.224023,Gad1,58,false,1951,0.25493,2,CR9f3683203-43,1.0,false,#305876
28.126683,51.420655,Sox10,18,false,1952,0.99013,3,CR9f3683203-9,1.0,false,#00C3DA
46.347345,49.620093,Pdgfra,19,false,1953,0.98337,2,CR9f3683203-15,1.0,false,#5B92EE
86.212101,11.42102,Aldoc,5,false,1954,0.99168,3,CR9f3683203-11,1.0,false,#DB3888
49.818865,53.408722,Gad1,19,false,1955,0.9905,2,CR9f3683203-15,1.0,false,#3A5CDE
89.491576,15.008204,Gad1,5,false,1956,0.98499,2,CR9f3683203-11,1.0,false,#32187C
134.156518,108.628861,Sox10,0,true,1957,0.00936,1,CR9f3683203-56,1.0,false,#FF007D
109.210994,86.626388,Gad1,38,false,1958,0.99185,3,CR9f3683203-44,1.0,false,#008D62
13.802798,51.595635,Slc17a7,17,false,1959,0.99187,3,CR9f3683203-4,1.0,false,#004429
68.790617,89.635113,Aldoc,36,false,1960,0.99172,3,CR9f3683203-30,1.0,false,#00C6D7
11.782405,92.586444,Slc17a7,33,false,1961,0.98868,1,CR9f3683203-14,0.92,false,#EC9567
128.634937,90.918388,Aldoc,39,false,1962,0.9769,3,CR9f3683203-50,1.0,false,#92427E
70.427838,29.025905,Ttr,12,false,1963,0.98789,1,CR9f3683203-12,1.0,false,#4A4E34
71.345734,89.480863,Pdgfra,36,false,1964,0.99139,3,CR9f3683203-30,1.0,false,#005D80
12.75552,65.863511,Gad1,25,false,1965,0.99182,2,CR9f3683203-8,1.0,false,#9EB1DC
16.735328,125.214832,Gad1,49,false,1966,0.98848,2,CR9f3683203-28,1.0,false,#00E6FF
143.481781,126.238522,Slc17a7,56,false,1967,0.99187,3,CR9f3683203-60,1.0,false,#00A0FF
140.080393,40.536498,Ttr,0,true,1968,0.0,1,,1.0,true,#6B412D
66.996159,130.088774,Sox10,52,false,1969,0.99038,2,CR9f3683203-45,1.0,false,#9F7E69
142.384698,12.329656,Slc17a7,8,false,1970,0.99153,3,CR9f3683203-32,1.0,false,#452082
97.530918,126.407516,Pdgfra,0,true,1971,0.00088,3,CR9f3683203-57,0.68,false,#005F90
138.446083,87.472313,Gad1,40,false,1972,0.54771,2,CR9f3683203-55,1.0,false,#0071FF
95.163372,82.847878,Ttr,0,true,1973,0.0,2,,0.96,true,#004900
51.556471,51.406202,Gad1,19,false,1974,0.99078,2,CR9f3683203-15,1.0,false,#5C442A
51.417103,82.523356,Aldoc,35,false,1975,0.95807,3,CR9f3683203-23,1.0,false,#00C4FF
11.749165,10.553289,Gad1,1,false,1976,0.99002,2,CR9f3683203-1,1.0,false,#00A1FF
16.381022,132.590414,Pdgfra,0,true,1977,8.0e-5,1,,0.54,true,#607100
31.300076,69.519618,Slc17a7,26,false,1978,0.99165,3,CR9f3683203-13,1.0,false,#0073FF
92.557872,66.021748,Slc17a7,29,false,1979,0.99111,3,CR9f3683203-35,1.0,false,#5F8BFD
46.325017,123.917345,Aldoc,51,false,1980,0.99179,3,CR9f3683203-37,1.0,false,#00442A
145.894096,108.845589,Aldoc,48,false,1981,0.99156,3,CR9f3683203-59,1.0,false,#79E157
125.729601,47.770387,Slc17a7,23,false,1982,0.99185,3,CR9f3683203-38,1.0,false,#00C0CF
126.367698,46.109511,Slc17a7,23,false,1983,0.989,3,CR9f3683203-38,1.0,false,#6A7200
50.314969,28.554884,Slc17a7,11,false,1984,0.99156,3,CR9f3683203-10,1.0,false,#FFA3FF
48.809089,66.844196,Aldoc,27,false,1985,0.99178,1,CR9f3683203-16,1.0,false,#FF0080
107.933348,102.795312,Aldoc,46,false,1986,0.98988,1,CR9f3683203-54,1.0,false,#713C2B
50.453273,106.359383,Gad1,43,false,1987,0.99187,2,CR9f3683203-29,1.0,false,#600023
6.654556,128.724992,Gad1,49,false,1988,0.34252,2,CR9f3683203-28,1.0,false,#FB006D
64.746904,131.502325,Pdgfra,52,false,1989,0.26883,2,CR9f3683203-45,1.0,false,#CC00B4
10.60716,129.827709,Ttr,49,false,1990,0.96958,2,CR9f3683203-28,1.0,false,#EBCC64
148.285702,128.376006,Slc17a7,56,false,1991,0.99178,3,CR9f3683203-60,1.0,false,#005F8F
15.801755,31.788618,Aldoc,9,false,1992,0.99181,3,CR9f3683203-3,1.0,false,#617300
50.559461,64.733737,Aldoc,27,false,1993,0.9917,1,CR9f3683203-16,1.0,false,#783A2D
52.49465,9.827926,Ttr,3,false,1994,0.99168,3,CR9f3683203-6,1.0,false,#008E7D
90.496104,32.867774,Aldoc,13,false,1995,0.99161,2,CR9f3683203-20,1.0,false,#0060EF
148.006804,49.195784,Sox10,24,false,1996,0.9918,3,CR9f3683203-46,1.0,false,#7C2C00
96.702674,95.585076,Pdgfra,0,true,1997,0.0,1,,1.0,true,#00917A
24.244629,11.494043,Ttr,2,false,1998,0.83135,3,CR9f3683203-2,0.98,false,#00A1FF
145.554345,122.210749,Pdgfra,56,false,1999,0.98417,3,CR9f3683203-60,1.0,false,#FF7357
58.575454,8.672818,Pdgfra,0,true,2000,1.0e-5,3,,0.56,true,#00A1FF
104.970542,11.123361,Slc17a7,6,false,2001,0.99168,3,CR9f3683203-18,1.0,false,#DA3789
8.019338,29.763087,Gad1,9,false,2002,0.98259,1,CR9f3683203-3,1.0,false,#FF0080
123.520094,125.95781,Sox10,55,false,2003,0.99152,2,CR9f3683203-58,1.0,false,#AB8061
126.773486,11.589532,Gad1,7,false,2004,0.99185,2,CR9f3683203-24,1.0,false,#B64B1F
28.850508,127.994,Gad1,50,false,2005,0.99186,3,CR9f3683203-31,1.0,false,#6A6900
91.540608,51.545249,Ttr,21,false,2006,0.98666,3,CR9f3683203-25,1.0,false,#005F96
144.809316,146.348246,Pdgfra,0,true,2007,0.0,3,,1.0,true,#5B94F5
82.773998,56.039869,Aldoc,0,true,2008,0.00666,1,CR9f3683203-25,1.0,false,#00C6DA
49.106016,52.160001,Gad1,19,false,2009,0.99166,2,CR9f3683203-15,1.0,false,#C74A00
145.538028,6.35165,Gad1,8,false,2010,0.98929,3,CR9f3683203-32,1.0,false,#00B449
144.849332,64.596773,Gad1,32,false,2011,0.95973,3,CR9f3683203-51,1.0,false,#00BA56
13.687122,120.342956,Aldoc,49,false,2012,0.50971,1,CR9f3683203-28,1.0,false,#003E4C
33.189771,67.388235,Slc17a7,26,false,2013,0.98725,3,CR9f3683203-13,1.0,false,#89006C
110.433792,65.014314,Aldoc,30,false,2014,0.7986,1,CR9f3683203-41,1.0,false,#2DAFFF
52.974687,136.624089,Slc17a7,0,true,2015,0.0,3,,0.88,true,#006EFD
145.894167,29.943274,Gad1,16,false,2016,0.99186,2,CR9f3683203-39,1.0,false,#009064
148.427129,42.016354,Gad1,0,true,2017,0.00484,2,CR9f3683203-39,1.0,false,#8FADD5
144.92242,86.578457,Aldoc,40,false,2018,0.99118,2,CR9f3683203-55,1.0,false,#4F4D34
30.713,48.965744,Aldoc,18,false,2019,0.99166,3,CR9f3683203-9,1.0,false,#D13178
125.830337,14.485749,Gad1,7,false,2020,0.98833,2,CR9f3683203-24,1.0,false,#00B74C
44.302288,133.006909,Aldoc,51,false,2021,0.00068,1,CR9f3683203-37,0.98,false,#00452B
49.456003,123.337587,Slc17a7,51,false,2022,0.99131,3,CR9f3683203-37,1.0,false,#00A1FF
48.074404,68.756642,Aldoc,27,false,2023,0.99094,1,CR9f3683203-16,1.0,false,#666300
125.830181,69.853526,Gad1,31,false,2024,0.98826,2,CR9f3683203-49,1.0,false,#A77F63
127.992439,107.026862,Sox10,47,false,2025,0.98937,3,CR9f3683203-56,1.0,false,#009683
12.965945,68.297397,Gad1,25,false,2026,0.99015,2,CR9f3683203-8,1.0,false,#5C85F9
12.142328,126.579633,Gad1,49,false,2027,0.99152,2,CR9f3683203-28,1.0,false,#00462C
30.829587,130.606827,Slc17a7,50,false,2028,0.99068,3,CR9f3683203-31,1.0,false,#74E3FF
144.382517,127.9288,Aldoc,56,false,2029,0.99158,3,CR9f3683203-60,1.0,false,#D53174
104.362775,124.280608,Gad1,54,false,2030,0.99179,1,CR9f3683203-57,1.0,false,#00A1FF
106.949633,106.805132,Sox10,46,false,2031,0.99175,2,CR9f3683203-54,1.0,false,#434F36
29.887198,130.657414,Slc17a7,50,false,2032,0.98953,3,CR9f3683203-31,1.0,false,#973F7A
12.629134,52.758542,Slc17a7,17,false,2033,0.99187,3,CR9f3683203-4,1.0,false,#004A2E
31.814203,143.134093,Gad1,58,false,2034,0.99149,2,CR9f3683203-43,1.0,false,#009365
120.624513,30.064911,Pdgfra,15,false,2035,0.96453,1,CR9f3683203-34,1.0,false,#D179DE
143.510059,124.115558,Pdgfra,56,false,2036,0.9906,3,CR9f3683203-60,1.0,false,#FE7560
73.852127,31.209586,Aldoc,12,false,2037,0.94024,1,CR9f3683203-12,1.0,false,#00C4FF
9.147367,68.267415,Ttr,25,false,2038,0.99062,2,CR9f3683203-8,1.0,false,#53492E
109.640611,34.727971,Pdgfra,14,false,2039,0.9881,3,CR9f3683203-26,1.0,false,#9D54FE
120.165342,153.939176,Aldoc,0,true,2040,0.0,1,,1.0,true,#005F97
108.458228,50.779573,Pdgfra,22,false,2041,0.99148,2,CR9f3683203-33,1.0,false,#554C30
92.391566,131.055132,Aldoc,0,true,2042,0.00339,1,CR9f3683203-52,0.96,false,#DC398D
9.453644,147.151002,Pdgfra,57,false,2043,0.94149,1,CR9f3683203-36,1.0,false,#009999
54.296675,128.987115,Ttr,51,false,2044,0.7407,1,CR9f3683203-37,1.0,false,#E7976B
40.374815,98.365978,Ttr,0,true,2045,0.0,2,,1.0,true,#00A1FF
68.389053,71.882326,Sox10,28,false,2046,0.99152,2,CR9f3683203-22,1.0,false,#292184
108.77526,126.379919,Aldoc,54,false,2047,0.99187,3,CR9f3683203-57,1.0,false,#9D7A64
87.361328,121.482567,Ttr,53,false,2048,0.98803,3,CR9f3683203-52,1.0,false,#DD9560
30.360643,26.574587,Gad1,10,false,2049,0.99185,2,CR9f3683203-5,1.0,false,#0A1F15
50.358721,49.686026,Slc17a7,19,false,2050,0.99113,2,CR9f3683203-15,1.0,false,#5C85F9
83.965933,30.141905,Gad1,13,false,2051,0.96061,2,CR9f3683203-20,1.0,false,#00966A
90.322908,128.931484,Slc17a7,53,false,2052,0.96386,3,CR9f3683203-52,1.0,false,#F3D2BD
52.259155,11.41581,Sox10,3,false,2053,0.99178,3,CR9f3683203-6,1.0,false,#FF007A
53.933022,147.624066,Gad1,59,false,2054,0.97048,3,CR9f3683203-48,1.0,false,#00A2FF
106.803899,66.891054,Sox10,30,false,2055,0.99178,3,CR9f3683203-41,1.0,false,#0089CA
85.440934,53.365829,Aldoc,21,false,2056,0.9832,1,CR9f3683203-25,1.0,false,#763B2D
71.891204,67.7554,Gad1,28,false,2057,0.98642,2,CR9f3683203-22,1.0,false,#419000
27.200076,147.988489,Gad1,58,false,2058,0.97851,2,CR9f3683203-43,1.0,false,#341600
111.272445,47.958236,Sox10,22,false,2059,0.96894,2,CR9f3683203-33,1.0,false,#005E8B
45.326938,4.712926,Aldoc,3,false,2060,0.0119,1,CR9f3683203-6,1.0,false,#ED9567
142.05315,69.780372,Slc17a7,32,false,2061,0.99183,3,CR9f3683203-51,1.0,false,#0072FF
52.505414,11.980685,Sox10,3,false,2062,0.99186,3,CR9f3683203-6,1.0,false,#E5986E
127.885916,12.961386,Aldoc,7,false,2063,0.99185,2,CR9f3683203-24,1.0,false,#005F8A
85.796757,106.498004,Aldoc,45,false,2064,0.99179,3,CR9f3683203-47,1.0,false,#005F97
126.736546,126.438859,Gad1,55,false,2065,0.99172,2,CR9f3683203-58,1.0,false,#B04B1E
46.401011,88.379436,Sox10,35,false,2066,0.97838,3,CR9f3683203-23,1.0,false,#009A98
33.943924,117.332739,Gad1,0,true,2067,4.0e-5,2,,0.42,true,#008D62
33.66425,100.08267,Aldoc,42,false,2068,0.02737,1,CR9f3683203-27,1.0,false,#245D05
70.769711,30.48878,Pdgfra,12,false,2069,0.99152,1,CR9f3683203-12,1.0,false,#56472C
13.680089,126.960493,Slc17a7,49,false,2070,0.98964,2,CR9f3683203-28,1.0,false,#0071FF
124.697034,84.311773,Ttr,39,false,2071,0.98875,3,CR9f3683203-50,1.0,false,#6B422E
17.47577,128.277131,Gad1,49,false,2072,0.94257,2,CR9f3683203-28,1.0,false,#76392B
14.206662,39.568178,Aldoc,9,false,2073,0.00076,1,CR9f3683203-3,0.98,false,#ED9567
26.761858,29.325619,Ttr,0,true,2074,0.95579,2,CR9f3683203-5,1.0,false,#00A1FF
52.729927,8.570675,Pdgfra,3,false,2075,0.99184,3,CR9f3683203-6,1.0,false,#D17CE2
106.705587,106.132352,Pdgfra,0,true,2076,0.99052,2,CR9f3683203-54,1.0,false,#425036
35.864325,127.923692,Sox10,50,false,2077,0.98465,3,CR9f3683203-31,1.0,false,#005B7A
32.113532,111.102198,Aldoc,42,false,2078,0.98611,1,CR9f3683203-27,1.0,false,#ED9567
106.295479,48.918489,Gad1,22,false,2079,0.99165,2,CR9f3683203-33,1.0,false,#CA4A00
127.030584,52.187649,Aldoc,23,false,2080,0.98966,3,CR9f3683203-38,1.0,false,#00A1FF
12.834705,15.684643,Aldoc,1,false,2081,0.98691,2,CR9f3683203-1,1.0,false,#004026
28.308221,12.627562,Ttr,2,false,2082,0.99186,3,CR9f3683203-2,1.0,false,#F0D0B5
27.012519,104.224208,Aldoc,42,false,2083,0.32103,1,CR9f3683203-27,1.0,false,#D03076
143.949878,86.549701,Ttr,40,false,2084,0.99059,2,CR9f3683203-55,1.0,false,#005E7C
65.175084,108.871602,Slc17a7,44,false,2085,0.99178,3,CR9f3683203-40,1.0,false,#008DCB
29.834507,9.521942,Slc17a7,2,false,2086,0.99187,3,CR9f3683203-2,1.0,false,#79E057
30.192939,9.811217,Slc17a7,2,false,2087,0.99185,3,CR9f3683203-2,1.0,false,#00966C
105.998253,70.521219,Ttr,30,false,2088,0.9912,3,CR9f3683203-41,1.0,false,#006193
29.482254,11.204514,Slc17a7,2,false,2089,0.99103,3,CR9f3683203-2,1.0,false,#FFA3FF
87.67645,31.141405,Gad1,13,false,2090,0.99071,2,CR9f3683203-20,1.0,false,#00BFFF
48.905575,38.739497,Slc17a7,11,false,2091,0.09587,3,CR9f3683203-10,1.0,false,#008F77
35.964989,62.508229,Gad1,0,true,2092,0.0,2,,0.94,true,#005E93
87.743231,27.205924,Gad1,0,true,2093,0.98499,2,CR9f3683203-20,1.0,false,#CC00B4
67.700272,14.709551,Gad1,4,false,2094,0.99084,2,CR9f3683203-7,1.0,false,#EECC63
13.594833,29.17788,Aldoc,9,false,2095,0.99159,1,CR9f3683203-3,1.0,false,#009C9C
66.989386,68.478451,Ttr,28,false,2096,0.98955,2,CR9f3683203-22,1.0,false,#FF0081
15.116445,124.319004,Gad1,49,false,2097,0.99172,2,CR9f3683203-28,1.0,false,#006CFF
16.273227,29.843477,Sox10,9,false,2098,0.99174,3,CR9f3683203-3,1.0,false,#656400
110.896175,30.280251,Aldoc,14,false,2099,0.99145,3,CR9f3683203-26,1.0,false,#009482
142.439982,69.206741,Slc17a7,32,false,2100,0.99186,3,CR9f3683203-51,1.0,false,#973E79
25.54333,47.659833,Aldoc,18,false,2101,0.76053,1,CR9f3683203-9,1.0,false,#008D77
13.594174,127.020026,Gad1,49,false,2102,0.98983,2,CR9f3683203-28,1.0,false,#0071FF
12.601861,10.173793,Slc17a7,1,false,2103,0.99088,2,CR9f3683203-1,1.0,false,#5A8CF3
46.968512,86.693979,Slc17a7,35,false,2104,0.99106,3,CR9f3683203-23,1.0,false,#8B006F
139.856212,51.144632,Pdgfra,24,false,2105,0.92909,3,CR9f3683203-46,1.0,false,#005F96
108.86667,48.298184,Slc17a7,22,false,2106,0.99187,2,CR9f3683203-33,1.0,false,#00B147
35.47783,71.214488,Slc17a7,26,false,2107,0.98808,3,CR9f3683203-13,1.0,false,#96407B
69.933678,103.905725,Sox10,44,false,2108,0.97157,3,CR9f3683203-40,1.0,false,#FB734C
10.926147,109.625783,Sox10,41,false,2109,0.98766,3,CR9f3683203-17,1.0,false,#8A006E
89.960029,34.276852,Gad1,13,false,2110,0.99096,2,CR9f3683203-20,1.0,false,#009264
106.783836,105.519154,Gad1,46,false,2111,0.99039,2,CR9f3683203-54,1.0,false,#53492E
30.191522,69.050583,Slc17a7,26,false,2112,0.9909,3,CR9f3683203-13,1.0,false,#9F53FE
89.433381,122.587249,Slc17a7,53,false,2113,0.99095,3,CR9f3683203-52,1.0,false,#96447F
145.053101,7.771205,Slc17a7,8,false,2114,0.99177,3,CR9f3683203-32,1.0,false,#00B759
65.211757,69.917,Gad1,28,false,2115,0.98811,2,CR9f3683203-22,1.0,false,#00A1FF
68.891376,147.326398,Gad1,60,false,2116,0.98928,3,CR9f3683203-53,1.0,false,#723C2C
52.142153,88.230151,Slc17a7,35,false,2117,0.99122,3,CR9f3683203-23,1.0,false,#DA347A
53.667333,48.866719,Gad1,19,false,2118,0.98741,2,CR9f3683203-15,1.0,false,#004900
86.893499,85.11849,Gad1,37,false,2119,0.98782,2,CR9f3683203-42,1.0,false,#005C82
9.493085,106.599888,Slc17a7,41,false,2120,0.99187,3,CR9f3683203-17,1.0,false,#EFD063
92.623302,10.36256,Slc17a7,5,false,2121,0.77572,3,CR9f3683203-11,1.0,false,#688109
148.277671,104.237554,Aldoc,48,false,2122,0.98945,3,CR9f3683203-59,1.0,false,#00C6D7
156.590655,51.322413,Ttr,0,true,2123,0.0,2,,1.0,true,#285471
9.471307,60.963323,Gad1,0,true,2124,0.0,2,,0.56,true,#CA4A00
141.945791,126.590475,Gad1,56,false,2125,0.98988,3,CR9f3683203-60,1.0,false,#6C7000
70.964093,31.045833,Sox10,12,false,2126,0.99185,1,CR9f3683203-12,1.0,false,#60442C
114.010272,2.476235,Slc17a7,0,true,2127,0.0,3,,1.0,true,#005F97
144.587576,69.62675,Slc17a7,32,false,2128,0.99179,3,CR9f3683203-51,1.0,false,#5E92FC
106.510317,11.284714,Aldoc,6,false,2129,0.99166,3,CR9f3683203-18,1.0,false,#6257CD
126.790037,90.20685,Aldoc,39,false,2130,0.99131,3,CR9f3683203-50,1.0,false,#8F4583
124.637994,88.065757,Sox10,39,false,2131,0.99129,3,CR9f3683203-50,1.0,false,#656400
43.263499,146.043994,Gad1,59,false,2132,0.60711,2,CR9f3683203-43,0.92,false,#FA006A
66.398161,142.25578,Sox10,60,false,2133,0.9894,3,CR9f3683203-53,1.0,false,#009692
45.558912,124.95722,Slc17a7,51,false,2134,0.99185,3,CR9f3683203-37,1.0,false,#666900
49.059344,144.307935,Slc17a7,59,false,2135,0.99034,3,CR9f3683203-48,1.0,false,#CC0000
29.580002,93.087088,Ttr,34,false,2136,0.9802,2,CR9f3683203-21,1.0,false,#5F8CFB
90.697362,69.00254,Slc17a7,29,false,2137,0.99148,3,CR9f3683203-35,1.0,false,#66002A
125.820551,50.034705,Slc17a7,23,false,2138,0.9915,3,CR9f3683203-38,1.0,false,#321C7F
53.633576,34.036392,Pdgfra,11,false,2139,0.93882,3,CR9f3683203-10,1.0,false,#00492D
112.134125,128.383555,Sox10,54,false,2140,0.43702,1,CR9f3683203-57,1.0,false,#617E0C
109.04887,109.911337,Gad1,46,false,2141,0.98807,2,CR9f3683203-54,1.0,false,#01BD56
72.419305,49.248098,Gad1,20,false,2142,0.99075,3,CR9f3683203-19,1.0,false,#005C7E
104.84222,50.495543,Pdgfra,22,false,2143,0.99172,2,CR9f3683203-33,1.0,false,#AD8060
7.685771,88.561086,Pdgfra,33,false,2144,0.98252,1,CR9f3683203-14,1.0,false,#AC7B5B
85.252576,51.633671,Ttr,21,false,2145,0.99106,3,CR9f3683203-25,1.0,false,#763B2D
142.76043,67.973334,Aldoc,32,false,2146,0.99155,3,CR9f3683203-51,1.0,false,#00C5FF
66.534122,89.986189,Slc17a7,36,false,2147,0.98963,3,CR9f3683203-30,1.0,false,#DE9B76
127.519392,106.92657,Sox10,47,false,2148,0.98934,3,CR9f3683203-56,1.0,false,#00947E
146.566302,104.768924,Aldoc,48,false,2149,0.99186,3,CR9f3683203-59,1.0,false,#5F7C07
53.979574,125.802041,Aldoc,51,false,2150,0.97146,1,CR9f3683203-37,1.0,false,#285471
144.132973,98.920876,Slc17a7,0,true,2151,0.67158,3,CR9f3683203-59,0.98,false,#3D8767
51.707202,105.168629,Gad1,43,false,2152,0.98664,2,CR9f3683203-29,1.0,false,#AF4C21
109.25385,51.091502,Aldoc,22,false,2153,0.98766,2,CR9f3683203-33,1.0,false,#004C00
128.540742,47.746882,Aldoc,23,false,2154,0.98236,3,CR9f3683203-38,1.0,false,#008F7C
146.219867,69.271968,Slc17a7,32,false,2155,0.99178,3,CR9f3683203-51,1.0,false,#442082
127.857583,68.106342,Gad1,31,false,2156,0.98851,2,CR9f3683203-49,1.0,false,#004C00
147.317956,121.707327,Pdgfra,56,false,2157,0.85094,3,CR9f3683203-60,1.0,false,#FE755F
93.69335,133.844398,Pdgfra,0,true,2158,0.0,3,,0.98,true,#00A1FF
112.364162,71.563026,Sox10,30,false,2159,0.26159,1,CR9f3683203-41,1.0,false,#5E8010
86.248362,111.74346,Aldoc,45,false,2160,0.87132,1,CR9f3683203-47,1.0,false,#1D5070
144.752499,32.23777,Ttr,16,false,2161,0.98999,2,CR9f3683203-39,1.0,false,#262388
70.82438,140.347464,Aldoc,60,false,2162,0.98245,3,CR9f3683203-53,1.0,false,#00A1FF
14.914873,126.645915,Aldoc,49,false,2163,0.99019,2,CR9f3683203-28,1.0,false,#C74A00
68.039349,129.951097,Gad1,52,false,2164,0.99172,2,CR9f3683203-45,1.0,false,#B14C20
148.379288,85.374198,Slc17a7,40,false,2165,0.92861,3,CR9f3683203-55,1.0,false,#FF007A
105.589985,99.505541,Gad1,46,false,2166,0.10418,2,CR9f3683203-54,1.0,false,#B17F5B
76.150401,43.312959,Gad1,0,true,2167,0.0,2,,1.0,true,#FA734D
104.329968,83.802275,Slc17a7,38,false,2168,0.99053,3,CR9f3683203-44,1.0,false,#D53275
52.290046,53.672664,Gad1,19,false,2169,0.98778,2,CR9f3683203-15,1.0,false,#CF4B00
33.234106,122.684997,Slc17a7,50,false,2170,0.97765,3,CR9f3683203-31,1.0,false,#00BD5C
48.322926,8.668366,Pdgfra,3,false,2171,0.99128,3,CR9f3683203-6,1.0,false,#00608F
147.812236,51.069201,Aldoc,24,false,2172,0.99076,3,CR9f3683203-46,1.0,false,#28AFFF
91.564804,67.787621,Ttr,29,false,2173,0.99148,3,CR9f3683203-35,1.0,false,#32197C
148.68218,68.307492,Slc17a7,32,false,2174,0.99038,3,CR9f3683203-51,1.0,false,#C40000
35.872379,7.174343,Aldoc,0,true,2175,0.00026,1,CR9f3683203-2,0.84,false,#005F96
110.710157,89.382819,Slc17a7,38,false,2176,0.96944,3,CR9f3683203-44,1.0,false,#00976C
67.150078,36.447777,Slc17a7,12,false,2177,0.94951,3,CR9f3683203-12,0.98,false,#00A8CE
28.517604,92.102462,Gad1,34,false,2178,0.98643,2,CR9f3683203-21,1.0,false,#5A8DF1
126.094708,33.051723,Gad1,15,false,2179,0.99157,1,CR9f3683203-34,1.0,false,#454F35
107.363846,54.079941,Gad1,22,false,2180,0.98275,2,CR9f3683203-33,1.0,false,#59462E
70.84798,105.089237,Gad1,44,false,2181,0.98133,3,CR9f3683203-40,1.0,false,#FC7353
127.09916,26.947401,Slc17a7,15,false,2182,0.97242,3,CR9f3683203-34,1.0,false,#DD9B77
127.036681,29.060841,Aldoc,15,false,2183,0.99177,1,CR9f3683203-34,1.0,false,#783A2D
45.127932,51.317652,Slc17a7,19,false,2184,0.77997,3,CR9f3683203-15,1.0,false,#006CFF
122.970639,11.260701,Sox10,7,false,2185,0.98478,2,CR9f3683203-24,1.0,false,#CC00B4
11.457707,32.913979,Aldoc,9,false,2186,0.99063,1,CR9f3683203-3,1.0,false,#0C2014
124.170518,11.677384,Gad1,7,false,2187,0.99187,2,CR9f3683203-24,1.0,false,#7A2B00
91.005958,52.249367,Sox10,21,false,2188,0.98955,3,CR9f3683203-25,1.0,false,#FE0073
43.562828,138.08155,Pdgfra,0,true,2189,0.0,3,,1.0,true,#00462B
122.912088,14.662987,Aldoc,7,false,2190,0.99049,2,CR9f3683203-24,1.0,false,#D04B00
127.583084,85.584207,Aldoc,39,false,2191,0.99121,3,CR9f3683203-50,1.0,false,#D13179
146.161869,33.276014,Gad1,16,false,2192,0.99093,2,CR9f3683203-39,1.0,false,#00BCFE
68.073299,127.73324,Aldoc,52,false,2193,0.99183,2,CR9f3683203-45,1.0,false,#008D62
65.068686,33.454421,Aldoc,12,false,2194,0.98767,1,CR9f3683203-12,1.0,false,#5E7300
30.877087,48.044078,Aldoc,18,false,2195,0.99124,3,CR9f3683203-9,1.0,false,#D13178
11.478738,127.92978,Slc17a7,49,false,2196,0.99187,2,CR9f3683203-28,1.0,false,#008F65
128.794418,148.371742,Gad1,0,true,2197,0.0,2,,1.0,true,#005F97
107.509195,90.6074,Ttr,38,false,2198,0.98891,3,CR9f3683203-44,1.0,false,#DD9B77
90.729642,89.394653,Gad1,37,false,2199,0.99154,2,CR9f3683203-42,1.0,false,#ECCC64
29.632524,48.056063,Slc17a7,18,false,2200,0.98514,3,CR9f3683203-9,1.0,false,#62E3FF
13.420116,85.513327,Sox10,33,false,2201,0.98597,1,CR9f3683203-14,1.0,false,#9F7A63
107.046435,125.900009,Aldoc,54,false,2202,0.99078,3,CR9f3683203-57,1.0,false,#608617
10.664776,86.477803,Aldoc,33,false,2203,0.99143,1,CR9f3683203-14,1.0,false,#5F8517
124.006311,50.714133,Sox10,23,false,2204,0.99187,3,CR9f3683203-38,1.0,false,#DE996F
109.872793,31.449951,Pdgfra,14,false,2205,0.99187,3,CR9f3683203-26,1.0,false,#6C7B00
104.943274,125.670835,Slc17a7,54,false,2206,0.9917,3,CR9f3683203-57,1.0,false,#FF0079
143.70975,125.477683,Slc17a7,0,true,2207,0.99157,3,CR9f3683203-60,1.0,false,#D32F71
84.946672,32.076213,Aldoc,13,false,2208,0.98977,2,CR9f3683203-20,1.0,false,#00452A
146.643696,71.048978,Aldoc,32,false,2209,0.99186,3,CR9f3683203-51,1.0,false,#8D498A
48.525208,51.853635,Gad1,19,false,2210,0.98947,2,CR9f3683203-15,1.0,false,#C74A00
71.567668,48.335817,Ttr,20,false,2211,0.9904,3,CR9f3683203-19,1.0,false,#009785
50.939166,74.687724,Ttr,27,false,2212,0.06431,1,CR9f3683203-16,1.0,false,#105000
35.228924,65.3122,Aldoc,26,false,2213,0.29142,3,CR9f3683203-13,1.0,false,#647C00
32.199542,31.262738,Ttr,10,false,2214,0.99172,2,CR9f3683203-5,1.0,false,#594937
147.053811,10.954938,Slc17a7,8,false,2215,0.98828,3,CR9f3683203-32,1.0,false,#96447E
147.73889,69.220119,Slc17a7,32,false,2216,0.99157,3,CR9f3683203-51,1.0,false,#005000
52.347123,11.445923,Ttr,3,false,2217,0.99181,3,CR9f3683203-6,1.0,false,#FF0079
89.718691,67.195959,Slc17a7,29,false,2218,0.98994,3,CR9f3683203-35,1.0,false,#00947D
26.148456,14.761593,Slc17a7,2,false,2219,0.98285,3,CR9f3683203-2,1.0,false,#006EFD
79.150276,157.131501,Sox10,0,true,2220,0.0,1,,1.0,true,#008E76
14.185592,147.520996,Aldoc,57,false,2221,0.9901,3,CR9f3683203-36,1.0,false,#C74A00
85.298945,12.720446,Slc17a7,5,false,2222,0.99175,3,CR9f3683203-11,1.0,false,#FA0067
31.962812,145.432159,Gad1,58,false,2223,0.99158,2,CR9f3683203-43,1.0,false,#6F3A27
104.762459,10.957174,Aldoc,6,false,2224,0.99159,3,CR9f3683203-18,1.0,false,#DB388A
32.294763,122.789269,Slc17a7,50,false,2225,0.98907,3,CR9f3683203-31,1.0,false,#00B658
146.93035,6.785178,Gad1,8,false,2226,0.98495,3,CR9f3683203-32,1.0,false,#00B047
10.623292,103.383982,Aldoc,41,false,2227,0.99187,3,CR9f3683203-17,1.0,false,#FF0072
13.277324,69.302565,Ttr,25,false,2228,0.99123,2,CR9f3683203-8,1.0,false,#005D7E
118.843681,77.502718,Ttr,0,true,2229,0.0,2,,1.0,true,#004900
88.573396,4.749732,Pdgfra,5,false,2230,0.68388,3,CR9f3683203-11,1.0,false,#EDCBAA
124.795842,72.538148,Ttr,31,false,2231,0.99162,2,CR9f3683203-49,1.0,false,#155000
28.985715,129.622459,Slc17a7,50,false,2232,0.99177,3,CR9f3683203-31,1.0,false,#488B69
123.339543,29.736222,Sox10,15,false,2233,0.99187,1,CR9f3683203-34,1.0,false,#61ACFF
108.715601,127.785312,Gad1,54,false,2234,0.98914,3,CR9f3683203-57,1.0,false,#957A69
69.052621,11.253324,Ttr,4,false,2235,0.99141,2,CR9f3683203-7,1.0,false,#2C2287
38.812948,24.741596,Ttr,0,true,2236,2.0e-5,2,CR9f3683203-5,0.7,false,#EFCD64
108.979312,29.64177,Aldoc,0,true,2237,0.99185,3,CR9f3683203-26,1.0,false,#00966E
14.038717,71.019322,Gad1,25,false,2238,0.98848,2,CR9f3683203-8,1.0,false,#305A75
12.386118,52.212374,Slc17a7,17,false,2239,0.99176,3,CR9f3683203-4,1.0,false,#3E8767
30.769315,88.517255,Ttr,34,false,2240,0.9913,2,CR9f3683203-21,1.0,false,#2D5775
54.869396,48.939732,Aldoc,19,false,2241,0.97451,2,CR9f3683203-15,1.0,false,#004B00
84.170151,8.624185,Gad1,0,true,2242,0.99043,3,CR9f3683203-11,1.0,false,#00A2FF
130.164807,105.727122,Slc17a7,47,false,2243,0.98602,3,CR9f3683203-56,1.0,false,#FB0068
142.141222,12.702373,Slc17a7,8,false,2244,0.99186,3,CR9f3683203-32,1.0,false,#451F81
4.0608,157.292768,Aldoc,0,true,2245,0.0,1,,1.0,true,#ED9568
13.628746,107.81177,Ttr,41,false,2246,0.98982,3,CR9f3683203-17,1.0,false,#63E3FF
106.707335,27.773902,Slc17a7,14,false,2247,0.98065,3,CR9f3683203-26,1.0,false,#006DFC
108.517477,71.485469,Slc17a7,30,false,2248,0.98926,3,CR9f3683203-41,1.0,false,#008F7E
145.69715,45.861258,Aldoc,24,false,2249,0.94748,3,CR9f3683203-46,1.0,false,#637E07
33.790375,147.48234,Sox10,58,false,2250,0.99151,2,CR9f3683203-43,1.0,false,#947C6D
81.291103,83.593199,Pdgfra,0,true,2251,0.00391,3,CR9f3683203-30,0.5,false,#648514
87.841255,126.475063,Slc17a7,53,false,2252,0.99179,3,CR9f3683203-52,1.0,false,#00947F
12.830469,123.224815,Gad1,49,false,2253,0.98839,2,CR9f3683203-28,1.0,false,#F2D265
109.31525,107.07876,Sox10,46,false,2254,0.99185,2,CR9f3683203-54,1.0,false,#5B4632
111.526535,119.590665,Aldoc,54,false,2255,0.00029,1,CR9f3683203-57,0.9,false,#783A2D
69.407091,69.2062,Gad1,28,false,2256,0.99166,2,CR9f3683203-22,1.0,false,#54482E
122.117246,126.078842,Aldoc,55,false,2257,0.99111,2,CR9f3683203-58,1.0,false,#2C5DE4
69.415857,48.631829,Ttr,20,false,2258,0.99136,3,CR9f3683203-19,1.0,false,#005000
109.592579,64.256295,Sox10,30,false,2259,0.71656,1,CR9f3683203-41,1.0,false,#00C6D8
66.866191,71.575136,Pdgfra,28,false,2260,0.99132,2,CR9f3683203-22,1.0,false,#5D8FF4
49.626017,122.282905,Aldoc,51,false,2261,0.99155,3,CR9f3683203-37,1.0,false,#FA006B
141.868694,129.731568,Gad1,56,false,2262,0.97294,3,CR9f3683203-60,1.0,false,#FE745B
35.231111,129.339973,Slc17a7,50,false,2263,0.98217,3,CR9f3683203-31,1.0,false,#005F91
87.675964,128.455434,Aldoc,53,false,2264,0.98566,3,CR9f3683203-52,1.0,false,#3C8767
105.938437,16.041186,Aldoc,6,false,2265,0.98726,3,CR9f3683203-18,1.0,false,#967A69
89.796993,90.282831,Gad1,37,false,2266,0.98857,2,CR9f3683203-42,1.0,false,#AF805E
41.210962,130.413118,Pdgfra,51,false,2267,1.0e-5,3,CR9f3683203-37,0.44,false,#00A1FF
74.431406,71.720779,Slc17a7,0,true,2268,0.00103,3,CR9f3683203-22,0.98,false,#688109
10.284793,101.698009,Aldoc,41,false,2269,0.99078,3,CR9f3683203-17,1.0,false,#00BED3
142.011791,105.350838,Aldoc,48,false,2270,0.98911,3,CR9f3683203-59,1.0,false,#00958B
15.661535,32.257227,Slc17a7,9,false,2271,0.99178,3,CR9f3683203-3,1.0,false,#627400
87.551268,52.609862,Pdgfra,21,false,2272,0.99185,3,CR9f3683203-25,1.0,false,#00C1D5
91.009894,66.87096,Sox10,29,false,2273,0.99152,3,CR9f3683203-35,1.0,false,#003A80
60.060654,70.56891,Aldoc,28,false,2274,0.00096,1,CR9f3683203-22,0.98,false,#5F7A04
46.598935,106.083368,Aldoc,43,false,2275,0.99187,2,CR9f3683203-29,1.0,false,#977C6C
12.181156,127.098192,Aldoc,49,false,2276,0.99136,2,CR9f3683203-28,1.0,false,#00462B
90.144005,12.138232,Sox10,5,false,2277,0.99049,3,CR9f3683203-11,1.0,false,#598BF9
1.106829,22.861809,Pdgfra,0,true,2278,0.0,3,,1.0,true,#005F97
31.759838,144.437697,Gad1,58,false,2279,0.99074,2,CR9f3683203-43,1.0,false,#007E23
145.591313,127.003558,Slc17a7,56,false,2280,0.99158,3,CR9f3683203-60,1.0,false,#EFCEB1
51.988584,51.713345,Pdgfra,19,false,2281,0.99185,2,CR9f3683203-15,1.0,false,#6D3A26
85.031986,33.420807,Slc17a7,13,false,2282,0.98923,2,CR9f3683203-20,1.0,false,#677E00
104.252752,8.669727,Aldoc,6,false,2283,0.9732,3,CR9f3683203-18,1.0,false,#008E7D
109.716509,51.445701,Gad1,22,false,2284,0.99125,2,CR9f3683203-33,1.0,false,#052017
84.967147,49.417866,Aldoc,21,false,2285,0.99122,3,CR9f3683203-25,1.0,false,#917B6E
32.029382,49.597945,Pdgfra,18,false,2286,0.9914,3,CR9f3683203-9,1.0,false,#967A69
70.791543,87.289724,Aldoc,36,false,2287,0.99135,3,CR9f3683203-30,1.0,false,#00958B
51.710662,51.380049,Gad1,19,false,2288,0.99134,2,CR9f3683203-15,1.0,false,#5D442B
85.207776,128.720344,Slc17a7,53,false,2289,0.89359,3,CR9f3683203-52,1.0,false,#005F96
146.223327,127.590724,Pdgfra,56,false,2290,0.99182,3,CR9f3683203-60,1.0,false,#005F8E
8.33835,11.110161,Slc17a7,1,false,2291,0.98538,2,CR9f3683203-1,1.0,false,#2D2184
67.985691,84.801286,Pdgfra,36,false,2292,0.98625,1,CR9f3683203-30,1.0,false,#D487F3
27.816792,68.733528,Ttr,26,false,2293,0.99157,3,CR9f3683203-13,1.0,false,#00A2FF
106.587935,88.208028,Aldoc,38,false,2294,0.99066,3,CR9f3683203-44,1.0,false,#00472B
90.673831,90.147261,Gad1,37,false,2295,0.99069,2,CR9f3683203-42,1.0,false,#F2D066
50.146316,11.221932,Aldoc,3,false,2296,0.99101,3,CR9f3683203-6,1.0,false,#9DB0D9
29.570267,106.915888,Aldoc,42,false,2297,0.99145,3,CR9f3683203-27,1.0,false,#009A94
104.347613,88.48674,Gad1,38,false,2298,0.9913,3,CR9f3683203-44,1.0,false,#FD7353
85.343045,121.282675,Slc17a7,53,false,2299,0.98515,3,CR9f3683203-52,1.0,false,#442082
117.102986,58.783888,Gad1,0,true,2300,0.0,2,,1.0,true,#2B2286
108.224968,45.149661,Gad1,22,false,2301,0.88667,2,CR9f3683203-33,1.0,false,#98B0D9
32.505823,49.299765,Aldoc,18,false,2302,0.99184,3,CR9f3683203-9,1.0,false,#9C7A65
89.687309,85.34318,Gad1,37,false,2303,0.9909,2,CR9f3683203-42,1.0,false,#F1D265
9.126692,88.358255,Aldoc,33,false,2304,0.99186,1,CR9f3683203-14,1.0,false,#49ADFF
72.658347,111.233859,Slc17a7,0,true,2305,0.91238,3,CR9f3683203-40,1.0,false,#009889
32.849938,124.632779,Gad1,50,false,2306,0.99151,3,CR9f3683203-31,1.0,false,#00A2FF
127.680991,127.434917,Gad1,55,false,2307,0.99019,2,CR9f3683203-58,1.0,false,#361500
30.786222,124.713287,Slc17a7,50,false,2308,0.99084,3,CR9f3683203-31,1.0,false,#5E92FA
145.944295,50.925702,Aldoc,24,false,2309,0.98917,3,CR9f3683203-46,1.0,false,#00C0D6
10.653186,149.596295,Aldoc,57,false,2310,0.95437,3,CR9f3683203-36,1.0,false,#008FC9
12.310851,86.322739,Pdgfra,33,false,2311,0.99158,1,CR9f3683203-14,1.0,false,#5E7200
72.569916,53.074129,Slc17a7,20,false,2312,0.98302,3,CR9f3683203-19,1.0,false,#C60000
54.896843,60.628221,Sox10,27,false,2313,4.0e-5,1,CR9f3683203-16,0.86,false,#5E7902
105.150487,122.939637,Pdgfra,54,false,2314,0.99119,1,CR9f3683203-57,1.0,false,#917B6D
43.980683,143.094318,Gad1,0,true,2315,0.17355,2,CR9f3683203-43,0.88,false,#007F26
46.445051,107.666164,Gad1,43,false,2316,0.99172,2,CR9f3683203-29,1.0,false,#9A7D6B
26.097245,16.246679,Slc17a7,2,false,2317,0.95066,3,CR9f3683203-2,1.0,false,#0072FF
30.466213,5.551915,Slc17a7,2,false,2318,0.27896,3,CR9f3683203-2,1.0,false,#DC9255
17.551869,140.164457,Slc17a7,0,true,2319,0.00249,3,CR9f3683203-36,1.0,false,#005F8D
47.751935,25.704475,Slc17a7,11,false,2320,0.96825,3,CR9f3683203-10,1.0,false,#00C6D5
51.219493,125.05309,Gad1,51,false,2321,0.9917,2,CR9f3683203-37,1.0,false,#FF0085
144.351555,69.309532,Slc17a7,32,false,2322,0.99178,3,CR9f3683203-51,1.0,false,#5E91FC
53.565247,145.629016,Slc17a7,59,false,2323,0.98879,3,CR9f3683203-48,1.0,false,#005F8C
14.496607,49.908157,Slc17a7,17,false,2324,0.98776,3,CR9f3683203-4,1.0,false,#FA7767
67.175453,125.545493,Gad1,52,false,2325,0.99187,2,CR9f3683203-45,1.0,false,#FC006F
107.347977,87.446363,Slc17a7,38,false,2326,0.98891,3,CR9f3683203-44,1.0,false,#00976C
44.26605,108.711447,Gad1,43,false,2327,0.94265,2,CR9f3683203-29,1.0,false,#BB4B1E
30.334374,18.786698,Pdgfra,2,false,2328,0.0088,3,CR9f3683203-2,0.98,false,#CD0000
92.116875,110.970901,Gad1,45,false,2329,0.95563,2,CR9f3683203-47,1.0,false,#594C32
108.110285,66.725783,Aldoc,30,false,2330,0.98805,3,CR9f3683203-41,1.0,false,#0089C8
134.092946,107.673002,Ttr,0,true,2331,0.02161,3,CR9f3683203-56,0.96,false,#FF007B
11.555711,105.112439,Slc17a7,41,false,2332,0.9911,3,CR9f3683203-17,1.0,false,#EBC9A6
113.192951,30.187796,Aldoc,14,false,2333,0.97448,3,CR9f3683203-26,1.0,false,#69E3FF
13.138267,31.892744,Pdgfra,9,false,2334,0.99168,1,CR9f3683203-3,1.0,false,#DA4D00
90.957693,30.488,Gad1,13,false,2335,0.99187,2,CR9f3683203-20,1.0,false,#5B91EE
12.253316,149.063472,Aldoc,57,false,2336,0.98906,3,CR9f3683203-36,1.0,false,#608517
104.041027,103.818373,Gad1,46,false,2337,0.98406,2,CR9f3683203-54,1.0,false,#00A1FF
107.07429,49.027687,Gad1,22,false,2338,0.99127,2,CR9f3683203-33,1.0,false,#007F27
63.46514,7.533598,Slc17a7,0,true,2339,0.24509,3,CR9f3683203-7,0.88,false,#00A0FF
13.679994,131.87903,Aldoc,49,false,2340,0.29161,1,CR9f3683203-28,1.0,false,#006191
67.93394,51.640487,Slc17a7,0,true,2341,0.99121,3,CR9f3683203-19,1.0,false,#8A006E
10.746287,9.832549,Pdgfra,1,false,2342,0.99171,2,CR9f3683203-1,1.0,false,#AD8060
69.686295,52.259427,Pdgfra,20,false,2343,0.99185,3,CR9f3683203-19,1.0,false,#8A006D
67.575209,99.985456,Sox10,44,false,2344,0.0011,3,CR9f3683203-40,0.9,false,#87006B
118.800186,85.46614,Sox10,39,false,2345,0.27804,1,CR9f3683203-50,1.0,false,#617000
128.748223,110.582438,Sox10,47,false,2346,0.98328,3,CR9f3683203-56,1.0,false,#005000
50.747204,12.560567,Pdgfra,3,false,2347,0.99135,3,CR9f3683203-6,1.0,false,#009185
69.233259,49.7222,Slc17a7,20,false,2348,0.99059,3,CR9f3683203-19,1.0,false,#EBC8A3
87.666906,65.139322,Ttr,29,false,2349,0.98981,3,CR9f3683203-35,1.0,false,#00A2FF
86.805271,9.541109,Pdgfra,5,false,2350,0.98954,3,CR9f3683203-11,1.0,false,#C40000
136.355814,59.764892,Pdgfra,0,true,2351,0.0,3,,1.0,true,#D9357D
138.2865,55.938201,Aldoc,0,true,2352,1.0e-5,1,CR9f3683203-46,0.56,false,#00452A
68.849638,28.10329,Sox10,0,true,2353,0.98914,1,CR9f3683203-12,1.0,false,#684532
69.546856,14.610498,Gad1,4,false,2354,0.99187,2,CR9f3683203-7,1.0,false,#CA4A00
126.084592,109.016905,Slc17a7,47,false,2355,0.99155,3,CR9f3683203-56,1.0,false,#00BD5C
150.403085,82.377056,Gad1,0,true,2356,0.00054,2,CR9f3683203-55,1.0,false,#FF007A
64.385236,52.028614,Slc17a7,20,false,2357,0.81099,3,CR9f3683203-19,1.0,false,#87006B
51.88187,9.306367,Ttr,3,false,2358,0.99187,3,CR9f3683203-6,1.0,false,#D279DE
84.524696,10.513359,Slc17a7,5,false,2359,0.98873,3,CR9f3683203-11,1.0,false,#00A0FF
66.520213,26.890163,Aldoc,12,false,2360,0.96525,1,CR9f3683203-12,1.0,false,#61ADFF
46.65427,140.705609,Gad1,0,true,2361,0.49831,2,CR9f3683203-48,0.56,false,#009269
72.812425,53.122109,Sox10,20,false,2362,0.97487,3,CR9f3683203-19,1.0,false,#CC0000
103.855132,50.352019,Gad1,22,false,2363,0.99182,2,CR9f3683203-33,1.0,false,#CF4B00
49.947183,107.614787,Gad1,43,false,2364,0.9916,2,CR9f3683203-29,1.0,false,#620026
93.206609,69.794646,Slc17a7,29,false,2365,0.98358,3,CR9f3683203-35,1.0,false,#D33072
145.322298,51.329982,Aldoc,24,false,2366,0.99,3,CR9f3683203-46,1.0,false,#00C1D7
31.302298,50.244903,Aldoc,18,false,2367,0.99161,3,CR9f3683203-9,1.0,false,#68442F
32.785899,90.747943,Gad1,34,false,2368,0.98919,2,CR9f3683203-21,1.0,false,#002F9B
13.833827,33.062919,Aldoc,9,false,2369,0.99184,1,CR9f3683203-3,1.0,false,#0B5100
53.444835,88.820686,Slc17a7,35,false,2370,0.99122,3,CR9f3683203-23,1.0,false,#72E3FF
144.915128,86.645919,Gad1,40,false,2371,0.99146,2,CR9f3683203-55,1.0,false,#4F4D34
15.041226,126.938058,Gad1,49,false,2372,0.99096,2,CR9f3683203-28,1.0,false,#CB4A00
102.944938,16.276374,Ttr,6,false,2373,0.92231,3,CR9f3683203-18,1.0,false,#00A1FF
32.397884,64.628598,Slc17a7,26,false,2374,0.70493,3,CR9f3683203-13,1.0,false,#00C5D4
67.448737,126.82303,Gad1,52,false,2375,0.99166,2,CR9f3683203-45,1.0,false,#00BBFD
125.634343,50.429067,Sox10,23,false,2376,0.99163,3,CR9f3683203-38,1.0,false,#FF007A
88.960999,31.870369,Gad1,13,false,2377,0.98988,2,CR9f3683203-20,1.0,false,#00BCFD
71.447739,68.847967,Sox10,28,false,2378,0.9908,2,CR9f3683203-22,1.0,false,#409000
43.694242,102.367784,Gad1,43,false,2379,0.19522,2,CR9f3683203-29,1.0,false,#00E7FF
30.51006,109.236626,Pdgfra,42,false,2380,0.99187,3,CR9f3683203-27,1.0,false,#009286
101.441283,16.605224,Ttr,6,false,2381,0.16125,3,CR9f3683203-18,1.0,false,#00A1FF
141.222668,63.956042,Pdgfra,32,false,2382,0.8371,3,CR9f3683203-51,1.0,false,#00A2FF
84.264782,26.595957,Gad1,13,false,2383,0.81717,2,CR9f3683203-20,1.0,false,#F9775D
50.418938,143.071383,Ttr,59,false,2384,0.99111,3,CR9f3683203-48,1.0,false,#FF0072
129.092052,48.072733,Ttr,23,false,2385,0.97573,3,CR9f3683203-38,1.0,false,#008F7C
145.677284,31.82081,Gad1,16,false,2386,0.987,2,CR9f3683203-39,1.0,false,#00BCFE
110.425505,48.979832,Gad1,22,false,2387,0.99164,2,CR9f3683203-33,1.0,false,#FF007B
123.217052,106.908991,Slc17a7,47,false,2388,0.99161,3,CR9f3683203-56,1.0,false,#00A1FF
86.845537,31.756919,Slc17a7,13,false,2389,0.99114,2,CR9f3683203-20,1.0,false,#0071FF
91.459208,20.575434,Pdgfra,0,true,2390,0.0,3,,1.0,true,#5B92F0
124.026116,73.149223,Ttr,31,false,2391,0.99096,2,CR9f3683203-49,1.0,false,#155000
30.043744,126.800719,Slc17a7,50,false,2392,0.99187,3,CR9f3683203-31,1.0,false,#FA734C
118.615436,46.663035,Gad1,23,false,2393,0.03403,2,CR9f3683203-33,0.54,false,#008F64
87.526211,108.195413,Aldoc,45,false,2394,0.99185,3,CR9f3683203-47,1.0,false,#5B4C31
106.026342,103.873202,Aldoc,46,false,2395,0.99127,2,CR9f3683203-54,1.0,false,#005E7B
13.352423,11.853167,Aldoc,1,false,2396,0.99168,2,CR9f3683203-1,1.0,false,#FF0085
47.162198,123.534532,Aldoc,51,false,2397,0.99119,3,CR9f3683203-37,1.0,false,#3E5CDD
66.489156,87.76974,Aldoc,36,false,2398,0.99153,3,CR9f3683203-30,1.0,false,#AB7B5C
16.884036,30.109914,Slc17a7,9,false,2399,0.99014,3,CR9f3683203-3,1.0,false,#666700
33.951373,85.856355,Gad1,34,false,2400,0.98908,2,CR9f3683203-21,1.0,false,#AE815F
104.294968,31.945625,Gad1,14,false,2401,0.98362,3,CR9f3683203-26,1.0,false,#00B449
106.03611,126.791969,Pdgfra,54,false,2402,0.99139,3,CR9f3683203-57,1.0,false,#00A1FF
34.806532,69.567286,Slc17a7,26,false,2403,0.98707,3,CR9f3683203-13,1.0,false,#3B8666
88.488713,51.965934,Aldoc,21,false,2404,0.99098,3,CR9f3683203-25,1.0,false,#009C9C
16.65692,10.447552,Gad1,1,false,2405,0.89383,2,CR9f3683203-1,1.0,false,#9EB0DB
143.623315,90.529892,Ttr,40,false,2406,0.98705,2,CR9f3683203-55,1.0,false,#00E2FF
31.285635,146.56336,Gad1,58,false,2407,0.99181,2,CR9f3683203-43,1.0,false,#004A00
51.986657,109.247694,Gad1,43,false,2408,0.97934,2,CR9f3683203-29,1.0,false,#3F5CDD
67.155547,72.976318,Gad1,28,false,2409,0.99166,2,CR9f3683203-22,1.0,false,#5A8CF4
124.672717,86.917818,Slc17a7,39,false,2410,0.9914,3,CR9f3683203-50,1.0,false,#626C00
52.736091,72.569534,Aldoc,27,false,2411,0.87788,1,CR9f3683203-16,1.0,false,#004A00
33.62108,75.181789,Aldoc,0,true,2412,0.94422,3,CR9f3683203-13,1.0,false,#BB7D9A
104.607028,123.850016,Aldoc,54,false,2413,0.99187,1,CR9f3683203-57,1.0,false,#584C32
84.691554,46.771799,Sox10,21,false,2414,0.97556,3,CR9f3683203-25,1.0,false,#005E8B
64.072352,19.019169,Sox10,4,false,2415,0.01179,1,CR9f3683203-7,0.98,false,#FF007F
70.098078,83.184947,Aldoc,36,false,2416,0.85872,1,CR9f3683203-30,1.0,false,#0081FF
35.003407,149.191909,Pdgfra,58,false,2417,0.98376,2,CR9f3683203-43,1.0,false,#005D86
32.290457,126.755736,Slc17a7,50,false,2418,0.9913,3,CR9f3683203-31,1.0,false,#DD955E
9.016156,73.244933,Gad1,0,true,2419,0.96665,2,CR9f3683203-8,1.0,false,#64402A
45.449551,128.880119,Pdgfra,0,true,2420,0.92404,3,CR9f3683203-37,1.0,false,#00452A
147.15042,105.053014,Aldoc,48,false,2421,0.99138,3,CR9f3683203-59,1.0,false,#5F800E
28.931831,89.089278,Gad1,34,false,2422,0.99172,2,CR9f3683203-21,1.0,false,#9C7D6A
30.612536,142.590716,Gad1,58,false,2423,0.99003,2,CR9f3683203-43,1.0,false,#7A2B00
88.265206,35.927256,Gad1,13,false,2424,0.96493,2,CR9f3683203-20,1.0,false,#00BDFF
91.723812,70.897884,Slc17a7,29,false,2425,0.98794,3,CR9f3683203-35,1.0,false,#9D54FE
46.665971,46.797873,Gad1,19,false,2426,0.9564,2,CR9f3683203-15,1.0,false,#00E5FF
51.927475,32.371689,Slc17a7,11,false,2427,0.99154,3,CR9f3683203-10,1.0,false,#EFD162
142.38348,8.481327,Slc17a7,8,false,2428,0.98566,3,CR9f3683203-32,1.0,false,#00BDCD
86.935019,66.40742,Slc17a7,29,false,2429,0.99135,3,CR9f3683203-35,1.0,false,#00B755
14.158403,28.918959,Slc17a7,9,false,2430,0.99187,3,CR9f3683203-3,1.0,false,#009C9C
49.119275,107.514909,Sox10,43,false,2431,0.99181,2,CR9f3683203-29,1.0,false,#600023
49.65589,36.437692,Ttr,11,false,2432,0.97699,3,CR9f3683203-10,1.0,false,#00B556
75.601535,139.687173,Ttr,0,true,2433,3.0e-5,2,,0.64,true,#8BAFD8
90.592963,65.57401,Slc17a7,29,false,2434,0.99187,3,CR9f3683203-35,1.0,false,#F80067
51.335363,91.950873,Slc17a7,35,false,2435,0.9888,3,CR9f3683203-23,1.0,false,#00956D
45.638326,62.476199,Pdgfra,27,false,2436,0.56668,1,CR9f3683203-16,1.0,false,#005E88
70.800924,68.024944,Ttr,28,false,2437,0.99097,2,CR9f3683203-22,1.0,false,#409000
30.714587,55.363593,Aldoc,18,false,2438,0.98739,3,CR9f3683203-9,1.0,false,#00C0D5
67.49267,68.629313,Gad1,28,false,2439,0.98794,2,CR9f3683203-22,1.0,false,#FE0077
84.657019,123.985811,Slc17a7,53,false,2440,0.99164,3,CR9f3683203-52,1.0,false,#FD7664
124.085667,88.99417,Pdgfra,39,false,2441,0.9915,3,CR9f3683203-50,1.0,false,#005D7B
32.040602,108.533266,Aldoc,42,false,2442,0.99178,3,CR9f3683203-27,1.0,false,#009A98
89.320602,109.233729,Pdgfra,45,false,2443,0.99095,3,CR9f3683203-47,1.0,false,#D585EF
31.01515,108.315692,Ttr,42,false,2444,0.99171,3,CR9f3683203-27,1.0,false,#009A99
67.223787,69.176592,Aldoc,28,false,2445,0.99105,2,CR9f3683203-22,1.0,false,#FF0084
9.977282,123.65063,Sox10,49,false,2446,0.97635,2,CR9f3683203-28,1.0,false,#371500
54.790003,68.228923,Aldoc,27,false,2447,0.97255,1,CR9f3683203-16,1.0,false,#AF7D5A
121.911296,45.522668,Slc17a7,23,false,2448,0.97767,3,CR9f3683203-38,1.0,false,#009480
109.72514,108.689636,Gad1,46,false,2449,0.99057,2,CR9f3683203-54,1.0,false,#00BA50
46.329269,88.618301,Aldoc,35,false,2450,0.96922,3,CR9f3683203-23,1.0,false,#009A99
30.629062,134.437884,Slc17a7,50,false,2451,0.00969,3,CR9f3683203-31,1.0,false,#D43173
89.627286,28.913565,Ttr,13,false,2452,0.99183,2,CR9f3683203-20,1.0,false,#5C84F9
108.280257,9.328316,Ttr,6,false,2453,0.98737,3,CR9f3683203-18,1.0,false,#D83787
88.312024,68.654666,Slc17a7,29,false,2454,0.99087,3,CR9f3683203-35,1.0,false,#FE745E
135.98895,20.956661,Slc17a7,0,true,2455,0.0,3,,1.0,true,#00A0FF
49.84628,143.472915,Slc17a7,59,false,2456,0.99096,3,CR9f3683203-48,1.0,false,#F90067
127.172727,83.627397,Gad1,39,false,2457,0.93441,2,CR9f3683203-50,1.0,false,#89ACD2
72.219226,146.619847,Aldoc,60,false,2458,0.988,3,CR9f3683203-53,1.0,false,#006190
125.780513,107.519551,Slc17a7,47,false,2459,0.9896,3,CR9f3683203-56,1.0,false,#00A1FF
49.469893,126.462693,Sox10,51,false,2460,0.99153,3,CR9f3683203-37,1.0,false,#00C5DB
57.477799,2.449208,Pdgfra,0,true,2461,0.0,3,,1.0,true,#004800
124.620245,34.339201,Aldoc,15,false,2462,0.99185,1,CR9f3683203-34,1.0,false,#CF86F1
46.720979,127.506574,Slc17a7,51,false,2463,0.98757,3,CR9f3683203-37,1.0,false,#6D7800
67.899448,31.72749,Aldoc,12,false,2464,0.99165,1,CR9f3683203-12,1.0,false,#5E8111
49.918855,85.733136,Pdgfra,35,false,2465,0.99145,3,CR9f3683203-23,1.0,false,#004126
48.731586,9.559834,Slc17a7,3,false,2466,0.99134,3,CR9f3683203-6,1.0,false,#00A2FF
127.115957,45.007128,Sox10,0,true,2467,0.93699,3,CR9f3683203-38,1.0,false,#676A00
16.079255,122.578934,Gad1,49,false,2468,0.91962,2,CR9f3683203-28,1.0,false,#607E07
86.608916,87.480038,Pdgfra,37,false,2469,0.98959,2,CR9f3683203-42,1.0,false,#656500
145.078682,129.838103,Pdgfra,56,false,2470,0.99105,3,CR9f3683203-60,1.0,false,#FE7456
12.743738,31.522703,Pdgfra,9,false,2471,0.99186,1,CR9f3683203-3,1.0,false,#004228
92.338327,125.181271,Gad1,53,false,2472,0.97786,2,CR9f3683203-52,1.0,false,#67810A
148.422788,29.64223,Gad1,16,false,2473,0.98755,2,CR9f3683203-39,1.0,false,#002F9C
90.918947,46.121399,Sox10,21,false,2474,0.9066,1,CR9f3683203-25,1.0,false,#CF82EC
28.719023,14.403224,Gad1,2,false,2475,0.99004,3,CR9f3683203-2,1.0,false,#00A2FF
12.302854,101.69976,Slc17a7,41,false,2476,0.99111,3,CR9f3683203-17,1.0,false,#668513
71.298175,107.701767,Slc17a7,44,false,2477,0.99143,3,CR9f3683203-40,1.0,false,#FB7766
66.976141,14.599644,Slc17a7,4,false,2478,0.99044,2,CR9f3683203-7,1.0,false,#EDCC62
146.658485,31.815445,Gad1,16,false,2479,0.98761,2,CR9f3683203-39,1.0,false,#009365
71.302062,17.650329,Gad1,4,false,2480,0.84135,2,CR9f3683203-7,1.0,false,#00B84D
110.421225,100.657144,Sox10,0,true,2481,0.27537,2,CR9f3683203-54,1.0,false,#00BBFD
128.718041,13.70508,Aldoc,7,false,2482,0.99149,2,CR9f3683203-24,1.0,false,#005F8B
11.912301,47.560119,Sox10,17,false,2483,0.99175,3,CR9f3683203-4,1.0,false,#600025
55.388294,51.703294,Gad1,19,false,2484,0.97422,2,CR9f3683203-15,1.0,false,#215EE7
69.901827,15.619119,Gad1,4,false,2485,0.99007,2,CR9f3683203-7,1.0,false,#F67860
151.207487,45.099704,Gad1,24,false,2486,0.00092,2,CR9f3683203-39,0.9,false,#77392C
144.898378,101.426357,Aldoc,48,false,2487,0.98989,1,CR9f3683203-59,1.0,false,#D94D00
15.204597,89.812837,Aldoc,33,false,2488,0.98852,1,CR9f3683203-14,1.0,false,#D38BFB
109.660684,107.664952,Gad1,46,false,2489,0.99149,2,CR9f3683203-54,1.0,false,#175172
118.193845,22.768884,Slc17a7,0,true,2490,0.0,3,,1.0,true,#F90066
89.578996,50.365638,Pdgfra,21,false,2491,0.99071,3,CR9f3683203-25,1.0,false,#006190
30.196615,70.907193,Slc17a7,26,false,2492,0.99117,3,CR9f3683203-13,1.0,false,#007E21
65.086551,142.093873,Ttr,60,false,2493,0.96537,3,CR9f3683203-53,1.0,false,#783A2D
64.273982,127.371319,Gad1,52,false,2494,0.98729,2,CR9f3683203-45,1.0,false,#C74A00
49.576927,90.385743,Slc17a7,35,false,2495,0.99121,3,CR9f3683203-23,1.0,false,#00C4D4
125.499167,76.709852,Gad1,31,false,2496,0.58812,2,CR9f3683203-49,1.0,false,#713928
29.476713,12.597523,Slc17a7,2,false,2497,0.99152,3,CR9f3683203-2,1.0,false,#73E3FF
131.818725,85.375022,Sox10,0,true,2498,0.19773,1,CR9f3683203-50,1.0,false,#BF7E9E
126.04701,70.926297,Gad1,31,false,2499,0.98789,2,CR9f3683203-49,1.0,false,#B04C20
91.071191,70.681447,Pdgfra,29,false,2500,0.99002,3,CR9f3683203-35,1.0,false,#006DFC
89.081651,49.504472,Gad1,21,false,2501,0.99052,3,CR9f3683203-25,1.0,false,#5A4936
127.828327,30.496825,Gad1,15,false,2502,0.99176,1,CR9f3683203-34,1.0,false,#AC7D5D
50.706506,64.671937,Aldoc,27,false,2503,0.99157,1,CR9f3683203-16,1.0,false,#005F97
110.515532,102.820815,Gad1,46,false,2504,0.98084,2,CR9f3683203-54,1.0,false,#F57861
72.094918,89.64239,Gad1,36,false,2505,0.99147,2,CR9f3683203-30,1.0,false,#4C4E33
53.024853,147.615945,Aldoc,59,false,2506,0.98938,3,CR9f3683203-48,1.0,false,#667E01
125.910856,34.808739,Aldoc,15,false,2507,0.99167,1,CR9f3683203-34,1.0,false,#D487F2
11.519683,50.782799,Gad1,17,false,2508,0.99002,3,CR9f3683203-4,1.0,false,#00A2FF
130.25794,10.668491,Slc17a7,7,false,2509,0.97027,3,CR9f3683203-24,1.0,false,#00A2FF
125.632053,107.88713,Slc17a7,47,false,2510,0.98988,3,CR9f3683203-56,1.0,false,#4A8B69
105.792713,126.519662,Aldoc,54,false,2511,0.99081,3,CR9f3683203-57,1.0,false,#00A1FF
111.836694,52.125142,Aldoc,22,false,2512,0.97576,2,CR9f3683203-33,1.0,false,#1B5171
126.300474,14.909515,Gad1,7,false,2513,0.99009,2,CR9f3683203-24,1.0,false,#5B8EF1
68.524283,33.357223,Sox10,12,false,2514,0.99035,1,CR9f3683203-12,1.0,false,#00968F
70.307693,31.722231,Gad1,12,false,2515,0.99055,1,CR9f3683203-12,1.0,false,#434F36
70.329077,108.888912,Pdgfra,44,false,2516,0.99185,3,CR9f3683203-40,1.0,false,#F87768
125.727931,33.732098,Pdgfra,0,true,2517,0.99187,1,CR9f3683203-34,1.0,false,#4D4E34
124.120816,12.924655,Gad1,7,false,2518,0.99143,2,CR9f3683203-24,1.0,false,#003487
69.282784,87.211274,Aldoc,36,false,2519,0.99183,3,CR9f3683203-30,1.0,false,#0082FF
8.456917,49.647977,Slc17a7,17,false,2520,0.98867,3,CR9f3683203-4,1.0,false,#00A2FF
146.120724,52.40675,Sox10,24,false,2521,0.99122,3,CR9f3683203-46,1.0,false,#008CCB
126.53872,48.139853,Pdgfra,23,false,2522,0.99134,3,CR9f3683203-38,1.0,false,#0091CD
147.287486,89.534274,Gad1,40,false,2523,0.96118,2,CR9f3683203-55,1.0,false,#9EB1DD
137.608897,19.881883,Gad1,0,true,2524,0.0,2,,1.0,true,#00A0FF
124.347655,7.023296,Slc17a7,0,true,2525,0.02112,3,CR9f3683203-24,1.0,false,#005E8F
129.96335,9.700054,Slc17a7,7,false,2526,0.90307,3,CR9f3683203-24,1.0,false,#00A2FF
16.361874,30.898889,Gad1,9,false,2527,0.99185,3,CR9f3683203-3,1.0,false,#607800
123.130246,93.350172,Aldoc,39,false,2528,0.96745,1,CR9f3683203-50,1.0,false,#00A1FF
32.210601,9.535265,Slc17a7,2,false,2529,0.99178,3,CR9f3683203-2,1.0,false,#005C7A
28.556516,110.825282,Gad1,42,false,2530,0.98343,2,CR9f3683203-27,1.0,false,#175070
152.011109,124.902067,Ttr,56,false,2531,0.00352,3,CR9f3683203-60,1.0,false,#EECF62
47.154613,29.233725,Pdgfra,11,false,2532,0.99136,3,CR9f3683203-10,1.0,false,#005C77
47.280424,105.787251,Gad1,43,false,2533,0.99187,2,CR9f3683203-29,1.0,false,#9C7D69
144.072645,106.217978,Aldoc,48,false,2534,0.99103,3,CR9f3683203-59,1.0,false,#00452B
145.037856,85.160603,Gad1,40,false,2535,0.99176,2,CR9f3683203-55,1.0,false,#132012
105.896908,83.407014,Slc17a7,38,false,2536,0.99015,3,CR9f3683203-44,1.0,false,#DD9560
56.678008,80.822688,Sox10,0,true,2537,0.0,1,,0.98,true,#BC7D9B
122.997084,108.033942,Ttr,47,false,2538,0.98697,3,CR9f3683203-56,1.0,false,#00A0FF
67.869342,14.176243,Gad1,4,false,2539,0.99091,2,CR9f3683203-7,1.0,false,#EFCD63
126.703452,13.716123,Pdgfra,7,false,2540,0.99108,2,CR9f3683203-24,1.0,false,#5C85F8
8.869291,4.875039,Aldoc,0,true,2541,0.00034,1,CR9f3683203-1,0.92,false,#2B5675
91.52888,49.114081,Aldoc,21,false,2542,0.98574,1,CR9f3683203-25,1.0,false,#00C6D9
144.337125,88.252469,Gad1,40,false,2543,0.99162,2,CR9f3683203-55,1.0,false,#004800
124.399554,12.508399,Gad1,7,false,2544,0.99132,2,CR9f3683203-24,1.0,false,#003487
102.63153,52.057996,Slc17a7,22,false,2545,0.98339,2,CR9f3683203-33,1.0,false,#006CFF
141.180235,104.938472,Aldoc,48,false,2546,0.98419,3,CR9f3683203-59,1.0,false,#008D7A
10.062359,67.619987,Gad1,25,false,2547,0.99187,2,CR9f3683203-8,1.0,false,#723928
126.528454,11.369445,Gad1,7,false,2548,0.99145,2,CR9f3683203-24,1.0,false,#B74B1F
46.599105,103.703505,Ttr,43,false,2549,0.98884,2,CR9f3683203-29,1.0,false,#165000
106.176382,68.366127,Slc17a7,30,false,2550,0.9915,3,CR9f3683203-41,1.0,false,#697100
145.839079,47.854544,Slc17a7,24,false,2551,0.9908,3,CR9f3683203-46,1.0,false,#0092CC
27.433124,50.599172,Slc17a7,18,false,2552,0.98813,3,CR9f3683203-9,1.0,false,#00BDD3
71.860697,119.917059,Pdgfra,52,false,2553,0.0807,2,CR9f3683203-45,0.84,false,#607E07
71.06865,69.352846,Gad1,28,false,2554,0.99144,2,CR9f3683203-22,1.0,false,#54482E
13.505662,145.638676,Sox10,57,false,2555,0.99044,3,CR9f3683203-36,1.0,false,#CF80E8
31.46641,52.507886,Slc17a7,18,false,2556,0.99187,3,CR9f3683203-9,1.0,false,#8AAFD8
143.447976,85.238413,Gad1,40,false,2557,0.99176,2,CR9f3683203-55,1.0,false,#005D8D
123.788639,128.122922,Gad1,55,false,2558,0.99184,2,CR9f3683203-58,1.0,false,#105400
55.781038,138.690401,Slc17a7,0,true,2559,1.0e-5,3,CR9f3683203-48,0.76,false,#00BE5C
88.234926,84.65994,Slc17a7,0,true,2560,0.98441,2,CR9f3683203-42,1.0,false,#8AAFD7
155.420032,81.816652,Slc17a7,0,true,2561,0.0,3,,1.0,true,#F80067
87.113591,107.169993,Sox10,45,false,2562,0.99175,3,CR9f3683203-47,1.0,false,#D182EC
112.777386,12.236767,Aldoc,6,false,2563,0.69307,1,CR9f3683203-18,1.0,false,#D23179
87.406928,33.101224,Gad1,13,false,2564,0.99186,2,CR9f3683203-20,1.0,false,#5E8210
126.18454,69.704471,Gad1,31,false,2565,0.98986,2,CR9f3683203-49,1.0,false,#004B00
142.962345,48.593031,Aldoc,24,false,2566,0.97169,3,CR9f3683203-46,1.0,false,#C07E9E
107.346858,128.016573,Aldoc,54,false,2567,0.99156,3,CR9f3683203-57,1.0,false,#004F00
144.213819,67.311901,Slc17a7,32,false,2568,0.9916,3,CR9f3683203-51,1.0,false,#6C7900
90.878577,9.515153,Pdgfra,5,false,2569,0.97264,3,CR9f3683203-11,1.0,false,#5E91FA
3.670459,49.464795,Sox10,0,true,2570,0.02444,1,CR9f3683203-4,1.0,false,#5B89F6
70.519617,49.099752,Slc17a7,20,false,2571,0.98952,3,CR9f3683203-19,1.0,false,#BE7D9D
51.958825,41.359108,Sox10,0,true,2572,5.0e-5,1,,0.54,true,#005F96
52.279114,106.190311,Gad1,43,false,2573,0.9886,2,CR9f3683203-29,1.0,false,#AD4C22
135.990685,92.474323,Pdgfra,0,true,2574,0.0,3,,0.92,true,#00462A
15.65048,86.425213,Aldoc,33,false,2575,0.99005,1,CR9f3683203-14,1.0,false,#A47B61
95.602502,83.606479,Gad1,37,false,2576,1.0e-5,2,CR9f3683203-42,0.54,false,#004900
14.703262,67.570116,Gad1,25,false,2577,0.99056,2,CR9f3683203-8,1.0,false,#00BB53
67.085307,67.677924,Ttr,28,false,2578,0.99153,2,CR9f3683203-22,1.0,false,#FF0078
123.900284,127.228275,Pdgfra,55,false,2579,0.99126,2,CR9f3683203-58,1.0,false,#544C30
43.789311,139.344977,Gad1,0,true,2580,1.0e-5,2,,0.62,true,#006CFF
53.369135,47.76741,Ttr,19,false,2581,0.98859,2,CR9f3683203-15,1.0,false,#004A00
51.649282,148.552948,Pdgfra,59,false,2582,0.9907,3,CR9f3683203-48,1.0,false,#97447D
48.397935,28.467141,Slc17a7,11,false,2583,0.99113,3,CR9f3683203-10,1.0,false,#5B8FFC
28.648476,107.988522,Slc17a7,42,false,2584,0.99016,3,CR9f3683203-27,1.0,false,#008AC9
51.442439,147.214752,Slc17a7,59,false,2585,0.99157,3,CR9f3683203-48,1.0,false,#8B006F
146.827657,105.291055,Aldoc,48,false,2586,0.99118,3,CR9f3683203-59,1.0,false,#5E7F0D
88.193631,31.762205,Slc17a7,13,false,2587,0.99032,2,CR9f3683203-20,1.0,false,#00BCFE
126.56128,105.573596,Slc17a7,47,false,2588,0.99087,3,CR9f3683203-56,1.0,false,#FA0068
145.563874,53.251044,Slc17a7,24,false,2589,0.99171,3,CR9f3683203-46,1.0,false,#0090CC
28.832915,64.563466,Aldoc,26,false,2590,0.33004,1,CR9f3683203-13,1.0,false,#00462A
53.820242,70.077986,Gad1,27,false,2591,0.978,1,CR9f3683203-16,1.0,false,#713D2C
27.659243,145.764573,Gad1,58,false,2592,0.9831,2,CR9f3683203-43,1.0,false,#F1CE65
35.718387,126.254952,Gad1,50,false,2593,0.98748,3,CR9f3683203-31,0.94,false,#697100
148.613461,11.806323,Slc17a7,8,false,2594,0.97703,3,CR9f3683203-32,1.0,false,#488A69
125.727098,87.821628,Aldoc,39,false,2595,0.99108,3,CR9f3683203-50,1.0,false,#005D79
34.168437,52.708355,Sox10,18,false,2596,0.98139,3,CR9f3683203-9,1.0,false,#E5986F
19.438191,134.290481,Gad1,0,true,2597,0.0,2,,1.0,true,#5E8414
66.781186,9.00175,Aldoc,4,false,2598,0.98782,2,CR9f3683203-7,1.0,false,#105400
6.96624,33.233167,Pdgfra,9,false,2599,0.79506,1,CR9f3683203-3,1.0,false,#D17EE4
107.017151,68.24372,Aldoc,30,false,2600,0.99126,3,CR9f3683203-41,1.0,false,#656E00
144.53866,127.597349,Ttr,56,false,2601,0.99129,3,CR9f3683203-60,1.0,false,#D73377
63.320188,73.527716,Aldoc,28,false,2602,0.56621,1,CR9f3683203-22,1.0,false,#00A1FF
125.467891,107.485479,Slc17a7,47,false,2603,0.99052,3,CR9f3683203-56,1.0,false,#3B8767
30.746789,70.636196,Slc17a7,26,false,2604,0.98885,3,CR9f3683203-13,1.0,false,#007D21
82.620463,7.759233,Slc17a7,5,false,2605,0.76235,3,CR9f3683203-11,1.0,false,#94B4E0
109.942838,14.187375,Pdgfra,6,false,2606,0.99052,3,CR9f3683203-18,1.0,false,#D23178
69.008921,129.083245,Gad1,52,false,2607,0.9909,2,CR9f3683203-45,1.0,false,#185FEA
140.040991,10.934093,Slc17a7,8,false,2608,0.97411,3,CR9f3683203-32,1.0,false,#007E21
69.323003,87.011981,Aldoc,36,false,2609,0.99186,3,CR9f3683203-30,1.0,false,#0082FF
106.569745,49.425953,Pdgfra,22,false,2610,0.99182,2,CR9f3683203-33,1.0,false,#CD00B3
86.40279,6.975225,Slc17a7,5,false,2611,0.99154,3,CR9f3683203-11,1.0,false,#4D8E6B
69.801871,67.875292,Sox10,28,false,2612,0.9908,2,CR9f3683203-22,1.0,false,#005D8C
13.936683,91.780547,Sox10,33,false,2613,0.98868,1,CR9f3683203-14,1.0,false,#005C7C
11.130502,28.810556,Slc17a7,9,false,2614,0.99082,1,CR9f3683203-3,1.0,false,#DD9B77
2.461441,40.15275,Slc17a7,0,true,2615,0.0,3,,1.0,true,#618616
146.077069,13.999904,Gad1,8,false,2616,0.98885,3,CR9f3683203-32,1.0,false,#0071FF
32.533513,67.623957,Slc17a7,26,false,2617,0.98963,3,CR9f3683203-13,1.0,false,#88006B
8.67233,10.678985,Gad1,1,false,2618,0.98915,2,CR9f3683203-1,1.0,false,#FD0072
15.57952,126.116663,Gad1,49,false,2619,0.99145,2,CR9f3683203-28,1.0,false,#D04B00
49.502538,62.756165,Gad1,27,false,2620,0.98245,1,CR9f3683203-16,1.0,false,#005F8C
147.161602,67.970704,Slc17a7,32,false,2621,0.99161,3,CR9f3683203-51,1.0,false,#341F82
10.114021,91.265508,Ttr,33,false,2622,0.99158,1,CR9f3683203-14,1.0,false,#2A5672
10.425445,150.014167,Slc17a7,57,false,2623,0.87113,3,CR9f3683203-36,1.0,false,#00BFD5
14.108086,66.404695,Gad1,25,false,2624,0.99067,2,CR9f3683203-8,1.0,false,#F2D265
76.478792,4.384966,Slc17a7,0,true,2625,0.0,3,,1.0,true,#9AB3E0
151.12119,134.708489,Gad1,0,true,2626,0.0,2,,1.0,true,#0071FF
12.046319,44.010353,Sox10,17,false,2627,0.97158,3,CR9f3683203-4,1.0,false,#FB7666
101.278655,10.343025,Gad1,6,false,2628,0.96923,2,CR9f3683203-18,1.0,false,#005E84
88.677895,27.362085,Gad1,13,false,2629,0.98928,2,CR9f3683203-20,1.0,false,#498C00
67.819553,106.130935,Slc17a7,44,false,2630,0.99142,3,CR9f3683203-40,1.0,false,#EFD062
43.833223,16.217902,Sox10,0,true,2631,0.00038,1,CR9f3683203-6,0.98,false,#AE4C22
108.261277,105.902515,Gad1,46,false,2632,0.99159,2,CR9f3683203-54,1.0,false,#115300
68.286064,109.010744,Gad1,44,false,2633,0.99154,3,CR9f3683203-40,1.0,false,#006CFF
116.16904,51.437677,Ttr,22,false,2634,0.00029,2,CR9f3683203-33,0.7,false,#FA0067
11.438579,27.769954,Aldoc,9,false,2635,0.98865,1,CR9f3683203-3,1.0,false,#009691
10.620732,88.811922,Aldoc,33,false,2636,0.99168,1,CR9f3683203-14,1.0,false,#62ACFF
106.462074,10.559016,Pdgfra,0,true,2637,0.99179,3,CR9f3683203-18,1.0,false,#D23179
114.517435,8.926133,Gad1,0,true,2638,0.0,2,,1.0,true,#004025
10.370074,103.771837,Slc17a7,41,false,2639,0.99185,3,CR9f3683203-17,1.0,false,#FF0070
11.699747,40.551894,Aldoc,0,true,2640,0.00029,1,CR9f3683203-3,0.86,false,#BF7E9E
126.06853,84.228504,Gad1,39,false,2641,0.98629,2,CR9f3683203-50,1.0,false,#004E00
90.473367,28.876774,Pdgfra,13,false,2642,0.99148,2,CR9f3683203-20,1.0,false,#5C85FA
66.748325,72.082967,Slc17a7,28,false,2643,0.99115,2,CR9f3683203-22,1.0,false,#5D8AF7
109.530141,66.224499,Aldoc,30,false,2644,0.98815,1,CR9f3683203-41,1.0,false,#2FAFFF
142.522684,129.798762,Pdgfra,56,false,2645,0.98392,3,CR9f3683203-60,1.0,false,#FE755C
125.345052,48.09789,Slc17a7,23,false,2646,0.99179,3,CR9f3683203-38,1.0,false,#00C1CF
34.414163,8.841468,Aldoc,2,false,2647,0.90962,3,CR9f3683203-2,1.0,false,#005E85
32.002427,106.933972,Sox10,42,false,2648,0.99183,3,CR9f3683203-27,1.0,false,#005D87
69.292078,107.517833,Slc17a7,44,false,2649,0.9915,3,CR9f3683203-40,1.0,false,#00BA5A
84.268916,10.847484,Slc17a7,5,false,2650,0.98994,3,CR9f3683203-11,1.0,false,#D23071
48.105893,142.396135,Slc17a7,59,false,2651,0.97924,3,CR9f3683203-48,1.0,false,#9AB3DF
141.570863,30.429118,Sox10,16,false,2652,0.99005,2,CR9f3683203-39,1.0,false,#361500
120.335383,12.647543,Gad1,7,false,2653,0.78838,2,CR9f3683203-24,1.0,false,#B0805C
50.619701,145.010449,Slc17a7,59,false,2654,0.99187,3,CR9f3683203-48,1.0,false,#003A82
67.839238,29.712912,Aldoc,12,false,2655,0.9916,1,CR9f3683203-12,1.0,false,#C74A00
69.625284,12.754607,Ttr,4,false,2656,0.99181,2,CR9f3683203-7,1.0,false,#0A2015
104.147535,52.139026,Slc17a7,22,false,2657,0.9918,2,CR9f3683203-33,1.0,false,#0071FF
87.000925,121.18417,Slc17a7,53,false,2658,0.98536,3,CR9f3683203-52,1.0,false,#DC945B
123.676793,129.73787,Pdgfra,55,false,2659,0.98647,2,CR9f3683203-58,1.0,false,#0A5100
69.497651,138.775163,Aldoc,60,false,2660,0.90386,1,CR9f3683203-53,1.0,false,#00A1FF
68.086543,49.761858,Slc17a7,20,false,2661,0.99146,3,CR9f3683203-19,1.0,false,#00BB5B
85.162826,83.601299,Slc17a7,0,true,2662,0.79635,3,CR9f3683203-42,1.0,false,#005F8B
141.757738,10.883335,Slc17a7,8,false,2663,0.99187,3,CR9f3683203-32,1.0,false,#00976E
53.193511,90.610648,Pdgfra,35,false,2664,0.99072,3,CR9f3683203-23,1.0,false,#EFCDB1
9.748217,69.415121,Pdgfra,25,false,2665,0.99125,2,CR9f3683203-8,1.0,false,#165000
48.414382,145.154943,Sox10,59,false,2666,0.99184,3,CR9f3683203-48,1.0,false,#C50000
8.501158,110.57409,Slc17a7,41,false,2667,0.98108,3,CR9f3683203-17,1.0,false,#CD0001
34.395361,91.443554,Ttr,34,false,2668,0.97746,2,CR9f3683203-21,1.0,false,#361500
88.132651,51.437139,Pdgfra,21,false,2669,0.98899,3,CR9f3683203-25,1.0,false,#009C9D
89.570503,110.040601,Aldoc,45,false,2670,0.98879,3,CR9f3683203-47,1.0,false,#D07FE7
14.636902,12.747163,Slc17a7,1,false,2671,0.99134,2,CR9f3683203-1,1.0,false,#85AACF
108.638372,109.200528,Gad1,46,false,2672,0.98952,2,CR9f3683203-54,1.0,false,#F2D066
10.903884,50.635032,Slc17a7,17,false,2673,0.99068,3,CR9f3683203-4,1.0,false,#00A2FF
127.672627,125.279518,Gad1,55,false,2674,0.99019,2,CR9f3683203-58,1.0,false,#2F5776
52.064268,104.26326,Aldoc,43,false,2675,0.98963,2,CR9f3683203-29,1.0,false,#0060EE
52.85962,107.428505,Aldoc,43,false,2676,0.98106,2,CR9f3683203-29,1.0,false,#003F4B
68.913369,66.403677,Gad1,28,false,2677,0.9918,2,CR9f3683203-22,1.0,false,#00A2FF
14.378037,145.601156,Aldoc,57,false,2678,0.9914,3,CR9f3683203-36,1.0,false,#D080E8
51.945272,91.795643,Slc17a7,35,false,2679,0.99028,3,CR9f3683203-23,1.0,false,#4B8B69
65.725888,72.83526,Ttr,28,false,2680,0.99187,2,CR9f3683203-22,1.0,false,#86A6C8
101.695978,63.777006,Ttr,30,false,2681,0.00025,3,CR9f3683203-41,0.98,false,#00A1FF
140.5662,91.226012,Aldoc,40,false,2682,0.95518,2,CR9f3683203-55,1.0,false,#00452B
65.677007,30.789901,Ttr,12,false,2683,0.99175,1,CR9f3683203-12,1.0,false,#054B6F
93.891628,108.389363,Ttr,45,false,2684,0.95501,3,CR9f3683203-47,1.0,false,#006190
70.720401,143.818023,Pdgfra,60,false,2685,0.99128,3,CR9f3683203-53,1.0,false,#00A2FF
82.701661,125.910061,Slc17a7,53,false,2686,0.90289,3,CR9f3683203-52,1.0,false,#8A006D
20.63452,41.796011,Sox10,0,true,2687,0.0,1,,1.0,true,#FA006C
10.810249,32.312547,Aldoc,9,false,2688,0.99177,1,CR9f3683203-3,1.0,false,#2B5574
112.331802,31.586008,Slc17a7,14,false,2689,0.99146,3,CR9f3683203-26,1.0,false,#8BB2DC
14.60382,127.340397,Gad1,49,false,2690,0.99147,2,CR9f3683203-28,1.0,false,#00462B
126.572389,73.375584,Gad1,31,false,2691,0.99155,2,CR9f3683203-49,1.0,false,#00E4FF
29.913142,145.507981,Ttr,58,false,2692,0.99151,2,CR9f3683203-43,1.0,false,#00E6FF
98.370302,6.856644,Aldoc,0,true,2693,0.0,1,,0.9,true,#FC006F
105.438238,104.253257,Ttr,46,false,2694,0.99137,2,CR9f3683203-54,1.0,false,#005C7B
66.67738,30.181472,Gad1,12,false,2695,0.99096,1,CR9f3683203-12,1.0,false,#594B30
50.553097,150.963342,Slc17a7,59,false,2696,0.94504,3,CR9f3683203-48,1.0,false,#F77767
124.967609,89.472421,Slc17a7,0,true,2697,0.99177,3,CR9f3683203-50,1.0,false,#697600
147.30126,49.310629,Sox10,24,false,2698,0.99153,3,CR9f3683203-46,1.0,false,#7C2C00
72.839375,85.320743,Sox10,36,false,2699,0.9726,3,CR9f3683203-30,1.0,false,#BA7D9A
106.365554,82.349636,Slc17a7,38,false,2700,0.94046,3,CR9f3683203-44,1.0,false,#DC9357
50.402523,85.474633,Slc17a7,35,false,2701,0.99099,3,CR9f3683203-23,1.0,false,#004026
105.218057,51.583458,Gad1,22,false,2702,0.99175,2,CR9f3683203-33,1.0,false,#F57863
24.29519,55.216089,Sox10,0,true,2703,0.00994,1,CR9f3683203-9,1.0,false,#5E8010
121.955913,0.00013,Aldoc,0,true,2704,0.0,1,,1.0,true,#005F97
108.219976,26.243907,Slc17a7,14,false,2705,0.94414,3,CR9f3683203-26,0.98,false,#9F53FE
66.673113,29.83393,Aldoc,12,false,2706,0.99178,1,CR9f3683203-12,1.0,false,#004F00
71.487,48.799723,Slc17a7,20,false,2707,0.98907,3,CR9f3683203-19,1.0,false,#00A2FF
35.780859,69.986043,Slc17a7,0,true,2708,0.97603,3,CR9f3683203-13,1.0,false,#00946C
111.763294,110.052964,Gad1,46,false,2709,0.97862,2,CR9f3683203-54,1.0,false,#C94A00
91.892885,90.309103,Ttr,37,false,2710,0.99176,2,CR9f3683203-42,1.0,false,#00E4FF
34.304644,122.950487,Slc17a7,50,false,2711,0.91624,3,CR9f3683203-31,1.0,false,#00A0FF
103.143528,124.795912,Pdgfra,54,false,2712,0.9912,3,CR9f3683203-57,1.0,false,#434F36
66.479079,102.107438,Slc17a7,44,false,2713,0.55026,3,CR9f3683203-40,1.0,false,#8B006F
30.24935,55.154591,Aldoc,18,false,2714,0.9911,3,CR9f3683203-9,1.0,false,#00C5D9
8.047266,86.831502,Sox10,33,false,2715,0.98389,1,CR9f3683203-14,1.0,false,#9D7B66
28.203084,9.359458,Ttr,2,false,2716,0.99107,3,CR9f3683203-2,1.0,false,#6CE3FF
142.457518,124.658216,Slc17a7,56,false,2717,0.98683,3,CR9f3683203-60,1.0,false,#488A69
67.304064,12.925966,Gad1,4,false,2718,0.99081,2,CR9f3683203-7,1.0,false,#007F26
108.786754,9.821905,Slc17a7,6,false,2719,0.98652,3,CR9f3683203-18,1.0,false,#D93888
49.352963,69.759568,Aldoc,27,false,2720,0.99183,1,CR9f3683203-16,1.0,false,#00A1FF
36.42117,74.379329,Sox10,26,false,2721,0.84286,3,CR9f3683203-13,1.0,false,#00C4D3
108.378183,105.393442,Gad1,46,false,2722,0.99129,2,CR9f3683203-54,1.0,false,#105200
90.062131,119.618903,Gad1,53,false,2723,0.87153,2,CR9f3683203-52,0.84,false,#8BAFD7
144.488809,24.784781,Gad1,16,false,2724,0.00236,2,CR9f3683203-39,1.0,false,#142012
36.331877,71.431112,Slc17a7,26,false,2725,0.97877,3,CR9f3683203-13,1.0,false,#963F7A
51.829625,86.393135,Slc17a7,35,false,2726,0.99187,3,CR9f3683203-23,1.0,false,#0092CD
65.075376,118.119409,Gad1,52,false,2727,0.0,2,,0.54,true,#99B0DB
33.838961,145.085864,Gad1,58,false,2728,0.99133,2,CR9f3683203-43,1.0,false,#2C5675
147.538595,69.3114,Ttr,32,false,2729,0.99158,3,CR9f3683203-51,1.0,false,#C40000
45.873307,87.285024,Slc17a7,35,false,2730,0.96373,3,CR9f3683203-23,1.0,false,#009179
72.161306,130.955065,Ttr,52,false,2731,0.82619,2,CR9f3683203-45,1.0,false,#32197C
123.251879,31.642127,Sox10,15,false,2732,0.99185,1,CR9f3683203-34,1.0,false,#00C6DB
33.696741,68.67614,Slc17a7,26,false,2733,0.98894,3,CR9f3683203-13,1.0,false,#3C8767
124.891783,31.36923,Ttr,15,false,2734,0.99133,1,CR9f3683203-34,1.0,false,#D279DD
13.614289,127.114855,Pdgfra,49,false,2735,0.99048,2,CR9f3683203-28,1.0,false,#0071FF
84.605629,124.90085,Pdgfra,53,false,2736,0.99182,3,CR9f3683203-52,1.0,false,#5D93FC
14.150471,125.922255,Gad1,49,false,2737,0.9879,2,CR9f3683203-28,1.0,false,#F0CE64
106.148952,11.019184,Aldoc,6,false,2738,0.99187,3,CR9f3683203-18,1.0,false,#904481
12.999652,149.472115,Aldoc,57,false,2739,0.98919,3,CR9f3683203-36,1.0,false,#B17F5B
129.672865,103.865581,Ttr,47,false,2740,0.95461,3,CR9f3683203-56,1.0,false,#5C95FA
125.415263,128.023468,Gad1,55,false,2741,0.99187,2,CR9f3683203-58,1.0,false,#A47E65
119.348547,27.70195,Aldoc,15,false,2742,0.14072,1,CR9f3683203-34,1.0,false,#CF85F0
11.355694,84.160153,Aldoc,33,false,2743,0.95222,1,CR9f3683203-14,1.0,false,#A77C5F
68.574478,10.344288,Gad1,4,false,2744,0.9915,2,CR9f3683203-7,1.0,false,#002F9C
105.54039,85.537665,Slc17a7,38,false,2745,0.99178,3,CR9f3683203-44,1.0,false,#FFA3FF
63.392186,116.679592,Gad1,0,true,2746,0.0,2,,1.0,true,#8DAED7
10.50985,10.380515,Gad1,1,false,2747,0.991,2,CR9f3683203-1,1.0,false,#A57F65
88.308828,104.57585,Pdgfra,45,false,2748,0.99148,3,CR9f3683203-47,1.0,false,#D586F1
120.817571,66.363756,Sox10,31,false,2749,0.35282,2,CR9f3683203-49,1.0,false,#FF007D
85.760141,46.270767,Ttr,21,false,2750,0.98443,3,CR9f3683203-25,1.0,false,#005D7D
11.118898,102.634712,Slc17a7,41,false,2751,0.99148,3,CR9f3683203-17,1.0,false,#657900
51.214358,83.808817,Slc17a7,35,false,2752,0.99166,3,CR9f3683203-23,1.0,false,#418867
12.903781,9.56581,Gad1,1,false,2753,0.99169,2,CR9f3683203-1,1.0,false,#23268B
86.6214,89.700934,Gad1,37,false,2754,0.99177,2,CR9f3683203-42,1.0,false,#B84B1F
28.490273,144.515124,Ttr,58,false,2755,0.98726,2,CR9f3683203-43,1.0,false,#ECCC64
48.396561,146.096698,Slc17a7,59,false,2756,0.99137,3,CR9f3683203-48,1.0,false,#CA0000
64.124248,119.221985,Ttr,0,true,2757,3.0e-5,2,CR9f3683203-45,0.66,false,#92AFD7
15.563941,146.824835,Aldoc,57,false,2758,0.99187,3,CR9f3683203-36,1.0,false,#A97D5F
119.630192,37.742325,Pdgfra,0,true,2759,0.01199,3,CR9f3683203-34,1.0,false,#00A1FF
9.882165,107.035808,Slc17a7,41,false,2760,0.99186,3,CR9f3683203-17,1.0,false,#F87767
126.276036,109.993423,Pdgfra,47,false,2761,0.99146,3,CR9f3683203-56,1.0,false,#00B857
9.067341,46.873592,Slc17a7,17,false,2762,0.9917,3,CR9f3683203-4,1.0,false,#32197C
12.610485,87.683662,Aldoc,33,false,2763,0.99161,1,CR9f3683203-14,1.0,false,#666C00
49.032539,130.605604,Slc17a7,0,true,2764,0.77459,3,CR9f3683203-37,1.0,false,#D13178
11.869959,69.284449,Gad1,25,false,2765,0.99119,2,CR9f3683203-8,1.0,false,#00A2FF
109.661517,10.310165,Slc17a7,6,false,2766,0.98436,3,CR9f3683203-18,1.0,false,#DC398B
107.217998,88.282169,Gad1,38,false,2767,0.99055,3,CR9f3683203-44,1.0,false,#009168
28.740218,13.306134,Slc17a7,2,false,2768,0.99187,3,CR9f3683203-2,1.0,false,#00A2FF
50.873012,12.475474,Aldoc,3,false,2769,0.99109,3,CR9f3683203-6,1.0,false,#00C2D9
126.889457,120.920159,Pdgfra,55,false,2770,0.97812,2,CR9f3683203-58,1.0,false,#9E7C67
106.507286,127.138938,Ttr,54,false,2771,0.99125,3,CR9f3683203-57,1.0,false,#00A1FF
148.588525,50.706685,Pdgfra,24,false,2772,0.99187,3,CR9f3683203-46,1.0,false,#9C7A65
123.677094,50.286601,Slc17a7,23,false,2773,0.99149,3,CR9f3683203-38,1.0,false,#009179
123.450621,32.715314,Aldoc,15,false,2774,0.9916,1,CR9f3683203-34,1.0,false,#ED9568
105.754983,64.698616,Gad1,30,false,2775,0.82828,2,CR9f3683203-41,1.0,false,#656300
48.533322,122.154413,Sox10,51,false,2776,0.9915,3,CR9f3683203-37,1.0,false,#6E412F
90.603094,90.679571,Gad1,37,false,2777,0.9914,2,CR9f3683203-42,1.0,false,#351500
51.263497,32.792634,Slc17a7,11,false,2778,0.99187,3,CR9f3683203-10,1.0,false,#EECE62
105.457156,23.608584,Ttr,0,true,2779,0.00334,3,CR9f3683203-18,0.5,false,#EDCD63
106.767215,31.317546,Slc17a7,14,false,2780,0.99184,3,CR9f3683203-26,1.0,false,#5F8AFC
92.217437,34.814638,Gad1,13,false,2781,0.71004,2,CR9f3683203-20,1.0,false,#009265
69.294183,122.251103,Gad1,52,false,2782,0.99143,2,CR9f3683203-45,1.0,false,#608414
86.007934,111.244159,Aldoc,45,false,2783,0.95708,1,CR9f3683203-47,1.0,false,#1C5070
108.140081,26.552805,Slc17a7,14,false,2784,0.96182,3,CR9f3683203-26,1.0,false,#A053FD
69.136839,129.9288,Gad1,52,false,2785,0.99182,2,CR9f3683203-45,1.0,false,#385CDE
90.890211,94.75844,Slc17a7,0,true,2786,0.43994,3,CR9f3683203-42,1.0,false,#86A5C8
52.105757,62.580763,Aldoc,27,false,2787,0.978,1,CR9f3683203-16,1.0,false,#005F96
10.70518,46.526854,Sox10,17,false,2788,0.99186,3,CR9f3683203-4,1.0,false,#88006B
141.80344,85.186708,Slc17a7,40,false,2789,0.99159,2,CR9f3683203-55,1.0,false,#FA7556
32.320618,9.261466,Pdgfra,2,false,2790,0.99055,3,CR9f3683203-2,1.0,false,#005C7E
67.488883,120.602373,Slc17a7,52,false,2791,0.86199,3,CR9f3683203-45,0.98,false,#0071FF
44.938168,66.22152,Pdgfra,27,false,2792,0.65761,1,CR9f3683203-16,1.0,false,#5F7F0C
49.739619,10.664542,Aldoc,3,false,2793,0.99187,3,CR9f3683203-6,1.0,false,#9DB2DD
49.965161,30.959273,Ttr,11,false,2794,0.99035,3,CR9f3683203-10,1.0,false,#00A2FF
67.832788,107.067015,Gad1,44,false,2795,0.99036,3,CR9f3683203-40,1.0,false,#00B64E
68.880762,129.131446,Gad1,52,false,2796,0.99144,2,CR9f3683203-45,1.0,false,#125FEB
85.347192,71.259747,Gad1,29,false,2797,0.89888,2,CR9f3683203-35,1.0,false,#005C7B
141.252,65.403639,Gad1,32,false,2798,0.96255,3,CR9f3683203-51,1.0,false,#00A2FF
30.309198,17.975819,Slc17a7,2,false,2799,0.35165,3,CR9f3683203-2,1.0,false,#F87768
12.685185,147.307169,Aldoc,57,false,2800,0.98908,3,CR9f3683203-36,1.0,false,#47ADFF
110.358524,107.653774,Gad1,46,false,2801,0.9914,2,CR9f3683203-54,1.0,false,#6F3927
47.3867,109.345216,Sox10,43,false,2802,0.9896,2,CR9f3683203-29,1.0,false,#B84B1F
149.902443,129.078892,Slc17a7,56,false,2803,0.97645,3,CR9f3683203-60,1.0,false,#CC0000
29.150528,15.759412,Slc17a7,2,false,2804,0.97956,3,CR9f3683203-2,1.0,false,#618616
65.207484,71.647059,Slc17a7,0,true,2805,0.98935,2,CR9f3683203-22,1.0,false,#00A2FF
66.414927,88.424453,Aldoc,0,true,2806,0.9918,3,CR9f3683203-30,1.0,false,#008D78
144.881391,84.496141,Gad1,40,false,2807,0.9918,2,CR9f3683203-55,1.0,false,#4A8B00
13.509631,101.613151,Pdgfra,0,true,2808,0.97688,3,CR9f3683203-17,1.0,false,#FD7563
87.803002,31.437428,Gad1,13,false,2809,0.99069,2,CR9f3683203-20,1.0,false,#00BDFF
71.619889,107.779274,Sox10,44,false,2810,0.99117,3,CR9f3683203-40,1.0,false,#6A8108
108.456879,68.613666,Pdgfra,30,false,2811,0.99169,3,CR9f3683203-41,1.0,false,#005F89
10.293226,103.304816,Sox10,41,false,2812,0.99178,3,CR9f3683203-17,1.0,false,#FF006F
10.438835,85.480721,Gad1,33,false,2813,0.98807,1,CR9f3683203-14,1.0,false,#B17E5B
126.897711,125.600162,Gad1,55,false,2814,0.99182,2,CR9f3683203-58,1.0,false,#B34C1F
119.601239,127.506976,Sox10,0,true,2815,0.79593,2,CR9f3683203-58,1.0,false,#9E7E69
126.843743,67.654427,Aldoc,31,false,2816,0.9895,2,CR9f3683203-49,1.0,false,#594C32
25.902781,12.694853,Slc17a7,2,false,2817,0.98882,3,CR9f3683203-2,1.0,false,#00BE5E
82.527043,39.748524,Aldoc,0,true,2818,0.0,1,,1.0,true,#00BFFF
142.343802,12.067013,Slc17a7,8,false,2819,0.99086,3,CR9f3683203-32,1.0,false,#441F81
68.125969,93.758964,Aldoc,36,false,2820,0.27249,1,CR9f3683203-30,1.0,false,#008D79
13.723139,147.822511,Gad1,57,false,2821,0.99075,3,CR9f3683203-36,1.0,false,#405CDD
82.939396,26.694905,Pdgfra,0,true,2822,0.02092,2,CR9f3683203-20,1.0,false,#0071FF
13.097326,14.250617,Gad1,1,false,2823,0.99171,2,CR9f3683203-1,1.0,false,#095000
86.930218,9.919697,Ttr,5,false,2824,0.98989,3,CR9f3683203-11,1.0,false,#009A96
40.869517,134.834961,Pdgfra,0,true,2825,0.0,3,,1.0,true,#783A2E
8.603179,126.546994,Sox10,49,false,2826,0.98946,2,CR9f3683203-28,1.0,false,#007CD8
50.048708,30.704734,Slc17a7,11,false,2827,0.99043,3,CR9f3683203-10,1.0,false,#86A5C7
75.824627,32.258596,Gad1,0,true,2828,0.00352,2,CR9f3683203-20,0.82,false,#9CAFD9
108.590773,30.486356,Slc17a7,14,false,2829,0.99178,3,CR9f3683203-26,1.0,false,#96B4E1
107.285292,66.867857,Pdgfra,30,false,2830,0.9914,3,CR9f3683203-41,1.0,false,#008ACA
140.211624,50.468308,Aldoc,24,false,2831,0.97576,3,CR9f3683203-46,1.0,false,#008C79
72.573358,33.663773,Aldoc,12,false,2832,0.97755,1,CR9f3683203-12,1.0,false,#132012
105.59592,1.455439,Sox10,0,true,2833,0.0,1,,1.0,true,#009583
126.089616,87.426878,Ttr,39,false,2834,0.99153,3,CR9f3683203-50,1.0,false,#DC398C
125.625565,110.456515,Slc17a7,47,false,2835,0.98871,3,CR9f3683203-56,1.0,false,#006DFD
144.939413,63.947138,Slc17a7,32,false,2836,0.80555,3,CR9f3683203-51,1.0,false,#00BA58
84.799849,11.549744,Slc17a7,5,false,2837,0.99103,3,CR9f3683203-11,1.0,false,#D23071
65.999261,10.89549,Pdgfra,4,false,2838,0.99185,2,CR9f3683203-7,1.0,false,#00E6FF
31.176834,46.122464,Aldoc,18,false,2839,0.91517,3,CR9f3683203-9,1.0,false,#79E157
27.886169,105.379146,Aldoc,42,false,2840,0.93262,3,CR9f3683203-27,1.0,false,#008E76
86.077559,47.493756,Pdgfra,21,false,2841,0.99187,3,CR9f3683203-25,1.0,false,#005E7A
49.148772,71.132279,Gad1,27,false,2842,0.99172,1,CR9f3683203-16,1.0,false,#0C5100
31.989488,142.973955,Gad1,58,false,2843,0.99148,2,CR9f3683203-43,1.0,false,#9DB0DA
29.916761,26.343207,Gad1,10,false,2844,0.99059,2,CR9f3683203-5,1.0,false,#0E2014
104.22609,72.224668,Aldoc,30,false,2845,0.98942,3,CR9f3683203-41,1.0,false,#00A1FF
130.418557,37.072518,Aldoc,15,false,2846,0.00283,1,CR9f3683203-34,1.0,false,#93417D
127.13391,92.936916,Pdgfra,39,false,2847,0.93668,3,CR9f3683203-50,1.0,false,#5E7300
46.433903,88.886594,Ttr,0,true,2848,0.97223,3,CR9f3683203-23,1.0,false,#009A99
50.952524,48.820824,Slc17a7,19,false,2849,0.99181,2,CR9f3683203-15,1.0,false,#00A2FF
67.462315,108.76123,Slc17a7,44,false,2850,0.9902,3,CR9f3683203-40,1.0,false,#FE745B
28.441883,67.721723,Gad1,26,false,2851,0.99114,3,CR9f3683203-13,1.0,false,#00A3FF
142.965309,70.121331,Slc17a7,32,false,2852,0.99185,3,CR9f3683203-51,1.0,false,#02BE5B
143.359616,10.784304,Slc17a7,8,false,2853,0.99183,3,CR9f3683203-32,1.0,false,#4A8B69
139.333463,105.725717,Aldoc,48,false,2854,0.47851,3,CR9f3683203-59,1.0,false,#008D76
48.899235,27.986053,Slc17a7,0,true,2855,0.99159,3,CR9f3683203-10,1.0,false,#5C95FC
148.710549,14.412963,Slc17a7,8,false,2856,0.98134,3,CR9f3683203-32,1.0,false,#4D8D6B
113.156762,32.369895,Slc17a7,14,false,2857,0.98611,3,CR9f3683203-26,1.0,false,#8FB3DE
125.357492,51.24847,Ttr,23,false,2858,0.99132,3,CR9f3683203-38,1.0,false,#009A95
31.498059,106.672958,Pdgfra,42,false,2859,0.99187,3,CR9f3683203-27,1.0,false,#005D85
105.611305,87.032038,Slc17a7,38,false,2860,0.99149,3,CR9f3683203-44,1.0,false,#006DFC
48.157072,124.887786,Aldoc,51,false,2861,0.99157,3,CR9f3683203-37,1.0,false,#D84D00
70.637405,89.267609,Pdgfra,36,false,2862,0.99107,3,CR9f3683203-30,1.0,false,#008BC8
130.573876,13.455507,Ttr,7,false,2863,0.98527,2,CR9f3683203-24,1.0,false,#5E442A
68.522491,8.277158,Gad1,4,false,2864,0.97194,2,CR9f3683203-7,1.0,false,#004800
125.253013,106.115903,Gad1,47,false,2865,0.9898,3,CR9f3683203-56,1.0,false,#00A2FF
95.456075,114.890329,Gad1,0,true,2866,0.0,2,,0.98,true,#004800
10.471669,30.991227,Aldoc,9,false,2867,0.99185,1,CR9f3683203-3,1.0,false,#00BDFD
124.628669,52.145746,Slc17a7,23,false,2868,0.9915,3,CR9f3683203-38,1.0,false,#D33072
146.477493,52.364292,Aldoc,24,false,2869,0.99161,3,CR9f3683203-46,1.0,false,#008CCA
112.234452,103.519732,Gad1,46,false,2870,0.97395,2,CR9f3683203-54,1.0,false,#F90068
71.057836,14.662351,Gad1,4,false,2871,0.99106,2,CR9f3683203-7,1.0,false,#DA4D00
108.338093,128.125151,Pdgfra,54,false,2872,0.98934,3,CR9f3683203-57,1.0,false,#937A6B
31.875406,54.134849,Aldoc,18,false,2873,0.99014,3,CR9f3683203-9,1.0,false,#E8976B
144.545574,83.344202,Gad1,40,false,2874,0.99165,2,CR9f3683203-55,1.0,false,#74392A
58.128891,1.845037,Pdgfra,0,true,2875,0.0,3,,1.0,true,#00A0FF
97.171382,51.892659,Pdgfra,0,true,2876,0.0,3,,1.0,true,#006191
10.236678,134.108111,Pdgfra,0,true,2877,0.0,1,,0.96,true,#00A2FF
54.152144,50.975097,Aldoc,19,false,2878,0.98886,2,CR9f3683203-15,1.0,false,#0260EE
49.96816,28.983741,Slc17a7,11,false,2879,0.99177,3,CR9f3683203-10,1.0,false,#83E3FF
106.395426,70.028086,Sox10,30,false,2880,0.98876,3,CR9f3683203-41,1.0,false,#005D82
12.384769,104.642645,Ttr,41,false,2881,0.99082,3,CR9f3683203-17,1.0,false,#EAC8A1
119.824234,14.5516,Gad1,7,false,2882,0.04617,2,CR9f3683203-24,1.0,false,#CA4A00
88.13259,47.167747,Aldoc,21,false,2883,0.99085,1,CR9f3683203-25,1.0,false,#351800
50.880009,87.753537,Pdgfra,35,false,2884,0.99063,3,CR9f3683203-23,1.0,false,#EFCEB1
105.326756,129.024436,Slc17a7,54,false,2885,0.99126,3,CR9f3683203-57,1.0,false,#8C4A8B
15.182211,123.975648,Pdgfra,49,false,2886,0.99092,2,CR9f3683203-28,1.0,false,#006CFF
87.778583,122.868445,Slc17a7,53,false,2887,0.99172,3,CR9f3683203-52,1.0,false,#CA0000
104.396321,89.635771,Gad1,38,false,2888,0.99179,3,CR9f3683203-44,1.0,false,#6B6F00
90.042739,48.775205,Aldoc,21,false,2889,0.99187,1,CR9f3683203-25,1.0,false,#FA006C
36.982763,32.331117,Pdgfra,10,false,2890,0.80484,2,CR9f3683203-5,1.0,false,#004900
112.691945,125.222629,Aldoc,54,false,2891,0.73157,1,CR9f3683203-57,0.98,false,#305A75
11.761734,123.652035,Gad1,49,false,2892,0.99015,2,CR9f3683203-28,1.0,false,#331700
43.99943,124.381439,Sox10,51,false,2893,0.98702,3,CR9f3683203-37,0.98,false,#5E7200
68.029753,103.467624,Pdgfra,44,false,2894,0.97838,3,CR9f3683203-40,1.0,false,#88006B
9.931083,148.753006,Sox10,57,false,2895,0.94239,3,CR9f3683203-36,1.0,false,#008CC9
66.881137,146.485044,Slc17a7,60,false,2896,0.98993,3,CR9f3683203-53,1.0,false,#BB7D9A
32.315982,12.961,Sox10,2,false,2897,0.99181,3,CR9f3683203-2,1.0,false,#DC935A
50.528356,7.538205,Sox10,3,false,2898,0.98654,3,CR9f3683203-6,1.0,false,#D278DC
29.265157,90.926759,Gad1,34,false,2899,0.99168,2,CR9f3683203-21,1.0,false,#6E3926
153.1841,93.864966,Pdgfra,0,true,2900,0.0,3,,1.0,true,#00B74B
32.333713,147.944052,Pdgfra,58,false,2901,0.99105,2,CR9f3683203-43,1.0,false,#00A2FF
100.114327,9.604249,Gad1,6,false,2902,0.85761,2,CR9f3683203-18,0.86,false,#005F92
125.535564,125.754908,Gad1,55,false,2903,0.99157,2,CR9f3683203-58,1.0,false,#255373
16.031326,27.653447,Pdgfra,9,false,2904,0.97456,3,CR9f3683203-3,1.0,false,#0091CD
143.117529,30.790661,Gad1,16,false,2905,0.99177,2,CR9f3683203-39,1.0,false,#00B74B
128.421772,10.373363,Gad1,7,false,2906,0.99089,2,CR9f3683203-24,1.0,false,#005D8B
25.73737,55.650581,Aldoc,0,true,2907,0.61746,3,CR9f3683203-9,1.0,false,#5F8517
141.119316,69.029709,Pdgfra,0,true,2908,0.99157,3,CR9f3683203-51,1.0,false,#00492E
50.526662,105.781213,Sox10,43,false,2909,0.99179,2,CR9f3683203-29,1.0,false,#620025
112.213102,101.129122,Gad1,0,true,2910,0.02167,2,CR9f3683203-54,1.0,false,#00C1FF
90.931546,106.213949,Aldoc,45,false,2911,0.99166,3,CR9f3683203-47,1.0,false,#00462B
145.495304,44.585478,Aldoc,24,false,2912,0.79832,3,CR9f3683203-46,1.0,false,#005F96
146.619528,66.988152,Slc17a7,32,false,2913,0.98879,3,CR9f3683203-51,1.0,false,#432082
48.00634,29.139661,Gad1,11,false,2914,0.99135,3,CR9f3683203-10,1.0,false,#005B78
8.007517,7.421577,Gad1,1,false,2915,0.72264,2,CR9f3683203-1,1.0,false,#2F5876
124.263388,16.876582,Gad1,7,false,2916,0.98048,2,CR9f3683203-24,1.0,false,#6C3E2A
70.20622,125.254079,Gad1,52,false,2917,0.99104,2,CR9f3683203-45,1.0,false,#00462B
12.108308,142.201121,Pdgfra,57,false,2918,0.99108,1,CR9f3683203-36,1.0,false,#005E87
53.145323,9.712251,Aldoc,3,false,2919,0.99157,3,CR9f3683203-6,1.0,false,#D086F2
127.448345,122.606272,Gad1,55,false,2920,0.9918,2,CR9f3683203-58,1.0,false,#275475
86.988647,12.3177,Pdgfra,5,false,2921,0.99013,3,CR9f3683203-11,1.0,false,#00BD5D
67.462676,122.956642,Gad1,52,false,2922,0.98859,2,CR9f3683203-45,1.0,false,#0071FF
9.027032,92.706576,Aldoc,33,false,2923,0.92242,1,CR9f3683203-14,1.0,false,#ED9567
34.042431,144.061669,Gad1,58,false,2924,0.99145,2,CR9f3683203-43,1.0,false,#9CB0D9
107.081457,125.162834,Slc17a7,54,false,2925,0.99133,3,CR9f3683203-57,1.0,false,#BF7E9E
30.589157,49.897331,Aldoc,18,false,2926,0.99148,3,CR9f3683203-9,1.0,false,#2B5672
29.360945,108.379251,Aldoc,42,false,2927,0.99183,3,CR9f3683203-27,1.0,false,#008AC9
7.45236,85.259269,Aldoc,33,false,2928,0.83556,1,CR9f3683203-14,1.0,false,#AE7D5B
154.4579,149.735588,Pdgfra,0,true,2929,0.0,3,,1.0,true,#4A8B00
105.676504,105.886516,Sox10,46,false,2930,0.99111,2,CR9f3683203-54,1.0,false,#51492F
46.0298,85.739565,Slc17a7,35,false,2931,0.94898,3,CR9f3683203-23,1.0,false,#00C5D5
28.921285,8.748213,Slc17a7,2,false,2932,0.98707,3,CR9f3683203-2,1.0,false,#74E3FF
46.95282,123.777946,Gad1,51,false,2933,0.99098,3,CR9f3683203-37,1.0,false,#CC4B00
147.349696,32.032969,Gad1,16,false,2934,0.99187,2,CR9f3683203-39,1.0,false,#F1CE65
147.791795,50.41347,Aldoc,24,false,2935,0.9896,3,CR9f3683203-46,1.0,false,#2EAFFF
70.658712,85.836133,Aldoc,36,false,2936,0.99144,3,CR9f3683203-30,1.0,false,#D03076
14.385931,108.005357,Slc17a7,41,false,2937,0.99179,3,CR9f3683203-17,1.0,false,#6BE3FF
109.360437,125.047994,Sox10,54,false,2938,0.99184,3,CR9f3683203-57,1.0,false,#5E8010
38.971576,3.882743,Sox10,0,true,2939,0.0,1,,1.0,true,#361800
14.269976,8.635826,Aldoc,1,false,2940,0.98829,2,CR9f3683203-1,1.0,false,#957C6C
55.252974,14.327075,Gad1,3,false,2941,0.36431,2,CR9f3683203-6,1.0,false,#00608E
106.157894,106.855497,Ttr,46,false,2942,0.99154,2,CR9f3683203-54,1.0,false,#5A4735
146.981444,91.332572,Slc17a7,40,false,2943,0.91494,2,CR9f3683203-55,1.0,false,#95B0DB
123.417429,8.036479,Gad1,7,false,2944,0.20193,2,CR9f3683203-24,1.0,false,#5B8DF2
106.85994,127.35559,Aldoc,54,false,2945,0.99104,3,CR9f3683203-57,1.0,false,#00A1FF
100.740212,67.004063,Aldoc,30,false,2946,0.46653,3,CR9f3683203-41,1.0,false,#008D79
147.607134,32.267748,Ttr,16,false,2947,0.99185,2,CR9f3683203-39,1.0,false,#F0CD64
140.773392,112.47655,Pdgfra,48,false,2948,1.0e-5,3,,0.56,true,#47ADFF
31.538015,52.452289,Aldoc,18,false,2949,0.99187,3,CR9f3683203-9,1.0,false,#8BAFD8
89.522635,10.296866,Slc17a7,5,false,2950,0.99173,3,CR9f3683203-11,1.0,false,#618FFC
11.393426,35.82113,Slc17a7,9,false,2951,0.9639,3,CR9f3683203-3,0.92,false,#85ACD3
154.097617,141.276755,Pdgfra,0,true,2952,0.0,3,,1.0,true,#F77865
44.84669,125.635044,Aldoc,51,false,2953,0.98908,3,CR9f3683203-37,1.0,false,#656600
46.824719,49.329469,Gad1,19,false,2954,0.99069,2,CR9f3683203-15,1.0,false,#428F00
12.338426,71.863272,Gad1,25,false,2955,0.99084,2,CR9f3683203-8,1.0,false,#650029
107.92198,30.671541,Slc17a7,14,false,2956,0.99125,3,CR9f3683203-26,1.0,false,#00BE5D
49.223989,149.05082,Gad1,59,false,2957,0.99143,3,CR9f3683203-48,1.0,false,#4A8B69
142.554838,83.233915,Gad1,40,false,2958,0.99123,2,CR9f3683203-55,1.0,false,#468D00
103.371146,89.704657,Pdgfra,38,false,2959,0.98625,3,CR9f3683203-44,1.0,false,#6D7500
140.961489,67.248239,Aldoc,32,false,2960,0.98623,3,CR9f3683203-51,1.0,false,#004026
144.044175,72.45207,Ttr,32,false,2961,0.99187,3,CR9f3683203-51,1.0,false,#88B0D9
34.343213,134.203192,Ttr,50,false,2962,0.00282,3,CR9f3683203-31,0.98,false,#DB3781
9.702888,140.773433,Aldoc,57,false,2963,0.63226,1,CR9f3683203-36,1.0,false,#783A2E
69.143527,72.63136,Ttr,28,false,2964,0.99069,2,CR9f3683203-22,1.0,false,#2B2083
66.939241,15.838586,Gad1,4,false,2965,0.99184,2,CR9f3683203-7,1.0,false,#002E9A
10.731963,11.420834,Aldoc,1,false,2966,0.99125,2,CR9f3683203-1,1.0,false,#CE4B00
66.292935,111.702201,Slc17a7,44,false,2967,0.97263,3,CR9f3683203-40,1.0,false,#01BE5B
109.513253,29.96943,Slc17a7,14,false,2968,0.99181,3,CR9f3683203-26,1.0,false,#00C4FF
108.776251,69.484981,Pdgfra,30,false,2969,0.99141,3,CR9f3683203-41,1.0,false,#514C33
125.185536,52.366045,Slc17a7,23,false,2970,0.99144,3,CR9f3683203-38,1.0,false,#D43072
110.160232,104.533725,Sox10,46,false,2971,0.99086,2,CR9f3683203-54,1.0,false,#5C86F8
141.369282,87.56249,Gad1,40,false,2972,0.99173,2,CR9f3683203-55,1.0,false,#006CFF
11.924848,67.576503,Gad1,25,false,2973,0.99052,2,CR9f3683203-8,1.0,false,#152991
46.691389,147.445615,Sox10,59,false,2974,0.99183,3,CR9f3683203-48,1.0,false,#DD9560
68.283283,48.022297,Slc17a7,20,false,2975,0.99185,3,CR9f3683203-19,1.0,false,#00A2FF
108.232486,69.966333,Ttr,30,false,2976,0.9909,3,CR9f3683203-41,1.0,false,#00A1FF
50.960714,147.38465,Slc17a7,59,false,2977,0.99103,3,CR9f3683203-48,1.0,false,#8B006F
46.449493,9.469448,Aldoc,3,false,2978,0.98781,1,CR9f3683203-6,1.0,false,#607000
144.170785,30.254613,Pdgfra,16,false,2979,0.99179,2,CR9f3683203-39,1.0,false,#00A2FF
11.304002,49.712017,Slc17a7,17,false,2980,0.9918,3,CR9f3683203-4,1.0,false,#005C81
67.342483,31.310192,Sox10,12,false,2981,0.99138,1,CR9f3683203-12,1.0,false,#A77C60
8.124101,66.408854,Gad1,25,false,2982,0.98314,2,CR9f3683203-8,1.0,false,#5B462C
70.40343,48.390336,Slc17a7,20,false,2983,0.98972,3,CR9f3683203-19,1.0,false,#009785
4.586322,80.83744,Ttr,0,true,2984,0.0,1,,1.0,true,#005F97
9.575158,74.829295,Ttr,25,false,2985,0.53116,2,CR9f3683203-8,1.0,false,#4E4B31
67.705274,148.748122,Aldoc,60,false,2986,0.97935,3,CR9f3683203-53,1.0,false,#00452A
126.108684,12.676425,Gad1,7,false,2987,0.99176,2,CR9f3683203-24,1.0,false,#00E2FF
126.060163,125.393843,Gad1,55,false,2988,0.99187,2,CR9f3683203-58,1.0,false,#2B5575
34.298856,143.729948,Ttr,58,false,2989,0.99176,2,CR9f3683203-43,1.0,false,#142012
29.776141,85.257814,Pdgfra,34,false,2990,0.98729,2,CR9f3683203-21,1.0,false,#004A00
109.80697,69.791571,Sox10,0,true,2991,0.99187,3,CR9f3683203-41,1.0,false,#4B4D31
29.651253,7.942799,Slc17a7,2,false,2992,0.99046,3,CR9f3683203-2,1.0,false,#83E3FF
47.579084,142.661387,Slc17a7,59,false,2993,0.98181,3,CR9f3683203-48,0.98,false,#00966C
145.866875,105.221845,Aldoc,48,false,2994,0.99077,3,CR9f3683203-59,1.0,false,#9B7B66
8.941961,120.824047,Gad1,49,false,2995,0.40016,2,CR9f3683203-28,1.0,false,#361500
37.107458,109.345219,Aldoc,42,false,2996,0.92665,1,CR9f3683203-27,1.0,false,#008D78
127.755112,122.496463,Sox10,55,false,2997,0.99182,2,CR9f3683203-58,1.0,false,#305876
110.60718,111.510568,Pdgfra,0,true,2998,0.94881,2,CR9f3683203-54,1.0,false,#0071FF
96.039774,94.736488,Sox10,0,true,2999,0.00069,1,CR9f3683203-42,0.86,false,#00937C
53.066059,129.173119,Aldoc,51,false,3000,0.92835,1,CR9f3683203-37,1.0,false,#EC9669
125.384168,89.170188,Slc17a7,39,false,3001,0.99173,3,CR9f3683203-50,1.0,false,#657900
50.507022,54.207723,Aldoc,19,false,3002,0.98148,2,CR9f3683203-15,0.96,false,#D24B00
51.913619,126.602486,Aldoc,51,false,3003,0.99086,1,CR9f3683203-37,1.0,false,#FF0076
101.880418,127.809166,Aldoc,54,false,3004,0.9445,3,CR9f3683203-57,1.0,false,#008C7A
5.323833,69.981385,Ttr,25,false,3005,0.28227,2,CR9f3683203-8,1.0,false,#164F00
84.313617,32.347355,Gad1,13,false,3006,0.98747,2,CR9f3683203-20,1.0,false,#8BADD4
62.940864,133.964254,Sox10,0,true,3007,0.0,1,,1.0,true,#743B2C
106.765862,86.88674,Slc17a7,38,false,3008,0.99138,3,CR9f3683203-44,1.0,false,#79E057
32.62366,14.434513,Aldoc,2,false,3009,0.9698,3,CR9f3683203-2,1.0,false,#DD9A70
66.003892,17.313703,Gad1,4,false,3010,0.96998,2,CR9f3683203-7,1.0,false,#1D278C
69.189904,140.060608,Aldoc,60,false,3011,0.97204,1,CR9f3683203-53,1.0,false,#00A1FF
104.153939,88.484368,Slc17a7,38,false,3012,0.99131,3,CR9f3683203-44,1.0,false,#FC7352
18.139526,86.655971,Aldoc,33,false,3013,0.63187,1,CR9f3683203-14,1.0,false,#31AEFF
127.416471,17.826563,Gad1,7,false,3014,0.94652,2,CR9f3683203-24,1.0,false,#488C00
107.061658,126.24148,Aldoc,54,false,3015,0.99041,3,CR9f3683203-57,1.0,false,#00A1FF
107.365182,35.636138,Slc17a7,14,false,3016,0.97992,3,CR9f3683203-26,1.0,false,#00492D
74.296271,87.280793,Aldoc,36,false,3017,0.91841,3,CR9f3683203-30,1.0,false,#637D05
106.0547,12.328434,Aldoc,6,false,3018,0.99185,3,CR9f3683203-18,1.0,false,#D28AF9
22.139223,84.112394,Pdgfra,0,true,3019,0.0,1,,1.0,true,#957A69
49.863676,51.288527,Pdgfra,19,false,3020,0.99165,2,CR9f3683203-15,1.0,false,#60422A
89.80411,102.154728,Aldoc,45,false,3021,0.91153,1,CR9f3683203-47,1.0,false,#57ADFF
65.098881,73.801519,Aldoc,28,false,3022,0.98265,1,CR9f3683203-22,1.0,false,#84A8CC
148.054913,91.613174,Gad1,0,true,3023,0.14505,2,CR9f3683203-55,1.0,false,#9EB1DD
46.490707,34.253052,Gad1,11,false,3024,0.9677,3,CR9f3683203-10,1.0,false,#00BB5A
147.430324,126.926971,Gad1,56,false,3025,0.99158,3,CR9f3683203-60,1.0,false,#00A2FF
32.344234,126.14847,Ttr,50,false,3026,0.99178,3,CR9f3683203-31,1.0,false,#F90066
10.642196,9.317807,Gad1,1,false,3027,0.99171,2,CR9f3683203-1,1.0,false,#A47F66
128.558534,109.466773,Slc17a7,47,false,3028,0.98994,3,CR9f3683203-56,1.0,false,#CC0000
127.116657,47.802043,Aldoc,23,false,3029,0.99147,3,CR9f3683203-38,1.0,false,#8D498A
30.663087,27.637363,Gad1,10,false,3030,0.99172,2,CR9f3683203-5,1.0,false,#9DB0D9
90.487009,85.654911,Gad1,37,false,3031,0.99068,2,CR9f3683203-42,1.0,false,#F2D266
144.627531,52.102718,Aldoc,24,false,3032,0.99167,3,CR9f3683203-46,1.0,false,#8D4989
146.59957,13.737193,Slc17a7,8,false,3033,0.98592,3,CR9f3683203-32,1.0,false,#006FFE
145.040771,110.048819,Aldoc,48,false,3034,0.98144,3,CR9f3683203-59,1.0,false,#003487
123.127778,65.071488,Gad1,31,false,3035,0.82802,2,CR9f3683203-49,1.0,false,#00C1FF
45.267107,125.883892,Gad1,51,false,3036,0.99084,3,CR9f3683203-37,1.0,false,#656500
105.79532,32.275666,Gad1,14,false,3037,0.99183,3,CR9f3683203-26,1.0,false,#005C7A
90.966769,132.074118,Slc17a7,53,false,3038,0.00666,3,CR9f3683203-52,1.0,false,#DA357B
29.659167,11.664532,Slc17a7,2,false,3039,0.99108,3,CR9f3683203-2,1.0,false,#FFA3FF
147.850721,81.617629,Sox10,40,false,3040,0.6661,1,CR9f3683203-55,1.0,false,#FF0080
141.397092,11.454928,Gad1,8,false,3041,0.99156,3,CR9f3683203-32,1.0,false,#007E22
89.999796,31.817119,Aldoc,13,false,3042,0.99187,2,CR9f3683203-20,1.0,false,#0060EF
70.026525,8.291547,Gad1,4,false,3043,0.82983,2,CR9f3683203-7,1.0,false,#142012
124.540162,86.071129,Aldoc,39,false,3044,0.99185,3,CR9f3683203-50,1.0,false,#616C00
13.679898,14.065404,Aldoc,1,false,3045,0.99177,2,CR9f3683203-1,1.0,false,#00A1FF
91.311174,85.436149,Ttr,37,false,3046,0.9872,2,CR9f3683203-42,1.0,false,#4A8B00
109.008036,53.42999,Gad1,22,false,3047,0.99057,2,CR9f3683203-33,1.0,false,#144F70
67.656016,92.137922,Aldoc,36,false,3048,0.9754,3,CR9f3683203-30,1.0,false,#E6976B
107.09593,35.429954,Pdgfra,14,false,3049,0.98149,3,CR9f3683203-26,1.0,false,#00492D
10.874507,142.889472,Gad1,57,false,3050,0.99033,1,CR9f3683203-36,1.0,false,#4A4E33
30.422327,109.633356,Aldoc,42,false,3051,0.99183,3,CR9f3683203-27,1.0,false,#008F81
67.194117,107.467163,Slc17a7,44,false,3052,0.99099,3,CR9f3683203-40,1.0,false,#31197C
145.084323,34.349591,Slc17a7,16,false,3053,0.99158,2,CR9f3683203-39,1.0,false,#627300
107.657137,13.156107,Aldoc,6,false,3054,0.99178,3,CR9f3683203-18,1.0,false,#B44C20
25.071846,27.676021,Gad1,10,false,3055,0.01151,2,CR9f3683203-5,1.0,false,#00A1FF
107.380529,83.127457,Slc17a7,38,false,3056,0.96774,3,CR9f3683203-44,1.0,false,#DC9257
48.242634,120.905739,Pdgfra,0,true,3057,0.98888,3,CR9f3683203-37,1.0,false,#D389F7
142.499321,125.220029,Slc17a7,56,false,3058,0.98951,3,CR9f3683203-60,1.0,false,#005F96
36.203709,84.918413,Gad1,34,false,3059,0.79921,2,CR9f3683203-21,1.0,false,#5F8414
50.418109,50.630767,Sox10,19,false,3060,0.99105,2,CR9f3683203-15,1.0,false,#005D85
30.184543,103.13781,Slc17a7,0,true,3061,0.95496,3,CR9f3683203-27,1.0,false,#63E3FF
13.459481,47.374223,Aldoc,17,false,3062,0.99187,3,CR9f3683203-4,1.0,false,#00C5FF
140.458579,91.989161,Gad1,0,true,3063,0.7385,2,CR9f3683203-55,1.0,false,#00A1FF
141.877444,127.359597,Pdgfra,56,false,3064,0.98725,3,CR9f3683203-60,1.0,false,#FA734B
11.113807,69.861335,Slc17a7,25,false,3065,0.99103,2,CR9f3683203-8,1.0,false,#FE0075
13.780383,143.149513,Aldoc,57,false,3066,0.99165,3,CR9f3683203-36,1.0,false,#00BAFC
9.087817,88.532762,Aldoc,33,false,3067,0.99183,1,CR9f3683203-14,1.0,false,#42ADFF
108.050427,118.988407,Sox10,0,true,3068,0.01094,1,CR9f3683203-57,1.0,false,#753B2D
34.373678,125.177994,Aldoc,0,true,3069,0.98959,3,CR9f3683203-31,1.0,false,#004429
13.188525,73.339978,Slc17a7,25,false,3070,0.92222,3,CR9f3683203-8,1.0,false,#600023
29.626279,24.989504,Gad1,10,false,3071,0.94752,2,CR9f3683203-5,1.0,false,#004A00
88.764318,50.473833,Aldoc,21,false,3072,0.98833,3,CR9f3683203-25,1.0,false,#009998
145.030179,32.283971,Gad1,16,false,3073,0.98891,2,CR9f3683203-39,1.0,false,#FF0079
48.759266,146.372945,Slc17a7,59,false,3074,0.99176,3,CR9f3683203-48,1.0,false,#CB0000
89.24986,86.666532,Slc17a7,37,false,3075,0.99177,2,CR9f3683203-42,1.0,false,#2B2589
119.398111,50.154745,Aldoc,0,true,3076,0.87379,3,CR9f3683203-38,0.98,false,#00C4FF
1.283841,46.942866,Slc17a7,0,true,3077,0.0,3,,1.0,true,#5C95FA
32.988451,132.164887,Pdgfra,50,false,3078,0.93805,3,CR9f3683203-31,1.0,false,#DC398B
87.122998,124.969099,Aldoc,53,false,3079,0.99106,3,CR9f3683203-52,1.0,false,#005C7B
24.535782,86.387948,Gad1,34,false,3080,0.28555,2,CR9f3683203-21,1.0,false,#F57863
85.828424,47.615594,Slc17a7,21,false,3081,0.99167,3,CR9f3683203-25,1.0,false,#005D7A
118.583228,84.221892,Gad1,39,false,3082,0.00681,2,CR9f3683203-50,0.96,false,#616D00
148.843219,47.95706,Aldoc,24,false,3083,0.98795,3,CR9f3683203-46,1.0,false,#BF7E9E
13.902377,70.560074,Gad1,25,false,3084,0.99102,2,CR9f3683203-8,1.0,false,#77392C
44.4701,107.057726,Gad1,43,false,3085,0.97411,2,CR9f3683203-29,1.0,false,#AE805F
11.988977,147.90004,Sox10,57,false,3086,0.99168,3,CR9f3683203-36,1.0,false,#A07A63
66.057091,46.742627,Slc17a7,20,false,3087,0.95996,3,CR9f3683203-19,1.0,false,#618616
66.424865,86.210807,Sox10,36,false,3088,0.9917,3,CR9f3683203-30,1.0,false,#AC7C5B
102.695855,125.759856,Ttr,54,false,3089,0.98929,3,CR9f3683203-57,1.0,false,#564C34
144.941115,128.339698,Slc17a7,56,false,3090,0.99152,3,CR9f3683203-60,1.0,false,#00A0FF
147.823851,48.449297,Sox10,24,false,3091,0.99148,3,CR9f3683203-46,1.0,false,#BD7D9C
10.840478,49.964449,Ttr,17,false,3092,0.99124,3,CR9f3683203-4,1.0,false,#00A2FF
127.651222,107.261874,Slc17a7,47,false,3093,0.98983,3,CR9f3683203-56,1.0,false,#00988B
110.950496,75.79071,Gad1,0,true,3094,0.0,2,,0.88,true,#5F7A02
10.848404,7.162404,Gad1,1,false,3095,0.96712,2,CR9f3683203-1,1.0,false,#CE00B3
72.139316,145.432873,Gad1,60,false,3096,0.99177,3,CR9f3683203-53,1.0,false,#5F7500
49.088992,106.989615,Gad1,43,false,3097,0.99183,2,CR9f3683203-29,1.0,false,#600023
13.282931,147.186738,Aldoc,57,false,3098,0.98603,3,CR9f3683203-36,1.0,false,#CC4B00
109.468703,5.651773,Sox10,0,true,3099,0.20986,3,CR9f3683203-18,1.0,false,#009999
147.317224,131.881962,Gad1,56,false,3100,0.86318,2,CR9f3683203-60,1.0,false,#FD755B
113.127263,27.05368,Slc17a7,14,false,3101,0.50185,3,CR9f3683203-26,1.0,false,#90B3DF
50.199019,85.294152,Aldoc,35,false,3102,0.99041,3,CR9f3683203-23,1.0,false,#004026
10.692648,125.893687,Sox10,49,false,3103,0.99186,2,CR9f3683203-28,1.0,false,#00BFFF
5.851545,81.209843,Slc17a7,33,false,3104,0.0,3,,1.0,true,#005F92
52.925431,143.886487,Gad1,59,false,3105,0.98988,3,CR9f3683203-48,1.0,false,#00B048
109.382082,69.233426,Pdgfra,30,false,3106,0.99145,3,CR9f3683203-41,1.0,false,#917B6E
148.501049,68.715869,Slc17a7,32,false,3107,0.98925,3,CR9f3683203-51,1.0,false,#C40000
108.327838,104.836659,Ttr,46,false,3108,0.9914,2,CR9f3683203-54,1.0,false,#105300
87.064682,30.096917,Gad1,13,false,3109,0.9918,2,CR9f3683203-20,1.0,false,#650029
147.446972,85.322144,Gad1,40,false,3110,0.98864,2,CR9f3683203-55,1.0,false,#FF007A
66.847668,10.790893,Gad1,4,false,3111,0.99044,2,CR9f3683203-7,1.0,false,#CC00B4
123.641537,104.425626,Aldoc,0,true,3112,0.98941,3,CR9f3683203-56,1.0,false,#DB3889
33.243021,100.819504,Aldoc,42,false,3113,0.177,1,CR9f3683203-27,1.0,false,#0081FF
66.620663,126.891829,Aldoc,52,false,3114,0.99186,2,CR9f3683203-45,1.0,false,#00B9FC
8.220034,30.135847,Aldoc,9,false,3115,0.98707,1,CR9f3683203-3,1.0,false,#FF0081
84.029381,53.882193,Sox10,21,false,3116,0.86335,1,CR9f3683203-25,1.0,false,#EA9669
13.922496,51.791766,Pdgfra,17,false,3117,0.99187,3,CR9f3683203-4,1.0,false,#004328
70.333706,67.527849,Gad1,28,false,3118,0.99141,2,CR9f3683203-22,1.0,false,#005D90
68.93093,70.15867,Gad1,28,false,3119,0.99114,2,CR9f3683203-22,1.0,false,#005C82
12.370214,15.42163,Pdgfra,1,false,3120,0.99099,2,CR9f3683203-1,1.0,false,#004026
66.570691,103.272868,Slc17a7,44,false,3121,0.95505,3,CR9f3683203-40,1.0,false,#8B006F
14.825156,91.226789,Ttr,33,false,3122,0.98962,1,CR9f3683203-14,1.0,false,#006194
91.182985,32.311266,Gad1,13,false,3123,0.99092,2,CR9f3683203-20,1.0,false,#0A1F15
85.631066,123.431134,Slc17a7,53,false,3124,0.99178,3,CR9f3683203-52,1.0,false,#600023
129.943347,109.194781,Slc17a7,47,false,3125,0.98602,3,CR9f3683203-56,1.0,false,#DC9357
102.696144,39.19918,Sox10,0,true,3126,0.0,1,,1.0,true,#005F94
87.57651,106.872756,Aldoc,45,false,3127,0.9915,3,CR9f3683203-47,1.0,false,#D080E9
127.508392,89.550727,Aldoc,39,false,3128,0.99185,3,CR9f3683203-50,1.0,false,#904481
67.276953,14.071655,Slc17a7,4,false,3129,0.98932,2,CR9f3683203-7,1.0,false,#EFCD63
141.159914,11.870001,Slc17a7,8,false,3130,0.99173,3,CR9f3683203-32,1.0,false,#EFD163
28.683482,88.693817,Gad1,34,false,3131,0.99153,2,CR9f3683203-21,1.0,false,#005F8B
133.480774,71.539882,Slc17a7,0,true,3132,0.0,3,,0.98,true,#00C4FF
107.060833,31.842668,Gad1,14,false,3133,0.99133,3,CR9f3683203-26,1.0,false,#5D87FA
88.418661,152.212893,Pdgfra,0,true,3134,0.0,3,,1.0,true,#618616
91.197157,106.183952,Slc17a7,45,false,3135,0.99187,3,CR9f3683203-47,1.0,false,#638312
12.962127,50.048443,Slc17a7,17,false,3136,0.99181,3,CR9f3683203-4,1.0,false,#00C2FF
13.185071,53.081047,Slc17a7,17,false,3137,0.99083,3,CR9f3683203-4,1.0,false,#00492D
61.408645,124.916993,Aldoc,0,true,3138,0.00176,1,CR9f3683203-45,1.0,false,#0060EF
70.124975,34.015362,Aldoc,12,false,3139,0.99139,1,CR9f3683203-12,1.0,false,#F9006A
51.956705,68.447948,Aldoc,27,false,3140,0.98961,1,CR9f3683203-16,1.0,false,#957A69
72.172898,109.339978,Aldoc,44,false,3141,0.98209,3,CR9f3683203-40,1.0,false,#0092CD
92.157495,29.887418,Gad1,13,false,3142,0.98235,2,CR9f3683203-20,1.0,false,#5B91EE
69.60904,95.25988,Sox10,36,false,3143,0.00083,1,CR9f3683203-30,0.86,false,#008E7E
33.979952,107.779285,Aldoc,42,false,3144,0.99187,3,CR9f3683203-27,1.0,false,#4B4D31
31.508928,16.580829,Slc17a7,2,false,3145,0.9445,3,CR9f3683203-2,1.0,false,#008F77
122.62724,127.777212,Aldoc,55,false,3146,0.99185,2,CR9f3683203-58,1.0,false,#0C5100
13.335714,55.014656,Pdgfra,17,false,3147,0.85407,3,CR9f3683203-4,0.98,false,#004026
32.430041,131.492899,Slc17a7,0,true,3148,0.98022,3,CR9f3683203-31,1.0,false,#DB3887
111.481937,86.950916,Slc17a7,38,false,3149,0.97775,3,CR9f3683203-44,1.0,false,#3D8767
87.136497,72.527331,Slc17a7,29,false,3150,0.95281,3,CR9f3683203-35,1.0,false,#647C03
105.213943,13.756257,Ttr,6,false,3151,0.99185,3,CR9f3683203-18,1.0,false,#361800
127.439047,33.507638,Aldoc,15,false,3152,0.99186,1,CR9f3683203-34,1.0,false,#00B9FC
143.059708,86.613362,Slc17a7,40,false,3153,0.99121,2,CR9f3683203-55,1.0,false,#005C87
149.329859,12.933114,Slc17a7,8,false,3154,0.96242,3,CR9f3683203-32,1.0,false,#3D8767
124.342382,93.107204,Gad1,39,false,3155,0.97899,2,CR9f3683203-50,1.0,false,#005D7C
144.344176,50.552329,Sox10,24,false,3156,0.99172,3,CR9f3683203-46,1.0,false,#0089C9
121.735283,48.247657,Slc17a7,23,false,3157,0.98912,3,CR9f3683203-38,1.0,false,#F87767
110.188131,69.877248,Gad1,30,false,3158,0.99153,2,CR9f3683203-41,1.0,false,#937B6D
106.305914,84.136649,Slc17a7,38,false,3159,0.9917,3,CR9f3683203-44,1.0,false,#003A82
67.1291,69.032131,Slc17a7,28,false,3160,0.9908,2,CR9f3683203-22,1.0,false,#FF0084
88.265089,121.487917,Slc17a7,53,false,3161,0.98893,3,CR9f3683203-52,1.0,false,#DF9665
46.81793,109.694648,Gad1,43,false,3162,0.98806,2,CR9f3683203-29,1.0,false,#7A2B00
145.767243,49.931889,Pdgfra,24,false,3163,0.99051,3,CR9f3683203-46,1.0,false,#0092CB
125.604319,106.179116,Slc17a7,47,false,3164,0.98871,3,CR9f3683203-56,1.0,false,#00A1FF
14.990624,103.248332,Pdgfra,41,false,3165,0.9572,3,CR9f3683203-17,1.0,false,#EAC8A2
48.401852,99.863329,Gad1,43,false,3166,0.493,2,CR9f3683203-29,1.0,false,#004B00
86.236862,13.33359,Sox10,5,false,3167,0.99187,3,CR9f3683203-11,1.0,false,#005C7E
103.808127,100.413445,Gad1,46,false,3168,0.25637,2,CR9f3683203-54,1.0,false,#F67865
33.470252,145.644615,Gad1,58,false,3169,0.99165,2,CR9f3683203-43,1.0,false,#003E4B
53.771798,126.216532,Ttr,51,false,3170,0.97459,1,CR9f3683203-37,1.0,false,#255370
10.055416,108.926367,Slc17a7,41,false,3171,0.99091,3,CR9f3683203-17,1.0,false,#8A006E
146.788526,67.327715,Slc17a7,32,false,3172,0.99083,3,CR9f3683203-51,1.0,false,#432082
47.91118,149.204679,Slc17a7,59,false,3173,0.99113,3,CR9f3683203-48,1.0,false,#458A68
32.873437,8.266033,Sox10,2,false,3174,0.96519,3,CR9f3683203-2,1.0,false,#005C77
32.19549,104.957372,Aldoc,42,false,3175,0.99169,3,CR9f3683203-27,1.0,false,#00462B
70.736737,121.331326,Gad1,52,false,3176,0.96841,2,CR9f3683203-45,1.0,false,#5E8313
90.089321,30.772035,Gad1,13,false,3177,0.99186,2,CR9f3683203-20,1.0,false,#005D8F
148.230166,105.062401,Aldoc,48,false,3178,0.99182,3,CR9f3683203-59,1.0,false,#5F8516
30.065801,70.734917,Slc17a7,26,false,3179,0.99109,3,CR9f3683203-13,1.0,false,#65002A
10.024322,87.610601,Sox10,33,false,3180,0.99186,1,CR9f3683203-14,1.0,false,#AD7C5B
83.703751,65.777194,Slc17a7,29,false,3181,0.12461,3,CR9f3683203-35,1.0,false,#00A0FF
34.06334,86.697932,Aldoc,34,false,3182,0.99099,2,CR9f3683203-21,1.0,false,#616F00
50.390564,124.104755,Aldoc,51,false,3183,0.99155,3,CR9f3683203-37,1.0,false,#006191
66.082417,87.63125,Pdgfra,36,false,3184,0.9918,3,CR9f3683203-30,1.0,false,#A67A5F
94.836153,70.72316,Slc17a7,29,false,3185,0.13259,3,CR9f3683203-35,1.0,false,#D23071
126.572238,105.685554,Ttr,47,false,3186,0.99078,3,CR9f3683203-56,1.0,false,#FA0067
17.351259,107.601738,Slc17a7,41,false,3187,0.58423,3,CR9f3683203-17,1.0,false,#74E3FF
143.599603,107.649206,Aldoc,48,false,3188,0.99058,3,CR9f3683203-59,1.0,false,#CC4B00
66.339073,126.222498,Sox10,52,false,3189,0.99166,2,CR9f3683203-45,1.0,false,#003E4C
70.357343,88.847151,Aldoc,36,false,3190,0.98908,3,CR9f3683203-30,1.0,false,#009A96
35.735338,106.639874,Aldoc,42,false,3191,0.98409,3,CR9f3683203-27,1.0,false,#646300
10.833712,68.308293,Gad1,25,false,3192,0.99166,2,CR9f3683203-8,1.0,false,#142012
105.825773,105.01457,Pdgfra,46,false,3193,0.99037,2,CR9f3683203-54,1.0,false,#5C85F8
64.445441,37.149163,Sox10,12,false,3194,0.47248,1,CR9f3683203-12,1.0,false,#008E7E
70.3357,126.653626,Gad1,52,false,3195,0.99144,2,CR9f3683203-45,1.0,false,#92AED7
146.461596,128.351565,Sox10,56,false,3196,0.99178,3,CR9f3683203-60,1.0,false,#005D80
88.614872,10.688618,Ttr,5,false,3197,0.99074,3,CR9f3683203-11,1.0,false,#5F8CFD
66.079891,14.282421,Gad1,4,false,3198,0.99182,2,CR9f3683203-7,1.0,false,#84AACF
65.451074,68.845076,Ttr,28,false,3199,0.99116,2,CR9f3683203-22,1.0,false,#92AFD7
45.10262,147.852789,Ttr,59,false,3200,0.9833,3,CR9f3683203-48,1.0,false,#DE9662
33.997911,44.759047,Aldoc,18,false,3201,0.00371,1,CR9f3683203-9,1.0,false,#D03076
34.057342,27.462601,Gad1,10,false,3202,0.99146,2,CR9f3683203-5,1.0,false,#2B2185
122.902088,88.651649,Ttr,39,false,3203,0.99113,3,CR9f3683203-50,1.0,false,#005D82
111.697992,110.772818,Gad1,46,false,3204,0.93164,2,CR9f3683203-54,1.0,false,#C94A00
45.685982,91.0462,Aldoc,35,false,3205,0.02838,3,CR9f3683203-23,1.0,false,#00958A
125.458469,43.753576,Pdgfra,23,false,3206,0.64966,3,CR9f3683203-38,1.0,false,#005C7E
44.997086,30.92754,Slc17a7,11,false,3207,0.84588,3,CR9f3683203-10,1.0,false,#CC0000
127.247171,32.894249,Sox10,15,false,3208,0.99185,1,CR9f3683203-34,1.0,false,#007CD8
124.105665,69.374456,Ttr,31,false,3209,0.99187,2,CR9f3683203-49,1.0,false,#409000
71.448706,34.99111,Aldoc,12,false,3210,0.98951,1,CR9f3683203-12,1.0,false,#74E3FF
13.633627,106.582747,Slc17a7,41,false,3211,0.99179,3,CR9f3683203-17,1.0,false,#D9357A
70.548162,105.429275,Slc17a7,44,false,3212,0.98949,3,CR9f3683203-40,1.0,false,#FB7352
69.215301,49.442553,Ttr,20,false,3213,0.99101,3,CR9f3683203-19,1.0,false,#EBC8A3
10.949699,144.030896,Sox10,57,false,3214,0.99178,1,CR9f3683203-36,1.0,false,#594938
51.129908,122.114213,Slc17a7,51,false,3215,0.98807,3,CR9f3683203-37,1.0,false,#87AED5
141.541006,46.222676,Pdgfra,24,false,3216,0.25439,3,CR9f3683203-46,1.0,false,#AD7C5B
141.862026,85.089668,Sox10,40,false,3217,0.99169,2,CR9f3683203-55,1.0,false,#FA7558
52.365909,125.937243,Sox10,0,true,3218,0.99064,1,CR9f3683203-37,1.0,false,#074C6F
54.395887,84.429137,Sox10,35,false,3219,0.93594,3,CR9f3683203-23,1.0,false,#E09970
8.906977,124.609774,Gad1,49,false,3220,0.98406,2,CR9f3683203-28,1.0,false,#FD0074
12.786847,9.351155,Sox10,1,false,3221,0.99184,2,CR9f3683203-1,1.0,false,#1C278D
27.843177,87.023586,Gad1,34,false,3222,0.99067,2,CR9f3683203-21,1.0,false,#00BA4F
11.52797,13.796936,Gad1,1,false,3223,0.99177,2,CR9f3683203-1,1.0,false,#00B94D
12.293309,50.52967,Slc17a7,17,false,3224,0.9914,3,CR9f3683203-4,1.0,false,#0080DA
67.836561,123.492823,Gad1,52,false,3225,0.99187,2,CR9f3683203-45,1.0,false,#00E4FF
146.606012,46.516812,Pdgfra,24,false,3226,0.98888,3,CR9f3683203-46,1.0,false,#0092CB
146.377176,28.426611,Gad1,16,false,3227,0.98931,2,CR9f3683203-39,1.0,false,#331700
13.30985,142.580329,Gad1,57,false,3228,0.99182,2,CR9f3683203-36,1.0,false,#616D00
49.035316,69.932162,Pdgfra,27,false,3229,0.99178,1,CR9f3683203-16,1.0,false,#00452A
111.318311,26.354951,Slc17a7,14,false,3230,0.91812,3,CR9f3683203-26,1.0,false,#4C8C69
50.035429,103.371432,Gad1,43,false,3231,0.98963,2,CR9f3683203-29,1.0,false,#00E5FF
86.159037,69.069299,Pdgfra,29,false,3232,0.98723,3,CR9f3683203-35,1.0,false,#009A94
128.767754,85.664401,Aldoc,39,false,3233,0.98873,3,CR9f3683203-50,1.0,false,#D03076
112.665242,104.045161,Slc17a7,46,false,3234,0.96574,2,CR9f3683203-54,1.0,false,#FE0076
65.922324,107.17291,Sox10,44,false,3235,0.99187,3,CR9f3683203-40,1.0,false,#627E0B
144.574064,85.118933,Gad1,40,false,3236,0.99169,2,CR9f3683203-55,1.0,false,#77392C
49.030134,58.254426,Aldoc,19,false,3237,0.00359,1,CR9f3683203-16,1.0,false,#723E2D
109.236587,105.196437,Gad1,46,false,3238,0.9912,2,CR9f3683203-54,1.0,false,#5C87F8
10.895516,57.498126,Aldoc,17,false,3239,0.00012,1,CR9f3683203-4,0.64,false,#004228
48.08068,31.862705,Pdgfra,11,false,3240,0.98889,3,CR9f3683203-10,1.0,false,#EAC8A2
127.051383,25.65738,Ttr,0,true,3241,0.83498,1,CR9f3683203-34,1.0,false,#005E86
145.321456,32.317795,Sox10,16,false,3242,0.99022,2,CR9f3683203-39,1.0,false,#FF0079
148.377823,126.496257,Gad1,56,false,3243,0.99073,3,CR9f3683203-60,1.0,false,#00A2FF
151.087642,133.474362,Slc17a7,56,false,3244,0.00103,3,CR9f3683203-60,1.0,false,#006EFD
60.249445,107.941615,Aldoc,0,true,3245,0.03122,1,CR9f3683203-40,0.58,false,#5F7800
90.131243,47.616992,Aldoc,21,false,3246,0.99015,1,CR9f3683203-25,1.0,false,#5CADFF
104.300231,51.56265,Gad1,22,false,3247,0.99187,2,CR9f3683203-33,1.0,false,#0071FF
108.793607,57.032965,Pdgfra,22,false,3248,0.01173,2,CR9f3683203-33,0.98,false,#693F2A
50.219587,32.498609,Slc17a7,11,false,3249,0.99004,3,CR9f3683203-10,1.0,false,#00BE5E
12.850768,69.861749,Aldoc,25,false,3250,0.99171,2,CR9f3683203-8,1.0,false,#00A2FF
33.089883,32.466116,Ttr,10,false,3251,0.9915,2,CR9f3683203-5,1.0,false,#331700
14.408078,87.774179,Aldoc,33,false,3252,0.99169,1,CR9f3683203-14,1.0,false,#AC7C5B
104.873239,48.347388,Pdgfra,22,false,3253,0.991,2,CR9f3683203-33,1.0,false,#0F5100
29.962719,13.317749,Aldoc,2,false,3254,0.99187,3,CR9f3683203-2,1.0,false,#8AB2DC
63.823587,110.608294,Slc17a7,44,false,3255,0.92794,3,CR9f3683203-40,1.0,false,#00C1D0
33.536951,26.962372,Sox10,10,false,3256,0.99187,2,CR9f3683203-5,1.0,false,#20278C
65.338239,31.807072,Gad1,12,false,3257,0.99085,1,CR9f3683203-12,1.0,false,#5D442F
127.95342,127.054982,Sox10,55,false,3258,0.98869,2,CR9f3683203-58,1.0,false,#7A2B00
10.029542,65.246992,Gad1,25,false,3259,0.98124,2,CR9f3683203-8,1.0,false,#D04B00
67.179489,49.704276,Slc17a7,20,false,3260,0.99186,3,CR9f3683203-19,1.0,false,#FC7664
67.842903,11.680873,Gad1,4,false,3261,0.99081,2,CR9f3683203-7,1.0,false,#2C2489
11.308582,69.45819,Aldoc,25,false,3262,0.99111,2,CR9f3683203-8,1.0,false,#00A3FF
46.557047,83.220476,Slc17a7,35,false,3263,0.23899,3,CR9f3683203-23,1.0,false,#973E79
147.762376,130.833628,Slc17a7,56,false,3264,0.97645,3,CR9f3683203-60,1.0,false,#FC7354
124.917769,70.325977,Sox10,31,false,3265,0.99043,2,CR9f3683203-49,1.0,false,#418F00
71.662481,84.453471,Aldoc,36,false,3266,0.96709,1,CR9f3683203-30,1.0,false,#ED9668
68.826891,92.385445,Sox10,36,false,3267,0.95795,3,CR9f3683203-30,1.0,false,#00C6DB
69.005409,122.750614,Gad1,52,false,3268,0.99187,2,CR9f3683203-45,1.0,false,#00462C
51.520131,88.84057,Aldoc,35,false,3269,0.98986,3,CR9f3683203-23,1.0,false,#83E3FF
141.317263,52.858217,Gad1,24,false,3270,0.9817,3,CR9f3683203-46,1.0,false,#005F96
121.162406,22.948397,Ttr,0,true,3271,0.0,1,,1.0,true,#005F97
69.73158,50.155444,Ttr,20,false,3272,0.99182,3,CR9f3683203-19,1.0,false,#ECC9A5
128.468608,73.594976,Aldoc,31,false,3273,0.97774,2,CR9f3683203-49,1.0,false,#175071
126.836617,71.395278,Aldoc,31,false,3274,0.98854,2,CR9f3683203-49,1.0,false,#B14C20
63.55716,17.736757,Slc17a7,4,false,3275,0.02984,3,CR9f3683203-7,1.0,false,#FF0077
12.394399,103.284894,Slc17a7,41,false,3276,0.99184,3,CR9f3683203-17,1.0,false,#00B34F
51.493487,140.469281,Slc17a7,59,false,3277,0.87745,3,CR9f3683203-48,1.0,false,#005F96
90.807685,66.992603,Slc17a7,29,false,3278,0.99124,3,CR9f3683203-35,1.0,false,#003A81
125.134319,35.317843,Aldoc,15,false,3279,0.9902,1,CR9f3683203-34,1.0,false,#D389F7
123.277349,95.464332,Pdgfra,0,true,3280,0.03386,3,CR9f3683203-50,1.0,false,#006095
132.434407,83.883174,Sox10,0,true,3281,0.00095,1,CR9f3683203-50,0.98,false,#BF7E9E
119.123335,107.474381,Sox10,0,true,3282,0.0014,3,CR9f3683203-56,1.0,false,#FF0070
71.215132,73.42114,Gad1,28,false,3283,0.58889,2,CR9f3683203-22,1.0,false,#005F97
145.68962,67.990156,Slc17a7,32,false,3284,0.99186,3,CR9f3683203-51,1.0,false,#F97767
88.014493,31.541851,Gad1,13,false,3285,0.9912,2,CR9f3683203-20,1.0,false,#00BCFE
95.581602,110.47324,Pdgfra,45,false,3286,0.02746,3,CR9f3683203-47,1.0,false,#154F00
51.167344,145.325838,Sox10,59,false,3287,0.99157,3,CR9f3683203-48,1.0,false,#003A82
33.400565,10.622382,Pdgfra,2,false,3288,0.98784,3,CR9f3683203-2,1.0,false,#005C7C
12.959385,147.711448,Aldoc,57,false,3289,0.99084,3,CR9f3683203-36,1.0,false,#AA7B5C
13.711799,85.657448,Aldoc,33,false,3290,0.9886,1,CR9f3683203-14,1.0,false,#9E7A64
122.838106,49.481743,Slc17a7,23,false,3291,0.99187,3,CR9f3683203-38,1.0,false,#FD7665
144.599088,128.595501,Slc17a7,56,false,3292,0.99187,3,CR9f3683203-60,1.0,false,#00A0FF
81.921038,52.048366,Aldoc,21,false,3293,0.34444,1,CR9f3683203-25,1.0,false,#E6976C
74.150814,47.217601,Pdgfra,20,false,3294,0.94986,3,CR9f3683203-19,1.0,false,#5F91FA
106.853882,68.869963,Aldoc,30,false,3295,0.99059,3,CR9f3683203-41,1.0,false,#666B00
128.520012,103.798127,Slc17a7,47,false,3296,0.98136,3,CR9f3683203-56,1.0,false,#003A81
53.815987,52.600387,Gad1,19,false,3297,0.98791,2,CR9f3683203-15,1.0,false,#295DE4
12.369344,32.062699,Gad1,9,false,3298,0.9912,1,CR9f3683203-3,1.0,false,#00A2FF
47.110141,9.072566,Gad1,3,false,3299,0.99084,3,CR9f3683203-6,1.0,false,#666E00
66.945206,128.608815,Gad1,52,false,3300,0.99187,2,CR9f3683203-45,1.0,false,#00442A
65.764957,36.367537,Aldoc,12,false,3301,0.96115,1,CR9f3683203-12,1.0,false,#00BFD4
110.580875,106.789262,Gad1,46,false,3302,0.99184,2,CR9f3683203-54,1.0,false,#2D5775
68.579588,28.978548,Aldoc,12,false,3303,0.99183,1,CR9f3683203-12,1.0,false,#6D422F
71.001945,92.504861,Pdgfra,36,false,3304,0.93032,3,CR9f3683203-30,1.0,false,#967A69
27.690489,53.563922,Gad1,18,false,3305,0.99158,3,CR9f3683203-9,1.0,false,#646A00
107.035848,47.314884,Aldoc,22,false,3306,0.99155,2,CR9f3683203-33,1.0,false,#84A8CB
54.457974,125.794468,Aldoc,51,false,3307,0.93505,1,CR9f3683203-37,1.0,false,#2A5672
72.036359,44.655069,Slc17a7,20,false,3308,0.78602,3,CR9f3683203-19,1.0,false,#008F77
29.689132,30.075661,Gad1,10,false,3309,0.99181,2,CR9f3683203-5,1.0,false,#CB4A00
91.828018,64.889729,Ttr,29,false,3310,0.98818,3,CR9f3683203-35,1.0,false,#5D91FD
31.622998,74.016774,Slc17a7,26,false,3311,0.98886,3,CR9f3683203-13,1.0,false,#66002A
63.838947,12.486734,Gad1,4,false,3312,0.97072,2,CR9f3683203-7,1.0,false,#164F00
63.219532,65.757042,Gad1,28,false,3313,0.63056,2,CR9f3683203-22,1.0,false,#F97659
90.806207,109.742741,Aldoc,45,false,3314,0.98874,3,CR9f3683203-47,1.0,false,#5E7F0E
70.940732,85.273228,Aldoc,36,false,3315,0.98792,1,CR9f3683203-30,1.0,false,#008D76
45.825819,13.596128,Sox10,3,false,3316,0.93358,1,CR9f3683203-6,1.0,false,#A07B63
147.390176,123.975727,Slc17a7,56,false,3317,0.98417,3,CR9f3683203-60,1.0,false,#006CFF
124.74988,50.677805,Ttr,0,true,3318,0.991,3,CR9f3683203-38,1.0,false,#DD9B76
89.933674,54.144784,Pdgfra,21,false,3319,0.98018,3,CR9f3683203-25,1.0,false,#5B4C30
87.332423,7.98731,Slc17a7,5,false,3320,0.99164,3,CR9f3683203-11,1.0,false,#83E3FF
15.995235,146.56859,Gad1,57,false,3321,0.99164,2,CR9f3683203-36,1.0,false,#5E8111
126.902529,14.336475,Sox10,7,false,3322,0.99072,2,CR9f3683203-24,1.0,false,#5C85F9
28.471008,129.175436,Pdgfra,50,false,3323,0.9908,3,CR9f3683203-31,1.0,false,#688512
148.058412,67.783805,Ttr,32,false,3324,0.9916,3,CR9f3683203-51,1.0,false,#003A82
124.393476,51.789145,Slc17a7,23,false,3325,0.99185,3,CR9f3683203-38,1.0,false,#009079
102.580499,87.140964,Slc17a7,38,false,3326,0.98589,3,CR9f3683203-44,1.0,false,#00BD5C
108.445411,36.059044,Slc17a7,14,false,3327,0.96843,3,CR9f3683203-26,1.0,false,#97457E
13.180026,144.113576,Aldoc,57,false,3328,0.99163,3,CR9f3683203-36,1.0,false,#607B04
68.13964,68.130658,Gad1,28,false,3329,0.99048,2,CR9f3683203-22,1.0,false,#155274
66.893385,109.515239,Slc17a7,44,false,3330,0.99187,3,CR9f3683203-40,1.0,false,#688512
48.387245,43.116018,Aldoc,0,true,3331,0.0043,1,CR9f3683203-15,0.92,false,#607900
131.025234,101.466856,Pdgfra,0,true,3332,0.00021,3,CR9f3683203-56,1.0,false,#5F91FC
106.079536,128.510868,Pdgfra,54,false,3333,0.99177,3,CR9f3683203-57,1.0,false,#8E4888
125.034083,72.234746,Pdgfra,31,false,3334,0.99098,2,CR9f3683203-49,1.0,false,#004B00
146.052335,53.117503,Pdgfra,24,false,3335,0.99187,3,CR9f3683203-46,1.0,false,#008DCB
33.008765,29.945912,Gad1,10,false,3336,0.99165,2,CR9f3683203-5,1.0,false,#185171
105.038532,50.995046,Gad1,22,false,3337,0.99163,2,CR9f3683203-33,1.0,false,#CE00B3
121.915581,49.496586,Slc17a7,23,false,3338,0.99077,3,CR9f3683203-38,1.0,false,#00C5FF
63.061336,30.884368,Aldoc,12,false,3339,0.87761,1,CR9f3683203-12,1.0,false,#5E4B31
124.974908,14.106685,Gad1,7,false,3340,0.99057,2,CR9f3683203-24,1.0,false,#00E5FF
66.723147,10.890406,Pdgfra,4,false,3341,0.99072,2,CR9f3683203-7,1.0,false,#F9765D
46.232344,147.731816,Slc17a7,59,false,3342,0.99065,3,CR9f3683203-48,1.0,false,#DE996F
66.509241,45.316305,Slc17a7,20,false,3343,0.68292,3,CR9f3683203-19,1.0,false,#D43072
106.035572,127.695226,Aldoc,54,false,3344,0.99077,3,CR9f3683203-57,1.0,false,#00A1FF
124.762053,105.428066,Pdgfra,47,false,3345,0.99073,3,CR9f3683203-56,1.0,false,#00A2FF
125.203346,86.521503,Aldoc,39,false,3346,0.99159,3,CR9f3683203-50,1.0,false,#00A2FF
66.344518,34.016682,Slc17a7,12,false,3347,0.98744,1,CR9f3683203-12,1.0,false,#00BCD1
109.788521,12.855307,Slc17a7,6,false,3348,0.99075,3,CR9f3683203-18,1.0,false,#8D4889
141.157264,47.257879,Aldoc,24,false,3349,0.54785,1,CR9f3683203-46,1.0,false,#2CAFFF
29.8157,88.257971,Aldoc,34,false,3350,0.98966,2,CR9f3683203-21,1.0,false,#5C432B
7.981155,125.791127,Slc17a7,49,false,3351,0.97723,2,CR9f3683203-28,1.0,false,#FF0077
123.089048,64.758864,Gad1,31,false,3352,0.6589,2,CR9f3683203-49,1.0,false,#305876
88.452628,51.987316,Pdgfra,21,false,3353,0.99119,3,CR9f3683203-25,1.0,false,#009C9D
50.119172,11.993905,Slc17a7,3,false,3354,0.99005,3,CR9f3683203-6,1.0,false,#00968E
52.73843,89.802834,Slc17a7,35,false,3355,0.99181,3,CR9f3683203-23,1.0,false,#D43173
109.835459,51.439451,Gad1,22,false,3356,0.99157,2,CR9f3683203-33,1.0,false,#052017
144.220005,65.800099,Slc17a7,32,false,3357,0.98218,3,CR9f3683203-51,1.0,false,#00B44A
29.104404,88.349399,Pdgfra,34,false,3358,0.99116,2,CR9f3683203-21,1.0,false,#5C432B
67.138155,139.655518,Aldoc,60,false,3359,0.93305,1,CR9f3683203-53,0.98,false,#D287F4
67.240347,140.937912,Ttr,60,false,3360,0.98108,3,CR9f3683203-53,1.0,false,#D07FE7
90.877296,50.028939,Slc17a7,21,false,3361,0.99187,3,CR9f3683203-25,1.0,false,#00C6D9
141.56323,49.492924,Aldoc,24,false,3362,0.98746,3,CR9f3683203-46,1.0,false,#ED9466
72.717598,54.136776,Slc17a7,20,false,3363,0.96251,3,CR9f3683203-19,1.0,false,#422082
125.913981,68.673376,Ttr,31,false,3364,0.99186,2,CR9f3683203-49,1.0,false,#0F5500
146.960963,107.794967,Slc17a7,48,false,3365,0.99054,3,CR9f3683203-59,1.0,false,#004127
102.082364,92.011723,Slc17a7,38,false,3366,0.13143,3,CR9f3683203-44,1.0,false,#688512
14.897198,126.276186,Gad1,49,false,3367,0.98841,2,CR9f3683203-28,1.0,false,#C84A00
105.410862,89.710573,Aldoc,38,false,3368,0.99187,3,CR9f3683203-44,1.0,false,#696B00
30.60397,11.473791,Ttr,2,false,3369,0.98768,3,CR9f3683203-2,1.0,false,#5B91FE
69.046912,124.634457,Pdgfra,52,false,3370,0.99066,2,CR9f3683203-45,1.0,false,#00A2FF
108.953699,51.864851,Gad1,22,false,3371,0.9917,2,CR9f3683203-33,1.0,false,#66452F
44.629423,126.597384,Aldoc,51,false,3372,0.98863,3,CR9f3683203-37,1.0,false,#5F7300
87.685327,86.163361,Slc17a7,37,false,3373,0.99058,2,CR9f3683203-42,1.0,false,#00A2FF
69.163789,69.957619,Pdgfra,0,true,3374,0.99148,2,CR9f3683203-22,1.0,false,#005D82
121.614283,30.077439,Sox10,15,false,3375,0.98911,1,CR9f3683203-34,1.0,false,#D179DE
50.352918,88.077489,Slc17a7,35,false,3376,0.99071,3,CR9f3683203-23,1.0,false,#EFCEB1
15.303821,28.343259,Pdgfra,9,false,3377,0.99027,3,CR9f3683203-3,1.0,false,#0090CC
33.65484,31.865409,Gad1,10,false,3378,0.99186,2,CR9f3683203-5,1.0,false,#331700
147.559854,72.390778,Slc17a7,32,false,3379,0.98199,3,CR9f3683203-51,1.0,false,#00472B
142.531558,53.205024,Aldoc,24,false,3380,0.98773,3,CR9f3683203-46,1.0,false,#004E00
123.867111,48.118102,Pdgfra,23,false,3381,0.99154,3,CR9f3683203-38,1.0,false,#696700
122.137095,34.06567,Aldoc,15,false,3382,0.99155,1,CR9f3683203-34,1.0,false,#8EB1DA
88.13624,33.324691,Gad1,13,false,3383,0.99178,2,CR9f3683203-20,1.0,false,#00462B
26.452637,89.071607,Sox10,34,false,3384,0.98222,2,CR9f3683203-21,1.0,false,#00BEFF
108.138653,87.456977,Slc17a7,38,false,3385,0.98988,3,CR9f3683203-44,1.0,false,#00946C
57.911702,141.832188,Slc17a7,0,true,3386,1.0e-5,3,CR9f3683203-48,0.76,false,#00BC5B
53.019031,144.897743,Slc17a7,59,false,3387,0.99124,3,CR9f3683203-48,1.0,false,#5E8DFD
13.187938,47.671727,Slc17a7,17,false,3388,0.9918,3,CR9f3683203-4,1.0,false,#00C3FF
14.178275,27.682175,Pdgfra,9,false,3389,0.99105,3,CR9f3683203-3,1.0,false,#8F4583
51.649237,64.815414,Aldoc,27,false,3390,0.99186,1,CR9f3683203-16,1.0,false,#00A1FF
123.588855,106.081435,Aldoc,47,false,3391,0.99185,3,CR9f3683203-56,1.0,false,#3D8767
33.247988,32.260825,Gad1,10,false,3392,0.9913,2,CR9f3683203-5,1.0,false,#00E4FF
143.025894,73.571566,Slc17a7,32,false,3393,0.98357,3,CR9f3683203-51,1.0,false,#90B3DF
122.621238,66.434273,Aldoc,31,false,3394,0.98359,2,CR9f3683203-49,1.0,false,#00B9FC
52.723307,29.777975,Slc17a7,11,false,3395,0.98723,3,CR9f3683203-10,1.0,false,#FFA3FF
87.454941,8.578122,Slc17a7,5,false,3396,0.99119,3,CR9f3683203-11,1.0,false,#F1D1B9
124.397951,37.244738,Pdgfra,15,false,3397,0.85358,1,CR9f3683203-34,1.0,false,#5F800F
89.498072,122.28894,Aldoc,53,false,3398,0.99101,3,CR9f3683203-52,1.0,false,#96437E
51.350035,14.475422,Slc17a7,3,false,3399,0.98814,3,CR9f3683203-6,1.0,false,#008D77
68.494524,30.94232,Aldoc,12,false,3400,0.99103,1,CR9f3683203-12,1.0,false,#B17F5A
107.185097,11.097868,Aldoc,6,false,3401,0.99179,3,CR9f3683203-18,1.0,false,#6257CD
30.769179,87.793435,Gad1,34,false,3402,0.98959,2,CR9f3683203-21,1.0,false,#152011
146.573915,105.271816,Pdgfra,48,false,3403,0.99154,3,CR9f3683203-59,1.0,false,#5E7A04
106.422017,107.08081,Ttr,46,false,3404,0.99178,2,CR9f3683203-54,1.0,false,#5C4633
29.672491,69.17986,Slc17a7,26,false,3405,0.99178,3,CR9f3683203-13,1.0,false,#F87767
90.179571,46.907983,Sox10,21,false,3406,0.98312,1,CR9f3683203-25,1.0,false,#CF84EF
81.267115,81.785523,Slc17a7,0,true,3407,0.0,3,,1.0,true,#498B69
128.225596,65.715717,Sox10,31,false,3408,0.97792,2,CR9f3683203-49,1.0,false,#FF0078
105.42603,122.428639,Sox10,54,false,3409,0.98818,1,CR9f3683203-57,1.0,false,#57482F
26.358566,48.144168,Aldoc,18,false,3410,0.91946,3,CR9f3683203-9,1.0,false,#00C5D9
91.731948,88.046546,Gad1,37,false,3411,0.98784,2,CR9f3683203-42,1.0,false,#2B2488
120.701147,109.57909,Aldoc,0,true,3412,0.12444,3,CR9f3683203-56,1.0,false,#FC006A
153.352377,103.59033,Aldoc,48,false,3413,0.00011,1,CR9f3683203-59,0.96,false,#00C6D8
125.745033,72.405704,Gad1,31,false,3414,0.99022,2,CR9f3683203-49,1.0,false,#00E5FF
5.847023,144.393968,Ttr,0,true,3415,0.0016,1,CR9f3683203-36,1.0,false,#D38BFA
79.995069,58.001204,Sox10,0,true,3416,0.0,1,,1.0,true,#5F8517
88.37372,28.078427,Pdgfra,13,false,3417,0.99122,2,CR9f3683203-20,1.0,false,#478D00
142.780519,60.494462,Slc17a7,0,true,3418,0.00057,3,CR9f3683203-51,0.96,false,#00A0FF
48.106818,108.483373,Gad1,43,false,3419,0.99172,2,CR9f3683203-29,1.0,false,#B04B1F
106.029547,128.957258,Pdgfra,54,false,3420,0.99165,3,CR9f3683203-57,1.0,false,#8D498A
105.1828,53.917566,Sox10,22,false,3421,0.96694,2,CR9f3683203-33,1.0,false,#FA734D
68.25941,65.493836,Gad1,28,false,3422,0.9884,2,CR9f3683203-22,1.0,false,#627F08
50.838839,33.189894,Gad1,11,false,3423,0.99181,3,CR9f3683203-10,1.0,false,#ECCC63
49.885918,139.685342,Slc17a7,0,true,3424,0.6713,3,CR9f3683203-48,1.0,false,#F80066
7.935813,98.734516,Aldoc,0,true,3425,0.0544,1,CR9f3683203-14,0.78,false,#008E7D
33.258323,151.068179,Slc17a7,58,false,3426,0.87451,3,CR9f3683203-43,1.0,false,#00A2FF
144.555267,144.157421,Ttr,0,true,3427,0.0,1,,1.0,true,#5B95F7
34.958711,145.153511,Gad1,58,false,3428,0.99181,2,CR9f3683203-43,1.0,false,#122012
11.141911,104.389275,Slc17a7,41,false,3429,0.99017,3,CR9f3683203-17,1.0,false,#00A2FF
29.140321,57.161094,Aldoc,18,false,3430,0.85908,3,CR9f3683203-9,1.0,false,#00C6D7
144.912948,104.486654,Gad1,48,false,3431,0.99153,3,CR9f3683203-59,1.0,false,#68422D
125.698702,70.616165,Gad1,31,false,3432,0.98794,2,CR9f3683203-49,1.0,false,#B04C20
130.530011,128.394938,Gad1,55,false,3433,0.20839,2,CR9f3683203-58,1.0,false,#2F5876
50.402054,30.384259,Aldoc,11,false,3434,0.99138,3,CR9f3683203-10,1.0,false,#86A6C8
124.248428,107.156771,Pdgfra,47,false,3435,0.99094,3,CR9f3683203-56,1.0,false,#004A2E
86.044913,13.494553,Aldoc,0,true,3436,0.99166,3,CR9f3683203-11,1.0,false,#005C7A
129.321446,108.613242,Slc17a7,47,false,3437,0.99183,3,CR9f3683203-56,1.0,false,#DC9255
52.889076,83.528177,Aldoc,35,false,3438,0.96822,3,CR9f3683203-23,1.0,false,#BB7D9A
46.921734,12.282345,Sox10,3,false,3439,0.9799,1,CR9f3683203-6,1.0,false,#6A4430
147.212902,119.677769,Slc17a7,56,false,3440,0.01613,3,CR9f3683203-60,1.0,false,#FE745D
128.20082,65.532108,Slc17a7,31,false,3441,0.98281,2,CR9f3683203-49,1.0,false,#FF0077
106.566273,104.826918,Sox10,46,false,3442,0.99065,2,CR9f3683203-54,1.0,false,#4F4B30
63.922692,68.293874,Gad1,28,false,3443,0.98373,2,CR9f3683203-22,1.0,false,#5B8EF1
87.724146,88.748005,Sox10,37,false,3444,0.99131,2,CR9f3683203-42,1.0,false,#003E4C
31.329806,87.798664,Gad1,34,false,3445,0.98773,2,CR9f3683203-21,1.0,false,#002F9C
67.253715,142.574879,Pdgfra,60,false,3446,0.9896,3,CR9f3683203-53,1.0,false,#006191
12.552513,128.907021,Slc17a7,49,false,3447,0.99019,3,CR9f3683203-28,1.0,false,#00492E
109.180595,86.775123,Aldoc,38,false,3448,0.99187,3,CR9f3683203-44,1.0,false,#008D62
102.43232,87.931881,Pdgfra,38,false,3449,0.98639,3,CR9f3683203-44,1.0,false,#00BC5C
12.312551,9.94031,Gad1,1,false,3450,0.98917,2,CR9f3683203-1,1.0,false,#5A8CF3
123.526371,13.246818,Gad1,7,false,3451,0.99187,2,CR9f3683203-24,1.0,false,#C64A00
49.52,11.779729,Aldoc,3,false,3452,0.99158,3,CR9f3683203-6,1.0,false,#E6976B
93.858343,84.86117,Aldoc,0,true,3453,0.06924,1,CR9f3683203-42,1.0,false,#004E00
48.361147,124.286113,Aldoc,51,false,3454,0.99131,3,CR9f3683203-37,1.0,false,#CD4B00
9.51359,126.908856,Aldoc,49,false,3455,0.99064,2,CR9f3683203-28,1.0,false,#007CD8
84.04433,33.322123,Slc17a7,13,false,3456,0.95995,2,CR9f3683203-20,1.0,false,#00A2FF
15.788506,125.936423,Pdgfra,49,false,3457,0.99183,2,CR9f3683203-28,1.0,false,#004A00
49.440149,144.746445,Slc17a7,59,false,3458,0.99156,3,CR9f3683203-48,1.0,false,#CC0000
144.743723,47.59233,Sox10,24,false,3459,0.98079,3,CR9f3683203-46,1.0,false,#008AC9
146.16264,10.547802,Slc17a7,8,false,3460,0.99104,3,CR9f3683203-32,1.0,false,#973E7A
121.731182,52.453959,Slc17a7,23,false,3461,0.97927,3,CR9f3683203-38,1.0,false,#00C4FF
64.798636,72.664405,Aldoc,28,false,3462,0.98697,1,CR9f3683203-22,1.0,false,#00A2FF
6.810111,109.762207,Pdgfra,0,true,3463,0.86653,3,CR9f3683203-17,1.0,false,#C60000
30.79222,108.245583,Slc17a7,42,false,3464,0.99139,3,CR9f3683203-27,1.0,false,#009A9A
32.218031,128.280109,Aldoc,50,false,3465,0.99171,3,CR9f3683203-31,1.0,false,#D53276
25.95621,50.431891,Sox10,18,false,3466,0.96407,3,CR9f3683203-9,1.0,false,#008AC9
81.896665,120.67556,Pdgfra,0,true,3467,0.00747,3,CR9f3683203-52,1.0,false,#006CFF
38.210485,105.897158,Ttr,42,false,3468,0.34408,3,CR9f3683203-27,0.98,false,#00608F
27.203977,51.813099,Aldoc,18,false,3469,0.99022,3,CR9f3683203-9,1.0,false,#607B05
10.38653,128.056346,Gad1,49,false,3470,0.99102,2,CR9f3683203-28,1.0,false,#95B2DD
125.6486,104.557075,Pdgfra,47,false,3471,0.99179,3,CR9f3683203-56,1.0,false,#005E7B
142.930741,108.555929,Aldoc,48,false,3472,0.99133,3,CR9f3683203-59,1.0,false,#5AACFF
12.116625,9.148717,Sox10,1,false,3473,0.99145,2,CR9f3683203-1,1.0,false,#1F278C
70.037359,35.816481,Slc17a7,12,false,3474,0.98454,3,CR9f3683203-12,0.98,false,#95447E
146.209332,69.874476,Slc17a7,32,false,3475,0.99183,3,CR9f3683203-51,1.0,false,#F80067
49.403374,125.754495,Aldoc,51,false,3476,0.99181,3,CR9f3683203-37,1.0,false,#00C1D8
68.117557,32.496026,Slc17a7,12,false,3477,0.9917,1,CR9f3683203-12,1.0,false,#009A95
127.674635,26.449816,Sox10,15,false,3478,0.96323,1,CR9f3683203-34,1.0,false,#009B9B
48.123429,105.947359,Gad1,43,false,3479,0.99161,2,CR9f3683203-29,1.0,false,#CE00B3
148.325225,128.042104,Ttr,56,false,3480,0.99179,3,CR9f3683203-60,1.0,false,#005C7F
146.629542,35.329335,Slc17a7,16,false,3481,0.98614,2,CR9f3683203-39,1.0,false,#008C61
88.686025,14.574077,Ttr,5,false,3482,0.98792,3,CR9f3683203-11,1.0,false,#32197C
89.437756,89.956634,Gad1,37,false,3483,0.98959,2,CR9f3683203-42,1.0,false,#5E8414
124.413269,52.525355,Slc17a7,23,false,3484,0.9916,3,CR9f3683203-38,1.0,false,#973F7A
104.629462,83.331272,Aldoc,0,true,3485,0.98743,3,CR9f3683203-44,1.0,false,#DD955E
50.214397,82.385396,Slc17a7,35,false,3486,0.93438,3,CR9f3683203-23,1.0,false,#00976E
141.136243,57.014376,Slc17a7,0,true,3487,0.00019,3,CR9f3683203-46,0.54,false,#00A0FF
142.080049,130.016349,Slc17a7,56,false,3488,0.96937,3,CR9f3683203-60,1.0,false,#FE755B
50.804844,66.577831,Aldoc,27,false,3489,0.99138,1,CR9f3683203-16,1.0,false,#664532
52.938888,12.757318,Aldoc,3,false,3490,0.99072,3,CR9f3683203-6,1.0,false,#CF85F0
35.887449,147.641406,Gad1,58,false,3491,0.98391,2,CR9f3683203-43,1.0,false,#666700
14.003386,142.914967,Aldoc,57,false,3492,0.99185,3,CR9f3683203-36,1.0,false,#00BAFC
29.26694,147.300093,Gad1,58,false,3493,0.98999,2,CR9f3683203-43,1.0,false,#468D00
109.514493,12.404251,Aldoc,6,false,3494,0.99119,3,CR9f3683203-18,1.0,false,#8E4888
90.620616,128.625208,Slc17a7,53,false,3495,0.96699,3,CR9f3683203-52,1.0,false,#F3D2BD
86.735298,134.387958,Sox10,0,true,3496,0.0,1,,0.98,true,#FA0069
103.893776,12.650389,Aldoc,6,false,3497,0.99116,3,CR9f3683203-18,1.0,false,#EB966A
70.694671,145.77876,Sox10,60,false,3498,0.99181,3,CR9f3683203-53,1.0,false,#5F7400
32.378153,49.695145,Aldoc,18,false,3499,0.99187,3,CR9f3683203-9,1.0,false,#957A69
45.839118,146.303442,Slc17a7,59,false,3500,0.98717,3,CR9f3683203-48,1.0,false,#DC9358
43.278221,63.980931,Slc17a7,0,true,3501,0.00979,3,CR9f3683203-16,0.96,false,#657C00
124.082124,44.392672,Ttr,0,true,3502,0.97154,3,CR9f3683203-38,1.0,false,#00A2FF
70.536545,145.282763,Pdgfra,60,false,3503,0.99179,3,CR9f3683203-53,1.0,false,#008FC9
108.170827,13.132918,Aldoc,6,false,3504,0.99165,3,CR9f3683203-18,1.0,false,#B07E5A
47.681989,129.881473,Aldoc,51,false,3505,0.9609,3,CR9f3683203-37,1.0,false,#009583
106.91633,69.032808,Aldoc,30,false,3506,0.98932,3,CR9f3683203-41,1.0,false,#656300
9.950774,13.747762,Ttr,1,false,3507,0.98953,2,CR9f3683203-1,1.0,false,#2B2184
87.840001,10.049582,Sox10,5,false,3508,0.99062,3,CR9f3683203-11,1.0,false,#005B79
142.058778,128.717133,Slc17a7,56,false,3509,0.9904,3,CR9f3683203-60,1.0,false,#FF745A
100.284035,70.451736,Sox10,30,false,3510,0.64484,3,CR9f3683203-41,1.0,false,#005E86
49.826347,49.24783,Gad1,19,false,3511,0.9914,2,CR9f3683203-15,1.0,false,#005C7B
29.078322,124.853168,Slc17a7,50,false,3512,0.99026,3,CR9f3683203-31,1.0,false,#5E92FD
49.136727,104.09687,Ttr,43,false,3513,0.99117,2,CR9f3683203-29,1.0,false,#00E2FF
13.667978,88.657119,Pdgfra,33,false,3514,0.99182,1,CR9f3683203-14,1.0,false,#AA7B5C
52.563469,8.275395,Aldoc,3,false,3515,0.99159,3,CR9f3683203-6,1.0,false,#D17EE6
32.773748,27.969393,Ttr,10,false,3516,0.99186,2,CR9f3683203-5,1.0,false,#2F5875
69.176252,88.142309,Aldoc,36,false,3517,0.99093,3,CR9f3683203-30,1.0,false,#00968E
49.356956,66.35059,Aldoc,27,false,3518,0.99185,1,CR9f3683203-16,1.0,false,#0C4D70
69.04589,66.840953,Pdgfra,28,false,3519,0.99169,2,CR9f3683203-22,1.0,false,#005D86
11.070571,46.055871,Slc17a7,17,false,3520,0.99187,3,CR9f3683203-4,1.0,false,#FD7354
125.293789,32.009757,Pdgfra,15,false,3521,0.99132,1,CR9f3683203-34,1.0,false,#4A4E34
53.453021,26.415669,Sox10,11,false,3522,0.19189,3,CR9f3683203-10,1.0,false,#610027
126.3196,70.427778,Aldoc,31,false,3523,0.98829,2,CR9f3683203-49,1.0,false,#B84B1F
48.192966,71.137087,Pdgfra,27,false,3524,0.98892,1,CR9f3683203-16,1.0,false,#00452A
69.336535,30.026124,Gad1,12,false,3525,0.9916,1,CR9f3683203-12,1.0,false,#0E5100
143.048796,50.660776,Slc17a7,24,false,3526,0.99033,3,CR9f3683203-46,1.0,false,#E19971
67.274227,90.59906,Aldoc,36,false,3527,0.989,3,CR9f3683203-30,1.0,false,#E3996F
0.277104,97.795362,Gad1,0,true,3528,0.0,2,,1.0,true,#005E95
89.173772,49.986188,Sox10,21,false,3529,0.99002,3,CR9f3683203-25,1.0,false,#005F8A
29.462005,88.840295,Sox10,34,false,3530,0.99076,2,CR9f3683203-21,1.0,false,#997D6B
68.595879,125.78146,Ttr,52,false,3531,0.99127,2,CR9f3683203-45,1.0,false,#00A2FF
157.068873,52.511208,Sox10,0,true,3532,0.0,1,,1.0,true,#783A2D
26.375441,10.785329,Slc17a7,2,false,3533,0.98045,3,CR9f3683203-2,1.0,false,#ECC9A5
30.175523,79.500254,Sox10,0,true,3534,3.0e-5,1,,0.68,true,#005E91
12.258403,32.986012,Aldoc,9,false,3535,0.99173,1,CR9f3683203-3,1.0,false,#004D00
145.907529,126.943167,Ttr,56,false,3536,0.99186,3,CR9f3683203-60,1.0,false,#C80000
85.542737,84.907894,Slc17a7,37,false,3537,0.9792,3,CR9f3683203-42,1.0,false,#005C7A
69.562642,75.020561,Sox10,28,false,3538,0.8344,1,CR9f3683203-22,0.98,false,#22268B
123.919127,109.618947,Slc17a7,47,false,3539,0.98726,3,CR9f3683203-56,1.0,false,#F2D2BA
84.495961,122.672144,Slc17a7,53,false,3540,0.99078,3,CR9f3683203-52,1.0,false,#630028
89.958634,12.592228,Ttr,5,false,3541,0.99026,3,CR9f3683203-11,1.0,false,#5A8DF9
52.038547,87.687953,Pdgfra,35,false,3542,0.99161,3,CR9f3683203-23,1.0,false,#D9347A
55.441603,135.822788,Slc17a7,0,true,3543,0.0,3,,0.98,true,#4C8C6A
11.069614,51.487837,Pdgfra,17,false,3544,0.99162,3,CR9f3683203-4,1.0,false,#3B8766
85.253018,28.765732,Gad1,13,false,3545,0.98545,2,CR9f3683203-20,1.0,false,#007E22
122.517506,70.455254,Gad1,31,false,3546,0.98887,2,CR9f3683203-49,1.0,false,#00A0FF
37.775488,126.266155,Sox10,50,false,3547,0.56752,3,CR9f3683203-31,0.64,false,#005D8C
112.785679,89.679272,Slc17a7,38,false,3548,0.02289,3,CR9f3683203-44,1.0,false,#00976C
8.835263,68.225453,Pdgfra,25,false,3549,0.99151,2,CR9f3683203-8,1.0,false,#504A2F
67.165543,65.0304,Sox10,0,true,3550,0.98119,2,CR9f3683203-22,1.0,false,#A27F67
81.366899,15.885081,Pdgfra,0,true,3551,0.00011,3,CR9f3683203-11,0.86,false,#005F91
10.411373,106.311168,Slc17a7,41,false,3552,0.99166,3,CR9f3683203-17,1.0,false,#0072FF
146.89217,31.512752,Gad1,16,false,3553,0.98976,2,CR9f3683203-39,1.0,false,#9EB0DB
58.530999,152.606492,Gad1,0,true,3554,0.0,2,,1.0,true,#00A1FF
125.593836,14.634285,Ttr,7,false,3555,0.99072,2,CR9f3683203-24,1.0,false,#00E6FF
50.474718,65.017267,Aldoc,27,false,3556,0.99187,1,CR9f3683203-16,1.0,false,#783A2D
11.155568,10.048485,Gad1,1,false,3557,0.99132,2,CR9f3683203-1,1.0,false,#A88063
50.970244,70.805047,Aldoc,27,false,3558,0.99129,1,CR9f3683203-16,1.0,false,#594C34
56.476925,11.883257,Aldoc,3,false,3559,0.2736,1,CR9f3683203-6,1.0,false,#783A2E
123.489369,28.697033,Aldoc,15,false,3560,0.98857,1,CR9f3683203-34,1.0,false,#AC7B5B
70.790247,120.138441,Aldoc,52,false,3561,0.68704,1,CR9f3683203-45,1.0,false,#627400
52.561631,88.303098,Ttr,35,false,3562,0.99071,3,CR9f3683203-23,1.0,false,#D53274
124.796297,67.320779,Sox10,31,false,3563,0.98857,2,CR9f3683203-49,1.0,false,#5E442F
106.245072,51.205791,Gad1,22,false,3564,0.99135,2,CR9f3683203-33,1.0,false,#CB00B4
14.600596,124.728035,Slc17a7,49,false,3565,0.99061,2,CR9f3683203-28,1.0,false,#00B148
87.82094,68.971197,Pdgfra,29,false,3566,0.99176,3,CR9f3683203-35,1.0,false,#69810A
127.329596,141.432381,Aldoc,0,true,3567,0.0,1,,1.0,true,#773A2C
30.251519,86.66368,Pdgfra,34,false,3568,0.99127,2,CR9f3683203-21,1.0,false,#00BA4F
84.856273,7.79612,Gad1,0,true,3569,0.99162,3,CR9f3683203-11,1.0,false,#85ABD1
90.050797,121.36935,Slc17a7,0,true,3570,0.97845,3,CR9f3683203-52,1.0,false,#618616
142.761866,7.245981,Slc17a7,8,false,3571,0.99166,3,CR9f3683203-32,1.0,false,#C50000
127.181766,49.721034,Slc17a7,23,false,3572,0.99153,3,CR9f3683203-38,1.0,false,#311A7D
124.191403,86.691111,Gad1,39,false,3573,0.99181,3,CR9f3683203-50,1.0,false,#656300
67.904098,107.568137,Slc17a7,44,false,3574,0.99001,3,CR9f3683203-40,1.0,false,#00B44A
72.755948,50.114552,Sox10,20,false,3575,0.99177,3,CR9f3683203-19,1.0,false,#6B7100
26.651665,132.91028,Ttr,0,true,3576,0.00426,3,CR9f3683203-31,1.0,false,#00BE5C
50.42923,50.689089,Gad1,19,false,3577,0.99121,2,CR9f3683203-15,1.0,false,#005D85
88.418259,10.062065,Gad1,5,false,3578,0.99061,3,CR9f3683203-11,1.0,false,#5C86F9
108.449298,145.009909,Aldoc,0,true,3579,0.0,1,,1.0,true,#008E76
100.905606,50.145328,Ttr,22,false,3580,0.7551,2,CR9f3683203-33,1.0,false,#00A2FF
12.677782,50.152768,Sox10,17,false,3581,0.99177,3,CR9f3683203-4,1.0,false,#00BEFF
144.10547,64.71391,Slc17a7,32,false,3582,0.96246,3,CR9f3683203-51,1.0,false,#00B349
28.825166,110.973587,Aldoc,42,false,3583,0.98369,1,CR9f3683203-27,1.0,false,#69432F
86.835342,89.686808,Gad1,37,false,3584,0.99172,2,CR9f3683203-42,1.0,false,#B84B1F
68.276694,122.542878,Gad1,52,false,3585,0.99065,2,CR9f3683203-45,1.0,false,#00472D
87.619437,30.878472,Slc17a7,13,false,3586,0.99025,2,CR9f3683203-20,1.0,false,#620025
64.829668,125.351529,Gad1,52,false,3587,0.98535,2,CR9f3683203-45,1.0,false,#B84B1F
123.697467,49.992188,Sox10,23,false,3588,0.99167,3,CR9f3683203-38,1.0,false,#005F90
30.449637,67.868399,Slc17a7,26,false,3589,0.99182,3,CR9f3683203-13,1.0,false,#9C54FE
89.68691,111.707189,Aldoc,45,false,3590,0.96611,1,CR9f3683203-47,1.0,false,#674532
32.98675,103.859932,Aldoc,42,false,3591,0.99113,3,CR9f3683203-27,1.0,false,#0081FF
122.221195,131.361166,Gad1,55,false,3592,0.38711,2,CR9f3683203-58,1.0,false,#145000
108.501464,54.311066,Aldoc,22,false,3593,0.97781,2,CR9f3683203-33,1.0,false,#155070
26.692933,86.705406,Gad1,34,false,3594,0.98175,2,CR9f3683203-21,1.0,false,#5B92EF
50.923194,85.506478,Pdgfra,35,false,3595,0.99181,3,CR9f3683203-23,1.0,false,#6A7200
128.787197,87.580216,Pdgfra,39,false,3596,0.99155,3,CR9f3683203-50,1.0,false,#D487F3
31.819216,145.224314,Gad1,58,false,3597,0.99134,2,CR9f3683203-43,1.0,false,#703927
139.999742,63.520267,Ttr,32,false,3598,0.11496,3,CR9f3683203-51,1.0,false,#00A2FF
31.491797,30.04056,Gad1,10,false,3599,0.99158,2,CR9f3683203-5,1.0,false,#005C8B
14.154615,126.530356,Gad1,49,false,3600,0.9863,2,CR9f3683203-28,1.0,false,#00462C
69.953158,142.806838,Gad1,60,false,3601,0.99184,3,CR9f3683203-53,1.0,false,#00A2FF
47.013444,87.572106,Pdgfra,35,false,3602,0.99075,3,CR9f3683203-23,1.0,false,#00917A
67.858013,69.236893,Gad1,28,false,3603,0.98968,2,CR9f3683203-22,1.0,false,#FF0081
46.69061,11.72479,Aldoc,3,false,3604,0.9799,1,CR9f3683203-6,1.0,false,#68442F
120.599759,50.187677,Slc17a7,23,false,3605,0.98451,3,CR9f3683203-38,1.0,false,#00C5FF
46.902008,87.761562,Slc17a7,35,false,3606,0.98977,3,CR9f3683203-23,1.0,false,#009581
14.502573,127.848058,Aldoc,49,false,3607,0.99181,2,CR9f3683203-28,1.0,false,#004429
62.44417,37.009094,Ttr,12,false,3608,0.002,1,CR9f3683203-12,1.0,false,#009184
70.073511,17.215996,Slc17a7,4,false,3609,0.97784,2,CR9f3683203-7,1.0,false,#608FF9
68.395973,108.717678,Slc17a7,44,false,3610,0.99165,3,CR9f3683203-40,1.0,false,#006CFF
125.077862,99.277803,Ttr,0,true,3611,0.0,3,,0.94,true,#009692
9.905255,28.317836,Aldoc,9,false,3612,0.9876,1,CR9f3683203-3,1.0,false,#DE9A76
148.36056,11.609314,Pdgfra,8,false,3613,0.97981,3,CR9f3683203-32,1.0,false,#488B69
74.866001,91.208349,Pdgfra,0,true,3614,0.17616,3,CR9f3683203-30,1.0,false,#004A00
11.404985,52.028794,Slc17a7,17,false,3615,0.99158,3,CR9f3683203-4,1.0,false,#006DFF
14.163388,90.29841,Aldoc,33,false,3616,0.99093,1,CR9f3683203-14,1.0,false,#006191
25.596315,86.478628,Gad1,34,false,3617,0.86466,2,CR9f3683203-21,1.0,false,#618616
146.321522,85.900588,Gad1,40,false,3618,0.99187,2,CR9f3683203-55,1.0,false,#0C5275
48.932972,86.750058,Slc17a7,35,false,3619,0.99145,3,CR9f3683203-23,1.0,false,#F3D3BD
125.502988,52.256052,Slc17a7,23,false,3620,0.9916,3,CR9f3683203-38,1.0,false,#D93479
34.15062,30.173942,Sox10,10,false,3621,0.99175,2,CR9f3683203-5,1.0,false,#371500
124.915051,33.925408,Aldoc,15,false,3622,0.99179,1,CR9f3683203-34,1.0,false,#694430
146.074492,8.290818,Slc17a7,8,false,3623,0.99114,3,CR9f3683203-32,1.0,false,#00A1FF
49.9838,83.110858,Slc17a7,35,false,3624,0.98202,3,CR9f3683203-23,1.0,false,#00966E
48.345931,148.534254,Slc17a7,59,false,3625,0.99187,3,CR9f3683203-48,1.0,false,#00492D
146.963953,50.131349,Aldoc,24,false,3626,0.99,3,CR9f3683203-46,1.0,false,#2FAFFF
91.78087,104.997828,Gad1,45,false,3627,0.9832,3,CR9f3683203-47,1.0,false,#647200
30.83632,70.028029,Slc17a7,26,false,3628,0.98921,3,CR9f3683203-13,1.0,false,#007D20
5.554285,146.974613,Aldoc,57,false,3629,0.0002,1,CR9f3683203-36,0.92,false,#D28AFA
70.650576,89.968362,Sox10,36,false,3630,0.99186,3,CR9f3683203-30,1.0,false,#005F88
127.873106,51.17927,Ttr,23,false,3631,0.988,3,CR9f3683203-38,1.0,false,#FF0071
144.22921,34.411274,Pdgfra,16,false,3632,0.99158,2,CR9f3683203-39,1.0,false,#637100
10.458995,107.899801,Slc17a7,41,false,3633,0.9918,3,CR9f3683203-17,1.0,false,#FD7664
29.273714,124.498712,Ttr,0,true,3634,0.99103,3,CR9f3683203-31,1.0,false,#00B554
106.04299,108.891398,Gad1,46,false,3635,0.9728,2,CR9f3683203-54,1.0,false,#331700
147.076751,155.812708,Gad1,0,true,3636,0.0,2,,1.0,true,#5B92EE
124.774768,29.130474,Aldoc,15,false,3637,0.99144,1,CR9f3683203-34,1.0,false,#37AEFF
122.924285,6.238503,Gad1,0,true,3638,0.0,2,CR9f3683203-24,0.6,false,#5B91EE
23.925205,136.358771,Gad1,0,true,3639,0.0,2,,1.0,true,#5B91EE
11.120743,65.302525,Gad1,25,false,3640,0.9885,2,CR9f3683203-8,1.0,false,#2C5DE3
71.155842,67.893021,Sox10,0,true,3641,0.99187,2,CR9f3683203-22,1.0,false,#409000
51.497764,87.853591,Slc17a7,35,false,3642,0.98948,3,CR9f3683203-23,1.0,false,#DB367F
84.96804,34.631438,Gad1,13,false,3643,0.97744,2,CR9f3683203-20,1.0,false,#617A00
53.87673,88.312637,Ttr,35,false,3644,0.99167,3,CR9f3683203-23,1.0,false,#6DE3FF
90.078498,111.94045,Ttr,45,false,3645,0.96267,1,CR9f3683203-47,1.0,false,#674532
13.494679,107.534748,Aldoc,41,false,3646,0.98921,3,CR9f3683203-17,1.0,false,#6AE3FF
86.504587,54.092805,Aldoc,21,false,3647,0.97683,1,CR9f3683203-25,1.0,false,#D289F6
144.550698,7.480257,Pdgfra,8,false,3648,0.99181,3,CR9f3683203-32,1.0,false,#5D95FE
140.889793,13.711945,Ttr,8,false,3649,0.98964,3,CR9f3683203-32,1.0,false,#003A82
30.92096,122.524184,Pdgfra,50,false,3650,0.988,3,CR9f3683203-31,1.0,false,#00B759
67.278475,65.397831,Pdgfra,28,false,3651,0.98806,2,CR9f3683203-22,1.0,false,#A27F67
105.818004,88.017679,Slc17a7,38,false,3652,0.99093,3,CR9f3683203-44,1.0,false,#004A2E
89.305452,121.17369,Slc17a7,53,false,3653,0.98862,3,CR9f3683203-52,1.0,false,#F80066
11.178804,66.227208,Aldoc,25,false,3654,0.99184,2,CR9f3683203-8,1.0,false,#0060EF
71.84781,89.395216,Ttr,36,false,3655,0.99185,3,CR9f3683203-30,1.0,false,#4D4E34
89.917593,112.305408,Sox10,45,false,3656,0.94569,1,CR9f3683203-47,0.98,false,#074C70
73.460792,144.939009,Sox10,60,false,3657,0.99069,3,CR9f3683203-53,1.0,false,#FF0084
18.558645,37.45348,Ttr,0,true,3658,0.0,1,,0.96,true,#E7976B
71.94064,11.744241,Gad1,4,false,3659,0.98721,2,CR9f3683203-7,1.0,false,#405CDD
29.252114,52.472858,Aldoc,18,false,3660,0.99177,3,CR9f3683203-9,1.0,false,#5E7300
126.643372,84.79276,Ttr,39,false,3661,0.98984,3,CR9f3683203-50,1.0,false,#00A1FF
29.816022,127.599517,Pdgfra,50,false,3662,0.99183,3,CR9f3683203-31,1.0,false,#6C7A00
88.693357,90.46023,Gad1,37,false,3663,0.99083,2,CR9f3683203-42,1.0,false,#627100
14.751355,93.046466,Ttr,33,false,3664,0.96028,1,CR9f3683203-14,1.0,false,#009999
108.659856,75.192991,Aldoc,30,false,3665,0.0121,1,CR9f3683203-41,1.0,false,#5E7D0A
31.503531,13.443318,Slc17a7,2,false,3666,0.99151,3,CR9f3683203-2,1.0,false,#DC9358
12.019686,121.104671,Sox10,0,true,3667,0.92049,2,CR9f3683203-28,1.0,false,#105275
31.621239,105.340214,Slc17a7,42,false,3668,0.9912,3,CR9f3683203-27,1.0,false,#00A1FF
126.134118,73.27929,Ttr,31,false,3669,0.99179,2,CR9f3683203-49,1.0,false,#00E3FF
10.717091,13.079185,Gad1,1,false,3670,0.99187,2,CR9f3683203-1,1.0,false,#341700
7.900327,128.892782,Ttr,49,false,3671,0.95787,2,CR9f3683203-28,1.0,false,#FC0070
106.253811,25.521785,Slc17a7,14,false,3672,0.5993,3,CR9f3683203-26,1.0,false,#05BE5B
50.27086,33.751188,Gad1,11,false,3673,0.99179,3,CR9f3683203-10,1.0,false,#ECCC64
10.986372,71.248686,Gad1,25,false,3674,0.99178,2,CR9f3683203-8,1.0,false,#19288F
154.39563,37.527392,Ttr,0,true,3675,0.0,2,,1.0,true,#FA006A
33.142547,88.518166,Gad1,34,false,3676,0.99142,2,CR9f3683203-21,1.0,false,#640028
49.693982,69.354269,Aldoc,27,false,3677,0.9917,1,CR9f3683203-16,1.0,false,#607C05
47.434478,151.270788,Gad1,59,false,3678,0.95553,2,CR9f3683203-48,1.0,false,#5B89F8
69.427437,69.678505,Sox10,28,false,3679,0.99182,2,CR9f3683203-22,1.0,false,#005D86
88.319734,10.145578,Pdgfra,5,false,3680,0.99084,3,CR9f3683203-11,1.0,false,#005B77
89.206778,32.508127,Aldoc,13,false,3681,0.9907,2,CR9f3683203-20,1.0,false,#265DE5
70.66938,12.348472,Gad1,4,false,3682,0.99149,2,CR9f3683203-7,1.0,false,#142012
7.28908,67.3364,Aldoc,0,true,3683,0.97432,1,CR9f3683203-8,1.0,false,#564C30
31.783896,7.790426,Ttr,2,false,3684,0.97787,3,CR9f3683203-2,1.0,false,#5C95FD
128.056628,106.838975,Slc17a7,47,false,3685,0.99007,3,CR9f3683203-56,1.0,false,#00BDCE
7.867993,110.104671,Slc17a7,41,false,3686,0.95021,3,CR9f3683203-17,1.0,false,#CC0000
33.402396,107.021175,Gad1,42,false,3687,0.99179,3,CR9f3683203-27,1.0,false,#4A4D31
104.815985,28.569151,Gad1,0,true,3688,0.98641,3,CR9f3683203-26,1.0,false,#006CFF
36.07894,90.727143,Ttr,34,false,3689,0.91531,2,CR9f3683203-21,1.0,false,#1E278D
126.374858,49.683933,Sox10,23,false,3690,0.99186,3,CR9f3683203-38,1.0,false,#FD7564
29.127988,107.389157,Pdgfra,42,false,3691,0.99128,3,CR9f3683203-27,1.0,false,#008AC9
144.040911,104.344212,Pdgfra,48,false,3692,0.99186,3,CR9f3683203-59,1.0,false,#005E86
149.342138,51.622935,Gad1,24,false,3693,0.98475,2,CR9f3683203-46,1.0,false,#67432E
70.202545,35.582348,Slc17a7,12,false,3694,0.98928,3,CR9f3683203-12,1.0,false,#95437E
90.420541,4.997911,Ttr,0,true,3695,0.06789,3,CR9f3683203-11,1.0,false,#EBC8A4
85.67322,125.880521,Ttr,53,false,3696,0.9911,3,CR9f3683203-52,1.0,false,#005D81
48.830856,145.912253,Pdgfra,59,false,3697,0.99153,3,CR9f3683203-48,1.0,false,#CA0000
35.800481,110.563013,Pdgfra,0,true,3698,0.97236,1,CR9f3683203-27,1.0,false,#D381E9
86.0441,65.753844,Slc17a7,29,false,3699,0.97388,3,CR9f3683203-35,1.0,false,#00BA59
89.843447,91.037948,Gad1,37,false,3700,0.99148,2,CR9f3683203-42,1.0,false,#6B3C27
11.064518,107.052662,Pdgfra,41,false,3701,0.99149,3,CR9f3683203-17,1.0,false,#9D54FE
48.932648,128.380606,Ttr,51,false,3702,0.99049,3,CR9f3683203-37,1.0,false,#009999
48.587095,28.211606,Slc17a7,11,false,3703,0.99174,3,CR9f3683203-10,1.0,false,#005F8F
67.785889,129.391789,Gad1,52,false,3704,0.99176,2,CR9f3683203-45,1.0,false,#AB8061
65.959053,146.097582,Slc17a7,60,false,3705,0.99187,3,CR9f3683203-53,1.0,false,#BA7D9A
31.950408,25.805572,Pdgfra,0,true,3706,0.99137,2,CR9f3683203-5,1.0,false,#00E5FF
53.227871,85.093349,Sox10,35,false,3707,0.98793,3,CR9f3683203-23,1.0,false,#E19970
126.828217,16.136455,Gad1,7,false,3708,0.99177,2,CR9f3683203-24,1.0,false,#182990
80.617225,97.963583,Sox10,0,true,3709,0.0,1,,1.0,true,#9E7A64
105.800527,120.776251,Ttr,54,false,3710,0.91429,1,CR9f3683203-57,1.0,false,#554C35
12.829541,66.898633,Ttr,25,false,3711,0.9909,2,CR9f3683203-8,1.0,false,#1F288F
12.926606,48.13839,Slc17a7,17,false,3712,0.99182,3,CR9f3683203-4,1.0,false,#00C3FF
143.847254,72.564271,Slc17a7,32,false,3713,0.99154,3,CR9f3683203-51,1.0,false,#92B4E0
70.59689,143.324737,Ttr,60,false,3714,0.99181,3,CR9f3683203-53,1.0,false,#00A2FF
48.832691,45.673377,Pdgfra,19,false,3715,0.96956,2,CR9f3683203-15,1.0,false,#00462C
70.617038,69.984803,Pdgfra,28,false,3716,0.99187,2,CR9f3683203-22,1.0,false,#4E4C31
45.995741,146.396902,Slc17a7,59,false,3717,0.98951,3,CR9f3683203-48,1.0,false,#DC9357
97.430907,95.96903,Sox10,0,true,3718,0.0,1,,1.0,true,#009078
48.548114,147.954617,Aldoc,59,false,3719,0.99176,3,CR9f3683203-48,1.0,false,#68810A
50.088714,52.075763,Aldoc,19,false,3720,0.99145,2,CR9f3683203-15,1.0,false,#004B00
88.519046,125.038073,Pdgfra,53,false,3721,0.98962,3,CR9f3683203-52,1.0,false,#009784
84.871202,124.92474,Slc17a7,53,false,3722,0.99176,3,CR9f3683203-52,1.0,false,#5C91FD
65.152466,141.944437,Ttr,60,false,3723,0.96203,3,CR9f3683203-53,1.0,false,#783A2D
83.284387,51.684447,Slc17a7,21,false,3724,0.95834,3,CR9f3683203-25,1.0,false,#DE9A74
35.691234,107.719596,Slc17a7,42,false,3725,0.98871,3,CR9f3683203-27,1.0,false,#666E00
52.83034,29.178775,Slc17a7,11,false,3726,0.98296,3,CR9f3683203-10,1.0,false,#84E3FF
128.759747,85.375498,Slc17a7,39,false,3727,0.98974,3,CR9f3683203-50,1.0,false,#D03075
108.666793,3.89263,Ttr,0,true,3728,0.00016,1,CR9f3683203-18,0.8,false,#009A9A
105.983022,65.734798,Aldoc,30,false,3729,0.98153,3,CR9f3683203-41,1.0,false,#686A00
98.709796,113.041848,Gad1,0,true,3730,0.0,2,,1.0,true,#004800
11.674668,11.91211,Gad1,1,false,3731,0.99084,2,CR9f3683203-1,1.0,false,#5D8211
29.549902,91.28516,Gad1,34,false,3732,0.99185,2,CR9f3683203-21,1.0,false,#478D00
73.784589,143.905471,Slc17a7,60,false,3733,0.98318,3,CR9f3683203-53,1.0,false,#007CD8
67.475958,52.00942,Slc17a7,20,false,3734,0.99186,3,CR9f3683203-19,1.0,false,#8A006D
106.939542,103.048069,Gad1,46,false,3735,0.99151,2,CR9f3683203-54,1.0,false,#9A7D6A
48.648943,33.891674,Ttr,11,false,3736,0.99062,3,CR9f3683203-10,1.0,false,#00BE5E
70.200515,87.906824,Ttr,36,false,3737,0.98906,3,CR9f3683203-30,1.0,false,#D17CE2
147.115497,66.13729,Slc17a7,32,false,3738,0.98022,3,CR9f3683203-51,1.0,false,#432082
106.173069,47.52258,Aldoc,22,false,3739,0.99186,2,CR9f3683203-33,1.0,false,#00A2FF
16.802893,65.458566,Gad1,25,false,3740,0.19732,2,CR9f3683203-8,1.0,false,#00E5FF
89.811827,108.974087,Pdgfra,45,false,3741,0.99187,3,CR9f3683203-47,1.0,false,#44ADFF
28.895301,125.917429,Pdgfra,50,false,3742,0.98991,3,CR9f3683203-31,1.0,false,#5D87FB
29.639836,35.320557,Gad1,10,false,3743,0.76505,2,CR9f3683203-5,1.0,false,#458E00
125.361079,106.784413,Slc17a7,47,false,3744,0.98873,3,CR9f3683203-56,1.0,false,#398665
70.394547,60.99624,Slc17a7,0,true,3745,1.0e-5,3,CR9f3683203-19,0.62,false,#FA734D
127.626892,105.453198,Slc17a7,47,false,3746,0.9918,3,CR9f3683203-56,1.0,false,#00937C
47.112154,122.285364,Aldoc,51,false,3747,0.9918,3,CR9f3683203-37,1.0,false,#AF7E5B
28.810018,87.267829,Ttr,34,false,3748,0.99145,2,CR9f3683203-21,1.0,false,#6C3B27
32.235607,71.814727,Gad1,26,false,3749,0.99186,3,CR9f3683203-13,1.0,false,#006CFF
110.853998,108.414101,Pdgfra,46,false,3750,0.99187,2,CR9f3683203-54,1.0,false,#004C00
42.771655,156.719863,Slc17a7,0,true,3751,0.0,3,,1.0,true,#5B94F5
13.532823,12.386703,Gad1,1,false,3752,0.99154,2,CR9f3683203-1,1.0,false,#FF0083
127.965144,109.680883,Slc17a7,47,false,3753,0.99127,3,CR9f3683203-56,1.0,false,#5D95FD
66.648804,88.131857,Aldoc,36,false,3754,0.99155,3,CR9f3683203-30,1.0,false,#D287F3
31.754541,105.133396,Aldoc,42,false,3755,0.99133,3,CR9f3683203-27,1.0,false,#00A1FF
104.229707,105.509453,Gad1,46,false,3756,0.98798,2,CR9f3683203-54,1.0,false,#5B8FF0
144.544232,10.615597,Slc17a7,8,false,3757,0.99154,3,CR9f3683203-32,1.0,false,#006DFC
51.557611,102.315,Gad1,43,false,3758,0.9716,2,CR9f3683203-29,1.0,false,#132012
70.718182,144.281266,Aldoc,60,false,3759,0.9915,3,CR9f3683203-53,1.0,false,#D83687
31.786019,126.096504,Slc17a7,50,false,3760,0.9917,3,CR9f3683203-31,1.0,false,#FF0073
145.151036,102.646686,Gad1,0,true,3761,0.99066,1,CR9f3683203-59,1.0,false,#0D2014
52.51146,85.167669,Sox10,0,true,3762,0.99068,3,CR9f3683203-23,1.0,false,#00BDD2
149.949933,13.815917,Slc17a7,8,false,3763,0.67178,3,CR9f3683203-32,1.0,false,#006D4E
14.456289,33.862534,Ttr,9,false,3764,0.98776,1,CR9f3683203-3,1.0,false,#00A1FF
105.291521,8.347819,Ttr,6,false,3765,0.98072,3,CR9f3683203-18,1.0,false,#0082FF
85.888785,9.381593,Pdgfra,0,true,3766,0.99186,3,CR9f3683203-11,1.0,false,#DC3783
11.014091,126.218855,Gad1,49,false,3767,0.99185,2,CR9f3683203-28,1.0,false,#00BFFF
51.22314,66.702892,Ttr,27,false,3768,0.9913,1,CR9f3683203-16,1.0,false,#D17BE0
86.884957,105.349534,Pdgfra,45,false,3769,0.99187,3,CR9f3683203-47,1.0,false,#D83789
109.448281,32.074584,Slc17a7,14,false,3770,0.99187,3,CR9f3683203-26,1.0,false,#FF745C
10.542935,33.620381,Gad1,9,false,3771,0.99177,1,CR9f3683203-3,1.0,false,#84A8CC
104.774897,13.903586,Ttr,6,false,3772,0.99179,3,CR9f3683203-18,1.0,false,#D081EA
34.715905,67.235774,Slc17a7,26,false,3773,0.97906,3,CR9f3683203-13,1.0,false,#00492D
144.317229,83.449682,Sox10,0,true,3774,0.99159,2,CR9f3683203-55,1.0,false,#AD8060
66.442487,6.325961,Gad1,4,false,3775,0.60052,2,CR9f3683203-7,1.0,false,#00A0FF
34.526224,103.967585,Aldoc,42,false,3776,0.97942,3,CR9f3683203-27,1.0,false,#008E7D
74.703099,146.145279,Aldoc,60,false,3777,0.97575,3,CR9f3683203-53,1.0,false,#FF007F
64.324284,8.977979,Gad1,4,false,3778,0.95356,2,CR9f3683203-7,1.0,false,#00A2FF
12.504183,124.045192,Gad1,49,false,3779,0.9917,2,CR9f3683203-28,1.0,false,#F2D266
14.578797,50.212103,Pdgfra,17,false,3780,0.98935,3,CR9f3683203-4,1.0,false,#FA7767
139.807409,47.878615,Pdgfra,24,false,3781,0.73058,3,CR9f3683203-46,1.0,false,#914380
106.531023,126.782247,Gad1,54,false,3782,0.98997,3,CR9f3683203-57,1.0,false,#004F00
71.650917,49.107958,Aldoc,20,false,3783,0.99126,3,CR9f3683203-19,1.0,false,#00A1FF
11.288567,123.011578,Gad1,49,false,3784,0.98096,2,CR9f3683203-28,1.0,false,#331700
68.067292,69.946629,Sox10,28,false,3785,0.99099,2,CR9f3683203-22,1.0,false,#5F422A
43.613195,127.969997,Aldoc,0,true,3786,0.87591,3,CR9f3683203-37,0.98,false,#004328
90.571146,65.662867,Slc17a7,29,false,3787,0.99186,3,CR9f3683203-35,1.0,false,#00C4FF
106.754242,33.063111,Pdgfra,14,false,3788,0.99186,3,CR9f3683203-26,1.0,false,#676400
127.742528,105.868306,Sox10,47,false,3789,0.99105,3,CR9f3683203-56,1.0,false,#00947D
33.698833,29.873167,Ttr,10,false,3790,0.99168,2,CR9f3683203-5,1.0,false,#064C70
50.810163,66.896481,Sox10,27,false,3791,0.99142,1,CR9f3683203-16,1.0,false,#D278DD
144.547394,70.348817,Ttr,32,false,3792,0.99187,3,CR9f3683203-51,1.0,false,#00BE5D
145.957385,104.20202,Sox10,48,false,3793,0.99134,1,CR9f3683203-59,1.0,false,#A27B63
70.602666,108.805243,Slc17a7,44,false,3794,0.99185,3,CR9f3683203-40,1.0,false,#FB7767
127.705267,66.837713,Ttr,31,false,3795,0.98884,2,CR9f3683203-49,1.0,false,#005E8E
33.009137,104.303468,Pdgfra,42,false,3796,0.99143,3,CR9f3683203-27,1.0,false,#00A0FF
64.978573,33.751697,Pdgfra,12,false,3797,0.98002,1,CR9f3683203-12,1.0,false,#5E7400
65.674034,128.596537,Pdgfra,52,false,3798,0.99048,2,CR9f3683203-45,1.0,false,#AD8060
107.197252,69.242069,Slc17a7,30,false,3799,0.98969,3,CR9f3683203-41,1.0,false,#005E85
90.44291,83.308719,Pdgfra,37,false,3800,0.68321,2,CR9f3683203-42,1.0,false,#00B348
84.858396,122.458169,Gad1,53,false,3801,0.9867,3,CR9f3683203-52,1.0,false,#620028
145.517982,33.755161,Aldoc,16,false,3802,0.99132,2,CR9f3683203-39,1.0,false,#00BAFD
29.56587,122.644818,Slc17a7,50,false,3803,0.98125,3,CR9f3683203-31,1.0,false,#ECCAA7
51.678304,144.604053,Slc17a7,59,false,3804,0.99187,3,CR9f3683203-48,1.0,false,#5A8EFB
87.558552,107.261249,Pdgfra,45,false,3805,0.9917,3,CR9f3683203-47,1.0,false,#61ADFF
54.776057,63.163234,Aldoc,27,false,3806,0.14731,1,CR9f3683203-16,1.0,false,#5F8516
30.975762,126.694345,Gad1,50,false,3807,0.99141,3,CR9f3683203-31,1.0,false,#5C87F9
146.000299,72.682597,Slc17a7,32,false,3808,0.98717,3,CR9f3683203-51,1.0,false,#00A2FF
144.079195,106.81793,Aldoc,48,false,3809,0.98778,3,CR9f3683203-59,1.0,false,#00452A
88.345722,109.811409,Sox10,45,false,3810,0.98863,1,CR9f3683203-47,1.0,false,#554C36
68.250935,30.435315,Aldoc,12,false,3811,0.9916,1,CR9f3683203-12,1.0,false,#B64B20
124.852932,105.952287,Slc17a7,47,false,3812,0.98992,3,CR9f3683203-56,1.0,false,#00B34D
126.58643,29.150152,Aldoc,15,false,3813,0.99176,1,CR9f3683203-34,1.0,false,#D389F8
125.585726,14.184219,Pdgfra,7,false,3814,0.98965,2,CR9f3683203-24,1.0,false,#00E6FF
84.290801,125.474094,Sox10,53,false,3815,0.98899,3,CR9f3683203-52,1.0,false,#005000
65.814815,108.566919,Slc17a7,44,false,3816,0.99174,3,CR9f3683203-40,1.0,false,#697100
72.661927,124.184479,Gad1,52,false,3817,0.97917,2,CR9f3683203-45,1.0,false,#FB006F
66.94559,29.324403,Pdgfra,12,false,3818,0.99178,1,CR9f3683203-12,1.0,false,#CD4B00
124.213301,127.290284,Pdgfra,55,false,3819,0.99182,2,CR9f3683203-58,1.0,false,#474E33
83.878596,96.620582,Aldoc,0,true,3820,1.0e-5,1,,0.68,true,#5E8112
31.935407,105.800485,Gad1,42,false,3821,0.99018,3,CR9f3683203-27,1.0,false,#657200
49.462412,10.524872,Aldoc,3,false,3822,0.99179,3,CR9f3683203-6,1.0,false,#78E3FF
144.858507,124.40677,Slc17a7,56,false,3823,0.99187,3,CR9f3683203-60,1.0,false,#658513
143.466012,107.379048,Aldoc,48,false,3824,0.99037,3,CR9f3683203-59,1.0,false,#CD4B00
146.354331,11.432083,Aldoc,8,false,3825,0.99101,3,CR9f3683203-32,1.0,false,#95447F
127.590435,86.820956,Aldoc,39,false,3826,0.9918,3,CR9f3683203-50,1.0,false,#D73685
13.119077,71.590825,Gad1,25,false,3827,0.99015,2,CR9f3683203-8,1.0,false,#00C4FF
14.346315,110.381793,Slc17a7,41,false,3828,0.96242,3,CR9f3683203-17,1.0,false,#DC9155
125.937792,52.602543,Aldoc,23,false,3829,0.99186,3,CR9f3683203-38,1.0,false,#DA347B
47.320029,107.368081,Aldoc,43,false,3830,0.99186,2,CR9f3683203-29,1.0,false,#A17D66
16.242848,30.60088,Pdgfra,9,false,3831,0.99186,3,CR9f3683203-3,1.0,false,#607200
87.895783,9.422152,Ttr,5,false,3832,0.99134,3,CR9f3683203-11,1.0,false,#5C87F9
50.983319,142.871884,Sox10,59,false,3833,0.98988,3,CR9f3683203-48,1.0,false,#5A8DF9
89.380565,65.568596,Slc17a7,29,false,3834,0.99178,3,CR9f3683203-35,1.0,false,#DA357B
49.379721,33.858431,Slc17a7,11,false,3835,0.99171,3,CR9f3683203-10,1.0,false,#00BB59
147.39595,12.18303,Pdgfra,8,false,3836,0.99079,3,CR9f3683203-32,1.0,false,#944782
145.00023,96.238302,Slc17a7,0,true,3837,6.0e-5,3,CR9f3683203-59,0.68,false,#D83378
145.628702,123.977545,Slc17a7,56,false,3838,0.99185,3,CR9f3683203-60,1.0,false,#FE7356
13.669638,127.988791,Gad1,49,false,3839,0.99187,2,CR9f3683203-28,1.0,false,#00452A
142.277631,28.082702,Aldoc,16,false,3840,0.9832,1,CR9f3683203-39,1.0,false,#004E00
90.772878,51.676644,Aldoc,21,false,3841,0.99174,3,CR9f3683203-25,1.0,false,#FF007D
85.119805,83.742993,Aldoc,0,true,3842,0.83329,3,CR9f3683203-42,0.88,false,#005F89
61.769855,31.972507,Ttr,0,true,3843,0.28572,1,CR9f3683203-12,1.0,false,#004E00
126.674263,10.416211,Aldoc,7,false,3844,0.99029,2,CR9f3683203-24,1.0,false,#003E4C
122.141835,128.253264,Pdgfra,55,false,3845,0.99035,2,CR9f3683203-58,1.0,false,#0C5100
32.596622,126.236748,Slc17a7,50,false,3846,0.99183,3,CR9f3683203-31,1.0,false,#F90066
106.399601,85.297482,Slc17a7,38,false,3847,0.99184,3,CR9f3683203-44,1.0,false,#FFA3FF
86.563941,8.460956,Slc17a7,5,false,3848,0.99149,3,CR9f3683203-11,1.0,false,#963E7A
126.345099,109.306238,Gad1,47,false,3849,0.99175,3,CR9f3683203-56,1.0,false,#00B858
90.301203,50.481455,Aldoc,21,false,3850,0.99137,3,CR9f3683203-25,1.0,false,#008FC9
86.558263,12.085169,Slc17a7,5,false,3851,0.99034,3,CR9f3683203-11,1.0,false,#00A1FF
11.754167,68.266644,Ttr,25,false,3852,0.98973,2,CR9f3683203-8,1.0,false,#122A92
51.932348,114.28739,Ttr,0,true,3853,0.0,2,,0.96,true,#0A2015
61.598398,49.256553,Sox10,0,true,3854,1.0e-5,1,,0.9,true,#88006B
53.487365,33.663791,Pdgfra,11,false,3855,0.9644,3,CR9f3683203-10,1.0,false,#006CFF
68.740076,107.349195,Pdgfra,44,false,3856,0.98993,3,CR9f3683203-40,1.0,false,#00B149
68.460378,106.847279,Slc17a7,44,false,3857,0.9901,3,CR9f3683203-40,1.0,false,#00B149
34.221492,126.003235,Gad1,50,false,3858,0.99164,3,CR9f3683203-31,1.0,false,#004429
29.632639,128.072757,Sox10,50,false,3859,0.99163,3,CR9f3683203-31,1.0,false,#6D7500
125.228663,14.85606,Gad1,7,false,3860,0.9911,2,CR9f3683203-24,1.0,false,#00E6FF
125.68917,33.425704,Ttr,15,false,3861,0.99187,1,CR9f3683203-34,1.0,false,#4C4E34
143.936617,34.971173,Gad1,16,false,3862,0.989,2,CR9f3683203-39,1.0,false,#607200
142.393341,101.604887,Aldoc,48,false,3863,0.96524,1,CR9f3683203-59,1.0,false,#963F7A
144.497159,88.446633,Gad1,40,false,3864,0.99177,2,CR9f3683203-55,1.0,false,#004800
48.921435,15.966522,Aldoc,3,false,3865,0.91472,1,CR9f3683203-6,1.0,false,#BF7E9E
71.32138,50.889052,Pdgfra,20,false,3866,0.99179,3,CR9f3683203-19,1.0,false,#005000
101.843632,59.599741,Pdgfra,0,true,3867,0.0,3,,1.0,true,#753A2B
109.802555,53.770051,Gad1,22,false,3868,0.98834,2,CR9f3683203-33,1.0,false,#225372
90.967962,35.947375,Aldoc,13,false,3869,0.76666,1,CR9f3683203-20,1.0,false,#008E63
28.330503,144.129486,Slc17a7,58,false,3870,0.98597,2,CR9f3683203-43,1.0,false,#2E2286
126.233034,11.681762,Gad1,7,false,3871,0.99147,2,CR9f3683203-24,1.0,false,#BB4B1E
87.928045,29.4792,Sox10,13,false,3872,0.99186,2,CR9f3683203-20,1.0,false,#F77760
29.920743,148.006315,Ttr,58,false,3873,0.98946,2,CR9f3683203-43,1.0,false,#075174
142.378506,72.881123,Slc17a7,32,false,3874,0.987,3,CR9f3683203-51,1.0,false,#87AED6
47.068211,10.641708,Aldoc,3,false,3875,0.98962,1,CR9f3683203-6,1.0,false,#005F96
111.975702,30.817061,Aldoc,14,false,3876,0.99154,3,CR9f3683203-26,1.0,false,#8BB2DD
143.4322,127.366632,Pdgfra,56,false,3877,0.99172,3,CR9f3683203-60,1.0,false,#009581
31.157593,49.405561,Aldoc,18,false,3878,0.99101,3,CR9f3683203-9,1.0,false,#783A2E
56.707007,40.410517,Aldoc,0,true,3879,0.0,1,,1.0,true,#005F97
88.14849,107.160555,Pdgfra,45,false,3880,0.99154,3,CR9f3683203-47,1.0,false,#48ADFF
87.141453,72.701218,Sox10,29,false,3881,0.93478,3,CR9f3683203-35,1.0,false,#647B02
10.420386,70.356859,Ttr,25,false,3882,0.99013,2,CR9f3683203-8,1.0,false,#FA006B
107.39955,132.623136,Ttr,54,false,3883,0.03462,3,CR9f3683203-57,1.0,false,#009388
49.771382,100.732183,Aldoc,43,false,3884,0.97313,2,CR9f3683203-29,1.0,false,#004C00
13.833464,125.355093,Gad1,49,false,3885,0.9875,2,CR9f3683203-28,1.0,false,#00B549
87.67242,28.168806,Gad1,13,false,3886,0.99067,2,CR9f3683203-20,1.0,false,#CD00B4
15.338909,69.045789,Ttr,25,false,3887,0.98553,2,CR9f3683203-8,1.0,false,#428F00
144.644138,106.238024,Aldoc,48,false,3888,0.99016,3,CR9f3683203-59,1.0,false,#00462C
27.485725,70.040925,Gad1,26,false,3889,0.98508,2,CR9f3683203-13,1.0,false,#005D8F
68.033128,17.710489,Ttr,4,false,3890,0.971,2,CR9f3683203-7,1.0,false,#262489
35.063418,54.582826,Ttr,18,false,3891,0.80338,3,CR9f3683203-9,1.0,false,#DD9970
142.770478,49.377039,Aldoc,24,false,3892,0.98079,3,CR9f3683203-46,1.0,false,#ED9567
87.632988,55.514921,Aldoc,21,false,3893,0.59723,1,CR9f3683203-25,1.0,false,#D389F7
109.838199,54.358681,Gad1,22,false,3894,0.97332,2,CR9f3683203-33,1.0,false,#2B5775
36.423797,26.818713,Gad1,10,false,3895,0.84284,2,CR9f3683203-5,1.0,false,#002F9C
47.932866,102.451418,Aldoc,43,false,3896,0.9871,2,CR9f3683203-29,1.0,false,#105400
30.394319,90.536943,Ttr,34,false,3897,0.99091,2,CR9f3683203-21,1.0,false,#5B92EE
128.291685,121.586858,Aldoc,0,true,3898,0.98913,2,CR9f3683203-58,1.0,false,#A77F64
115.438617,127.689312,Slc17a7,0,true,3899,0.0,3,,0.94,true,#6A7200
87.90173,53.871557,Aldoc,21,false,3900,0.98695,3,CR9f3683203-25,1.0,false,#D384EE
128.191228,107.313333,Slc17a7,47,false,3901,0.99127,3,CR9f3683203-56,1.0,false,#009A96
69.193196,125.822589,Gad1,52,false,3902,0.99113,2,CR9f3683203-45,1.0,false,#00B147
125.312062,127.502197,Sox10,55,false,3903,0.99185,2,CR9f3683203-58,1.0,false,#4F4C30
31.0854,123.992648,Pdgfra,50,false,3904,0.99165,3,CR9f3683203-31,1.0,false,#00B754
9.74124,124.416472,Ttr,49,false,3905,0.98695,2,CR9f3683203-28,1.0,false,#371500
129.804856,65.202613,Sox10,31,false,3906,0.84772,2,CR9f3683203-49,1.0,false,#FD0074
12.630482,68.903491,Gad1,25,false,3907,0.99124,2,CR9f3683203-8,1.0,false,#00A3FF
89.472261,73.091443,Gad1,29,false,3908,0.94363,2,CR9f3683203-35,1.0,false,#697D00
144.30798,87.41134,Aldoc,40,false,3909,0.98831,2,CR9f3683203-55,1.0,false,#564C30
32.569257,146.471734,Gad1,58,false,3910,0.99134,2,CR9f3683203-43,1.0,false,#2B5675
125.707482,104.647804,Aldoc,47,false,3911,0.99163,3,CR9f3683203-56,1.0,false,#005E7B
144.520308,9.77261,Pdgfra,8,false,3912,0.99179,3,CR9f3683203-32,1.0,false,#00492D
125.652892,124.639524,Gad1,55,false,3913,0.9914,2,CR9f3683203-58,1.0,false,#064C6F
70.073441,67.343624,Gad1,28,false,3914,0.99148,2,CR9f3683203-22,1.0,false,#005D8D
144.144118,12.250193,Pdgfra,8,false,3915,0.99179,3,CR9f3683203-32,1.0,false,#5D93FD
143.458525,8.843445,Pdgfra,8,false,3916,0.99153,3,CR9f3683203-32,1.0,false,#0090CD
10.680456,87.305358,Aldoc,33,false,3917,0.99135,1,CR9f3683203-14,1.0,false,#5E8517
105.044224,31.768277,Ttr,14,false,3918,0.99111,3,CR9f3683203-26,1.0,false,#00B54A
127.842761,129.041155,Ttr,55,false,3919,0.98366,2,CR9f3683203-58,1.0,false,#6B3E2A
126.915574,107.125504,Ttr,47,false,3920,0.98954,3,CR9f3683203-56,1.0,false,#5B8FFC
99.026871,113.385503,Gad1,0,true,3921,0.0,2,,1.0,true,#004800
86.112622,8.103155,Aldoc,5,false,3922,0.99119,3,CR9f3683203-11,1.0,false,#00976E
65.772659,92.98299,Ttr,36,false,3923,0.72667,3,CR9f3683203-30,1.0,false,#E2996F
53.947094,142.489991,Slc17a7,59,false,3924,0.94949,3,CR9f3683203-48,1.0,false,#00B34C
32.532836,33.34687,Ttr,0,true,3925,0.99171,2,CR9f3683203-5,1.0,false,#2D5775
127.525805,71.851683,Gad1,31,false,3926,0.99185,2,CR9f3683203-49,1.0,false,#305876
84.724125,48.389467,Sox10,21,false,3927,0.99094,3,CR9f3683203-25,1.0,false,#5D7400
86.755112,124.716207,Gad1,53,false,3928,0.9903,3,CR9f3683203-52,1.0,false,#005C7E
31.554894,98.162767,Aldoc,0,true,3929,0.0,1,,0.98,true,#00A1FF
101.448748,10.444101,Ttr,6,false,3930,0.97947,3,CR9f3683203-18,1.0,false,#005E81
24.944681,47.647783,Aldoc,0,true,3931,0.22502,1,CR9f3683203-9,1.0,false,#008D78
13.37128,110.080797,Slc17a7,0,true,3932,0.98504,3,CR9f3683203-17,1.0,false,#DC9255
64.551332,105.333593,Slc17a7,44,false,3933,0.97453,3,CR9f3683203-40,1.0,false,#65002A
68.40339,36.715245,Pdgfra,12,false,3934,0.89752,3,CR9f3683203-12,0.98,false,#8D498A
143.950193,86.552101,Sox10,40,false,3935,0.9906,2,CR9f3683203-55,1.0,false,#005E7C
37.558453,145.048952,Gad1,58,false,3936,0.86874,2,CR9f3683203-43,1.0,false,#014E00
10.744776,102.141805,Slc17a7,41,false,3937,0.99186,3,CR9f3683203-17,1.0,false,#00BDFE
51.954509,65.187845,Pdgfra,27,false,3938,0.99186,1,CR9f3683203-16,1.0,false,#0B5100
107.235145,31.484397,Pdgfra,14,false,3939,0.99183,3,CR9f3683203-26,1.0,false,#5F8BFD
68.134166,128.788953,Aldoc,52,false,3940,0.99157,2,CR9f3683203-45,1.0,false,#009164
106.836849,106.282021,Aldoc,46,false,3941,0.99141,2,CR9f3683203-54,1.0,false,#434F36
35.352861,147.696036,Slc17a7,58,false,3942,0.98741,2,CR9f3683203-43,1.0,false,#656400
69.359396,66.678533,Aldoc,28,false,3943,0.9918,2,CR9f3683203-22,1.0,false,#637300
51.777184,68.101372,Gad1,27,false,3944,0.99111,1,CR9f3683203-16,1.0,false,#514B30
141.566942,97.117167,Aldoc,0,true,3945,0.0,1,,0.86,true,#1A6F4F
50.641071,29.999489,Ttr,11,false,3946,0.99034,3,CR9f3683203-10,1.0,false,#87ADD5
44.773752,110.028074,Gad1,43,false,3947,0.95669,2,CR9f3683203-29,1.0,false,#BB4B1E
45.67352,104.396207,Gad1,43,false,3948,0.97609,2,CR9f3683203-29,1.0,false,#6E3A27
33.174447,71.709368,Gad1,26,false,3949,0.98955,3,CR9f3683203-13,1.0,false,#006CFF
125.607296,103.266205,Aldoc,47,false,3950,0.97683,3,CR9f3683203-56,1.0,false,#00608B
70.080236,13.260324,Aldoc,4,false,3951,0.99185,2,CR9f3683203-7,1.0,false,#122013
143.473513,30.122527,Ttr,16,false,3952,0.99184,2,CR9f3683203-39,1.0,false,#144F00
29.372981,53.633066,Slc17a7,18,false,3953,0.99184,3,CR9f3683203-9,1.0,false,#607700
71.13702,122.497379,Gad1,52,false,3954,0.9801,2,CR9f3683203-45,1.0,false,#00BFFF
48.479504,29.567161,Sox10,11,false,3955,0.99087,3,CR9f3683203-10,1.0,false,#31197C
49.543397,35.279522,Pdgfra,11,false,3956,0.98675,3,CR9f3683203-10,1.0,false,#00B149
45.324022,107.236126,Aldoc,43,false,3957,0.9912,2,CR9f3683203-29,1.0,false,#A57F65
69.994148,79.71585,Sox10,36,false,3958,0.00014,1,CR9f3683203-30,0.5,false,#2A5672
109.916814,69.493739,Gad1,30,false,3959,0.99187,2,CR9f3683203-41,1.0,false,#917B6D
150.661529,9.629437,Sox10,8,false,3960,0.50855,3,CR9f3683203-32,1.0,false,#5C95FB
30.672003,71.014689,Slc17a7,26,false,3961,0.98954,3,CR9f3683203-13,1.0,false,#007E21
67.347612,72.491553,Ttr,28,false,3962,0.99185,2,CR9f3683203-22,1.0,false,#5A8BF5
126.867931,93.035967,Sox10,0,true,3963,0.95427,3,CR9f3683203-50,1.0,false,#5E7200
87.171407,113.132303,Gad1,0,true,3964,0.83555,2,CR9f3683203-47,0.98,false,#1A5070
143.838344,89.207832,Gad1,40,false,3965,0.99178,2,CR9f3683203-55,1.0,false,#00E2FF
34.951953,73.236405,Slc17a7,26,false,3966,0.98809,3,CR9f3683203-13,1.0,false,#8B006F
67.274685,50.421278,Pdgfra,20,false,3967,0.99187,3,CR9f3683203-19,1.0,false,#006DFD
48.74069,49.599732,Sox10,19,false,3968,0.99181,2,CR9f3683203-15,1.0,false,#FF0079
122.946804,126.188104,Aldoc,55,false,3969,0.99128,2,CR9f3683203-58,1.0,false,#AE4C22
67.168963,144.740695,Gad1,60,false,3970,0.99123,3,CR9f3683203-53,1.0,false,#FF007A
9.688125,33.125381,Ttr,9,false,3971,0.99184,1,CR9f3683203-3,1.0,false,#064C6F
108.980928,30.894582,Gad1,14,false,3972,0.9908,3,CR9f3683203-26,1.0,false,#005F91
119.579996,14.418435,Pdgfra,0,true,3973,0.02996,3,CR9f3683203-24,1.0,false,#CA4A00
87.2745,51.484828,Aldoc,21,false,3974,0.9903,3,CR9f3683203-25,1.0,false,#5F7E0B
118.829768,89.614231,Aldoc,0,true,3975,0.00942,1,CR9f3683203-50,1.0,false,#006190
29.464103,107.555651,Sox10,42,false,3976,0.99187,3,CR9f3683203-27,1.0,false,#008AC9
71.080234,87.92425,Aldoc,36,false,3977,0.99022,3,CR9f3683203-30,1.0,false,#009992
144.509013,72.183536,Aldoc,32,false,3978,0.99176,3,CR9f3683203-51,1.0,false,#8AB2DB
104.707411,88.829844,Gad1,38,false,3979,0.99093,3,CR9f3683203-44,1.0,false,#677E00
34.69198,146.589241,Aldoc,58,false,3980,0.99187,2,CR9f3683203-43,1.0,false,#5D7400
127.539553,129.964695,Gad1,55,false,3981,0.96595,2,CR9f3683203-58,1.0,false,#0F5100
106.770127,48.239967,Gad1,22,false,3982,0.99159,2,CR9f3683203-33,1.0,false,#004C00
33.423846,89.108167,Gad1,34,false,3983,0.99183,2,CR9f3683203-21,1.0,false,#650028
105.777936,42.474353,Ttr,22,false,3984,1.0e-5,2,,0.7,true,#FB006D
86.547607,124.838821,Slc17a7,53,false,3985,0.99084,3,CR9f3683203-52,1.0,false,#005C7F
88.070265,8.466756,Ttr,5,false,3986,0.99187,3,CR9f3683203-11,1.0,false,#5B95FA
32.24334,89.738862,Gad1,34,false,3987,0.99113,2,CR9f3683203-21,1.0,false,#7A2C00
90.839135,72.304673,Slc17a7,29,false,3988,0.92977,3,CR9f3683203-35,1.0,false,#006DFD
67.806358,11.959205,Slc17a7,4,false,3989,0.99123,2,CR9f3683203-7,1.0,false,#610023
13.47451,49.939355,Slc17a7,17,false,3990,0.99174,3,CR9f3683203-4,1.0,false,#F97768
143.07668,107.963028,Aldoc,48,false,3991,0.99156,3,CR9f3683203-59,1.0,false,#AA7B5C
28.484855,28.889188,Gad1,10,false,3992,0.985,2,CR9f3683203-5,1.0,false,#0D2014
51.287911,90.043593,Slc17a7,35,false,3993,0.99051,3,CR9f3683203-23,1.0,false,#78E157
14.388067,123.38161,Gad1,49,false,3994,0.99001,2,CR9f3683203-28,1.0,false,#00B54B
32.327441,36.522759,Pdgfra,10,false,3995,0.29786,1,CR9f3683203-5,1.0,false,#5B442B
143.61159,3.647205,Gad1,0,true,3996,0.33583,2,CR9f3683203-32,1.0,false,#8AAED6
71.418512,87.579878,Pdgfra,36,false,3997,0.99159,3,CR9f3683203-30,1.0,false,#009A94
48.06426,129.354848,Slc17a7,51,false,3998,0.96955,3,CR9f3683203-37,1.0,false,#009582
146.666639,14.057938,Slc17a7,8,false,3999,0.98134,3,CR9f3683203-32,1.0,false,#006FFF
130.650887,113.055941,Ttr,47,false,4000,0.00275,3,CR9f3683203-56,1.0,false,#00937D
9.116569,105.457145,Slc17a7,41,false,4001,0.99061,3,CR9f3683203-17,1.0,false,#F0D163
35.176843,106.585823,Sox10,42,false,4002,0.98988,3,CR9f3683203-27,1.0,false,#656500
15.58019,104.253204,Ttr,41,false,4003,0.931,3,CR9f3683203-17,1.0,false,#D9357C
65.64583,87.000942,Gad1,36,false,4004,0.9918,3,CR9f3683203-30,1.0,false,#9A7B68
67.772688,105.776198,Slc17a7,44,false,4005,0.99183,3,CR9f3683203-40,1.0,false,#5B95F9
107.42313,70.563188,Aldoc,30,false,4006,0.99116,3,CR9f3683203-41,1.0,false,#005F97
44.292445,35.029777,Slc17a7,11,false,4007,0.005,3,CR9f3683203-10,1.0,false,#006DFC
150.419433,105.427113,Aldoc,48,false,4008,0.91596,3,CR9f3683203-59,1.0,false,#008DCB
111.907573,106.317647,Gad1,46,false,4009,0.99106,2,CR9f3683203-54,1.0,false,#1D5171
123.008586,126.500543,Gad1,55,false,4010,0.99065,2,CR9f3683203-58,1.0,false,#AA7F61
146.381893,34.633994,Gad1,16,false,4011,0.99121,2,CR9f3683203-39,1.0,false,#008C61
109.20863,28.867826,Slc17a7,14,false,4012,0.99102,3,CR9f3683203-26,1.0,false,#964580
124.273303,53.970608,Gad1,23,false,4013,0.9902,3,CR9f3683203-38,1.0,false,#006CFF
24.745227,35.662834,Gad1,0,true,4014,0.0,2,,0.98,true,#00BB52
125.21529,72.870362,Gad1,31,false,4015,0.99138,2,CR9f3683203-49,1.0,false,#00E7FF
27.659154,11.041496,Slc17a7,2,false,4016,0.99038,3,CR9f3683203-2,1.0,false,#EBC8A3
15.717708,28.289847,Aldoc,9,false,4017,0.99014,3,CR9f3683203-3,1.0,false,#0090CC
89.825601,52.046894,Gad1,21,false,4018,0.99183,3,CR9f3683203-25,1.0,false,#005F89
127.344728,85.423116,Aldoc,39,false,4019,0.99181,3,CR9f3683203-50,1.0,false,#00A1FF
49.819357,149.368542,Slc17a7,59,false,4020,0.99119,3,CR9f3683203-48,1.0,false,#4D8D6B
89.024963,12.712852,Slc17a7,5,false,4021,0.99184,3,CR9f3683203-11,1.0,false,#5C95FB
91.42155,151.303099,Pdgfra,0,true,4022,0.0,3,,1.0,true,#498B69
92.416785,91.069289,Gad1,37,false,4023,0.99124,2,CR9f3683203-42,1.0,false,#00E4FF
103.909997,69.318012,Pdgfra,30,false,4024,0.99184,3,CR9f3683203-41,1.0,false,#009998
105.165721,103.509714,Gad1,46,false,4025,0.99187,2,CR9f3683203-54,1.0,false,#005D86
48.903679,10.329459,Aldoc,3,false,4026,0.99186,3,CR9f3683203-6,1.0,false,#6BE3FF
70.837167,114.671042,Slc17a7,0,true,4027,0.00053,3,CR9f3683203-40,0.98,false,#F80066
123.052496,124.014787,Gad1,55,false,4028,0.99177,2,CR9f3683203-58,1.0,false,#003487
106.956376,35.030455,Aldoc,14,false,4029,0.98209,3,CR9f3683203-26,1.0,false,#00482C
93.763223,107.311152,Ttr,0,true,4030,0.97435,3,CR9f3683203-47,1.0,false,#006193
103.399004,49.773828,Pdgfra,22,false,4031,0.99097,2,CR9f3683203-33,1.0,false,#004B00
15.83731,129.883893,Sox10,49,false,4032,0.89555,2,CR9f3683203-28,1.0,false,#A27D65
33.693854,108.6509,Aldoc,42,false,4033,0.99176,3,CR9f3683203-27,1.0,false,#005F96
109.156864,92.637267,Slc17a7,38,false,4034,0.19599,3,CR9f3683203-44,1.0,false,#DC9358
46.967562,25.294429,Slc17a7,11,false,4035,0.8547,3,CR9f3683203-10,1.0,false,#00C5D5
15.935202,145.11111,Slc17a7,57,false,4036,0.99047,3,CR9f3683203-36,1.0,false,#00452A
64.365655,32.682724,Pdgfra,12,false,4037,0.98865,1,CR9f3683203-12,1.0,false,#937A6B
29.398952,128.461749,Slc17a7,50,false,4038,0.9902,3,CR9f3683203-31,1.0,false,#6C7000
53.330124,5.860334,Ttr,3,false,4039,0.62172,3,CR9f3683203-6,1.0,false,#D17DE3
54.56369,51.961135,Aldoc,19,false,4040,0.97231,2,CR9f3683203-15,1.0,false,#0560EE
142.478302,67.809246,Slc17a7,32,false,4041,0.9915,3,CR9f3683203-51,1.0,false,#79E157
110.711017,69.049767,Aldoc,30,false,4042,0.98873,1,CR9f3683203-41,1.0,false,#927B6D
68.897449,125.959726,Gad1,52,false,4043,0.99146,2,CR9f3683203-45,1.0,false,#00A2FF
86.793715,95.18043,Gad1,37,false,4044,0.23321,2,CR9f3683203-42,1.0,false,#009365
47.48616,51.213384,Gad1,19,false,4045,0.9855,2,CR9f3683203-15,1.0,false,#F57863
12.111842,13.211094,Ttr,1,false,4046,0.99183,2,CR9f3683203-1,1.0,false,#5B90EF
144.04658,32.513908,Gad1,16,false,4047,0.9917,2,CR9f3683203-39,1.0,false,#292084
6.779219,91.66691,Aldoc,33,false,4048,0.45971,1,CR9f3683203-14,1.0,false,#D38BFA
46.388847,105.603956,Gad1,43,false,4049,0.99143,2,CR9f3683203-29,1.0,false,#64402A
68.499712,9.569461,Gad1,4,false,4050,0.98997,2,CR9f3683203-7,1.0,false,#004800
48.048844,70.114681,Pdgfra,27,false,4051,0.99093,1,CR9f3683203-16,1.0,false,#004228
11.266071,105.561672,Slc17a7,41,false,4052,0.9913,3,CR9f3683203-17,1.0,false,#F0D0B6
100.797311,9.58342,Aldoc,6,false,4053,0.92588,1,CR9f3683203-18,1.0,false,#006091
123.923368,14.77639,Pdgfra,7,false,4054,0.99187,2,CR9f3683203-24,1.0,false,#CF4B00
66.550472,128.852685,Pdgfra,52,false,4055,0.99162,2,CR9f3683203-45,1.0,false,#5E8210
51.487091,126.64597,Aldoc,51,false,4056,0.99103,1,CR9f3683203-37,1.0,false,#007CD8
61.31284,9.246465,Gad1,0,true,4057,0.00021,2,CR9f3683203-7,1.0,false,#00B348
128.07323,69.004949,Gad1,31,false,4058,0.99083,2,CR9f3683203-49,1.0,false,#CA4A00
144.256582,123.380844,Slc17a7,56,false,4059,0.99078,3,CR9f3683203-60,1.0,false,#FA734C
109.069961,14.434999,Pdgfra,6,false,4060,0.9914,3,CR9f3683203-18,1.0,false,#00C0CF
107.94362,104.763931,Aldoc,46,false,4061,0.99098,2,CR9f3683203-54,1.0,false,#105300
88.083745,43.298106,Sox10,0,true,4062,0.01302,1,CR9f3683203-25,1.0,false,#361800
13.149361,146.31353,Aldoc,57,false,4063,0.98925,3,CR9f3683203-36,1.0,false,#D486F1
86.204653,123.635183,Slc17a7,53,false,4064,0.99096,3,CR9f3683203-52,1.0,false,#0080DA
50.134466,107.039027,Slc17a7,43,false,4065,0.99187,2,CR9f3683203-29,1.0,false,#600023
11.905102,128.757139,Slc17a7,49,false,4066,0.99064,2,CR9f3683203-28,1.0,false,#92B3DE
102.272256,9.276394,Sox10,6,false,4067,0.97166,3,CR9f3683203-18,1.0,false,#005E7D
141.81886,29.982482,Gad1,16,false,4068,0.98892,2,CR9f3683203-39,1.0,false,#703A28
32.857002,148.972162,Ttr,58,false,4069,0.99138,2,CR9f3683203-43,1.0,false,#00608E
127.896762,63.992372,Gad1,31,false,4070,0.80076,2,CR9f3683203-49,1.0,false,#FF0079
9.062401,120.532864,Ttr,0,true,4071,0.15291,2,CR9f3683203-28,1.0,false,#361500
144.59093,107.891209,Aldoc,48,false,4072,0.9901,3,CR9f3683203-59,1.0,false,#C74A00
147.699597,104.790469,Slc17a7,48,false,4073,0.99175,3,CR9f3683203-59,1.0,false,#5F8517
48.641738,123.155042,Gad1,51,false,4074,0.9916,3,CR9f3683203-37,1.0,false,#FB006E
84.966041,53.891933,Sox10,21,false,4075,0.96533,1,CR9f3683203-25,1.0,false,#008D77
124.625778,49.541889,Slc17a7,23,false,4076,0.99179,3,CR9f3683203-38,1.0,false,#005000
50.266104,105.323922,Gad1,43,false,4077,0.99185,2,CR9f3683203-29,1.0,false,#331700
92.225541,105.702915,Pdgfra,45,false,4078,0.98954,3,CR9f3683203-47,1.0,false,#667200
127.354861,33.086044,Aldoc,15,false,4079,0.99158,1,CR9f3683203-34,1.0,false,#007CD8
35.243181,112.230052,Aldoc,42,false,4080,0.90688,1,CR9f3683203-27,1.0,false,#D38BFA
87.98282,87.765144,Gad1,37,false,4081,0.99182,2,CR9f3683203-42,1.0,false,#594731
51.948991,12.383202,Sox10,3,false,4082,0.99162,3,CR9f3683203-6,1.0,false,#CF86F1
123.790137,29.189933,Aldoc,15,false,4083,0.99002,1,CR9f3683203-34,1.0,false,#58ADFF
25.215355,30.856442,Pdgfra,10,false,4084,0.04907,2,CR9f3683203-5,1.0,false,#00A2FF
14.258896,104.267841,Slc17a7,41,false,4085,0.98725,3,CR9f3683203-17,1.0,false,#ECC8A4
131.462847,108.731303,Aldoc,47,false,4086,0.95623,3,CR9f3683203-56,0.98,false,#DD9B76
74.280071,147.162208,Sox10,0,true,4087,0.91504,3,CR9f3683203-53,1.0,false,#FF007C
5.951251,123.935029,Sox10,0,true,4088,0.034,2,CR9f3683203-28,1.0,false,#1D278D
31.453716,53.985449,Aldoc,18,false,4089,0.99181,3,CR9f3683203-9,1.0,false,#E8976A
50.382147,46.854981,Gad1,19,false,4090,0.99095,2,CR9f3683203-15,1.0,false,#C94A00
13.968883,150.648591,Aldoc,57,false,4091,0.94485,1,CR9f3683203-36,1.0,false,#C74A00
108.178126,86.846795,Slc17a7,38,false,4092,0.99099,3,CR9f3683203-44,1.0,false,#00956D
42.604606,104.914568,Gad1,43,false,4093,0.09073,2,CR9f3683203-29,1.0,false,#004800
45.321528,66.592363,Aldoc,27,false,4094,0.84753,1,CR9f3683203-16,1.0,false,#A07C64
131.72398,15.015776,Gad1,7,false,4095,0.67311,2,CR9f3683203-24,1.0,false,#105300
66.209614,86.706599,Sox10,36,false,4096,0.99174,3,CR9f3683203-30,1.0,false,#A17B63
8.678849,108.998572,Pdgfra,41,false,4097,0.99067,3,CR9f3683203-17,1.0,false,#89006C
70.397476,88.710279,Pdgfra,36,false,4098,0.98868,3,CR9f3683203-30,1.0,false,#009A96
10.669349,32.091242,Aldoc,9,false,4099,0.99183,1,CR9f3683203-3,1.0,false,#265372
53.687634,152.504266,Ttr,59,false,4100,0.00387,3,CR9f3683203-48,0.98,false,#005F90
64.060729,34.357916,Aldoc,12,false,4101,0.96865,1,CR9f3683203-12,1.0,false,#5F7B06
121.507784,87.135871,Pdgfra,39,false,4102,0.97853,3,CR9f3683203-50,1.0,false,#006191
68.856061,51.035165,Pdgfra,20,false,4103,0.99162,3,CR9f3683203-19,1.0,false,#EFCEB1
83.568502,112.577449,Aldoc,45,false,4104,0.00324,1,CR9f3683203-47,1.0,false,#005F97
94.215743,71.721832,Slc17a7,29,false,4105,0.14628,3,CR9f3683203-35,1.0,false,#963F7A
68.446282,106.159601,Slc17a7,44,false,4106,0.99168,3,CR9f3683203-40,1.0,false,#00BE5C
129.502917,109.812993,Slc17a7,47,false,4107,0.98967,3,CR9f3683203-56,1.0,false,#CC0000
34.178359,72.092251,Pdgfra,0,true,4108,0.98266,3,CR9f3683203-13,1.0,false,#006CFE
17.355954,51.98051,Slc17a7,0,true,4109,0.10613,3,CR9f3683203-4,1.0,false,#944682
8.461596,29.448564,Slc17a7,9,false,4110,0.98977,1,CR9f3683203-3,1.0,false,#FF0083
25.434673,50.923819,Pdgfra,18,false,4111,0.92153,3,CR9f3683203-9,1.0,false,#008BC9
24.363333,70.380723,Slc17a7,26,false,4112,0.00764,3,CR9f3683203-13,1.0,false,#005F92
52.399929,67.425845,Sox10,27,false,4113,0.99156,1,CR9f3683203-16,1.0,false,#484E33
31.70468,122.593666,Ttr,50,false,4114,0.98931,3,CR9f3683203-31,1.0,false,#EAC8A1
84.256712,88.869634,Gad1,37,false,4115,0.97361,2,CR9f3683203-42,1.0,false,#005E95
35.005935,54.802717,Slc17a7,18,false,4116,0.76494,3,CR9f3683203-9,1.0,false,#DD9970
10.93202,28.387265,Ttr,9,false,4117,0.99064,1,CR9f3683203-3,1.0,false,#DD9B78
32.06535,129.205885,Slc17a7,50,false,4118,0.99085,3,CR9f3683203-31,1.0,false,#DA357C
73.948328,108.633984,Pdgfra,44,false,4119,0.77604,3,CR9f3683203-40,1.0,false,#69820D
125.567336,72.332036,Gad1,31,false,4120,0.99077,2,CR9f3683203-49,1.0,false,#00E6FF
25.41962,78.182178,Ttr,0,true,4121,0.0,2,,1.0,true,#00907A
147.793261,92.548134,Ttr,0,true,4122,0.03967,2,CR9f3683203-55,1.0,false,#9CB0DA
145.355402,72.487163,Gad1,32,false,4123,0.99147,3,CR9f3683203-51,1.0,false,#00A2FF
51.423599,69.514271,Sox10,27,false,4124,0.99187,1,CR9f3683203-16,1.0,false,#474E33
145.703962,31.230472,Slc17a7,16,false,4125,0.99001,2,CR9f3683203-39,1.0,false,#00BDFF
9.393127,106.981262,Gad1,41,false,4126,0.99174,3,CR9f3683203-17,1.0,false,#432082
7.418669,103.071269,Ttr,41,false,4127,0.86563,3,CR9f3683203-17,1.0,false,#009A97
9.253402,129.469617,Gad1,49,false,4128,0.97745,2,CR9f3683203-28,1.0,false,#92AED7
148.113347,43.893284,Ttr,0,true,4129,0.29675,3,CR9f3683203-46,0.98,false,#00A2FF
125.045095,63.17385,Gad1,31,false,4130,0.35506,2,CR9f3683203-49,1.0,false,#00C2FF
125.908192,48.064792,Pdgfra,23,false,4131,0.99149,3,CR9f3683203-38,1.0,false,#00BFCE
47.091781,146.877497,Slc17a7,59,false,4132,0.99126,3,CR9f3683203-48,1.0,false,#DC945C
126.546056,71.401553,Sox10,31,false,4133,0.98825,2,CR9f3683203-49,1.0,false,#245373
67.255787,29.059247,Pdgfra,12,false,4134,0.99186,1,CR9f3683203-12,1.0,false,#CC4B00
142.089868,12.760556,Slc17a7,8,false,4135,0.99187,3,CR9f3683203-32,1.0,false,#452082
85.324554,92.164593,Slc17a7,0,true,4136,0.97565,3,CR9f3683203-42,1.0,false,#009269
125.019631,69.028091,Gad1,31,false,4137,0.99123,2,CR9f3683203-49,1.0,false,#428F00
145.747466,32.783054,Gad1,16,false,4138,0.99023,2,CR9f3683203-39,1.0,false,#FE0075
51.261259,103.140158,Gad1,43,false,4139,0.98828,2,CR9f3683203-29,1.0,false,#3D5CDD
28.579331,80.384772,Pdgfra,0,true,4140,2.0e-5,1,,0.68,true,#6D3A26
33.689386,31.743651,Gad1,10,false,4141,0.99178,2,CR9f3683203-5,1.0,false,#331700
91.033943,5.892141,Ttr,5,false,4142,0.20906,3,CR9f3683203-11,1.0,false,#00BC5C
33.726076,51.043401,Aldoc,18,false,4143,0.99041,3,CR9f3683203-9,1.0,false,#CF82EC
71.735412,36.487984,Aldoc,12,false,4144,0.87792,1,CR9f3683203-12,1.0,false,#77E3FF
10.477268,73.881226,Sox10,25,false,4145,0.95317,2,CR9f3683203-8,1.0,false,#005F8C
72.344422,51.180041,Slc17a7,20,false,4146,0.99096,3,CR9f3683203-19,1.0,false,#FE7359
66.959413,146.153487,Aldoc,60,false,4147,0.99142,3,CR9f3683203-53,1.0,false,#BA7D9A
111.511533,30.62957,Slc17a7,14,false,4148,0.99182,3,CR9f3683203-26,1.0,false,#E19767
144.654337,103.473381,Aldoc,48,false,4149,0.99157,1,CR9f3683203-59,1.0,false,#6B402B
103.880547,51.472728,Gad1,22,false,4150,0.99095,2,CR9f3683203-33,1.0,false,#0070FF
17.78263,10.153589,Ttr,1,false,4151,0.61463,2,CR9f3683203-1,0.96,false,#9EB0DB
15.421541,13.158491,Ttr,0,true,4152,0.99056,2,CR9f3683203-1,1.0,false,#8EAED7
49.658828,122.513958,Ttr,51,false,4153,0.99176,3,CR9f3683203-37,1.0,false,#FA006C
147.620423,127.025438,Pdgfra,56,false,4154,0.99153,3,CR9f3683203-60,1.0,false,#005C7A
122.623533,126.923925,Gad1,55,false,4155,0.99114,2,CR9f3683203-58,1.0,false,#CC4A00
24.616003,8.589238,Pdgfra,2,false,4156,0.1535,3,CR9f3683203-2,0.98,false,#EAC8A1
90.004316,51.691757,Aldoc,21,false,4157,0.99173,3,CR9f3683203-25,1.0,false,#00608D
84.89969,51.074386,Aldoc,21,false,4158,0.99143,3,CR9f3683203-25,1.0,false,#006194
28.243774,104.267196,Ttr,42,false,4159,0.92597,3,CR9f3683203-27,1.0,false,#72E3FF
46.615485,142.765739,Slc17a7,59,false,4160,0.96156,3,CR9f3683203-48,1.0,false,#00976C
126.543812,49.190309,Slc17a7,23,false,4161,0.99163,3,CR9f3683203-38,1.0,false,#FB7352
123.471119,88.164806,Gad1,39,false,4162,0.99183,3,CR9f3683203-50,1.0,false,#474E34
12.136471,33.273353,Ttr,9,false,4163,0.99183,1,CR9f3683203-3,1.0,false,#052017
51.013107,145.831593,Slc17a7,59,false,4164,0.99185,3,CR9f3683203-48,1.0,false,#003A81
50.431611,85.379019,Gad1,35,false,4165,0.99101,3,CR9f3683203-23,1.0,false,#004026
48.802718,9.260026,Slc17a7,3,false,4166,0.99123,3,CR9f3683203-6,1.0,false,#DB3889
11.777832,88.982483,Pdgfra,33,false,4167,0.99154,1,CR9f3683203-14,1.0,false,#6D7600
109.156965,49.017492,Ttr,22,false,4168,0.9915,2,CR9f3683203-33,1.0,false,#5E8BFA
70.474457,47.623949,Aldoc,20,false,4169,0.99045,3,CR9f3683203-19,1.0,false,#009785
69.961272,146.601544,Pdgfra,60,false,4170,0.99059,3,CR9f3683203-53,1.0,false,#5F7A02
51.718533,88.311423,Slc17a7,35,false,4171,0.99099,3,CR9f3683203-23,1.0,false,#DA357B
17.05779,86.802184,Sox10,33,false,4172,0.96936,1,CR9f3683203-14,1.0,false,#30AFFF
124.811548,123.513681,Sox10,55,false,4173,0.99185,2,CR9f3683203-58,1.0,false,#351600
151.148722,69.561438,Pdgfra,32,false,4174,0.3982,3,CR9f3683203-51,1.0,false,#009784
75.593911,31.177023,Aldoc,0,true,4175,0.00744,1,CR9f3683203-12,1.0,false,#00C3FF
30.636615,144.665395,Gad1,58,false,4176,0.99149,2,CR9f3683203-43,1.0,false,#00E2FF
99.220278,87.398146,Aldoc,0,true,4177,0.01035,1,CR9f3683203-44,0.76,false,#00A1FF
122.927561,44.302008,Pdgfra,0,true,4178,0.92621,3,CR9f3683203-38,1.0,false,#009C9D
67.921878,49.54652,Slc17a7,20,false,4179,0.9917,3,CR9f3683203-19,1.0,false,#00BA5A
10.770511,145.024814,Ttr,57,false,4180,0.98981,1,CR9f3683203-36,1.0,false,#064C70
34.444003,69.480694,Aldoc,26,false,4181,0.98651,3,CR9f3683203-13,1.0,false,#00452A
89.438776,88.968962,Slc17a7,37,false,4182,0.99094,2,CR9f3683203-42,1.0,false,#97B1DB
108.533427,127.663319,Pdgfra,54,false,4183,0.99096,3,CR9f3683203-57,1.0,false,#977A68
13.446576,145.72208,Aldoc,57,false,4184,0.99027,3,CR9f3683203-36,1.0,false,#D080E8
87.922699,13.43309,Gad1,5,false,4185,0.99174,3,CR9f3683203-11,1.0,false,#EDCC63
10.307031,92.857199,Sox10,33,false,4186,0.97095,1,CR9f3683203-14,1.0,false,#FA006B
139.107102,88.029967,Slc17a7,40,false,4187,0.94605,2,CR9f3683203-55,1.0,false,#0071FF
49.759993,6.540299,Sox10,3,false,4188,0.9621,3,CR9f3683203-6,1.0,false,#D278DD
28.104019,8.655893,Slc17a7,2,false,4189,0.98674,3,CR9f3683203-2,1.0,false,#6AE3FF
123.965411,105.822628,Slc17a7,47,false,4190,0.99124,3,CR9f3683203-56,1.0,false,#00A1FF
106.151985,66.879286,Aldoc,30,false,4191,0.99075,3,CR9f3683203-41,1.0,false,#008ECC
12.408075,66.409253,Gad1,25,false,4192,0.99014,2,CR9f3683203-8,1.0,false,#9EB1DC
34.813313,84.988069,Gad1,34,false,4193,0.95635,2,CR9f3683203-21,1.0,false,#B0805E
10.301278,89.558846,Aldoc,33,false,4194,0.99186,1,CR9f3683203-14,1.0,false,#A77A5E
25.3742,51.18578,Sox10,18,false,4195,0.90869,3,CR9f3683203-9,1.0,false,#00958A
11.024471,43.710891,Slc17a7,17,false,4196,0.93486,3,CR9f3683203-4,1.0,false,#638515
32.136455,120.809098,Slc17a7,50,false,4197,0.89974,3,CR9f3683203-31,1.0,false,#F1D1BA
48.748743,73.399963,Aldoc,27,false,4198,0.85496,1,CR9f3683203-16,1.0,false,#004F00
29.50262,87.896685,Sox10,34,false,4199,0.99019,2,CR9f3683203-21,1.0,false,#58462E
12.738189,143.663258,Slc17a7,57,false,4200,0.99161,3,CR9f3683203-36,1.0,false,#636F00
87.999297,126.12994,Pdgfra,53,false,4201,0.99133,3,CR9f3683203-52,1.0,false,#009785
92.527812,110.389562,Pdgfra,0,true,4202,0.95504,3,CR9f3683203-47,1.0,false,#584D32
30.597163,12.045005,Ttr,2,false,4203,0.98915,3,CR9f3683203-2,1.0,false,#00BE5E
8.057761,50.420475,Aldoc,17,false,4204,0.98731,3,CR9f3683203-4,1.0,false,#86A5C7
126.730342,70.322738,Gad1,31,false,4205,0.98964,2,CR9f3683203-49,1.0,false,#B34C20
26.451888,69.911446,Gad1,26,false,4206,0.96272,2,CR9f3683203-13,1.0,false,#005E93
68.262337,48.854296,Pdgfra,20,false,4207,0.99104,3,CR9f3683203-19,1.0,false,#00B555
50.977108,11.078345,Gad1,3,false,4208,0.99116,3,CR9f3683203-6,1.0,false,#00BDFE
145.986254,126.391649,Slc17a7,56,false,4209,0.99186,3,CR9f3683203-60,1.0,false,#00A2FF
15.172332,15.068455,Gad1,1,false,4210,0.97642,2,CR9f3683203-1,1.0,false,#00A1FF
47.928129,67.758031,Gad1,0,true,4211,0.9887,1,CR9f3683203-16,1.0,false,#FF0085
84.541732,146.610071,Slc17a7,0,true,4212,0.0,3,,1.0,true,#00A0FF
107.03897,14.12772,Gad1,6,false,4213,0.99154,3,CR9f3683203-18,1.0,false,#9B7D6A
28.238984,10.652494,Ttr,2,false,4214,0.99168,3,CR9f3683203-2,1.0,false,#EFCFB3
53.348558,48.123045,Gad1,19,false,4215,0.98596,2,CR9f3683203-15,1.0,false,#004A00
50.517741,147.352647,Slc17a7,59,false,4216,0.99138,3,CR9f3683203-48,1.0,false,#8B006F
88.943509,104.936729,Aldoc,45,false,4217,0.99062,3,CR9f3683203-47,1.0,false,#D388F6
99.553815,130.67815,Gad1,54,false,4218,0.00024,2,CR9f3683203-57,0.76,false,#004026
13.493602,129.948117,Aldoc,49,false,4219,0.97289,1,CR9f3683203-28,1.0,false,#0081DA
95.376808,50.240976,Gad1,22,false,4220,0.002,2,CR9f3683203-25,0.94,false,#005F95
67.201689,26.40511,Aldoc,12,false,4221,0.89499,1,CR9f3683203-12,1.0,false,#62ADFF
125.730405,127.652027,Gad1,55,false,4222,0.99146,2,CR9f3683203-58,1.0,false,#987D6C
143.990822,13.326671,Slc17a7,8,false,4223,0.99162,3,CR9f3683203-32,1.0,false,#005000
26.469366,48.495678,Slc17a7,18,false,4224,0.9356,3,CR9f3683203-9,1.0,false,#00C4D7
144.33262,82.829842,Gad1,40,false,4225,0.98866,2,CR9f3683203-55,1.0,false,#A87F63
29.765641,146.040692,Gad1,58,false,4226,0.99044,2,CR9f3683203-43,1.0,false,#00E6FF
88.808818,107.171395,Aldoc,45,false,4227,0.99183,3,CR9f3683203-47,1.0,false,#6257CD
11.750877,106.471363,Slc17a7,41,false,4228,0.99077,3,CR9f3683203-17,1.0,false,#9C54FE
88.795308,67.13417,Pdgfra,29,false,4229,0.99108,3,CR9f3683203-35,1.0,false,#00988A
121.825426,46.616004,Slc17a7,23,false,4230,0.98631,3,CR9f3683203-38,1.0,false,#0080DA
63.702781,145.049024,Sox10,60,false,4231,0.94487,3,CR9f3683203-53,1.0,false,#FD0071
144.437493,126.156148,Ttr,56,false,4232,0.99172,3,CR9f3683203-60,1.0,false,#62E3FF
147.945924,29.045458,Gad1,16,false,4233,0.98939,2,CR9f3683203-39,1.0,false,#361500
123.776259,105.496545,Slc17a7,47,false,4234,0.99187,3,CR9f3683203-56,1.0,false,#00A1FF
105.300667,105.243629,Gad1,46,false,4235,0.99185,2,CR9f3683203-54,1.0,false,#5C86F8
31.001616,51.330865,Ttr,18,false,4236,0.99178,3,CR9f3683203-9,1.0,false,#00608D
109.798535,84.790616,Slc17a7,38,false,4237,0.97775,3,CR9f3683203-44,1.0,false,#498B69
28.860551,49.186108,Slc17a7,18,false,4238,0.99116,3,CR9f3683203-9,1.0,false,#E1986D
85.210758,43.478813,Aldoc,21,false,4239,0.01995,1,CR9f3683203-25,1.0,false,#005F97
15.687049,30.785668,Aldoc,9,false,4240,0.9914,3,CR9f3683203-3,1.0,false,#5F7A00
104.109489,128.991839,Pdgfra,54,false,4241,0.9884,3,CR9f3683203-57,1.0,false,#8D498A
25.87464,152.298525,Aldoc,0,true,4242,0.0,1,,0.96,true,#6A422E
51.857576,8.407732,Pdgfra,3,false,4243,0.99053,3,CR9f3683203-6,1.0,false,#D179DE
88.166588,64.727295,Slc17a7,29,false,4244,0.98873,3,CR9f3683203-35,1.0,false,#DB3782
64.380772,49.23989,Pdgfra,20,false,4245,0.94617,3,CR9f3683203-19,1.0,false,#87006A
69.453699,110.586216,Gad1,44,false,4246,0.99047,3,CR9f3683203-40,1.0,false,#00A2FF
28.895972,82.690021,Pdgfra,0,true,4247,0.23243,1,CR9f3683203-21,1.0,false,#A87F62
85.471191,102.56265,Aldoc,45,false,4248,0.93966,1,CR9f3683203-47,1.0,false,#A57B60
54.729269,51.742743,Gad1,19,false,4249,0.97451,2,CR9f3683203-15,1.0,false,#0960ED
45.018209,14.591342,Aldoc,3,false,4250,0.73568,1,CR9f3683203-6,1.0,false,#003E4C
89.397282,124.698983,Slc17a7,53,false,4251,0.98918,3,CR9f3683203-52,1.0,false,#00998D
32.144241,148.212327,Slc17a7,58,false,4252,0.99179,2,CR9f3683203-43,1.0,false,#00A2FF
90.90564,107.742463,Slc17a7,45,false,4253,0.99184,3,CR9f3683203-47,1.0,false,#BB7D9A
144.359955,54.232617,Ttr,24,false,4254,0.98684,3,CR9f3683203-46,1.0,false,#DC398D
87.967503,91.150277,Slc17a7,37,false,4255,0.9918,2,CR9f3683203-42,1.0,false,#00462B
88.610381,4.613678,Slc17a7,5,false,4256,0.54963,3,CR9f3683203-11,1.0,false,#EDCBAA
70.300897,131.006046,Gad1,52,false,4257,0.98537,2,CR9f3683203-45,1.0,false,#002F9B
56.163532,88.561019,Slc17a7,35,false,4258,0.97702,3,CR9f3683203-23,1.0,false,#F0D1B8
145.07749,103.454992,Gad1,48,false,4259,0.99172,1,CR9f3683203-59,1.0,false,#6D3E2B
143.907663,30.868704,Gad1,16,false,4260,0.99184,2,CR9f3683203-39,1.0,false,#00B64B
49.776328,149.199857,Slc17a7,59,false,4261,0.99139,3,CR9f3683203-48,1.0,false,#4D8E6B
54.86425,141.819587,Pdgfra,0,true,4262,0.80022,3,CR9f3683203-48,1.0,false,#00B551
45.22247,108.852102,Gad1,43,false,4263,0.98358,2,CR9f3683203-29,1.0,false,#BB4B1E
145.574179,53.728979,Aldoc,24,false,4264,0.99156,3,CR9f3683203-46,1.0,false,#009A93
28.65599,9.741052,Slc17a7,2,false,4265,0.99186,3,CR9f3683203-2,1.0,false,#6EE3FF
142.60113,50.059664,Aldoc,24,false,4266,0.98679,3,CR9f3683203-46,1.0,false,#E7976B
67.426814,72.720621,Sox10,28,false,4267,0.99187,2,CR9f3683203-22,1.0,false,#5A8CF4
122.131157,31.544775,Aldoc,15,false,4268,0.99183,1,CR9f3683203-34,1.0,false,#008F80
32.420177,27.049264,Gad1,10,false,4269,0.99186,2,CR9f3683203-5,1.0,false,#498B00
127.493601,46.417462,Aldoc,23,false,4270,0.98885,3,CR9f3683203-38,1.0,false,#647C02
67.959025,35.417065,Slc17a7,12,false,4271,0.98501,3,CR9f3683203-12,0.98,false,#00BFCE
50.566855,109.824989,Gad1,43,false,4272,0.97829,2,CR9f3683203-29,1.0,false,#325DE1
7.689974,71.01176,Gad1,25,false,4273,0.98327,2,CR9f3683203-8,1.0,false,#004800
67.987266,128.551445,Gad1,52,false,4274,0.99139,2,CR9f3683203-45,1.0,false,#009064
120.025433,45.750553,Slc17a7,23,false,4275,0.2347,3,CR9f3683203-38,1.0,false,#678512
141.407976,71.289493,Ttr,32,false,4276,0.98948,3,CR9f3683203-51,1.0,false,#8AB2DC
13.182753,66.109861,Gad1,25,false,4277,0.99149,2,CR9f3683203-8,1.0,false,#002F9D
145.970804,38.678701,Gad1,16,false,4278,0.10211,2,CR9f3683203-39,0.98,false,#5E8312
145.901817,34.639231,Aldoc,16,false,4279,0.99177,2,CR9f3683203-39,1.0,false,#008C60
67.187177,73.429953,Slc17a7,28,false,4280,0.99052,2,CR9f3683203-22,1.0,false,#5A8BF5
34.575358,104.241129,Ttr,42,false,4281,0.98559,3,CR9f3683203-27,1.0,false,#00968F
86.742519,124.585575,Aldoc,53,false,4282,0.98923,3,CR9f3683203-52,1.0,false,#FF0081
141.838084,102.384707,Aldoc,48,false,4283,0.96281,1,CR9f3683203-59,1.0,false,#008E76
127.425135,71.320827,Gad1,31,false,4284,0.99166,2,CR9f3683203-49,1.0,false,#B04C21
77.243179,85.128969,Slc17a7,36,false,4285,2.0e-5,3,CR9f3683203-30,0.64,false,#00C3D1
128.851579,88.977278,Aldoc,39,false,4286,0.99009,3,CR9f3683203-50,1.0,false,#00C6DA
11.370823,70.942825,Sox10,25,false,4287,0.99166,2,CR9f3683203-8,1.0,false,#1B288E
13.686408,143.788048,Aldoc,57,false,4288,0.99134,3,CR9f3683203-36,1.0,false,#00B9FC
128.104843,9.840179,Gad1,7,false,4289,0.98859,2,CR9f3683203-24,1.0,false,#005E95
32.592635,50.644541,Sox10,18,false,4290,0.99187,3,CR9f3683203-9,1.0,false,#A37B61
143.603616,72.518765,Slc17a7,32,false,4291,0.99159,3,CR9f3683203-51,1.0,false,#89B1DB
69.770129,29.940136,Ttr,12,false,4292,0.99185,1,CR9f3683203-12,1.0,false,#105400
25.299778,23.660266,Aldoc,0,true,4293,0.0,1,,1.0,true,#132012
50.242109,65.492159,Gad1,27,false,4294,0.99156,1,CR9f3683203-16,1.0,false,#265372
105.059127,124.953633,Ttr,54,false,4295,0.99187,3,CR9f3683203-57,1.0,false,#FB006D
127.2592,88.216117,Aldoc,39,false,4296,0.99174,3,CR9f3683203-50,1.0,false,#0081FF
133.606361,64.234664,Aldoc,0,true,4297,2.0e-5,1,,0.7,true,#5E7E0B
31.224257,124.788954,Gad1,50,false,4298,0.99143,3,CR9f3683203-31,1.0,false,#5F91F9
139.958607,91.135552,Slc17a7,40,false,4299,0.93078,3,CR9f3683203-55,1.0,false,#00452B
32.266028,105.061923,Aldoc,42,false,4300,0.99185,3,CR9f3683203-27,1.0,false,#00452A
87.315929,50.009888,Aldoc,21,false,4301,0.99103,3,CR9f3683203-25,1.0,false,#A27B63
9.220844,67.264662,Gad1,25,false,4302,0.99167,2,CR9f3683203-8,1.0,false,#59462D
99.920995,153.929529,Slc17a7,0,true,4303,0.0,3,,1.0,true,#628616
123.642196,73.760084,Gad1,31,false,4304,0.98439,2,CR9f3683203-49,1.0,false,#164F00
14.499768,148.742109,Aldoc,57,false,4305,0.99172,3,CR9f3683203-36,1.0,false,#B64B20
142.32743,85.063177,Gad1,40,false,4306,0.99187,2,CR9f3683203-55,1.0,false,#FA7557
8.923075,108.92974,Slc17a7,41,false,4307,0.99118,3,CR9f3683203-17,1.0,false,#88006B
48.728591,49.034531,Sox10,19,false,4308,0.9914,2,CR9f3683203-15,1.0,false,#5E432F
125.771667,16.40225,Ttr,7,false,4309,0.99184,2,CR9f3683203-24,1.0,false,#0A5275
144.506025,37.982649,Sox10,0,true,4310,0.44611,1,CR9f3683203-39,0.86,false,#676800
31.884884,127.149101,Slc17a7,50,false,4311,0.99104,3,CR9f3683203-31,1.0,false,#FA0067
90.114162,34.01868,Gad1,13,false,4312,0.99113,2,CR9f3683203-20,1.0,false,#009365
126.944686,77.36174,Sox10,31,false,4313,0.00685,2,CR9f3683203-49,1.0,false,#0F5275
12.386776,89.916926,Pdgfra,33,false,4314,0.99177,1,CR9f3683203-14,1.0,false,#004025
109.45496,48.125353,Gad1,22,false,4315,0.99143,2,CR9f3683203-33,1.0,false,#00B348
86.873618,12.916655,Slc17a7,5,false,4316,0.99087,3,CR9f3683203-11,1.0,false,#005C7F
55.240077,53.360103,Aldoc,19,false,4317,0.81232,1,CR9f3683203-15,1.0,false,#0060EF
123.748439,47.135296,Sox10,23,false,4318,0.99169,3,CR9f3683203-38,1.0,false,#676D00
86.409272,12.964176,Gad1,5,false,4319,0.9916,3,CR9f3683203-11,1.0,false,#005C7F
88.828416,25.324822,Gad1,13,false,4320,0.50214,2,CR9f3683203-20,1.0,false,#478C00
107.156151,32.915323,Sox10,14,false,4321,0.99174,3,CR9f3683203-26,1.0,false,#676400
11.502197,50.738316,Gad1,17,false,4322,0.99035,3,CR9f3683203-4,1.0,false,#00A2FF
13.708967,68.457625,Pdgfra,25,false,4323,0.9918,2,CR9f3683203-8,1.0,false,#00B64B
66.145645,149.174407,Pdgfra,60,false,4324,0.95279,3,CR9f3683203-53,1.0,false,#00C6D7
54.926436,89.542498,Slc17a7,35,false,4325,0.98736,3,CR9f3683203-23,1.0,false,#F2D2BB
109.918373,49.471867,Gad1,22,false,4326,0.99172,2,CR9f3683203-33,1.0,false,#FF007E
10.919046,66.472627,Aldoc,25,false,4327,0.99169,2,CR9f3683203-8,1.0,false,#0060EF
124.738531,54.054016,Slc17a7,23,false,4328,0.99141,3,CR9f3683203-38,1.0,false,#004A2E
88.841771,33.25303,Gad1,13,false,4329,0.99128,2,CR9f3683203-20,1.0,false,#009365
32.269799,88.285639,Gad1,34,false,4330,0.99166,2,CR9f3683203-21,1.0,false,#341600
143.065998,150.497096,Pdgfra,0,true,4331,0.0,3,,1.0,true,#5B93F2
145.009887,49.438641,Aldoc,24,false,4332,0.99183,3,CR9f3683203-46,1.0,false,#008DC9
106.477259,12.728298,Aldoc,6,false,4333,0.99134,3,CR9f3683203-18,1.0,false,#361800
30.965725,148.137051,Gad1,58,false,4334,0.9918,2,CR9f3683203-43,1.0,false,#005D8D
27.639724,120.829137,Slc17a7,50,false,4335,0.17338,3,CR9f3683203-31,1.0,false,#00BD5D
128.191304,28.264421,Aldoc,15,false,4336,0.98915,1,CR9f3683203-34,1.0,false,#008D79
108.261387,88.359399,Slc17a7,38,false,4337,0.99133,3,CR9f3683203-44,1.0,false,#00936A
14.231288,68.234657,Gad1,25,false,4338,0.99176,2,CR9f3683203-8,1.0,false,#5B91EE
139.688243,133.345995,Gad1,0,true,4339,0.0,2,,1.0,true,#FA7559
31.094339,126.569296,Sox10,50,false,4340,0.99166,3,CR9f3683203-31,1.0,false,#5A8DFA
106.280234,14.916073,Sox10,6,false,4341,0.99173,3,CR9f3683203-18,1.0,false,#4B4D31
64.829999,12.870157,Ttr,0,true,4342,0.98875,2,CR9f3683203-7,1.0,false,#165000
72.658732,144.961429,Slc17a7,60,false,4343,0.9909,3,CR9f3683203-53,1.0,false,#FF0078
12.336193,14.166017,Pdgfra,1,false,4344,0.99183,2,CR9f3683203-1,1.0,false,#00A1FF
29.911597,110.822315,Ttr,42,false,4345,0.99162,3,CR9f3683203-27,1.0,false,#694431
145.602663,10.064091,Slc17a7,8,false,4346,0.99187,3,CR9f3683203-32,1.0,false,#97417C
17.329126,88.636203,Aldoc,33,false,4347,0.97156,1,CR9f3683203-14,1.0,false,#7C2C00
47.84803,48.511013,Ttr,19,false,4348,0.99169,2,CR9f3683203-15,1.0,false,#418F00
48.620412,48.406194,Gad1,19,false,4349,0.9914,2,CR9f3683203-15,1.0,false,#5D442F
27.768317,84.303422,Aldoc,34,false,4350,0.95285,1,CR9f3683203-21,1.0,false,#DB4D00
88.822535,66.96305,Aldoc,29,false,4351,0.99024,3,CR9f3683203-35,1.0,false,#00988A
67.671518,146.727263,Aldoc,60,false,4352,0.99178,3,CR9f3683203-53,1.0,false,#FA006C
105.213008,102.684579,Gad1,46,false,4353,0.98705,2,CR9f3683203-54,1.0,false,#005D91
70.281206,33.646395,Aldoc,12,false,4354,0.99152,1,CR9f3683203-12,1.0,false,#205170
130.042469,14.173888,Pdgfra,7,false,4355,0.98411,2,CR9f3683203-24,1.0,false,#005D87
53.630544,87.476924,Aldoc,35,false,4356,0.99099,3,CR9f3683203-23,1.0,false,#D9367D
124.751937,122.814203,Gad1,55,false,4357,0.99166,2,CR9f3683203-58,1.0,false,#00C2FF
87.054166,72.041156,Aldoc,29,false,4358,0.9758,3,CR9f3683203-35,1.0,false,#0080DA
69.94677,108.887391,Slc17a7,44,false,4359,0.99185,3,CR9f3683203-40,1.0,false,#006FFF
87.480862,48.499087,Aldoc,21,false,4360,0.9916,3,CR9f3683203-25,1.0,false,#743C2E
11.214815,33.04724,Aldoc,9,false,4361,0.99153,1,CR9f3683203-3,1.0,false,#0D2014
120.493979,27.03825,Sox10,0,true,4362,0.5173,1,CR9f3683203-34,1.0,false,#D279DE
142.291192,51.483057,Ttr,24,false,4363,0.99048,3,CR9f3683203-46,1.0,false,#FE0070
142.400213,107.093526,Pdgfra,48,false,4364,0.99187,3,CR9f3683203-59,1.0,false,#00C1D6
138.703886,13.565767,Slc17a7,8,false,4365,0.50101,3,CR9f3683203-32,1.0,false,#F0D163
11.380331,17.205208,Gad1,1,false,4366,0.78182,2,CR9f3683203-1,1.0,false,#00452A
107.74038,19.749435,Ttr,0,true,4367,0.00024,3,CR9f3683203-18,0.98,false,#005F95
12.64013,80.748724,Pdgfra,33,false,4368,0.0045,1,CR9f3683203-14,0.96,false,#008D78
50.774863,49.039912,Pdgfra,19,false,4369,0.99182,2,CR9f3683203-15,1.0,false,#00A2FF
144.76968,93.133529,Aldoc,40,false,4370,0.3942,1,CR9f3683203-55,0.66,false,#85A7CA
67.110755,49.019819,Slc17a7,20,false,4371,0.99172,3,CR9f3683203-19,1.0,false,#FC7663
47.466166,48.551405,Gad1,19,false,4372,0.99151,2,CR9f3683203-15,1.0,false,#409000
128.410981,74.463074,Gad1,31,false,4373,0.91527,2,CR9f3683203-49,1.0,false,#125172
31.246881,142.067053,Gad1,58,false,4374,0.98896,2,CR9f3683203-43,1.0,false,#305A75
44.925276,128.703552,Aldoc,51,false,4375,0.93343,3,CR9f3683203-37,1.0,false,#004026
52.948308,103.193477,Aldoc,43,false,4376,0.94,1,CR9f3683203-29,1.0,false,#009164
150.351869,14.876675,Aldoc,0,true,4377,0.24903,3,CR9f3683203-32,1.0,false,#00492D
88.788397,123.746776,Pdgfra,53,false,4378,0.99164,3,CR9f3683203-52,1.0,false,#F0D0B5
63.766829,88.953389,Pdgfra,36,false,4379,0.96477,3,CR9f3683203-30,1.0,false,#006092
30.03792,143.997304,Gad1,58,false,4380,0.99184,2,CR9f3683203-43,1.0,false,#331700
54.155847,46.529069,Gad1,19,false,4381,0.90997,2,CR9f3683203-15,1.0,false,#004C00
146.062445,52.537144,Pdgfra,0,true,4382,0.99115,3,CR9f3683203-46,1.0,false,#008DCB
32.529711,31.894633,Gad1,10,false,4383,0.99156,2,CR9f3683203-5,1.0,false,#0D5275
66.679739,11.361656,Gad1,4,false,4384,0.99022,2,CR9f3683203-7,1.0,false,#FA765B
103.032614,9.820912,Pdgfra,6,false,4385,0.9893,3,CR9f3683203-18,1.0,false,#005F88
10.52304,141.355767,Ttr,57,false,4386,0.97311,1,CR9f3683203-36,1.0,false,#6D412E
49.233799,126.557139,Aldoc,51,false,4387,0.99159,3,CR9f3683203-37,1.0,false,#008D77
15.030596,28.388578,Pdgfra,9,false,4388,0.99089,3,CR9f3683203-3,1.0,false,#0093CC
48.359228,27.586846,Sox10,11,false,4389,0.99128,3,CR9f3683203-10,1.0,false,#005F8F
33.019181,119.697588,Slc17a7,50,false,4390,0.04943,3,CR9f3683203-31,0.98,false,#05BE5B
123.591246,32.573619,Aldoc,15,false,4391,0.99176,1,CR9f3683203-34,1.0,false,#EC9669
88.028243,127.839298,Slc17a7,53,false,4392,0.98736,3,CR9f3683203-52,1.0,false,#96447F
105.735052,12.42558,Aldoc,6,false,4393,0.9917,3,CR9f3683203-18,1.0,false,#D28AF9
103.069968,127.416466,Aldoc,54,false,4394,0.98483,3,CR9f3683203-57,1.0,false,#005F96
7.349873,10.089941,Ttr,1,false,4395,0.89099,2,CR9f3683203-1,1.0,false,#2C2185
32.756322,147.014692,Gad1,58,false,4396,0.99044,2,CR9f3683203-43,1.0,false,#693E29
65.99861,108.877053,Aldoc,44,false,4397,0.99174,3,CR9f3683203-40,1.0,false,#0092CD
141.438954,32.222022,Gad1,16,false,4398,0.98973,2,CR9f3683203-39,1.0,false,#1B288E
144.448574,100.582521,Pdgfra,48,false,4399,0.96895,1,CR9f3683203-59,1.0,false,#004429
53.59107,100.95117,Slc17a7,43,false,4400,0.04856,3,CR9f3683203-29,1.0,false,#85ACD2
86.389549,50.074521,Pdgfra,21,false,4401,0.99183,3,CR9f3683203-25,1.0,false,#D94D00
146.036064,44.321488,Slc17a7,24,false,4402,0.82757,3,CR9f3683203-46,1.0,false,#00A1FF
15.247877,72.571897,Gad1,25,false,4403,0.78246,2,CR9f3683203-8,1.0,false,#F57863
66.005609,7.233767,Gad1,0,true,4404,0.95674,2,CR9f3683203-7,1.0,false,#00A0FF
35.969726,112.274276,Aldoc,42,false,4405,0.45311,1,CR9f3683203-27,1.0,false,#D38BFA
141.594725,65.754133,Pdgfra,32,false,4406,0.97864,3,CR9f3683203-51,1.0,false,#004025
51.309234,89.034191,Slc17a7,35,false,4407,0.98926,3,CR9f3683203-23,1.0,false,#79E157
68.427992,123.047278,Pdgfra,52,false,4408,0.99187,2,CR9f3683203-45,1.0,false,#00472D
129.520954,11.187991,Pdgfra,7,false,4409,0.987,2,CR9f3683203-24,1.0,false,#00A3FF
149.490855,48.37385,Aldoc,24,false,4410,0.98358,3,CR9f3683203-46,1.0,false,#7C2C00
124.61699,87.593343,Gad1,39,false,4411,0.99148,3,CR9f3683203-50,1.0,false,#656400
46.69313,11.095886,Pdgfra,3,false,4412,0.98621,1,CR9f3683203-6,1.0,false,#753C2E
91.533636,125.61536,Slc17a7,53,false,4413,0.98754,3,CR9f3683203-52,1.0,false,#00C4FF
30.019065,12.21702,Slc17a7,2,false,4414,0.98892,3,CR9f3683203-2,1.0,false,#FFA3FF
124.588332,65.266747,Sox10,31,false,4415,0.89124,2,CR9f3683203-49,1.0,false,#155275
124.165181,29.92259,Aldoc,15,false,4416,0.99186,1,CR9f3683203-34,1.0,false,#D28AF8
47.282182,28.390614,Aldoc,11,false,4417,0.99155,3,CR9f3683203-10,1.0,false,#005B76
126.759875,123.714265,Ttr,55,false,4418,0.99178,2,CR9f3683203-58,1.0,false,#044B6F
69.827926,25.039754,Aldoc,12,false,4419,0.00449,1,CR9f3683203-12,1.0,false,#D586F0
124.211027,47.130597,Aldoc,23,false,4420,0.99171,3,CR9f3683203-38,1.0,false,#657800
130.13752,107.693435,Slc17a7,47,false,4421,0.99136,3,CR9f3683203-56,1.0,false,#DD9560
71.725765,86.451197,Slc17a7,36,false,4422,0.99178,3,CR9f3683203-30,1.0,false,#00C4D8
130.426728,71.172318,Gad1,31,false,4423,0.84109,2,CR9f3683203-49,1.0,false,#009468
8.844223,53.34275,Gad1,17,false,4424,0.96903,3,CR9f3683203-4,1.0,false,#00B44E
48.301559,65.304879,Gad1,27,false,4425,0.98987,1,CR9f3683203-16,1.0,false,#0060EE
31.268454,51.934639,Ttr,18,false,4426,0.99187,3,CR9f3683203-9,1.0,false,#00A1FF
140.493077,84.161416,Slc17a7,40,false,4427,0.97292,2,CR9f3683203-55,1.0,false,#32197C
50.326229,34.672547,Ttr,11,false,4428,0.99097,3,CR9f3683203-10,1.0,false,#00B049
145.167554,30.820826,Gad1,16,false,4429,0.99112,2,CR9f3683203-39,1.0,false,#00462C
144.77299,106.077218,Slc17a7,48,false,4430,0.99029,3,CR9f3683203-59,1.0,false,#93417D
10.148144,104.282312,Slc17a7,41,false,4431,0.99187,3,CR9f3683203-17,1.0,false,#009179
10.506489,93.046551,Aldoc,33,false,4432,0.95286,1,CR9f3683203-14,1.0,false,#E9976B
55.007265,144.786605,Slc17a7,59,false,4433,0.95731,3,CR9f3683203-48,1.0,false,#00B759
30.712975,74.040062,Slc17a7,26,false,4434,0.99086,3,CR9f3683203-13,1.0,false,#66002A
77.945078,124.770322,Aldoc,0,true,4435,0.0,1,,0.94,true,#005F97
117.304194,72.385864,Gad1,0,true,4436,0.0,2,,0.98,true,#74392A
14.857008,49.033392,Slc17a7,17,false,4437,0.98691,3,CR9f3683203-4,1.0,false,#4A8B69
90.917007,125.561388,Slc17a7,53,false,4438,0.99118,3,CR9f3683203-52,1.0,false,#00C4FF
110.12773,107.505076,Aldoc,46,false,4439,0.99167,2,CR9f3683203-54,1.0,false,#6F3A27
9.195494,151.081529,Aldoc,57,false,4440,0.02091,1,CR9f3683203-36,1.0,false,#00C5DB
148.975787,35.475803,Ttr,16,false,4441,0.80996,2,CR9f3683203-39,1.0,false,#89ACD2
55.8283,96.593664,Gad1,0,true,4442,0.0,2,,1.0,true,#00BC54
51.77793,30.443499,Slc17a7,11,false,4443,0.99184,3,CR9f3683203-10,1.0,false,#8BB1DC
28.749846,70.343315,Sox10,26,false,4444,0.9917,3,CR9f3683203-13,1.0,false,#FA734B
127.273029,89.222221,Aldoc,39,false,4445,0.99163,3,CR9f3683203-50,1.0,false,#904380
47.048457,125.093295,Pdgfra,51,false,4446,0.99164,3,CR9f3683203-37,1.0,false,#A07C65
88.966623,14.768312,Sox10,5,false,4447,0.98735,3,CR9f3683203-11,1.0,false,#33187B
126.335884,90.297159,Aldoc,39,false,4448,0.99113,3,CR9f3683203-50,1.0,false,#92437F
147.067924,48.886295,Aldoc,24,false,4449,0.99178,3,CR9f3683203-46,1.0,false,#00C6DB
8.752661,31.378053,Sox10,9,false,4450,0.99142,1,CR9f3683203-3,1.0,false,#003E4B
143.667641,68.427462,Slc17a7,32,false,4451,0.99155,3,CR9f3683203-51,1.0,false,#00C3FF
126.304276,71.581508,Gad1,31,false,4452,0.98798,2,CR9f3683203-49,1.0,false,#2B5576
57.065929,53.691869,Gad1,19,false,4453,0.00393,2,CR9f3683203-15,1.0,false,#2D5DE3
69.95923,107.58017,Slc17a7,44,false,4454,0.99154,3,CR9f3683203-40,1.0,false,#006DFD
121.823073,125.283984,Gad1,55,false,4455,0.99177,2,CR9f3683203-58,1.0,false,#3D5CDD
48.703033,30.69119,Slc17a7,11,false,4456,0.99186,3,CR9f3683203-10,1.0,false,#CA0000
31.188505,11.040775,Sox10,2,false,4457,0.9896,3,CR9f3683203-2,1.0,false,#005C78
141.650488,27.003822,Ttr,16,false,4458,0.79193,2,CR9f3683203-39,1.0,false,#6B412D
112.501959,31.381514,Slc17a7,14,false,4459,0.99096,3,CR9f3683203-26,1.0,false,#91B3DF
7.505241,28.457532,Sox10,9,false,4460,0.90705,1,CR9f3683203-3,1.0,false,#FF007D
89.645964,114.853799,Aldoc,45,false,4461,0.01064,1,CR9f3683203-47,0.9,false,#2B5673
25.651281,119.36673,Gad1,0,true,4462,0.0,2,,1.0,true,#00472C
70.480065,130.865806,Gad1,52,false,4463,0.98253,2,CR9f3683203-45,1.0,false,#F90069
72.178677,87.890593,Aldoc,36,false,4464,0.99155,3,CR9f3683203-30,1.0,false,#006190
110.968724,32.633447,Ttr,14,false,4465,0.99187,3,CR9f3683203-26,1.0,false,#5D94FD
43.718276,27.453695,Slc17a7,11,false,4466,0.10073,3,CR9f3683203-10,1.0,false,#00C4D3
104.502066,14.563869,Aldoc,6,false,4467,0.99087,3,CR9f3683203-18,1.0,false,#D17CE2
85.553703,12.565845,Ttr,0,true,4468,0.99177,3,CR9f3683203-11,1.0,false,#FF0072
127.695333,53.028858,Ttr,23,false,4469,0.97043,3,CR9f3683203-38,1.0,false,#DB398B
107.471145,34.410907,Slc17a7,14,false,4470,0.99017,3,CR9f3683203-26,1.0,false,#00C2D1
145.838196,86.761013,Ttr,40,false,4471,0.99183,2,CR9f3683203-55,1.0,false,#4B4E34
63.415831,126.625364,Aldoc,52,false,4472,0.94975,2,CR9f3683203-45,1.0,false,#B74B1F
52.012322,89.971685,Slc17a7,35,false,4473,0.99174,3,CR9f3683203-23,1.0,false,#D23071
106.762104,47.443898,Ttr,22,false,4474,0.9917,2,CR9f3683203-33,1.0,false,#84A9CD
126.701466,29.763493,Pdgfra,15,false,4475,0.99167,1,CR9f3683203-34,1.0,false,#B17D5A
145.683444,50.247134,Slc17a7,24,false,4476,0.99031,3,CR9f3683203-46,1.0,false,#008FCA
140.688288,11.724016,Slc17a7,8,false,4477,0.99121,3,CR9f3683203-32,1.0,false,#007D21
93.863949,32.235795,Slc17a7,13,false,4478,0.6203,3,CR9f3683203-20,1.0,false,#00A1FF
121.696724,85.502132,Pdgfra,39,false,4479,0.96905,3,CR9f3683203-50,1.0,false,#0091CB
48.451349,146.40527,Slc17a7,59,false,4480,0.99126,3,CR9f3683203-48,1.0,false,#CD0000
89.091398,68.04548,Sox10,29,false,4481,0.98825,3,CR9f3683203-35,1.0,false,#FC7352
43.695879,128.9008,Gad1,0,true,4482,0.83914,2,CR9f3683203-37,0.94,false,#004026
125.189002,7.881768,Ttr,7,false,4483,0.69642,2,CR9f3683203-24,1.0,false,#005D8A
53.912518,49.842792,Gad1,19,false,4484,0.99023,2,CR9f3683203-15,1.0,false,#375CDF
31.811155,127.659718,Slc17a7,50,false,4485,0.9917,3,CR9f3683203-31,1.0,false,#00608F
67.481943,49.133863,Gad1,20,false,4486,0.99186,3,CR9f3683203-19,1.0,false,#006DFD
123.749467,53.356848,Slc17a7,0,true,4487,0.98993,3,CR9f3683203-38,1.0,false,#006DFE
72.018022,90.673062,Gad1,36,false,4488,0.98595,2,CR9f3683203-30,1.0,false,#514C31
156.915988,98.440362,Slc17a7,0,true,4489,0.0,3,,1.0,true,#4A8B69
87.43697,69.997647,Sox10,29,false,4490,0.99061,3,CR9f3683203-35,1.0,false,#698007
13.504116,145.702191,Aldoc,57,false,4491,0.99005,3,CR9f3683203-36,1.0,false,#D07FE7
12.523413,104.103883,Slc17a7,41,false,4492,0.99145,3,CR9f3683203-17,1.0,false,#00B454
103.458067,52.52054,Pdgfra,22,false,4493,0.9896,2,CR9f3683203-33,1.0,false,#006DFF
72.979549,29.706919,Aldoc,12,false,4494,0.96323,1,CR9f3683203-12,1.0,false,#008F7E
52.537225,89.643082,Ttr,35,false,4495,0.99169,3,CR9f3683203-23,1.0,false,#D33072
69.591101,127.912682,Aldoc,52,false,4496,0.99186,2,CR9f3683203-45,1.0,false,#052017
106.717075,14.457036,Gad1,6,false,4497,0.99185,3,CR9f3683203-18,1.0,false,#5D7400
87.550839,46.575962,Aldoc,21,false,4498,0.99114,1,CR9f3683203-25,1.0,false,#0081FF
147.203654,126.251961,Pdgfra,56,false,4499,0.99185,3,CR9f3683203-60,1.0,false,#00462A
142.31765,8.475785,Sox10,0,true,4500,0.98588,3,CR9f3683203-32,1.0,false,#00BECD
50.738021,91.229822,Slc17a7,35,false,4501,0.99166,3,CR9f3683203-23,1.0,false,#78E157
53.161613,68.3625,Aldoc,27,false,4502,0.99182,1,CR9f3683203-16,1.0,false,#6C412E
69.947415,89.036295,Sox10,36,false,4503,0.98932,3,CR9f3683203-30,1.0,false,#009A94
156.961321,46.022917,Aldoc,0,true,4504,0.0,1,,1.0,true,#305A75
35.143564,106.766478,Gad1,42,false,4505,0.98782,3,CR9f3683203-27,1.0,false,#656500
29.222872,27.527052,Aldoc,10,false,4506,0.98531,2,CR9f3683203-5,1.0,false,#0060EF
142.708288,12.631429,Sox10,8,false,4507,0.99168,3,CR9f3683203-32,1.0,false,#003A81
105.360245,99.948103,Gad1,46,false,4508,0.42542,2,CR9f3683203-54,1.0,false,#B17F5B
87.349842,49.311421,Gad1,0,true,4509,0.99145,3,CR9f3683203-25,1.0,false,#004F00
39.023357,50.094595,Gad1,0,true,4510,0.0,2,,1.0,true,#005C8E
57.404584,27.37836,Gad1,0,true,4511,0.0,2,,1.0,true,#F77864
30.050772,27.668036,Aldoc,10,false,4512,0.99068,2,CR9f3683203-5,1.0,false,#9DB0D9
69.968803,128.174152,Gad1,52,false,4513,0.99144,2,CR9f3683203-45,1.0,false,#042118
143.495471,128.755765,Slc17a7,56,false,4514,0.99187,3,CR9f3683203-60,1.0,false,#D53174
47.685905,62.089015,Ttr,27,false,4515,0.89227,1,CR9f3683203-16,1.0,false,#484E34
91.625581,52.38816,Aldoc,21,false,4516,0.97547,3,CR9f3683203-25,1.0,false,#005F97
9.950464,68.238577,Gad1,25,false,4517,0.99184,2,CR9f3683203-8,1.0,false,#478C00
76.4109,82.681721,Pdgfra,0,true,4518,0.0,3,,0.92,true,#00C0D0
87.821727,12.382629,Ttr,5,false,4519,0.99104,3,CR9f3683203-11,1.0,false,#00BE5E
67.467056,68.146827,Gad1,28,false,4520,0.98898,2,CR9f3683203-22,1.0,false,#FE0076
72.823093,144.094425,Aldoc,60,false,4521,0.99052,3,CR9f3683203-53,1.0,false,#0080DA
145.979084,32.326405,Gad1,16,false,4522,0.98627,2,CR9f3683203-39,1.0,false,#00BEFF
12.357361,143.503961,Pdgfra,57,false,4523,0.99138,1,CR9f3683203-36,1.0,false,#626A00
145.526846,130.512089,Gad1,56,false,4524,0.98789,3,CR9f3683203-60,1.0,false,#FB734D
67.372481,68.301126,Gad1,28,false,4525,0.98766,2,CR9f3683203-22,1.0,false,#FF0077
143.140556,87.110733,Pdgfra,40,false,4526,0.99119,2,CR9f3683203-55,1.0,false,#005C86
112.286775,10.699385,Pdgfra,6,false,4527,0.8913,3,CR9f3683203-18,1.0,false,#00462B
72.832525,50.503215,Slc17a7,20,false,4528,0.99068,3,CR9f3683203-19,1.0,false,#6D7700
15.02318,32.627058,Aldoc,9,false,4529,0.9899,1,CR9f3683203-3,1.0,false,#006191
103.906705,68.331031,Aldoc,30,false,4530,0.99122,3,CR9f3683203-41,1.0,false,#00968E
110.710902,13.264196,Pdgfra,6,false,4531,0.98823,3,CR9f3683203-18,1.0,false,#8F4685
131.305501,14.376388,Pdgfra,7,false,4532,0.92592,2,CR9f3683203-24,1.0,false,#105300
10.136204,109.395515,Slc17a7,41,false,4533,0.98795,3,CR9f3683203-17,1.0,false,#8A006E
51.390522,126.408385,Gad1,51,false,4534,0.99067,1,CR9f3683203-37,1.0,false,#007CD8
31.910547,14.456602,Slc17a7,2,false,4535,0.98292,3,CR9f3683203-2,1.0,false,#DD9662
101.322806,13.251593,Aldoc,6,false,4536,0.96065,3,CR9f3683203-18,1.0,false,#006093
116.41731,117.579574,Gad1,0,true,4537,0.0,2,,1.0,true,#FA006A
32.966696,49.63646,Aldoc,18,false,4538,0.99185,3,CR9f3683203-9,1.0,false,#9B7A66
88.313703,108.472622,Aldoc,45,false,4539,0.99173,3,CR9f3683203-47,1.0,false,#D585F0
85.184297,108.725114,Aldoc,45,false,4540,0.98575,1,CR9f3683203-47,1.0,false,#723E2E
41.952357,5.762856,Aldoc,0,true,4541,0.0,1,,1.0,true,#BF7E9E
106.269519,44.516959,Gad1,22,false,4542,0.46276,2,CR9f3683203-33,1.0,false,#93AFD7
70.426971,13.045601,Gad1,4,false,4543,0.99184,2,CR9f3683203-7,1.0,false,#0F2014
147.014824,70.488769,Slc17a7,32,false,4544,0.99136,3,CR9f3683203-51,1.0,false,#DC3889
7.621501,46.319122,Slc17a7,17,false,4545,0.9758,3,CR9f3683203-4,1.0,false,#F80066
49.863084,149.632457,Slc17a7,59,false,4546,0.99038,3,CR9f3683203-48,1.0,false,#0072FF
129.805278,72.337429,Gad1,0,true,4547,0.90267,2,CR9f3683203-49,1.0,false,#BA4B1F
29.526486,148.553808,Sox10,58,false,4548,0.98181,2,CR9f3683203-43,1.0,false,#035074
145.46265,50.792142,Sox10,24,false,4549,0.98994,3,CR9f3683203-46,1.0,false,#008DC9
69.85529,143.136066,Gad1,60,false,4550,0.99178,3,CR9f3683203-53,1.0,false,#00A2FF
31.396966,87.539008,Gad1,34,false,4551,0.98912,2,CR9f3683203-21,1.0,false,#002E9B
122.490174,84.94119,Aldoc,39,false,4552,0.98714,3,CR9f3683203-50,1.0,false,#008C7A
85.937875,30.750684,Gad1,13,false,4553,0.99126,2,CR9f3683203-20,1.0,false,#009365
11.195674,91.040877,Aldoc,33,false,4554,0.99187,1,CR9f3683203-14,1.0,false,#00A0FF
142.433717,29.404045,Gad1,16,false,4555,0.99148,2,CR9f3683203-39,1.0,false,#673E29
14.321625,146.997484,Aldoc,57,false,4556,0.99005,3,CR9f3683203-36,1.0,false,#C74A00
69.676168,141.986636,Aldoc,60,false,4557,0.99056,3,CR9f3683203-53,1.0,false,#00A1FF
71.198091,125.586731,Aldoc,52,false,4558,0.99106,2,CR9f3683203-45,1.0,false,#8BADD4
30.060172,109.103513,Sox10,42,false,4559,0.99185,3,CR9f3683203-27,1.0,false,#008F80
30.433401,87.906261,Gad1,34,false,4560,0.99076,2,CR9f3683203-21,1.0,false,#305876
145.180897,83.438782,Gad1,40,false,4561,0.99173,2,CR9f3683203-55,1.0,false,#361500
33.155989,70.890685,Pdgfra,26,false,4562,0.99157,3,CR9f3683203-13,1.0,false,#006CFF
30.654238,53.039883,Aldoc,18,false,4563,0.99183,3,CR9f3683203-9,1.0,false,#8BAFD8
123.510218,106.508652,Slc17a7,47,false,4564,0.99185,3,CR9f3683203-56,1.0,false,#3C8767
89.400308,68.480991,Pdgfra,29,false,4565,0.99069,3,CR9f3683203-35,1.0,false,#FD7355
92.245771,30.307489,Gad1,13,false,4566,0.98657,2,CR9f3683203-20,1.0,false,#00E6FF
87.156396,30.265812,Gad1,13,false,4567,0.99159,2,CR9f3683203-20,1.0,false,#660029
145.807455,106.570613,Aldoc,48,false,4568,0.99145,3,CR9f3683203-59,1.0,false,#5F8113
11.20838,10.727515,Gad1,1,false,4569,0.99087,2,CR9f3683203-1,1.0,false,#D74D00
27.253764,89.511245,Gad1,34,false,4570,0.98911,2,CR9f3683203-21,1.0,false,#5E810F
19.354136,3.218106,Aldoc,0,true,4571,0.0,1,,1.0,true,#005F97
122.987521,32.438874,Slc17a7,15,false,4572,0.99183,1,CR9f3683203-34,1.0,false,#EC9568
88.967043,87.089074,Gad1,37,false,4573,0.99173,2,CR9f3683203-42,1.0,false,#FF007C
104.252587,68.51888,Ttr,30,false,4574,0.99154,3,CR9f3683203-41,1.0,false,#009A98
73.298493,129.21019,Slc17a7,0,true,4575,0.84854,3,CR9f3683203-45,1.0,false,#FF0071
124.279122,123.384503,Gad1,55,false,4576,0.99185,2,CR9f3683203-58,1.0,false,#7A2B00
103.412534,52.62175,Gad1,22,false,4577,0.98852,2,CR9f3683203-33,1.0,false,#FC755B
46.612752,107.607553,Sox10,43,false,4578,0.99169,2,CR9f3683203-29,1.0,false,#9B7D6A
12.604714,147.353479,Pdgfra,57,false,4579,0.98997,3,CR9f3683203-36,1.0,false,#4BADFF
108.967867,108.989974,Slc17a7,46,false,4580,0.99145,2,CR9f3683203-54,1.0,false,#9EB2DE
73.200408,127.617699,Slc17a7,52,false,4581,0.84811,3,CR9f3683203-45,1.0,false,#FF0076
112.592502,108.218319,Gad1,46,false,4582,0.98608,2,CR9f3683203-54,1.0,false,#AE805F
31.637439,26.005893,Gad1,10,false,4583,0.99087,2,CR9f3683203-5,1.0,false,#00E6FF
32.402543,30.749839,Aldoc,10,false,4584,0.99183,2,CR9f3683203-5,1.0,false,#584A37
30.463208,69.818102,Slc17a7,26,false,4585,0.98968,3,CR9f3683203-13,1.0,false,#003487
73.735981,28.533889,Slc17a7,0,true,4586,0.30521,3,CR9f3683203-12,1.0,false,#008E77
108.333986,60.765058,Pdgfra,30,false,4587,0.0,3,,0.7,true,#A27B62
45.53196,104.451833,Ttr,43,false,4588,0.97526,2,CR9f3683203-29,1.0,false,#6C3B27
111.685314,46.490684,Aldoc,22,false,4589,0.71661,1,CR9f3683203-33,1.0,false,#656500
106.505961,102.78614,Sox10,46,false,4590,0.99098,2,CR9f3683203-54,1.0,false,#59462E
147.775163,69.779044,Pdgfra,32,false,4591,0.99187,3,CR9f3683203-51,1.0,false,#005000
91.871437,91.424465,Gad1,37,false,4592,0.9917,2,CR9f3683203-42,1.0,false,#00E4FF
125.599418,128.165336,Aldoc,55,false,4593,0.99157,2,CR9f3683203-58,1.0,false,#A77F63
140.636777,79.732547,Sox10,0,true,4594,0.00074,1,CR9f3683203-55,0.92,false,#FD0073
70.170701,89.794515,Aldoc,36,false,4595,0.99104,3,CR9f3683203-30,1.0,false,#0089C9
3.130321,48.679162,Gad1,0,true,4596,0.00076,2,CR9f3683203-4,0.96,false,#5A8CF4
89.8521,65.92357,Slc17a7,29,false,4597,0.99149,3,CR9f3683203-35,1.0,false,#D23071
35.060937,75.573068,Slc17a7,26,false,4598,0.53198,3,CR9f3683203-13,1.0,false,#00C5D5
86.289408,126.898455,Pdgfra,53,false,4599,0.99072,3,CR9f3683203-52,1.0,false,#5E8CFC
106.438677,90.308409,Sox10,0,true,4600,0.99095,3,CR9f3683203-44,1.0,false,#00988F
86.336237,105.913906,Ttr,45,false,4601,0.99187,3,CR9f3683203-47,1.0,false,#006094
148.622741,127.529804,Slc17a7,56,false,4602,0.99134,3,CR9f3683203-60,1.0,false,#005C7E
30.798991,129.859862,Slc17a7,50,false,4603,0.99177,3,CR9f3683203-31,1.0,false,#D33072
65.539565,104.478371,Slc17a7,44,false,4604,0.98183,3,CR9f3683203-40,1.0,false,#8B0070
127.965229,106.83914,Pdgfra,47,false,4605,0.99036,3,CR9f3683203-56,1.0,false,#00BDCE
103.843862,49.318203,Aldoc,22,false,4606,0.9902,2,CR9f3683203-33,1.0,false,#0C5100
145.60137,124.333065,Slc17a7,56,false,4607,0.99178,3,CR9f3683203-60,1.0,false,#FE745D
11.300903,101.689206,Sox10,41,false,4608,0.99158,3,CR9f3683203-17,1.0,false,#00C2FF
77.485987,116.589952,Ttr,0,true,4609,0.0,1,,1.0,true,#008E78
85.456866,51.950128,Aldoc,21,false,4610,0.99065,1,CR9f3683203-25,1.0,false,#245271
28.140113,87.194821,Gad1,34,false,4611,0.99186,2,CR9f3683203-21,1.0,false,#5B91EE
29.630532,44.91865,Slc17a7,18,false,4612,0.11379,3,CR9f3683203-9,1.0,false,#74E3FF
66.372181,128.099038,Gad1,52,false,4613,0.99187,2,CR9f3683203-45,1.0,false,#00462C
50.3386,65.852946,Sox10,27,false,4614,0.99063,1,CR9f3683203-16,1.0,false,#1A5070
124.183847,71.843852,Aldoc,31,false,4615,0.99185,2,CR9f3683203-49,1.0,false,#5A4B31
121.899529,14.974018,Gad1,7,false,4616,0.96909,2,CR9f3683203-24,1.0,false,#CB4A00
121.37804,35.574287,Slc17a7,15,false,4617,0.97185,3,CR9f3683203-34,1.0,false,#00A2FF
94.40175,109.590179,Gad1,45,false,4618,0.79436,2,CR9f3683203-47,1.0,false,#564931
126.572989,34.934471,Pdgfra,15,false,4619,0.99145,1,CR9f3683203-34,1.0,false,#773B2E
73.220362,31.962541,Aldoc,12,false,4620,0.98352,1,CR9f3683203-12,1.0,false,#B44C20
51.705144,83.790292,Slc17a7,35,false,4621,0.99094,3,CR9f3683203-23,1.0,false,#00C0D2
52.113948,7.544646,Pdgfra,3,false,4622,0.98849,3,CR9f3683203-6,1.0,false,#D17FE6
144.217186,9.960164,Slc17a7,8,false,4623,0.99177,3,CR9f3683203-32,1.0,false,#00472B
141.206476,105.240234,Ttr,0,true,4624,0.98482,3,CR9f3683203-59,1.0,false,#008D79
142.947322,33.152757,Sox10,16,false,4625,0.99182,2,CR9f3683203-39,1.0,false,#2B2083
107.611518,50.131622,Gad1,22,false,4626,0.99187,2,CR9f3683203-33,1.0,false,#CD00B4
88.327281,67.682633,Slc17a7,29,false,4627,0.99069,3,CR9f3683203-35,1.0,false,#00C1CF
144.717058,13.605381,Pdgfra,8,false,4628,0.9912,3,CR9f3683203-32,1.0,false,#00B658
69.812294,141.166507,Pdgfra,60,false,4629,0.98412,3,CR9f3683203-53,1.0,false,#00A1FF
112.282768,24.074122,Gad1,0,true,4630,3.0e-5,2,,0.64,true,#00946B
105.716183,127.681563,Slc17a7,54,false,4631,0.99106,3,CR9f3683203-57,1.0,false,#00A1FF
150.842301,101.773069,Aldoc,48,false,4632,0.01032,1,CR9f3683203-59,1.0,false,#904482
10.586813,45.798766,Pdgfra,17,false,4633,0.9917,3,CR9f3683203-4,1.0,false,#69820B
94.587176,49.958741,Aldoc,21,false,4634,0.14381,1,CR9f3683203-25,1.0,false,#005F96
12.34481,126.516135,Gad1,49,false,4635,0.99109,2,CR9f3683203-28,1.0,false,#00462C
106.961057,29.298254,Pdgfra,14,false,4636,0.99106,3,CR9f3683203-26,1.0,false,#F0D0B5
88.582311,121.512782,Aldoc,53,false,4637,0.98935,3,CR9f3683203-52,1.0,false,#DD9560
124.307357,29.846055,Sox10,15,false,4638,0.99166,1,CR9f3683203-34,1.0,false,#2DAFFF
122.382514,68.332074,Slc17a7,31,false,4639,0.98494,2,CR9f3683203-49,1.0,false,#8FAFD7
44.5834,100.963713,Pdgfra,43,false,4640,0.46033,2,CR9f3683203-29,1.0,false,#004B00
31.849355,86.030766,Gad1,34,false,4641,0.99161,2,CR9f3683203-21,1.0,false,#00B84D
122.417142,46.0699,Aldoc,23,false,4642,0.9878,3,CR9f3683203-38,1.0,false,#657D05
112.393088,13.047564,Pdgfra,6,false,4643,0.79294,3,CR9f3683203-18,1.0,false,#D23179
145.204262,9.488381,Slc17a7,8,false,4644,0.9918,3,CR9f3683203-32,1.0,false,#944783
145.435669,51.688733,Aldoc,24,false,4645,0.98993,3,CR9f3683203-46,1.0,false,#008FC9
2.923574,57.673418,Aldoc,0,true,4646,0.0,1,,1.0,true,#00452A
123.389896,125.482972,Gad1,55,false,4647,0.99137,2,CR9f3683203-58,1.0,false,#B24C1F
52.37895,27.774254,Slc17a7,11,false,4648,0.97787,3,CR9f3683203-10,1.0,false,#007D1B
68.027483,31.39056,Aldoc,12,false,4649,0.99124,1,CR9f3683203-12,1.0,false,#00C6D9
29.667643,142.487035,Sox10,58,false,4650,0.98766,2,CR9f3683203-43,1.0,false,#640028
54.340316,60.173405,Gad1,0,true,4651,4.0e-5,2,,0.54,true,#5E810F
12.695451,106.512179,Slc17a7,41,false,4652,0.99162,3,CR9f3683203-17,1.0,false,#D33072
29.226794,68.831206,Slc17a7,26,false,4653,0.99174,3,CR9f3683203-13,1.0,false,#00A1FF
13.70387,125.582234,Ttr,49,false,4654,0.98759,2,CR9f3683203-28,1.0,false,#00B449
68.555549,145.102059,Slc17a7,60,false,4655,0.99177,3,CR9f3683203-53,1.0,false,#FF0071
67.545413,127.603339,Slc17a7,52,false,4656,0.99177,2,CR9f3683203-45,1.0,false,#008D62
147.176637,68.743442,Sox10,32,false,4657,0.99154,3,CR9f3683203-51,1.0,false,#C50000
30.015151,109.492662,Aldoc,42,false,4658,0.99165,3,CR9f3683203-27,1.0,false,#CF85F0
13.784492,114.432893,Sox10,0,true,4659,0.0,1,,1.0,true,#BC7D9C
27.508173,13.781423,Slc17a7,2,false,4660,0.98872,3,CR9f3683203-2,1.0,false,#00BD5C
69.568021,131.722683,Slc17a7,52,false,4661,0.97917,2,CR9f3683203-45,0.98,false,#00C3FF
76.173296,91.604776,Pdgfra,36,false,4662,0.00015,3,CR9f3683203-30,0.94,false,#004800
11.15546,7.32664,Gad1,1,false,4663,0.97461,2,CR9f3683203-1,1.0,false,#CE00B3
106.935926,112.825271,Gad1,46,false,4664,0.00633,2,CR9f3683203-54,1.0,false,#0071FF
66.442037,89.626757,Aldoc,36,false,4665,0.99171,3,CR9f3683203-30,1.0,false,#DD9B77
63.126901,138.457929,Ttr,0,true,4666,8.0e-5,1,CR9f3683203-53,0.58,false,#361800
103.471508,86.684074,Ttr,38,false,4667,0.99151,3,CR9f3683203-44,1.0,false,#EAC8A2
9.903363,44.923887,Slc17a7,17,false,4668,0.98455,3,CR9f3683203-4,1.0,false,#00BFCE
67.857348,122.088403,Gad1,52,false,4669,0.98146,2,CR9f3683203-45,1.0,false,#0071FF
88.865387,48.739931,Sox10,21,false,4670,0.99147,1,CR9f3683203-25,1.0,false,#174F70
121.925992,131.490761,Ttr,55,false,4671,0.22722,2,CR9f3683203-58,1.0,false,#155000
124.878308,51.214415,Aldoc,23,false,4672,0.99102,3,CR9f3683203-38,1.0,false,#009A97
51.204717,88.336603,Slc17a7,35,false,4673,0.98847,3,CR9f3683203-23,1.0,false,#97417C
70.809385,32.856637,Ttr,12,false,4674,0.99153,1,CR9f3683203-12,1.0,false,#5A4937
88.374994,50.130787,Aldoc,21,false,4675,0.98979,3,CR9f3683203-25,1.0,false,#6A4431
46.049051,34.073316,Slc17a7,11,false,4676,0.9094,3,CR9f3683203-10,1.0,false,#00BB5A
99.134841,120.863275,Pdgfra,0,true,4677,0.0,1,,1.0,true,#005F97
33.975856,33.294534,Gad1,10,false,4678,0.99098,2,CR9f3683203-5,1.0,false,#082015
24.839545,128.289935,Pdgfra,50,false,4679,0.02078,3,CR9f3683203-31,1.0,false,#FE745B
124.716672,91.800039,Slc17a7,39,false,4680,0.98962,3,CR9f3683203-50,1.0,false,#005C7A
100.540303,24.860258,Slc17a7,0,true,4681,0.0,3,,0.94,true,#EFD163
102.397261,129.538719,Slc17a7,54,false,4682,0.94911,3,CR9f3683203-57,1.0,false,#8F4887
29.62563,129.713978,Slc17a7,50,false,4683,0.99183,3,CR9f3683203-31,1.0,false,#98447D
70.519484,139.352684,Gad1,60,false,4684,0.88549,2,CR9f3683203-53,0.94,false,#00A1FF
143.485761,84.173155,Pdgfra,40,false,4685,0.99173,2,CR9f3683203-55,1.0,false,#CB00B4
8.830659,69.045368,Gad1,25,false,4686,0.99178,2,CR9f3683203-8,1.0,false,#418F00
123.581432,33.761155,Ttr,15,false,4687,0.99142,1,CR9f3683203-34,1.0,false,#2B5672
8.321544,146.465891,Aldoc,57,false,4688,0.82482,1,CR9f3683203-36,1.0,false,#CF80E8
123.055661,12.824636,Gad1,7,false,4689,0.99174,2,CR9f3683203-24,1.0,false,#7A2B00
14.729887,14.132792,Gad1,1,false,4690,0.99049,2,CR9f3683203-1,1.0,false,#8FAED7
91.280129,106.386857,Aldoc,45,false,4691,0.99186,3,CR9f3683203-47,1.0,false,#628313
27.810001,54.167633,Slc17a7,18,false,4692,0.98666,3,CR9f3683203-9,1.0,false,#627400
142.485072,50.877893,Sox10,24,false,4693,0.98867,3,CR9f3683203-46,1.0,false,#DF9A74
34.750869,15.379039,Sox10,2,false,4694,0.65784,3,CR9f3683203-2,1.0,false,#E29970
64.09213,103.56299,Slc17a7,44,false,4695,0.71834,3,CR9f3683203-40,1.0,false,#8B006F
62.250214,73.635675,Pdgfra,0,true,4696,0.01473,1,CR9f3683203-22,1.0,false,#00A1FF
47.935879,14.353701,Aldoc,3,false,4697,0.96848,1,CR9f3683203-6,1.0,false,#AE4C22
120.822275,52.617474,Slc17a7,23,false,4698,0.91196,3,CR9f3683203-38,1.0,false,#00C5FF
17.320713,11.708312,Gad1,1,false,4699,0.8496,2,CR9f3683203-1,1.0,false,#F2D066
12.412067,106.722461,Pdgfra,41,false,4700,0.991,3,CR9f3683203-17,1.0,false,#F1D1B9
88.679658,47.741025,Aldoc,21,false,4701,0.99169,1,CR9f3683203-25,1.0,false,#361800
122.792245,120.308859,Gad1,55,false,4702,0.65108,2,CR9f3683203-58,1.0,false,#8FADD6
104.275762,51.571102,Gad1,22,false,4703,0.99187,2,CR9f3683203-33,1.0,false,#0071FF
65.332157,14.625895,Ttr,4,false,4704,0.9877,2,CR9f3683203-7,1.0,false,#96AFD8
152.436553,62.58745,Sox10,0,true,4705,0.0,1,,1.0,true,#CC0000
134.587873,127.641639,Ttr,0,true,4706,0.0,3,,1.0,true,#2C5775
72.766904,108.096032,Slc17a7,44,false,4707,0.97156,3,CR9f3683203-40,1.0,false,#00BFCE
94.447648,145.684054,Aldoc,0,true,4708,0.0,1,,1.0,true,#004228
67.01781,31.616932,Aldoc,12,false,4709,0.99172,1,CR9f3683203-12,1.0,false,#00B9FC
108.742701,74.091145,Sox10,30,false,4710,0.61459,1,CR9f3683203-41,1.0,false,#5D7400
50.939105,85.441034,Aldoc,35,false,4711,0.99178,3,CR9f3683203-23,1.0,false,#697300
90.088206,29.184726,Slc17a7,0,true,4712,0.99173,2,CR9f3683203-20,1.0,false,#5C84F9
10.599148,144.232703,Ttr,57,false,4713,0.99064,1,CR9f3683203-36,1.0,false,#054B6F
90.355973,85.525192,Gad1,37,false,4714,0.99067,2,CR9f3683203-42,1.0,false,#F2D265
106.680691,85.477549,Slc17a7,38,false,4715,0.99186,3,CR9f3683203-44,1.0,false,#003487
32.744493,68.400248,Pdgfra,26,false,4716,0.99113,3,CR9f3683203-13,1.0,false,#8A006D
66.567497,89.264609,Ttr,36,false,4717,0.99174,3,CR9f3683203-30,1.0,false,#DE9B76
128.491657,58.550273,Ttr,0,true,4718,0.0,2,,1.0,true,#00A1FF
70.255932,125.220779,Gad1,52,false,4719,0.991,2,CR9f3683203-45,1.0,false,#00452A
31.813145,105.859635,Aldoc,42,false,4720,0.99025,3,CR9f3683203-27,1.0,false,#657200
88.958364,49.901034,Ttr,21,false,4721,0.98982,3,CR9f3683203-25,1.0,false,#006190
120.90199,155.465185,Slc17a7,0,true,4722,0.0,3,,1.0,true,#005F7F
142.199729,106.385756,Aldoc,48,false,4723,0.99181,3,CR9f3683203-59,1.0,false,#009A97
65.850417,29.618499,Aldoc,12,false,4724,0.9914,1,CR9f3683203-12,1.0,false,#67432D
144.584035,125.817146,Aldoc,0,true,4725,0.99187,3,CR9f3683203-60,1.0,false,#69E3FF
14.720675,29.492951,Sox10,9,false,4726,0.99165,3,CR9f3683203-3,1.0,false,#686A00
51.847964,145.911039,Sox10,59,false,4727,0.99187,3,CR9f3683203-48,1.0,false,#003A82
28.400153,54.339517,Aldoc,18,false,4728,0.99092,3,CR9f3683203-9,1.0,false,#617B02
46.263249,98.989604,Gad1,0,true,4729,0.0178,2,CR9f3683203-29,1.0,false,#D04B00
106.963426,105.097251,Pdgfra,46,false,4730,0.991,2,CR9f3683203-54,1.0,false,#5A452B
121.398752,50.338009,Slc17a7,23,false,4731,0.98894,3,CR9f3683203-38,1.0,false,#00C5FF
110.038812,53.885084,Ttr,22,false,4732,0.98623,2,CR9f3683203-33,1.0,false,#2C5775
146.987125,31.40244,Gad1,16,false,4733,0.99088,2,CR9f3683203-39,1.0,false,#9EB1DC
70.258485,12.09556,Gad1,4,false,4734,0.99159,2,CR9f3683203-7,1.0,false,#0C1F14
29.069141,85.988852,Gad1,34,false,4735,0.9914,2,CR9f3683203-21,1.0,false,#00E6FF
14.549861,30.490348,Slc17a7,9,false,4736,0.99179,3,CR9f3683203-3,1.0,false,#637D04
10.235557,50.987175,Slc17a7,17,false,4737,0.99162,3,CR9f3683203-4,1.0,false,#00BE5E
67.90499,70.570721,Gad1,28,false,4738,0.99107,2,CR9f3683203-22,1.0,false,#FB006F
89.308111,29.843514,Pdgfra,13,false,4739,0.99182,2,CR9f3683203-20,1.0,false,#5C85F8
69.459412,19.404843,Gad1,4,false,4740,0.05032,2,CR9f3683203-7,1.0,false,#5B92EE
69.302886,104.860184,Pdgfra,44,false,4741,0.99141,3,CR9f3683203-40,1.0,false,#FD7254
49.519958,141.931854,Slc17a7,59,false,4742,0.98686,3,CR9f3683203-48,1.0,false,#F90066
68.391624,136.702572,Aldoc,60,false,4743,0.0003,1,CR9f3683203-53,0.86,false,#004800
65.753847,147.005707,Aldoc,60,false,4744,0.99187,3,CR9f3683203-53,1.0,false,#B97D99
15.428086,126.555871,Gad1,49,false,4745,0.99175,2,CR9f3683203-28,1.0,false,#CB4A00
140.982211,70.110052,Gad1,32,false,4746,0.9901,3,CR9f3683203-51,1.0,false,#00BA59
73.12346,145.293945,Aldoc,60,false,4747,0.98982,3,CR9f3683203-53,1.0,false,#FF007D
145.69413,101.769231,Aldoc,48,false,4748,0.99028,1,CR9f3683203-59,1.0,false,#DA4D00
123.654725,14.063263,Gad1,7,false,4749,0.99187,2,CR9f3683203-24,1.0,false,#CA4A00
49.499261,147.261167,Sox10,59,false,4750,0.99187,3,CR9f3683203-48,1.0,false,#00C2D1
109.104956,90.762762,Slc17a7,38,false,4751,0.98416,3,CR9f3683203-44,1.0,false,#FA0067
149.070638,8.952745,Sox10,8,false,4752,0.94324,3,CR9f3683203-32,1.0,false,#FD7665
88.526036,29.411338,Gad1,13,false,4753,0.9918,2,CR9f3683203-20,1.0,false,#5B8FF1
76.331986,25.036914,Aldoc,0,true,4754,0.0,1,,1.0,true,#4D8E6B
86.615987,84.756824,Ttr,37,false,4755,0.97934,2,CR9f3683203-42,1.0,false,#00A2FF
146.023522,101.743922,Gad1,48,false,4756,0.98915,1,CR9f3683203-59,0.98,false,#DB4D00
17.265214,154.319791,Pdgfra,0,true,4757,0.0,1,,1.0,true,#49ADFF
68.057421,30.191223,Aldoc,12,false,4758,0.99112,1,CR9f3683203-12,1.0,false,#B64B20
123.508701,120.538967,Aldoc,0,true,4759,0.9254,1,CR9f3683203-58,1.0,false,#8BACD4
53.625965,10.109734,Ttr,3,false,4760,0.99047,3,CR9f3683203-6,1.0,false,#CF86F2
12.918829,33.641081,Aldoc,9,false,4761,0.99185,1,CR9f3683203-3,1.0,false,#004E00
85.445724,85.378256,Gad1,37,false,4762,0.98617,2,CR9f3683203-42,1.0,false,#005C79
143.557971,29.552394,Pdgfra,16,false,4763,0.99143,2,CR9f3683203-39,1.0,false,#105200
10.57259,12.627059,Gad1,1,false,4764,0.99184,2,CR9f3683203-1,1.0,false,#315876
15.819339,84.548646,Pdgfra,33,false,4765,0.93419,1,CR9f3683203-14,1.0,false,#0090CB
49.282029,123.606804,Aldoc,51,false,4766,0.99081,3,CR9f3683203-37,1.0,false,#00A1FF
143.721304,81.645103,Sox10,0,true,4767,0.91862,2,CR9f3683203-55,1.0,false,#5E7F0F
28.240669,54.122272,Aldoc,18,false,4768,0.98918,3,CR9f3683203-9,1.0,false,#637300
28.135579,106.484794,Aldoc,42,false,4769,0.97462,3,CR9f3683203-27,1.0,false,#008D76
66.314434,107.324471,Gad1,44,false,4770,0.99168,3,CR9f3683203-40,1.0,false,#FF007A
67.676037,145.579679,Aldoc,60,false,4771,0.99022,3,CR9f3683203-53,1.0,false,#FF007D
32.484741,107.470085,Pdgfra,42,false,4772,0.99166,3,CR9f3683203-27,1.0,false,#494E33
133.785693,24.93463,Pdgfra,0,true,4773,0.0,1,,1.0,true,#005F97
123.858041,85.753499,Sox10,39,false,4774,0.99186,3,CR9f3683203-50,1.0,false,#5E7400
20.812683,11.699848,Aldoc,0,true,4775,0.00581,1,CR9f3683203-2,0.5,false,#85A7CA
106.336934,87.98285,Slc17a7,38,false,4776,0.98949,3,CR9f3683203-44,1.0,false,#00452A
49.634917,108.457998,Gad1,43,false,4777,0.99186,2,CR9f3683203-29,1.0,false,#00BEFF
107.822485,30.193901,Slc17a7,14,false,4778,0.9908,3,CR9f3683203-26,1.0,false,#F1D1B9
102.98341,29.738159,Slc17a7,14,false,4779,0.96733,3,CR9f3683203-26,1.0,false,#006DFE
126.974412,10.986298,Sox10,7,false,4780,0.99187,2,CR9f3683203-24,1.0,false,#AD4C22
108.18324,87.312183,Aldoc,38,false,4781,0.98988,3,CR9f3683203-44,1.0,false,#00976E
33.169121,29.110419,Gad1,10,false,4782,0.99156,2,CR9f3683203-5,1.0,false,#0B1F14
83.13459,127.885227,Slc17a7,53,false,4783,0.90015,3,CR9f3683203-52,1.0,false,#5B95F9
97.638975,56.153909,Ttr,0,true,4784,0.0,2,,1.0,true,#00A1FF
30.505791,6.833903,Slc17a7,2,false,4785,0.95928,3,CR9f3683203-2,1.0,false,#DC9255
50.170214,52.175942,Gad1,19,false,4786,0.99157,2,CR9f3683203-15,1.0,false,#004C00
104.999572,85.580309,Slc17a7,38,false,4787,0.99158,3,CR9f3683203-44,1.0,false,#FFA3FF
12.008041,125.567874,Gad1,49,false,4788,0.99173,2,CR9f3683203-28,1.0,false,#723928
90.608121,67.633351,Sox10,29,false,4789,0.99136,3,CR9f3683203-35,1.0,false,#432082
9.19163,107.264317,Slc17a7,41,false,4790,0.9918,3,CR9f3683203-17,1.0,false,#442082
54.808092,89.143274,Slc17a7,35,false,4791,0.98996,3,CR9f3683203-23,1.0,false,#D23071
142.757206,105.904425,Slc17a7,48,false,4792,0.99183,3,CR9f3683203-59,1.0,false,#009A96
146.189461,26.050798,Gad1,16,false,4793,0.54653,2,CR9f3683203-39,1.0,false,#331700
145.149608,85.48358,Ttr,40,false,4794,0.99125,2,CR9f3683203-55,1.0,false,#2F5876
86.109121,10.779886,Pdgfra,5,false,4795,0.99173,3,CR9f3683203-11,1.0,false,#DC398D
84.159622,48.603284,Sox10,21,false,4796,0.9833,3,CR9f3683203-25,1.0,false,#607E0C
27.616794,70.720163,Gad1,26,false,4797,0.98566,2,CR9f3683203-13,1.0,false,#5B8EF2
29.340561,88.804248,Gad1,34,false,4798,0.9912,2,CR9f3683203-21,1.0,false,#997D6B
30.584588,75.676725,Sox10,0,true,4799,0.95254,3,CR9f3683203-13,1.0,false,#620028
146.580173,125.376991,Pdgfra,56,false,4800,0.9918,3,CR9f3683203-60,1.0,false,#F0CFB5
106.142206,104.826877,Ttr,46,false,4801,0.98906,2,CR9f3683203-54,1.0,false,#4C4C32
9.235843,85.808865,Aldoc,33,false,4802,0.98404,1,CR9f3683203-14,1.0,false,#003F4B
88.018977,91.623234,Slc17a7,37,false,4803,0.99169,2,CR9f3683203-42,1.0,false,#667F05
106.495413,69.034293,Sox10,30,false,4804,0.98899,3,CR9f3683203-41,1.0,false,#656D00
90.185616,68.029226,Slc17a7,29,false,4805,0.98952,3,CR9f3683203-35,1.0,false,#FD7564
88.050767,65.944692,Slc17a7,29,false,4806,0.99141,3,CR9f3683203-35,1.0,false,#DC3887
144.089819,99.773662,Aldoc,48,false,4807,0.86784,1,CR9f3683203-59,1.0,false,#00452A
129.039301,143.760587,Sox10,0,true,4808,0.0,1,,1.0,true,#FA006B
29.708776,108.965349,Aldoc,42,false,4809,0.99135,3,CR9f3683203-27,1.0,false,#00C6DB
141.37255,86.52165,Pdgfra,40,false,4810,0.99162,2,CR9f3683203-55,1.0,false,#FA734E
111.669809,104.303818,Gad1,46,false,4811,0.98296,2,CR9f3683203-54,1.0,false,#FD0074
107.719899,13.07578,Aldoc,6,false,4812,0.99186,3,CR9f3683203-18,1.0,false,#B17F5A
111.329707,35.707665,Slc17a7,14,false,4813,0.95022,3,CR9f3683203-26,1.0,false,#9F53FE
147.012251,49.984383,Aldoc,24,false,4814,0.99017,3,CR9f3683203-46,1.0,false,#28AFFF
107.550134,126.53838,Aldoc,54,false,4815,0.99137,3,CR9f3683203-57,1.0,false,#2C5772
13.174747,43.505754,Slc17a7,17,false,4816,0.81337,3,CR9f3683203-4,0.98,false,#00C5FF
126.461122,19.14865,Gad1,7,false,4817,0.8033,2,CR9f3683203-24,1.0,false,#76392C
53.744961,45.491384,Aldoc,19,false,4818,0.88467,1,CR9f3683203-15,1.0,false,#00A1FF
27.220888,30.919084,Gad1,10,false,4819,0.97654,2,CR9f3683203-5,1.0,false,#00A1FF
90.446626,88.888314,Slc17a7,37,false,4820,0.99171,2,CR9f3683203-42,1.0,false,#EECD63
125.881116,11.481663,Gad1,7,false,4821,0.99187,2,CR9f3683203-24,1.0,false,#BB4B1E
11.635257,107.581211,Pdgfra,41,false,4822,0.99187,3,CR9f3683203-17,1.0,false,#9B54FE
78.481453,130.838553,Ttr,0,true,4823,0.0,3,,1.0,true,#6FE3FF
89.513245,108.444623,Aldoc,45,false,4824,0.99182,3,CR9f3683203-47,1.0,false,#914380
70.740999,141.548154,Slc17a7,60,false,4825,0.9909,3,CR9f3683203-53,1.0,false,#00A2FF
125.395256,90.20137,Aldoc,39,false,4826,0.99187,3,CR9f3683203-50,1.0,false,#00BDD2
50.428955,71.106902,Ttr,27,false,4827,0.99159,1,CR9f3683203-16,1.0,false,#0D5100
47.227656,13.139533,Aldoc,3,false,4828,0.98062,1,CR9f3683203-6,1.0,false,#68432E
27.258238,31.949792,Gad1,10,false,4829,0.94966,2,CR9f3683203-5,1.0,false,#00A1FF
51.47103,108.74666,Gad1,43,false,4830,0.99008,2,CR9f3683203-29,1.0,false,#3B5CDC
110.712498,28.873542,Aldoc,14,false,4831,0.98845,3,CR9f3683203-26,1.0,false,#86AFD8
110.050986,128.067363,Pdgfra,54,false,4832,0.96655,3,CR9f3683203-57,1.0,false,#977A68
104.866685,71.65407,Aldoc,30,false,4833,0.99134,3,CR9f3683203-41,1.0,false,#062017
146.642303,81.571935,Slc17a7,0,true,4834,0.96175,3,CR9f3683203-55,1.0,false,#FF0085
69.793276,46.634111,Slc17a7,20,false,4835,0.99021,3,CR9f3683203-19,1.0,false,#008F78
44.07726,125.40668,Pdgfra,51,false,4836,0.97948,3,CR9f3683203-37,1.0,false,#626F00
27.525819,13.744356,Pdgfra,2,false,4837,0.98913,3,CR9f3683203-2,1.0,false,#00BD5C
88.432058,87.878073,Sox10,37,false,4838,0.99141,2,CR9f3683203-42,1.0,false,#FF007C
46.208024,124.790106,Pdgfra,51,false,4839,0.99167,3,CR9f3683203-37,1.0,false,#646D00
14.260409,69.892022,Sox10,25,false,4840,0.99185,2,CR9f3683203-8,1.0,false,#5E432E
67.442334,71.447194,Gad1,28,false,4841,0.99026,2,CR9f3683203-22,1.0,false,#005D8F
46.370025,80.572761,Pdgfra,0,true,4842,0.0,3,,0.9,true,#00492D
32.786799,111.01155,Sox10,42,false,4843,0.98503,1,CR9f3683203-27,1.0,false,#BF7E9E
88.607878,69.939529,Slc17a7,29,false,4844,0.99181,3,CR9f3683203-35,1.0,false,#F87768
144.52199,12.323582,Ttr,8,false,4845,0.99175,3,CR9f3683203-32,1.0,false,#00B452
29.712789,50.065808,Ttr,18,false,4846,0.99177,3,CR9f3683203-9,1.0,false,#009285
107.490722,85.982175,Slc17a7,38,false,4847,0.99186,3,CR9f3683203-44,1.0,false,#79E057
65.698039,49.5107,Sox10,20,false,4848,0.98718,3,CR9f3683203-19,1.0,false,#FB7350
12.225857,92.290678,Aldoc,33,false,4849,0.9909,1,CR9f3683203-14,1.0,false,#00C4FF
106.39821,46.805626,Slc17a7,22,false,4850,0.98878,2,CR9f3683203-33,1.0,false,#84A8CB
121.054748,49.938059,Slc17a7,23,false,4851,0.98256,3,CR9f3683203-38,1.0,false,#00C4FF
126.529214,122.208195,Gad1,55,false,4852,0.99166,2,CR9f3683203-58,1.0,false,#6B3C28
7.146376,126.287521,Gad1,49,false,4853,0.93464,2,CR9f3683203-28,1.0,false,#FC0072
96.769948,149.926041,Slc17a7,0,true,4854,0.0,3,,1.0,true,#668513
108.898153,69.251982,Aldoc,30,false,4855,0.99185,3,CR9f3683203-41,1.0,false,#4C4D32
92.797314,90.187896,Gad1,37,false,4856,0.98786,2,CR9f3683203-42,1.0,false,#00E5FF
56.300205,105.532958,Aldoc,43,false,4857,0.03122,1,CR9f3683203-29,1.0,false,#B04C21
35.466149,28.870944,Gad1,10,false,4858,0.98856,2,CR9f3683203-5,1.0,false,#002E9A
66.086375,145.648428,Aldoc,60,false,4859,0.9916,3,CR9f3683203-53,1.0,false,#00BBFD
70.916833,31.338504,Sox10,12,false,4860,0.99177,1,CR9f3683203-12,1.0,false,#5B452B
107.448784,33.899281,Slc17a7,14,false,4861,0.99066,3,CR9f3683203-26,1.0,false,#00C0CF
102.466695,11.219202,Slc17a7,6,false,4862,0.98825,3,CR9f3683203-18,1.0,false,#005C78
8.943467,150.80838,Sox10,57,false,4863,0.10545,1,CR9f3683203-36,1.0,false,#00C5DB
34.673825,105.781059,Pdgfra,42,false,4864,0.99051,3,CR9f3683203-27,1.0,false,#484E32
30.945071,106.594879,Slc17a7,42,false,4865,0.99185,3,CR9f3683203-27,1.0,false,#00608C
47.766206,64.935575,Aldoc,27,false,4866,0.98379,1,CR9f3683203-16,1.0,false,#C74A00
35.508758,108.201879,Aldoc,42,false,4867,0.99099,3,CR9f3683203-27,1.0,false,#005F95
11.980886,87.525272,Slc17a7,33,false,4868,0.99162,1,CR9f3683203-14,1.0,false,#627900
129.479757,33.978269,Aldoc,15,false,4869,0.9766,1,CR9f3683203-34,1.0,false,#BB4B1E
85.351941,89.002843,Gad1,37,false,4870,0.98877,2,CR9f3683203-42,1.0,false,#00472D
127.12336,106.895617,Slc17a7,47,false,4871,0.98946,3,CR9f3683203-56,1.0,false,#C40000
145.21387,128.870383,Gad1,56,false,4872,0.99182,3,CR9f3683203-60,1.0,false,#005F91
32.46833,148.191144,Gad1,58,false,4873,0.99152,2,CR9f3683203-43,1.0,false,#00A2FF
35.426183,87.373693,Sox10,34,false,4874,0.98341,2,CR9f3683203-21,1.0,false,#696900
125.348326,12.100406,Gad1,7,false,4875,0.9918,2,CR9f3683203-24,1.0,false,#003487
70.880704,34.173656,Aldoc,12,false,4876,0.99173,1,CR9f3683203-12,1.0,false,#9DB0DA
87.673699,29.80103,Gad1,13,false,4877,0.99182,2,CR9f3683203-20,1.0,false,#650028
104.245488,30.317594,Pdgfra,14,false,4878,0.98534,3,CR9f3683203-26,1.0,false,#00B550
68.273353,145.346701,Ttr,60,false,4879,0.99187,3,CR9f3683203-53,1.0,false,#FF0073
140.939337,33.061859,Ttr,0,true,4880,0.94851,2,CR9f3683203-39,1.0,false,#2A2387
89.754587,86.643298,Gad1,37,false,4881,0.9918,2,CR9f3683203-42,1.0,false,#620025
47.951565,108.923206,Gad1,43,false,4882,0.99137,2,CR9f3683203-29,1.0,false,#B74B1F
33.496926,107.861136,Sox10,42,false,4883,0.99186,3,CR9f3683203-27,1.0,false,#514C32
12.94231,81.521186,Aldoc,33,false,4884,0.19311,1,CR9f3683203-14,1.0,false,#008C7A
13.25139,107.191568,Slc17a7,41,false,4885,0.99051,3,CR9f3683203-17,1.0,false,#DA357C
148.735771,129.572803,Slc17a7,56,false,4886,0.99096,3,CR9f3683203-60,1.0,false,#CC0000
47.761453,17.053651,Sox10,3,false,4887,0.41422,1,CR9f3683203-6,1.0,false,#B24C21
124.554998,64.74334,Sox10,0,true,4888,0.72288,2,CR9f3683203-49,1.0,false,#2F5776
49.148195,141.68114,Aldoc,59,false,4889,0.98017,3,CR9f3683203-48,1.0,false,#DD9357
106.938269,68.982458,Pdgfra,30,false,4890,0.98946,3,CR9f3683203-41,1.0,false,#666300
87.75978,49.625717,Aldoc,21,false,4891,0.99121,3,CR9f3683203-25,1.0,false,#6F3F2C
51.776299,31.499217,Slc17a7,11,false,4892,0.99156,3,CR9f3683203-10,1.0,false,#00956D
83.947932,106.97699,Gad1,45,false,4893,0.98229,2,CR9f3683203-47,1.0,false,#00A1FF
49.729187,23.571811,Slc17a7,0,true,4894,0.00242,3,CR9f3683203-10,1.0,false,#007D1B
31.12375,107.566694,Ttr,42,false,4895,0.99187,3,CR9f3683203-27,1.0,false,#00998B
106.59416,10.260143,Aldoc,6,false,4896,0.99151,3,CR9f3683203-18,1.0,false,#D3327C
17.538006,90.758403,Aldoc,33,false,4897,0.79021,1,CR9f3683203-14,1.0,false,#0081FF
141.026713,124.9912,Aldoc,56,false,4898,0.89129,3,CR9f3683203-60,1.0,false,#657B00
82.751778,87.927977,Sox10,37,false,4899,0.18723,1,CR9f3683203-42,0.94,false,#5A8CF4
126.448137,107.42656,Slc17a7,47,false,4900,0.9894,3,CR9f3683203-56,1.0,false,#00A2FF
110.903232,65.517339,Aldoc,30,false,4901,0.82802,1,CR9f3683203-41,1.0,false,#2AAFFF
126.546328,69.173122,Aldoc,31,false,4902,0.99162,2,CR9f3683203-49,1.0,false,#0E5100
13.926478,107.430325,Aldoc,41,false,4903,0.99107,3,CR9f3683203-17,1.0,false,#68E3FF
154.569451,114.815509,Gad1,0,true,4904,0.0,2,,1.0,true,#5F8515
50.767618,64.752946,Aldoc,27,false,4905,0.99169,1,CR9f3683203-16,1.0,false,#78392D
86.98913,33.049273,Pdgfra,13,false,4906,0.99178,2,CR9f3683203-20,1.0,false,#667F03
112.097639,154.16333,Pdgfra,0,true,4907,0.0,3,,1.0,true,#618616
26.934947,124.952537,Slc17a7,50,false,4908,0.79695,3,CR9f3683203-31,1.0,false,#5C95FC
112.481362,105.804955,Ttr,46,false,4909,0.9887,2,CR9f3683203-54,1.0,false,#FF0078
32.500277,28.336614,Gad1,10,false,4910,0.99187,2,CR9f3683203-5,1.0,false,#9EB0DA
55.164649,86.706251,Slc17a7,35,false,4911,0.98605,3,CR9f3683203-23,1.0,false,#DC9357
9.246587,44.664662,Aldoc,17,false,4912,0.98777,3,CR9f3683203-4,1.0,false,#678512
107.20558,128.510666,Aldoc,54,false,4913,0.99186,3,CR9f3683203-57,1.0,false,#D388F5
124.894222,86.817041,Pdgfra,39,false,4914,0.99072,3,CR9f3683203-50,1.0,false,#636B00
138.847787,90.756257,Gad1,0,true,4915,0.91157,2,CR9f3683203-55,1.0,false,#005D41
102.933345,70.760324,Pdgfra,0,true,4916,0.99039,3,CR9f3683203-41,1.0,false,#00A2FF
104.953251,85.816271,Ttr,38,false,4917,0.99186,3,CR9f3683203-44,1.0,false,#FFA3FF
124.271694,89.424136,Sox10,39,false,4918,0.99172,3,CR9f3683203-50,1.0,false,#676500
51.598961,51.804012,Pdgfra,19,false,4919,0.99162,2,CR9f3683203-15,1.0,false,#6C3A26
126.580241,33.662772,Aldoc,15,false,4920,0.99169,1,CR9f3683203-34,1.0,false,#584C31
111.788184,105.801168,Aldoc,46,false,4921,0.99007,2,CR9f3683203-54,1.0,false,#FC006F
16.215623,27.764763,Slc17a7,9,false,4922,0.97419,3,CR9f3683203-3,1.0,false,#0091CD
105.92613,103.642475,Pdgfra,46,false,4923,0.99093,2,CR9f3683203-54,1.0,false,#005D83
112.786954,107.307412,Gad1,46,false,4924,0.98886,2,CR9f3683203-54,1.0,false,#6E3A27
65.794841,32.942304,Sox10,0,true,4925,0.99187,1,CR9f3683203-12,1.0,false,#5D7400
31.739936,91.715431,Slc17a7,34,false,4926,0.98916,2,CR9f3683203-21,1.0,false,#00B449
114.297011,83.273632,Pdgfra,0,true,4927,0.0,3,,0.88,true,#FD7561
11.163892,70.395582,Gad1,25,false,4928,0.99088,2,CR9f3683203-8,1.0,false,#FF0079
143.928296,52.760113,Aldoc,24,false,4929,0.99156,3,CR9f3683203-46,1.0,false,#D73686
142.474481,52.207768,Aldoc,24,false,4930,0.99019,3,CR9f3683203-46,1.0,false,#005F97
67.834543,15.169235,Gad1,4,false,4931,0.99145,2,CR9f3683203-7,1.0,false,#1E288F
51.773301,128.659588,Slc17a7,51,false,4932,0.97555,3,CR9f3683203-37,1.0,false,#00946D
0.565583,55.705875,Gad1,0,true,4933,0.0,2,,1.0,true,#005F97
72.142116,11.839247,Gad1,4,false,4934,0.9878,2,CR9f3683203-7,1.0,false,#009467
146.2819,127.162555,Slc17a7,56,false,4935,0.99181,3,CR9f3683203-60,1.0,false,#5E93FD
149.353533,90.723869,Gad1,40,false,4936,0.00452,2,CR9f3683203-55,1.0,false,#9EB1DD
67.144243,11.849264,Gad1,4,false,4937,0.98832,2,CR9f3683203-7,1.0,false,#FA734C
45.292197,143.7647,Slc17a7,59,false,4938,0.90744,3,CR9f3683203-48,1.0,false,#007E22
89.08117,67.693074,Slc17a7,29,false,4939,0.98902,3,CR9f3683203-35,1.0,false,#00988A
83.770199,10.710894,Slc17a7,0,true,4940,0.98426,3,CR9f3683203-11,1.0,false,#09BE5B
105.108823,104.230195,Slc17a7,46,false,4941,0.99167,2,CR9f3683203-54,1.0,false,#00A2FF
31.561108,86.905731,Slc17a7,34,false,4942,0.99066,2,CR9f3683203-21,1.0,false,#EFCD64
111.706327,30.53551,Ttr,14,false,4943,0.99177,3,CR9f3683203-26,1.0,false,#61E3FF
139.163949,15.101003,Slc17a7,8,false,4944,0.18448,3,CR9f3683203-32,1.0,false,#003A81
103.062526,114.602561,Pdgfra,0,true,4945,0.0,1,,1.0,true,#703A28
145.422322,121.66442,Slc17a7,56,false,4946,0.97486,3,CR9f3683203-60,1.0,false,#FF7459
56.003986,89.307326,Pdgfra,35,false,4947,0.96095,3,CR9f3683203-23,1.0,false,#F1D1B9
127.739408,15.828312,Gad1,7,false,4948,0.99094,2,CR9f3683203-24,1.0,false,#F67862
10.502908,48.727502,Pdgfra,17,false,4949,0.99143,3,CR9f3683203-4,1.0,false,#005C78
52.68668,85.248917,Aldoc,35,false,4950,0.9898,3,CR9f3683203-23,1.0,false,#00BDD3
53.82017,143.997111,Ttr,59,false,4951,0.98605,3,CR9f3683203-48,1.0,false,#00B049
107.777416,102.703599,Aldoc,46,false,4952,0.98828,1,CR9f3683203-54,1.0,false,#A27C63
103.244844,87.239178,Slc17a7,38,false,4953,0.99058,3,CR9f3683203-44,1.0,false,#00B75A
70.059398,88.40465,Pdgfra,36,false,4954,0.9887,3,CR9f3683203-30,1.0,false,#009A99
44.525177,149.664686,Slc17a7,59,false,4955,0.79079,3,CR9f3683203-48,1.0,false,#005F92
122.736506,125.866256,Gad1,55,false,4956,0.99082,2,CR9f3683203-58,1.0,false,#AE4C21
107.731867,123.208995,Pdgfra,54,false,4957,0.98966,1,CR9f3683203-57,1.0,false,#00A1FF
28.840685,126.751923,Sox10,50,false,4958,0.99096,3,CR9f3683203-31,1.0,false,#FA734B
112.385094,29.059178,Slc17a7,14,false,4959,0.98464,3,CR9f3683203-26,1.0,false,#8BB2DC
125.448307,13.454605,Gad1,7,false,4960,0.99095,2,CR9f3683203-24,1.0,false,#00E4FF
29.891387,11.153148,Slc17a7,2,false,4961,0.9901,3,CR9f3683203-2,1.0,false,#FFA3FF
124.907383,15.919491,Gad1,7,false,4962,0.99181,2,CR9f3683203-24,1.0,false,#004B00
125.787811,30.05024,Aldoc,15,false,4963,0.99182,1,CR9f3683203-34,1.0,false,#D38BFB
68.970711,67.120832,Slc17a7,28,false,4964,0.99118,2,CR9f3683203-22,1.0,false,#005C7C
145.707294,51.035686,Pdgfra,24,false,4965,0.98922,3,CR9f3683203-46,1.0,false,#00C0D6
102.275225,86.667643,Pdgfra,0,true,4966,0.97432,3,CR9f3683203-44,1.0,false,#EDCBAA
85.34556,107.773293,Aldoc,45,false,4967,0.99077,1,CR9f3683203-47,1.0,false,#B07E5A
107.512957,70.214622,Ttr,30,false,4968,0.99083,3,CR9f3683203-41,1.0,false,#006193
87.595558,36.332176,Slc17a7,13,false,4969,0.90817,3,CR9f3683203-20,1.0,false,#00BDFF
145.83052,50.358664,Pdgfra,24,false,4970,0.98985,3,CR9f3683203-46,1.0,false,#0090CA
103.718502,51.26311,Gad1,22,false,4971,0.99159,2,CR9f3683203-33,1.0,false,#0071FF
52.383455,69.416809,Aldoc,27,false,4972,0.99181,1,CR9f3683203-16,1.0,false,#5B4C32
12.109238,107.426558,Slc17a7,41,false,4973,0.99171,3,CR9f3683203-17,1.0,false,#964680
108.278059,87.819613,Slc17a7,38,false,4974,0.98918,3,CR9f3683203-44,1.0,false,#00926A
106.672498,49.557476,Gad1,22,false,4975,0.99187,2,CR9f3683203-33,1.0,false,#CD00B4
70.654953,143.58065,Aldoc,60,false,4976,0.99181,3,CR9f3683203-53,1.0,false,#00A2FF
9.540266,10.896781,Gad1,1,false,4977,0.99162,2,CR9f3683203-1,1.0,false,#628008
127.425404,89.76299,Pdgfra,39,false,4978,0.99186,3,CR9f3683203-50,1.0,false,#904482
29.792871,129.019888,Aldoc,50,false,4979,0.99103,3,CR9f3683203-31,1.0,false,#00C0CF
47.878195,152.226646,Sox10,59,false,4980,0.86732,3,CR9f3683203-48,1.0,false,#5B8EF6
108.06501,85.961226,Slc17a7,38,false,4981,0.99184,3,CR9f3683203-44,1.0,false,#00976E
12.012242,89.508733,Slc17a7,33,false,4982,0.9917,1,CR9f3683203-14,1.0,false,#697300
62.886915,121.901255,Aldoc,0,true,4983,0.01286,1,CR9f3683203-45,1.0,false,#0C2014
87.773948,70.495637,Slc17a7,29,false,4984,0.9904,3,CR9f3683203-35,1.0,false,#00C1D0
125.025519,110.055576,Pdgfra,47,false,4985,0.98284,3,CR9f3683203-56,1.0,false,#006DFC
89.412478,34.734421,Gad1,13,false,4986,0.98943,2,CR9f3683203-20,1.0,false,#009366
149.680135,35.879064,Gad1,16,false,4987,0.11058,2,CR9f3683203-39,1.0,false,#98AFD8
91.457001,13.798732,Ttr,5,false,4988,0.96913,2,CR9f3683203-11,1.0,false,#2A2185
146.068267,105.632281,Sox10,48,false,4989,0.99124,3,CR9f3683203-59,1.0,false,#5E7F0D
83.671506,124.577377,Slc17a7,53,false,4990,0.98842,3,CR9f3683203-52,1.0,false,#FD7665
141.449401,121.425166,Slc17a7,56,false,4991,0.2492,3,CR9f3683203-60,1.0,false,#628616
70.509295,54.366503,Ttr,20,false,4992,0.98542,3,CR9f3683203-19,1.0,false,#005000
51.303197,34.986427,Gad1,11,false,4993,0.98918,3,CR9f3683203-10,1.0,false,#00B348
106.005617,88.797151,Pdgfra,38,false,4994,0.99055,3,CR9f3683203-44,1.0,false,#914785
87.338927,10.832959,Aldoc,5,false,4995,0.99017,3,CR9f3683203-11,1.0,false,#008F77
145.781039,109.505139,Aldoc,48,false,4996,0.98653,3,CR9f3683203-59,1.0,false,#003487
144.107809,69.106914,Gad1,32,false,4997,0.99177,3,CR9f3683203-51,1.0,false,#5E93FC
146.245994,101.885025,Pdgfra,48,false,4998,0.98907,1,CR9f3683203-59,1.0,false,#004329
88.448085,32.899661,Gad1,13,false,4999,0.99087,2,CR9f3683203-20,1.0,false,#009264
86.21611,101.894859,Sox10,0,true,5000,0.83727,1,CR9f3683203-47,1.0,false,#62ADFF
30.477299,73.130353,Slc17a7,26,false,5001,0.99156,3,CR9f3683203-13,1.0,false,#65002A
126.484875,126.471002,Sox10,55,false,5002,0.99173,2,CR9f3683203-58,1.0,false,#B44B1F
62.558153,126.387842,Gad1,52,false,5003,0.62162,2,CR9f3683203-45,1.0,false,#395CDF
7.351532,108.184249,Slc17a7,41,false,5004,0.98108,3,CR9f3683203-17,1.0,false,#5C96FB
150.138274,130.979366,Slc17a7,56,false,5005,0.86633,3,CR9f3683203-60,1.0,false,#F87767
63.910218,54.247273,Sox10,0,true,5006,0.00225,3,CR9f3683203-19,1.0,false,#8A006E
89.058136,106.651568,Aldoc,45,false,5007,0.99181,3,CR9f3683203-47,1.0,false,#6257CE
108.116063,52.464391,Sox10,22,false,5008,0.9916,2,CR9f3683203-33,1.0,false,#594836
29.280757,147.483493,Gad1,58,false,5009,0.98943,2,CR9f3683203-43,1.0,false,#468D00
69.076836,124.646451,Pdgfra,52,false,5010,0.99051,2,CR9f3683203-45,1.0,false,#00A2FF
11.628762,67.85704,Gad1,25,false,5011,0.99137,2,CR9f3683203-8,1.0,false,#351600
88.218901,14.486831,Ttr,5,false,5012,0.99083,3,CR9f3683203-11,1.0,false,#311A7D
87.281739,123.544955,Slc17a7,53,false,5013,0.99136,3,CR9f3683203-52,1.0,false,#00C2FF
110.964632,27.840562,Gad1,14,false,5014,0.98007,3,CR9f3683203-26,1.0,false,#00452A
107.233589,69.275178,Gad1,30,false,5015,0.98968,3,CR9f3683203-41,1.0,false,#005E86
65.831862,14.817451,Gad1,4,false,5016,0.99103,2,CR9f3683203-7,1.0,false,#8FAFD7
141.154523,10.448426,Slc17a7,8,false,5017,0.9893,3,CR9f3683203-32,1.0,false,#00976C
127.532685,108.52218,Pdgfra,47,false,5018,0.99161,3,CR9f3683203-56,1.0,false,#00B556
86.277508,51.253021,Gad1,21,false,5019,0.99183,3,CR9f3683203-25,1.0,false,#004E00
86.817656,8.949907,Slc17a7,5,false,5020,0.98928,3,CR9f3683203-11,1.0,false,#F2D2BA
144.185018,29.533639,Gad1,16,false,5021,0.99092,2,CR9f3683203-39,1.0,false,#0F5200
107.991444,105.058444,Pdgfra,46,false,5022,0.99036,2,CR9f3683203-54,1.0,false,#105300
68.039879,16.516914,Sox10,4,false,5023,0.98992,2,CR9f3683203-7,1.0,false,#371500
67.818156,71.219394,Gad1,28,false,5024,0.99129,2,CR9f3683203-22,1.0,false,#6E3A27
23.549256,121.971496,Slc17a7,0,true,5025,0.0,3,,0.88,true,#418867
67.297429,104.756307,Pdgfra,44,false,5026,0.98734,3,CR9f3683203-40,1.0,false,#89006C
13.16417,108.604476,Aldoc,41,false,5027,0.99174,3,CR9f3683203-17,1.0,false,#6CE3FF
123.591843,69.048236,Gad1,31,false,5028,0.99174,2,CR9f3683203-49,1.0,false,#00BA4F
64.014601,70.583241,Pdgfra,28,false,5029,0.97331,2,CR9f3683203-22,1.0,false,#005C8D
128.288116,128.580754,Gad1,55,false,5030,0.97852,2,CR9f3683203-58,1.0,false,#498C00
70.851242,88.102063,Sox10,36,false,5031,0.99042,3,CR9f3683203-30,1.0,false,#D17CE2
50.164573,26.590317,Slc17a7,11,false,5032,0.97182,3,CR9f3683203-10,1.0,false,#007D1B
66.577079,146.224454,Aldoc,60,false,5033,0.99065,3,CR9f3683203-53,1.0,false,#BB7D9A
14.73318,89.567053,Aldoc,33,false,5034,0.99119,1,CR9f3683203-14,1.0,false,#D38BFA
105.954322,125.813833,Aldoc,54,false,5035,0.98993,3,CR9f3683203-57,1.0,false,#5F8315
1.959954,10.890314,Gad1,0,true,5036,0.0,2,,1.0,true,#5B91EE
17.714847,42.26667,Aldoc,0,true,5037,0.0,1,,0.92,true,#E6976B
15.222754,125.569477,Gad1,49,false,5038,0.99005,2,CR9f3683203-28,1.0,false,#00462B
30.31161,127.584451,Pdgfra,50,false,5039,0.99157,3,CR9f3683203-31,1.0,false,#FC7352
66.957988,29.2373,Aldoc,12,false,5040,0.99169,1,CR9f3683203-12,1.0,false,#CD4B00
144.206924,31.503932,Gad1,16,false,5041,0.99152,2,CR9f3683203-39,1.0,false,#00B94E
12.992525,6.49696,Gad1,1,false,5042,0.97329,2,CR9f3683203-1,1.0,false,#B17F5B
14.527889,146.407601,Aldoc,57,false,5043,0.98995,3,CR9f3683203-36,1.0,false,#0081FF
127.707574,122.121188,Gad1,55,false,5044,0.99172,2,CR9f3683203-58,1.0,false,#A77F63
13.837034,14.547581,Gad1,1,false,5045,0.98996,2,CR9f3683203-1,1.0,false,#004228
86.230493,90.867224,Aldoc,37,false,5046,0.99186,2,CR9f3683203-42,1.0,false,#008E63
17.875944,87.792971,Aldoc,33,false,5047,0.84905,1,CR9f3683203-14,1.0,false,#7C2C00
8.833818,67.757731,Sox10,25,false,5048,0.99177,2,CR9f3683203-8,1.0,false,#4C4C32
91.114286,108.247458,Sox10,45,false,5049,0.99168,3,CR9f3683203-47,1.0,false,#00BED3
13.021159,126.966143,Gad1,49,false,5050,0.98964,2,CR9f3683203-28,1.0,false,#00452B
28.917747,54.351989,Aldoc,18,false,5051,0.99173,3,CR9f3683203-9,1.0,false,#607C04
109.821879,80.693042,Slc17a7,38,false,5052,0.00178,3,CR9f3683203-44,1.0,false,#8B006F
87.835016,109.760486,Ttr,45,false,5053,0.98795,1,CR9f3683203-47,1.0,false,#564B36
124.489176,53.672018,Pdgfra,23,false,5054,0.99164,3,CR9f3683203-38,1.0,false,#006CFF
32.461893,14.672352,Ttr,2,false,5055,0.9725,3,CR9f3683203-2,1.0,false,#DD9970
81.425007,155.087608,Aldoc,0,true,5056,0.0,1,,1.0,true,#008D77
48.928675,57.56484,Sox10,0,true,5057,0.00234,1,CR9f3683203-16,0.84,false,#66442E
70.082264,30.438244,Pdgfra,12,false,5058,0.99133,1,CR9f3683203-12,1.0,false,#504A30
66.59286,31.426702,Gad1,12,false,5059,0.99176,1,CR9f3683203-12,1.0,false,#044B6F
66.260191,32.533061,Sox10,12,false,5060,0.99187,1,CR9f3683203-12,1.0,false,#00BBFC
108.344509,52.417392,Aldoc,22,false,5061,0.99159,2,CR9f3683203-33,1.0,false,#594937
144.38229,107.220351,Aldoc,48,false,5062,0.98961,3,CR9f3683203-59,1.0,false,#C74A00
17.802026,108.551964,Slc17a7,41,false,5063,0.08768,3,CR9f3683203-17,1.0,false,#84E3FF
145.33717,52.359312,Slc17a7,24,false,5064,0.99101,3,CR9f3683203-46,1.0,false,#008ECB
53.298736,145.039388,Pdgfra,59,false,5065,0.99023,3,CR9f3683203-48,1.0,false,#5D94FE
86.118944,49.64346,Pdgfra,21,false,5066,0.9918,3,CR9f3683203-25,1.0,false,#DA4D00
62.09384,106.422019,Pdgfra,44,false,5067,0.72718,3,CR9f3683203-40,0.96,false,#6B6E00
47.896941,86.606803,Slc17a7,35,false,5068,0.98843,3,CR9f3683203-23,1.0,false,#9E54FE
15.122474,87.996187,Aldoc,33,false,5069,0.99172,1,CR9f3683203-14,1.0,false,#B17E5A
26.313073,121.939049,Pdgfra,50,false,5070,0.02865,3,CR9f3683203-31,1.0,false,#00BC5C
68.817469,6.079778,Gad1,4,false,5071,0.13964,2,CR9f3683203-7,1.0,false,#C64A00
28.301067,68.247107,Aldoc,26,false,5072,0.99162,3,CR9f3683203-13,1.0,false,#00A3FF
108.264577,48.544518,Slc17a7,0,true,5073,0.99187,2,CR9f3683203-33,1.0,false,#00B147
14.191383,144.142782,Sox10,57,false,5074,0.99184,3,CR9f3683203-36,1.0,false,#EC9668
51.417464,13.140541,Aldoc,3,false,5075,0.99175,3,CR9f3683203-6,1.0,false,#00C6DB
140.57643,56.633187,Aldoc,0,true,5076,0.00153,1,CR9f3683203-46,0.94,false,#00A0FF
49.072602,32.429477,Slc17a7,11,false,5077,0.99185,3,CR9f3683203-10,1.0,false,#EDCCAC
110.720286,34.302654,Slc17a7,14,false,5078,0.98368,3,CR9f3683203-26,1.0,false,#07BE5B
147.77602,53.180386,Aldoc,24,false,5079,0.98971,3,CR9f3683203-46,1.0,false,#D38AF8
87.464381,12.481586,Slc17a7,5,false,5080,0.99024,3,CR9f3683203-11,1.0,false,#00B758
66.542126,51.32419,Pdgfra,20,false,5081,0.99021,3,CR9f3683203-19,1.0,false,#86006B
86.698616,110.128127,Sox10,45,false,5082,0.98196,1,CR9f3683203-47,1.0,false,#634633
33.933221,31.320609,Gad1,10,false,5083,0.99182,2,CR9f3683203-5,1.0,false,#361500
125.970916,14.730902,Ttr,0,true,5084,0.99002,2,CR9f3683203-24,1.0,false,#5B8FF0
32.122406,131.934677,Aldoc,50,false,5085,0.96777,3,CR9f3683203-31,1.0,false,#DA3885
110.757139,49.715863,Sox10,22,false,5086,0.99148,2,CR9f3683203-33,1.0,false,#FF0078
67.953322,110.482946,Gad1,44,false,5087,0.99183,3,CR9f3683203-40,1.0,false,#00B047
67.709085,87.212089,Aldoc,36,false,5088,0.99182,3,CR9f3683203-30,1.0,false,#E9976A
140.318833,51.653359,Aldoc,24,false,5089,0.97567,3,CR9f3683203-46,1.0,false,#006096
53.51969,123.856337,Aldoc,51,false,5090,0.98631,1,CR9f3683203-37,1.0,false,#6E402D
6.368986,110.399374,Ttr,41,false,5091,0.36359,3,CR9f3683203-17,1.0,false,#C60000
66.943294,109.30777,Pdgfra,44,false,5092,0.99171,3,CR9f3683203-40,1.0,false,#688511
126.610429,33.068863,Gad1,15,false,5093,0.99127,1,CR9f3683203-34,1.0,false,#005F8C
50.789554,32.450408,Slc17a7,11,false,5094,0.9909,3,CR9f3683203-10,1.0,false,#00BE5C
50.524562,30.790228,Gad1,11,false,5095,0.99116,3,CR9f3683203-10,1.0,false,#86A6C8
32.726302,108.448765,Pdgfra,42,false,5096,0.99186,3,CR9f3683203-27,1.0,false,#00978E
55.822998,28.075471,Gad1,11,false,5097,0.02218,2,CR9f3683203-10,0.98,false,#620026
86.809838,5.749233,Slc17a7,5,false,5098,0.97126,3,CR9f3683203-11,1.0,false,#97447E
142.677538,65.889791,Gad1,32,false,5099,0.9899,3,CR9f3683203-51,1.0,false,#00462B
14.951335,84.82032,Pdgfra,33,false,5100,0.96936,1,CR9f3683203-14,1.0,false,#617A04
50.557001,87.274086,Slc17a7,35,false,5101,0.99186,3,CR9f3683203-23,1.0,false,#EDCCAC
30.657721,91.560921,Gad1,34,false,5102,0.98972,2,CR9f3683203-21,1.0,false,#00B247
126.515158,31.81769,Sox10,15,false,5103,0.99187,1,CR9f3683203-34,1.0,false,#626E00
122.723577,34.190771,Aldoc,15,false,5104,0.99159,1,CR9f3683203-34,1.0,false,#8CAFD8
12.508003,70.149129,Gad1,25,false,5105,0.99099,2,CR9f3683203-8,1.0,false,#00A1FF
84.137473,13.312368,Slc17a7,5,false,5106,0.98189,3,CR9f3683203-11,1.0,false,#F80066
68.033291,52.877726,Slc17a7,20,false,5107,0.99164,3,CR9f3683203-19,1.0,false,#007D1B
147.424162,66.737703,Sox10,32,false,5108,0.99029,3,CR9f3683203-51,1.0,false,#422082
69.755157,46.126566,Ttr,20,false,5109,0.98539,3,CR9f3683203-19,1.0,false,#008F77
32.237211,66.919452,Sox10,26,false,5110,0.98873,3,CR9f3683203-13,1.0,false,#87006B
90.921676,68.815027,Gad1,29,false,5111,0.99168,3,CR9f3683203-35,1.0,false,#442082
88.949456,124.972541,Ttr,0,true,5112,0.98988,3,CR9f3683203-52,1.0,false,#009889
28.275752,85.832597,Pdgfra,34,false,5113,0.98882,2,CR9f3683203-21,1.0,false,#004B00
78.686243,17.16958,Pdgfra,0,true,5114,0.0,3,,1.0,true,#5B94F5
146.097715,6.175075,Ttr,8,false,5115,0.98851,3,CR9f3683203-32,1.0,false,#00B549
53.674206,122.573526,Pdgfra,0,true,5116,0.85087,1,CR9f3683203-37,1.0,false,#006191
14.56074,46.494119,Slc17a7,17,false,5117,0.97176,3,CR9f3683203-4,1.0,false,#00956D
65.153887,88.554976,Pdgfra,36,false,5118,0.99187,3,CR9f3683203-30,1.0,false,#00A1FF
145.972659,31.977241,Slc17a7,16,false,5119,0.98658,2,CR9f3683203-39,1.0,false,#00BCFE
87.181484,69.692062,Slc17a7,29,false,5120,0.98953,3,CR9f3683203-35,1.0,false,#008ECC
12.550819,10.477007,Ttr,1,false,5121,0.99105,2,CR9f3683203-1,1.0,false,#005D8F
68.886035,129.127362,Aldoc,52,false,5122,0.99141,2,CR9f3683203-45,1.0,false,#175FEA
34.61217,126.20662,Aldoc,50,false,5123,0.99043,3,CR9f3683203-31,1.0,false,#004329
66.433913,48.383738,Slc17a7,20,false,5124,0.99022,3,CR9f3683203-19,1.0,false,#69830E
122.968517,70.121222,Gad1,31,false,5125,0.99138,2,CR9f3683203-49,1.0,false,#4A8B00
103.943471,33.050948,Ttr,14,false,5126,0.97428,3,CR9f3683203-26,1.0,false,#00A1FF
18.962626,7.363851,Slc17a7,1,false,5127,0.00796,3,CR9f3683203-1,0.56,false,#00A2FF
12.127649,103.576182,Pdgfra,41,false,5128,0.99178,3,CR9f3683203-17,1.0,false,#00A2FF
48.838341,64.622425,Aldoc,27,false,5129,0.99148,1,CR9f3683203-16,1.0,false,#0760ED
87.714442,67.379997,Pdgfra,29,false,5130,0.99159,3,CR9f3683203-35,1.0,false,#954681
149.434763,130.003784,Pdgfra,56,false,5131,0.98261,3,CR9f3683203-60,1.0,false,#CE0000
33.923262,143.002384,Gad1,58,false,5132,0.99148,2,CR9f3683203-43,1.0,false,#00A1FF
105.271161,8.97539,Pdgfra,6,false,5133,0.98955,3,CR9f3683203-18,1.0,false,#0082FF
32.719443,145.35434,Sox10,58,false,5134,0.99155,2,CR9f3683203-43,1.0,false,#003E4B
130.912412,84.574524,Aldoc,39,false,5135,0.74954,1,CR9f3683203-50,1.0,false,#BF7D9D
34.06014,58.688633,Aldoc,0,true,5136,0.00565,1,CR9f3683203-9,1.0,false,#005F97
30.830132,10.442714,Slc17a7,2,false,5137,0.99066,3,CR9f3683203-2,1.0,false,#005C7F
50.765552,152.389074,Slc17a7,59,false,5138,0.74249,3,CR9f3683203-48,1.0,false,#003A81
9.488711,12.788059,Sox10,1,false,5139,0.9907,2,CR9f3683203-1,1.0,false,#FF0081
10.638634,34.439213,Slc17a7,9,false,5140,0.99001,3,CR9f3683203-3,1.0,false,#86A6C8
3.616392,136.702218,Aldoc,0,true,5141,0.0,1,,1.0,true,#004800
30.403953,56.080787,Pdgfra,18,false,5142,0.98095,3,CR9f3683203-9,1.0,false,#00C0D5
31.711591,55.497681,Sox10,18,false,5143,0.96154,3,CR9f3683203-9,1.0,false,#009792
6.6931,8.018212,Ttr,1,false,5144,0.26934,2,CR9f3683203-1,1.0,false,#FB006E
29.845749,50.664916,Sox10,18,false,5145,0.99179,3,CR9f3683203-9,1.0,false,#664532
51.519691,66.46141,Aldoc,27,false,5146,0.99089,1,CR9f3683203-16,1.0,false,#644633
14.689824,13.323252,Slc17a7,1,false,5147,0.99126,2,CR9f3683203-1,1.0,false,#8BAFD7
110.153216,109.129999,Gad1,46,false,5148,0.99165,2,CR9f3683203-54,1.0,false,#00BB51
119.583569,30.198446,Aldoc,15,false,5149,0.95357,1,CR9f3683203-34,1.0,false,#713F2E
108.450378,48.603582,Pdgfra,22,false,5150,0.99187,2,CR9f3683203-33,1.0,false,#5F90FA
28.210018,150.337673,Gad1,58,false,5151,0.83353,2,CR9f3683203-43,1.0,false,#2E5776
7.766097,32.445764,Aldoc,9,false,5152,0.98149,1,CR9f3683203-3,1.0,false,#CF86F2
105.976513,89.421537,Slc17a7,38,false,5153,0.99145,3,CR9f3683203-44,1.0,false,#6C7100
26.11392,131.783429,Slc17a7,50,false,5154,0.02386,3,CR9f3683203-31,1.0,false,#D43072
89.139038,90.863897,Pdgfra,37,false,5155,0.99179,2,CR9f3683203-42,1.0,false,#626F00
111.712585,7.778716,Aldoc,6,false,5156,0.81168,1,CR9f3683203-18,1.0,false,#647E07
124.586473,123.740615,Gad1,55,false,5157,0.99147,2,CR9f3683203-58,1.0,false,#361500
103.860542,11.650705,Ttr,6,false,5158,0.98764,3,CR9f3683203-18,1.0,false,#DC398D
14.325871,106.885175,Slc17a7,41,false,5159,0.99186,3,CR9f3683203-17,1.0,false,#6EE3FF
9.846036,30.820416,Sox10,9,false,5160,0.99184,1,CR9f3683203-3,1.0,false,#AD4C22
121.384125,50.768152,Aldoc,23,false,5161,0.9881,3,CR9f3683203-38,1.0,false,#00C4FF
6.737833,71.217529,Pdgfra,25,false,5162,0.95562,2,CR9f3683203-8,1.0,false,#004B00
145.919375,67.849498,Slc17a7,32,false,5163,0.99183,3,CR9f3683203-51,1.0,false,#600026
49.875212,149.10386,Slc17a7,59,false,5164,0.99165,3,CR9f3683203-48,1.0,false,#4C8C69
85.715055,12.517807,Slc17a7,5,false,5165,0.99172,3,CR9f3683203-11,1.0,false,#005F8B
126.515983,130.348543,Pdgfra,55,false,5166,0.9744,1,CR9f3683203-58,1.0,false,#0B5100
30.378352,48.928619,Aldoc,18,false,5167,0.99184,3,CR9f3683203-9,1.0,false,#63E3FF
65.859127,142.818556,Aldoc,60,false,5168,0.98834,3,CR9f3683203-53,1.0,false,#006194
33.33186,30.181312,Gad1,10,false,5169,0.99178,2,CR9f3683203-5,1.0,false,#054B6F
147.722583,51.431869,Aldoc,24,false,5170,0.99168,3,CR9f3683203-46,1.0,false,#28B0FF
87.640774,10.403752,Slc17a7,5,false,5171,0.98947,3,CR9f3683203-11,1.0,false,#005C7F
144.162938,107.68122,Aldoc,48,false,5172,0.99087,3,CR9f3683203-59,1.0,false,#CC4B00
31.026913,47.991909,Slc17a7,0,true,5173,0.9914,3,CR9f3683203-9,1.0,false,#D13178
68.454099,10.884923,Gad1,4,false,5174,0.99187,2,CR9f3683203-7,1.0,false,#172991
53.32422,47.774413,Pdgfra,19,false,5175,0.9884,2,CR9f3683203-15,1.0,false,#004A00
107.639016,87.638379,Slc17a7,38,false,5176,0.98775,3,CR9f3683203-44,1.0,false,#00976D
145.786399,48.165757,Aldoc,24,false,5177,0.99089,3,CR9f3683203-46,1.0,false,#0090CC
72.959067,10.572597,Gad1,4,false,5178,0.71334,2,CR9f3683203-7,1.0,false,#009366
145.67702,70.563181,Slc17a7,32,false,5179,0.99186,3,CR9f3683203-51,1.0,false,#00A0FF
30.056942,33.083721,Gad1,10,false,5180,0.97753,2,CR9f3683203-5,1.0,false,#142012
142.705719,104.404496,Slc17a7,48,false,5181,0.99097,3,CR9f3683203-59,1.0,false,#009A9A
45.019682,32.309988,Slc17a7,11,false,5182,0.78402,3,CR9f3683203-10,1.0,false,#5B94F5
2.517557,157.643777,Ttr,0,true,5183,0.0,1,,1.0,true,#EC9668
91.04483,51.202131,Sox10,21,false,5184,0.99109,3,CR9f3683203-25,1.0,false,#006094
12.443046,86.390478,Sox10,33,false,5185,0.99127,1,CR9f3683203-14,1.0,false,#5F7200
29.869154,68.022573,Pdgfra,26,false,5186,0.99174,3,CR9f3683203-13,1.0,false,#006FFE
147.244239,51.894588,Aldoc,24,false,5187,0.99173,3,CR9f3683203-46,1.0,false,#2BAFFF
16.138662,100.549118,Slc17a7,41,false,5188,0.0281,3,CR9f3683203-17,1.0,false,#00A0FF
142.80543,88.333168,Pdgfra,40,false,5189,0.99144,2,CR9f3683203-55,1.0,false,#007F27
48.689215,51.466952,Gad1,19,false,5190,0.99153,2,CR9f3683203-15,1.0,false,#B17F5B
141.856086,2.905745,Aldoc,0,true,5191,0.00043,1,CR9f3683203-32,0.86,false,#00A1FF
84.608938,30.061525,Gad1,13,false,5192,0.97805,2,CR9f3683203-20,1.0,false,#415CDD
112.177056,84.369231,Pdgfra,0,true,5193,0.09481,3,CR9f3683203-44,1.0,false,#006445
11.761461,103.387318,Gad1,41,false,5194,0.9914,3,CR9f3683203-17,1.0,false,#00A3FF
74.636838,111.868429,Sox10,0,true,5195,0.00199,3,CR9f3683203-40,1.0,false,#00988D
89.249941,50.269449,Aldoc,21,false,5196,0.99017,3,CR9f3683203-25,1.0,false,#00618F
92.579596,111.199807,Ttr,45,false,5197,0.91462,2,CR9f3683203-47,1.0,false,#5E442A
108.346121,49.183438,Gad1,22,false,5198,0.99177,2,CR9f3683203-33,1.0,false,#5F8CF8
51.447426,65.094399,Ttr,27,false,5199,0.9918,1,CR9f3683203-16,1.0,false,#67432D
45.288276,124.849185,Sox10,51,false,5200,0.99184,3,CR9f3683203-37,1.0,false,#676B00
85.091783,105.386833,Gad1,45,false,5201,0.98584,2,CR9f3683203-47,1.0,false,#00A2FF
15.787508,141.248304,Ttr,57,false,5202,0.91233,1,CR9f3683203-36,1.0,false,#FF0076
50.694037,8.623909,Aldoc,3,false,5203,0.9901,3,CR9f3683203-6,1.0,false,#009998
46.958623,101.444315,Gad1,43,false,5204,0.90633,2,CR9f3683203-29,1.0,false,#034F00
104.032009,87.593987,Pdgfra,38,false,5205,0.99158,3,CR9f3683203-44,1.0,false,#00B44F
107.444918,13.05357,Sox10,0,true,5206,0.99171,3,CR9f3683203-18,1.0,false,#B34C21
36.12265,69.770696,Aldoc,26,false,5207,0.96325,3,CR9f3683203-13,1.0,false,#458968
66.021464,86.655502,Aldoc,36,false,5208,0.99184,3,CR9f3683203-30,1.0,false,#9F7B64
35.141516,105.007797,Sox10,42,false,5209,0.98932,3,CR9f3683203-27,1.0,false,#005D7E
17.122144,125.686325,Ttr,49,false,5210,0.98311,2,CR9f3683203-28,1.0,false,#004900
11.398717,140.335728,Ttr,57,false,5211,0.87931,1,CR9f3683203-36,1.0,false,#0E5200
49.875232,66.389031,Aldoc,27,false,5212,0.99098,1,CR9f3683203-16,1.0,false,#6A4430
77.482195,156.337548,Sox10,0,true,5213,0.0,1,,1.0,true,#2D5774
147.489283,83.711159,Aldoc,40,false,5214,0.98243,1,CR9f3683203-55,1.0,false,#FF0080
92.330391,129.183278,Ttr,53,false,5215,0.55261,3,CR9f3683203-52,1.0,false,#DB3680
47.807294,28.73686,Sox10,11,false,5216,0.99023,3,CR9f3683203-10,1.0,false,#005B76
48.167029,123.996105,Aldoc,51,false,5217,0.99103,3,CR9f3683203-37,1.0,false,#2F5DE3
68.013072,13.3971,Slc17a7,4,false,5218,0.99168,2,CR9f3683203-7,1.0,false,#007F25
91.156846,12.925251,Gad1,5,false,5219,0.96873,2,CR9f3683203-11,1.0,false,#2B2184
106.065095,125.086886,Sox10,54,false,5220,0.99135,3,CR9f3683203-57,1.0,false,#E6976B
69.196591,145.661834,Aldoc,60,false,5221,0.99182,3,CR9f3683203-53,1.0,false,#00968A
104.115981,130.010562,Aldoc,54,false,5222,0.97346,3,CR9f3683203-57,1.0,false,#8D498A
75.43016,145.413793,Gad1,60,false,5223,0.91583,2,CR9f3683203-53,1.0,false,#FF0079
16.534513,32.548763,Sox10,9,false,5224,0.98633,3,CR9f3683203-3,1.0,false,#676C00
30.132629,92.92818,Slc17a7,34,false,5225,0.97857,2,CR9f3683203-21,1.0,false,#00B048
6.111515,71.898681,Gad1,25,false,5226,0.61659,2,CR9f3683203-8,1.0,false,#00E7FF
31.928442,88.126779,Gad1,34,false,5227,0.99023,2,CR9f3683203-21,1.0,false,#361500
47.335072,106.242737,Sox10,43,false,5228,0.99186,2,CR9f3683203-29,1.0,false,#A37F66
55.896705,86.393577,Slc17a7,0,true,5229,0.96351,3,CR9f3683203-23,1.0,false,#008E77
32.385476,110.543018,Aldoc,42,false,5230,0.991,1,CR9f3683203-27,1.0,false,#BF7D9D
126.779188,14.82537,Slc17a7,7,false,5231,0.9908,2,CR9f3683203-24,1.0,false,#5A8CF3
46.958424,124.690714,Aldoc,51,false,5232,0.99119,3,CR9f3683203-37,1.0,false,#DA4D00
49.871755,31.886425,Slc17a7,11,false,5233,0.99138,3,CR9f3683203-10,1.0,false,#00B758
47.752814,124.965646,Gad1,51,false,5234,0.99167,3,CR9f3683203-37,1.0,false,#DA4D00
69.591478,124.001997,Aldoc,52,false,5235,0.99153,2,CR9f3683203-45,1.0,false,#005D85
102.08485,71.075452,Gad1,30,false,5236,0.98518,3,CR9f3683203-41,1.0,false,#005C7A
67.439269,11.951504,Slc17a7,4,false,5237,0.9903,2,CR9f3683203-7,1.0,false,#610024
32.399086,124.512535,Slc17a7,50,false,5238,0.99148,3,CR9f3683203-31,1.0,false,#00B149
109.961673,4.966684,Aldoc,0,true,5239,0.01519,1,CR9f3683203-18,1.0,false,#009999
142.820542,105.144802,Sox10,48,false,5240,0.99158,3,CR9f3683203-59,1.0,false,#009998
66.064419,86.326183,Aldoc,36,false,5241,0.9916,3,CR9f3683203-30,1.0,false,#A77C60
50.751113,52.366775,Gad1,19,false,5242,0.99106,2,CR9f3683203-15,1.0,false,#004B00
109.374009,106.145135,Ttr,46,false,5243,0.99186,2,CR9f3683203-54,1.0,false,#5D432B
113.483122,106.543416,Sox10,46,false,5244,0.96793,2,CR9f3683203-54,1.0,false,#FF0077
35.300132,144.244931,Gad1,58,false,5245,0.98867,2,CR9f3683203-43,1.0,false,#0D2014
116.261359,125.704372,Gad1,0,true,5246,2.0e-5,2,CR9f3683203-58,0.8,false,#00BAFC
29.023402,54.12428,Aldoc,18,false,5247,0.99186,3,CR9f3683203-9,1.0,false,#617700
147.198654,52.198638,Aldoc,24,false,5248,0.99187,3,CR9f3683203-46,1.0,false,#28AFFF
29.86821,129.314775,Slc17a7,50,false,5249,0.99153,3,CR9f3683203-31,1.0,false,#00C4D4
55.842401,88.063827,Slc17a7,35,false,5250,0.9858,3,CR9f3683203-23,1.0,false,#F2D1BA
105.78712,27.696028,Slc17a7,14,false,5251,0.97924,3,CR9f3683203-26,1.0,false,#006DFE
68.797963,89.659603,Aldoc,36,false,5252,0.9917,3,CR9f3683203-30,1.0,false,#00C6D7
124.272285,129.017039,Gad1,55,false,5253,0.99168,2,CR9f3683203-58,1.0,false,#074F00
90.6952,9.53774,Gad1,5,false,5254,0.97955,3,CR9f3683203-11,1.0,false,#5E92F9
88.409303,89.325793,Gad1,37,false,5255,0.99098,2,CR9f3683203-42,1.0,false,#00C2FF
107.601248,81.09427,Slc17a7,38,false,5256,0.11311,3,CR9f3683203-44,1.0,false,#DC9255
124.448466,27.054428,Gad1,15,false,5257,0.96869,2,CR9f3683203-34,1.0,false,#5E7800
93.858038,146.31177,Gad1,0,true,5258,0.0,2,,1.0,true,#004227
9.225135,87.486959,Aldoc,33,false,5259,0.99186,1,CR9f3683203-14,1.0,false,#A77C5F
145.96043,107.572862,Aldoc,48,false,5260,0.99185,3,CR9f3683203-59,1.0,false,#00462B
108.913181,12.568265,Pdgfra,6,false,5261,0.99167,3,CR9f3683203-18,1.0,false,#904381
125.50854,119.346747,Gad1,55,false,5262,0.82218,2,CR9f3683203-58,1.0,false,#00462C
91.050119,30.241309,Pdgfra,13,false,5263,0.99183,2,CR9f3683203-20,1.0,false,#5B91EE
46.119195,29.123263,Slc17a7,11,false,5264,0.98782,3,CR9f3683203-10,1.0,false,#6D7700
88.52512,68.67289,Slc17a7,29,false,5265,0.99099,3,CR9f3683203-35,1.0,false,#FF7359
87.104738,123.981891,Sox10,53,false,5266,0.99043,3,CR9f3683203-52,1.0,false,#0080DA
49.340793,16.595443,Aldoc,3,false,5267,0.41268,1,CR9f3683203-6,1.0,false,#BF7E9E
144.734561,105.982004,Aldoc,48,false,5268,0.9908,3,CR9f3683203-59,1.0,false,#95407B
146.923527,71.689528,Aldoc,32,false,5269,0.99067,3,CR9f3683203-51,1.0,false,#00462A
49.733578,31.967671,Pdgfra,11,false,5270,0.99162,3,CR9f3683203-10,1.0,false,#00B859
7.948091,49.128248,Gad1,17,false,5271,0.98604,3,CR9f3683203-4,1.0,false,#85A6C8
88.342052,46.353896,Ttr,21,false,5272,0.98542,1,CR9f3683203-25,1.0,false,#361800
34.020928,130.461497,Slc17a7,50,false,5273,0.98716,3,CR9f3683203-31,1.0,false,#00A0FF
36.876927,140.375959,Sox10,58,false,5274,0.02738,1,CR9f3683203-43,1.0,false,#584730
10.627725,77.319327,Pdgfra,0,true,5275,0.01174,3,CR9f3683203-8,0.8,false,#773A2C
95.422643,90.363719,Slc17a7,0,true,5276,0.02889,3,CR9f3683203-44,0.52,false,#ECCC63
147.261565,29.304158,Gad1,16,false,5277,0.98953,2,CR9f3683203-39,1.0,false,#341600
32.079857,130.273065,Ttr,50,false,5278,0.99062,3,CR9f3683203-31,1.0,false,#61E3FF
31.246522,86.012711,Ttr,34,false,5279,0.99186,2,CR9f3683203-21,1.0,false,#00B74B
106.243203,123.285966,Gad1,54,false,5280,0.99171,1,CR9f3683203-57,1.0,false,#927B6D
123.862034,9.879215,Pdgfra,7,false,5281,0.97126,2,CR9f3683203-24,1.0,false,#409000
31.404254,148.182315,Aldoc,58,false,5282,0.99183,2,CR9f3683203-43,1.0,false,#00A2FF
54.230717,12.578085,Pdgfra,3,false,5283,0.97861,3,CR9f3683203-6,1.0,false,#65442D
84.877007,124.016169,Slc17a7,53,false,5284,0.99168,3,CR9f3683203-52,1.0,false,#F97767
30.303536,36.235767,Pdgfra,10,false,5285,0.16932,2,CR9f3683203-5,1.0,false,#428F00
55.080361,7.645199,Ttr,0,true,5286,0.89031,3,CR9f3683203-6,1.0,false,#D086F2
53.983556,48.65243,Gad1,19,false,5287,0.98667,2,CR9f3683203-15,1.0,false,#004900
21.326683,66.723138,Sox10,0,true,5288,0.0,1,,1.0,true,#5B8EF4
49.93489,99.495503,Gad1,43,false,5289,0.5637,2,CR9f3683203-29,1.0,false,#004900
66.691926,124.458037,Gad1,52,false,5290,0.98942,2,CR9f3683203-45,1.0,false,#00C4FF
71.534888,48.23255,Pdgfra,20,false,5291,0.98975,3,CR9f3683203-19,1.0,false,#009785
120.055845,51.608466,Sox10,23,false,5292,0.84512,3,CR9f3683203-38,1.0,false,#00BEFF
89.156045,125.50606,Slc17a7,53,false,5293,0.99081,3,CR9f3683203-52,1.0,false,#009B9A
49.026485,67.979917,Slc17a7,27,false,5294,0.99181,1,CR9f3683203-16,1.0,false,#FF0084
111.892498,32.353733,Gad1,14,false,5295,0.99177,3,CR9f3683203-26,1.0,false,#8FB3DE
89.083834,107.628774,Aldoc,45,false,5296,0.99181,3,CR9f3683203-47,1.0,false,#6257CE
18.556291,30.852755,Aldoc,9,false,5297,0.96818,3,CR9f3683203-3,1.0,false,#5F7300
68.816544,121.806309,Slc17a7,52,false,5298,0.98737,2,CR9f3683203-45,1.0,false,#0071FF
145.034661,103.861407,Aldoc,48,false,5299,0.99176,1,CR9f3683203-59,1.0,false,#69422D
71.526015,48.662424,Slc17a7,20,false,5300,0.98903,3,CR9f3683203-19,1.0,false,#00608F
10.587533,145.51349,Ttr,57,false,5301,0.989,1,CR9f3683203-36,1.0,false,#6B4330
64.415459,28.865602,Pdgfra,0,true,5302,0.97224,1,CR9f3683203-12,1.0,false,#004A00
31.114046,64.912249,Slc17a7,26,false,5303,0.90041,3,CR9f3683203-13,0.98,false,#00C4D3
78.231908,97.145856,Pdgfra,0,true,5304,0.0,3,,1.0,true,#A97B5C
48.417141,28.77179,Ttr,11,false,5305,0.9895,3,CR9f3683203-10,1.0,false,#5A8FFC
47.097684,102.870016,Pdgfra,43,false,5306,0.98295,2,CR9f3683203-29,1.0,false,#105400
85.38789,123.480576,Gad1,53,false,5307,0.99186,3,CR9f3683203-52,1.0,false,#600024
143.807549,65.660464,Gad1,32,false,5308,0.98466,3,CR9f3683203-51,1.0,false,#00B34B
144.183375,86.320133,Aldoc,40,false,5309,0.99048,2,CR9f3683203-55,1.0,false,#005E84
31.108664,67.325577,Pdgfra,26,false,5310,0.99139,3,CR9f3683203-13,1.0,false,#89006B
15.011428,47.198569,Aldoc,17,false,5311,0.97291,3,CR9f3683203-4,1.0,false,#00946D
144.056868,52.975937,Pdgfra,24,false,5312,0.99164,3,CR9f3683203-46,1.0,false,#D83687
128.750141,33.587877,Aldoc,15,false,5313,0.99006,1,CR9f3683203-34,1.0,false,#00C2FF
46.470914,17.152379,Sox10,3,false,5314,0.11953,1,CR9f3683203-6,1.0,false,#B14C21
64.859835,127.501577,Gad1,52,false,5315,0.98901,2,CR9f3683203-45,1.0,false,#B0805D
50.286219,32.969351,Slc17a7,11,false,5316,0.99063,3,CR9f3683203-10,1.0,false,#00BA58
144.939435,124.957587,Slc17a7,56,false,5317,0.99187,3,CR9f3683203-60,1.0,false,#F80066
52.406202,89.505297,Slc17a7,35,false,5318,0.99094,3,CR9f3683203-23,1.0,false,#76E3FF
10.401052,70.537132,Gad1,25,false,5319,0.99112,2,CR9f3683203-8,1.0,false,#FB006C
58.97752,16.573546,Sox10,0,true,5320,0.0,1,,0.98,true,#F90069
150.126576,28.915723,Slc17a7,16,false,5321,0.34644,3,CR9f3683203-39,1.0,false,#29258A
5.690761,49.113818,Ttr,17,false,5322,0.90691,3,CR9f3683203-4,1.0,false,#FF0074
147.115809,107.270109,Gad1,48,false,5323,0.9912,3,CR9f3683203-59,1.0,false,#656300
142.445479,12.548471,Ttr,8,false,5324,0.99182,3,CR9f3683203-32,1.0,false,#003A82
72.331758,126.868618,Aldoc,52,false,5325,0.97917,2,CR9f3683203-45,1.0,false,#85A6C9
27.812992,32.261675,Gad1,10,false,5326,0.96064,2,CR9f3683203-5,1.0,false,#009265
124.256357,13.29084,Gad1,7,false,5327,0.99158,2,CR9f3683203-24,1.0,false,#003487
30.914636,11.888796,Slc17a7,2,false,5328,0.99023,3,CR9f3683203-2,1.0,false,#5C91FD
13.44192,146.430542,Pdgfra,57,false,5329,0.98676,3,CR9f3683203-36,1.0,false,#D486F0
66.647326,65.934155,Pdgfra,28,false,5330,0.98786,2,CR9f3683203-22,1.0,false,#5B452B
84.059367,29.657586,Gad1,13,false,5331,0.95349,2,CR9f3683203-20,1.0,false,#00966B
30.000335,73.795811,Slc17a7,26,false,5332,0.99134,3,CR9f3683203-13,1.0,false,#65002A
111.55778,35.533886,Slc17a7,14,false,5333,0.94168,3,CR9f3683203-26,1.0,false,#9F53FE
47.617622,107.489732,Gad1,43,false,5334,0.99181,2,CR9f3683203-29,1.0,false,#003E4C
143.307077,8.305675,Sox10,8,false,5335,0.99158,3,CR9f3683203-32,1.0,false,#00BECD
29.607685,12.246087,Slc17a7,2,false,5336,0.9908,3,CR9f3683203-2,1.0,false,#81E3FF
17.093852,33.33734,Slc17a7,0,true,5337,0.96998,3,CR9f3683203-3,1.0,false,#FF0081
122.212624,124.614016,Gad1,55,false,5338,0.99187,2,CR9f3683203-58,1.0,false,#435CDC
121.81819,85.189078,Slc17a7,0,true,5339,0.9744,3,CR9f3683203-50,0.98,false,#0092CB
36.529819,49.454848,Slc17a7,18,false,5340,0.40991,3,CR9f3683203-9,1.0,false,#00A2FF
143.964947,87.60845,Gad1,40,false,5341,0.98925,2,CR9f3683203-55,1.0,false,#A57F65
144.123757,102.685967,Aldoc,48,false,5342,0.99179,1,CR9f3683203-59,1.0,false,#004A00
129.041852,11.508262,Aldoc,7,false,5343,0.99136,2,CR9f3683203-24,1.0,false,#005F8B
122.528343,35.086768,Slc17a7,15,false,5344,0.98586,1,CR9f3683203-34,1.0,false,#86ABD1
32.641726,51.076953,Aldoc,18,false,5345,0.99185,3,CR9f3683203-9,1.0,false,#AC7B5B
68.452157,70.660701,Gad1,28,false,5346,0.99098,2,CR9f3683203-22,1.0,false,#005D8D
126.494195,88.882768,Aldoc,39,false,5347,0.99155,3,CR9f3683203-50,1.0,false,#904481
36.63503,12.977458,Sox10,0,true,5348,0.00461,1,CR9f3683203-2,0.98,false,#009082
129.287724,60.543896,Gad1,0,true,5349,0.0,2,,0.9,true,#FB006D
124.907205,109.751844,Slc17a7,47,false,5350,0.98822,3,CR9f3683203-56,1.0,false,#006DFC
85.228086,104.623247,Pdgfra,45,false,5351,0.98645,3,CR9f3683203-47,1.0,false,#00A2FF
66.928757,141.859924,Aldoc,60,false,5352,0.98696,3,CR9f3683203-53,1.0,false,#009793
68.180775,86.827797,Aldoc,36,false,5353,0.99132,3,CR9f3683203-30,1.0,false,#EB9669
141.559642,51.12947,Aldoc,24,false,5354,0.99186,3,CR9f3683203-46,1.0,false,#EC9669
143.141131,10.062041,Aldoc,8,false,5355,0.99186,3,CR9f3683203-32,1.0,false,#00472C
87.019842,51.321592,Aldoc,21,false,5356,0.99105,3,CR9f3683203-25,1.0,false,#00452A
144.094625,88.167104,Gad1,40,false,5357,0.99073,2,CR9f3683203-55,1.0,false,#004800
86.328162,107.529266,Aldoc,45,false,5358,0.99185,3,CR9f3683203-47,1.0,false,#4CADFF
105.533213,13.111446,Ttr,6,false,5359,0.99184,3,CR9f3683203-18,1.0,false,#361800
53.662856,66.062568,Aldoc,27,false,5360,0.98476,1,CR9f3683203-16,1.0,false,#5C4C31
67.803074,15.010603,Ttr,4,false,5361,0.99098,2,CR9f3683203-7,1.0,false,#EFCD63
33.3284,146.240113,Gad1,58,false,5362,0.99106,2,CR9f3683203-43,1.0,false,#003E4C
129.132232,104.814565,Slc17a7,47,false,5363,0.98791,3,CR9f3683203-56,1.0,false,#003A81
128.507796,107.1184,Aldoc,47,false,5364,0.99138,3,CR9f3683203-56,1.0,false,#00998C
41.216254,66.885972,Aldoc,0,true,5365,0.0,1,,1.0,true,#00452A
52.386105,92.532143,Gad1,0,true,5366,0.97588,3,CR9f3683203-23,1.0,false,#3F8767
125.020143,85.86031,Aldoc,39,false,5367,0.99184,3,CR9f3683203-50,1.0,false,#647100
106.405782,9.466715,Ttr,6,false,5368,0.99165,3,CR9f3683203-18,1.0,false,#0082FF
66.188784,105.902018,Sox10,44,false,5369,0.99091,3,CR9f3683203-40,1.0,false,#FC7354
59.310984,108.591394,Gad1,0,true,5370,0.00013,2,CR9f3683203-29,0.92,false,#5E8313
149.015626,27.652,Gad1,16,false,5371,0.72689,2,CR9f3683203-39,1.0,false,#022C97
142.322939,130.288163,Gad1,56,false,5372,0.96916,2,CR9f3683203-60,1.0,false,#FE7459
71.059063,144.576178,Aldoc,60,false,5373,0.99067,3,CR9f3683203-53,1.0,false,#8F4786
99.628373,97.839395,Slc17a7,0,true,5374,0.0,3,,1.0,true,#FC7353
144.360236,68.290893,Sox10,32,false,5375,0.99182,3,CR9f3683203-51,1.0,false,#FA734C
32.959744,128.037852,Slc17a7,50,false,5376,0.99144,3,CR9f3683203-31,1.0,false,#79E157
28.997226,30.277215,Gad1,10,false,5377,0.98854,2,CR9f3683203-5,1.0,false,#0060EF
47.344739,101.987439,Pdgfra,43,false,5378,0.96547,2,CR9f3683203-29,1.0,false,#105400
143.420522,71.262449,Slc17a7,32,false,5379,0.99171,3,CR9f3683203-51,1.0,false,#98B3E0
109.176426,70.902044,Aldoc,30,false,5380,0.99181,3,CR9f3683203-41,1.0,false,#005D7C
49.07928,122.668103,Aldoc,51,false,5381,0.99125,3,CR9f3683203-37,1.0,false,#FF0076
126.278219,72.360635,Ttr,31,false,5382,0.98854,2,CR9f3683203-49,1.0,false,#351500
32.128518,34.267254,Gad1,10,false,5383,0.98787,2,CR9f3683203-5,1.0,false,#6B3C28
16.225224,70.258152,Pdgfra,25,false,5384,0.95102,2,CR9f3683203-8,1.0,false,#428F00
64.112748,86.652342,Slc17a7,0,true,5385,0.97233,3,CR9f3683203-30,1.0,false,#676500
128.967339,111.487029,Pdgfra,47,false,5386,0.92867,3,CR9f3683203-56,1.0,false,#005000
51.21498,44.987152,Slc17a7,19,false,5387,0.88808,3,CR9f3683203-15,0.82,false,#0E6F51
125.459037,71.819208,Gad1,31,false,5388,0.98803,2,CR9f3683203-49,1.0,false,#00E5FF
136.640952,29.86709,Gad1,16,false,5389,1.0e-5,2,CR9f3683203-39,0.92,false,#F90069
105.949161,14.085904,Aldoc,6,false,5390,0.99178,3,CR9f3683203-18,1.0,false,#054B6F
51.22973,123.755476,Aldoc,51,false,5391,0.99178,1,CR9f3683203-37,1.0,false,#FF007D
34.354766,87.996351,Sox10,34,false,5392,0.99073,2,CR9f3683203-21,1.0,false,#696800
30.270421,120.266156,Slc17a7,50,false,5393,0.37627,3,CR9f3683203-31,1.0,false,#F2D2BA
69.735748,13.595157,Gad1,4,false,5394,0.99187,2,CR9f3683203-7,1.0,false,#004800
71.297104,52.327339,Sox10,20,false,5395,0.98992,3,CR9f3683203-19,1.0,false,#87006A
106.069941,50.873439,Sox10,22,false,5396,0.99187,2,CR9f3683203-33,1.0,false,#CB00B4
104.322957,17.692585,Aldoc,6,false,5397,0.73914,1,CR9f3683203-18,1.0,false,#68432E
49.666493,35.281162,Slc17a7,11,false,5398,0.98732,3,CR9f3683203-10,1.0,false,#00B049
35.118663,72.821135,Slc17a7,26,false,5399,0.98152,3,CR9f3683203-13,1.0,false,#F77767
106.664005,33.4019,Aldoc,14,false,5400,0.99187,3,CR9f3683203-26,1.0,false,#686500
