,cell_id,ABCC11,ACTA2,ACTG2,ADAM9,ADGRE5,ADH1B,ADIPOQ,AGR3,AHSP,AIF1,AKR1C1,AKR1C3,ALDH1A3,ANGPT2,ANKRD28,ANKRD29,ANKRD30A,APOBEC3A,APOBEC3B,APOC1,AQP1,AQP3,AR,AVPR1A,BACE2,BANK1,BASP1,BTNL9,C1QA,C1QC,C2orf42,C5orf46,C6orf132,C15orf48,CAV1,CAVIN2,CCDC6,CCDC80,CCL5,CCL8,CCL20,CCND1,CCPG1,CCR7,CD1C,CD3D,CD3E,CD3G,CD4,CD8A,CD8B,CD9,CD14,CD19,CD27,CD68,CD69,CD79A,CD79B,CD80,CD83,CD86,CD93,CD163,CD247,CD274,CDC42EP1,CDH1,CEACAM6,CEACAM8,CENPF,CLCA2,CLDN4,CLDN5,CLEC9A,CLEC14A,CLECL1,CLIC6,CPA3,CRHBP,CRISPLD2,CSF3,CTH,CTLA4,CTSG,CTTN,CX3CR1,CXCL5,CXCL12,CXCL16,CXCR4,CYP1A1,CYTIP,DAPK3,DERL3,DMKN,DNAAF1,DNTTIP1,DPT,DSC2,DSP,DST,DUSP2,DUSP5,EDN1,EDNRB,EGFL7,EGFR,EIF4EBP1,ELF3,ELF5,ENAH,EPCAM,ERBB2,ERN1,ESM1,ESR1,FAM49A,FAM107B,FASN,FBLIM1,FBLN1,FCER1A,FCER1G,FCGR3A,FGL2,FLNB,FOXA1,FOXC2,FOXP3,FSTL3,GATA3,GJB2,GLIPR1,GNLY,GPR183,GZMA,GZMB,GZMK,HAVCR2,HDC,HMGA1,HOOK2,HOXD8,HOXD9,HPX,IGF1,IGSF6,IL2RA,IL2RG,IL3RA,IL7R,ITGAM,ITGAX,ITM2C,JUP,KARS,KDR,KIT,KLF5,KLRB1,KLRC1,KLRD1,KLRF1,KRT5,KRT6B,KRT7,KRT8,KRT14,KRT15,KRT16,KRT23,LAG3,LARS,LDHB,LEP,LGALSL,LIF,LILRA4,LPL,LPXN,LRRC15,LTB,LUM,LY86,LYPD3,LYZ,MAP3K8,MDM2,MEDAG,MKI67,MLPH,MMP1,MMP2,MMP12,MMRN2,MNDA,MPO,MRC1,MS4A1,MUC6,MYBPC1,MYH11,MYLK,MYO5B,MZB1,NARS,NCAM1,NDUFA4L2,NKG7,NOSTRIN,NPM3,OCIAD2,OPRPN,OXTR,PCLAF,PCOLCE,PDCD1,PDCD1LG2,PDE4A,PDGFRA,PDGFRB,PDK4,PECAM1,PELI1,PGR,PIGR,PIM1,PLD4,POLR2J3,POSTN,PPARG,PRDM1,PRF1,PTGDS,PTN,PTPRC,PTRHD1,QARS,RAB30,RAMP2,RAPGEF3,REXO4,RHOH,RORC,RTKN2,RUNX1,S100A4,S100A8,S100A14,SCD,SCGB2A1,SDC4,SEC11C,SEC24A,SELL,SERHL2,SERPINA3,SERPINB9,SFRP1,SFRP4,SH3YL1,SLAMF1,SLAMF7,SLC4A1,SLC5A6,SLC25A37,SMAP2,SMS,SNAI1,SOX17,SOX18,SPIB,SQLE,SRPK1,SSTR2,STC1,SVIL,TAC1,TACSTD2,TCEAL7,TCF4,TCF7,TCF15,TCIM,TCL1A,TENT5C,TFAP2A,THAP2,TIFA,TIGIT,TIMP4,TMEM147,TNFRSF17,TOMM7,TOP2A,TPD52,TPSAB1,TRAC,TRAF4,TRAPPC3,TRIB1,TUBA4A,TUBB2B,TYROBP,UCP1,USP53,VOPP1,VWF,WARS,ZEB1,ZEB2,ZNF562
1,1,3,3,1,1,0,0,0,3,0,0,0,1,0,0,1,0,17,0,0,0,0,0,1,0,0,0,0,0,0,0,0,0,3,0,0,0,0,0,0,0,0,10,0,0,0,0,0,0,0,0,0,1,0,0,0,0,0,0,0,0,0,0,0,0,0,0,0,3,5,0,0,0,2,0,0,0,0,0,0,0,0,0,0,0,0,9,0,0,0,0,1,0,0,1,0,1,0,1,0,0,2,2,0,0,0,0,0,0,1,1,0,1,6,16,2,0,1,0,0,2,0,0,0,1,0,0,1,11,0,0,0,7,0,0,0,0,0,0,0,0,0,0,1,3,0,0,0,0,0,0,0,0,0,0,0,0,0,0,0,1,0,0,0,0,0,0,5,5,0,0,0,0,0,4,0,0,0,0,0,0,0,0,0,0,0,1,0,0,2,0,0,13,0,0,0,0,0,0,0,0,0,0,0,1,2,0,0,0,0,0,0,0,1,0,1,0,0,0,0,0,0,0,0,0,0,0,0,0,0,9,0,0,0,0,0,0,0,1,1,0,0,0,0,5,0,0,4,0,0,2,1,0,0,0,0,0,0,6,1,0,0,0,0,0,0,4,0,0,2,0,0,0,0,3,3,0,0,0,0,5,0,0,0,0,3,0,6,2,0,0,0,0,2,0,2,0,7,0,0,1,0,0,0,0,0,0,0,0,0,1,0,0,0
2,2,0,4,0,1,1,0,0,0,0,0,0,0,0,0,0,0,0,0,0,0,0,0,0,1,2,0,0,0,0,0,0,0,0,0,0,1,0,0,0,0,0,3,0,0,0,1,0,0,2,0,0,2,0,0,0,0,0,0,0,0,0,0,1,2,0,0,0,0,1,0,0,0,0,0,0,0,0,0,0,0,0,0,0,0,0,1,0,0,0,0,0,0,0,0,0,1,0,0,0,0,4,5,0,0,0,0,0,1,0,0,0,1,3,3,0,0,1,0,0,0,0,1,0,0,0,1,0,3,0,0,1,0,0,1,0,0,0,0,0,0,0,0,0,0,0,0,0,0,0,0,0,0,0,0,1,0,0,0,0,0,0,0,0,0,1,0,0,0,5,1,0,0,0,0,1,0,0,0,0,0,0,0,0,0,0,0,1,0,1,0,0,0,0,0,0,0,0,0,1,0,0,0,4,3,1,0,0,0,0,0,0,0,0,0,1,0,0,0,0,0,0,4,0,0,1,0,0,0,0,0,0,0,0,0,0,0,1,0,1,0,0,0,0,0,0,0,2,0,0,0,1,0,0,0,0,0,0,1,0,2,1,0,0,0,0,0,0,0,1,0,0,0,0,0,0,0,0,0,0,3,0,0,0,0,2,0,2,2,0,0,0,0,0,0,2,0,0,0,0,0,0,0,0,0,0,0,0,1,0,1,3,5,1
3,3,0,1,1,1,0,0,0,0,0,0,0,0,0,0,1,0,0,0,0,0,3,0,0,0,0,0,0,0,0,0,0,0,0,0,1,0,0,7,0,0,0,1,3,0,0,0,0,0,0,0,0,0,0,0,2,0,0,0,0,0,0,0,0,0,0,0,0,0,0,0,0,0,0,0,0,0,0,0,0,0,0,0,0,0,0,0,0,0,0,0,0,0,0,0,5,0,0,1,1,0,0,0,0,1,0,0,0,0,0,0,0,2,0,1,6,0,0,0,0,0,1,0,0,0,0,0,2,0,0,0,0,0,0,0,0,0,0,0,0,0,0,0,0,0,0,0,0,0,0,0,0,0,0,0,4,0,0,0,0,0,0,0,0,0,0,0,1,0,0,0,0,0,0,0,0,0,0,0,0,0,1,0,0,8,0,0,0,0,1,0,0,0,0,0,2,0,0,0,0,0,0,0,0,0,0,0,0,0,0,0,0,0,0,0,0,0,0,0,0,0,1,1,0,0,0,0,0,0,0,2,9,0,1,0,0,0,0,0,0,0,0,0,0,1,0,0,1,1,0,0,0,0,0,5,0,0,0,1,0,0,0,0,1,3,0,0,0,0,0,0,0,0,0,0,0,0,0,0,1,0,0,2,0,0,2,0,4,0,0,2,0,1,1,0,5,0,1,0,0,0,0,0,0,0,0,0,0,1,0,2,0,0,0
4,4,0,0,0,0,0,0,0,0,0,0,0,0,0,0,0,0,0,0,0,0,0,0,0,0,0,0,0,0,0,0,0,0,0,0,0,0,0,0,0,0,0,0,0,0,0,0,0,0,0,0,0,0,0,0,0,0,0,0,0,0,0,0,0,0,0,0,0,0,0,0,0,0,0,0,0,0,0,0,0,0,0,0,0,0,0,0,0,0,0,0,1,0,0,0,3,0,0,1,0,0,0,0,0,0,0,0,0,0,0,0,0,0,0,2,6,0,0,0,0,0,0,0,0,0,0,0,0,0,0,0,0,0,0,0,0,0,0,0,0,0,0,0,0,0,0,0,0,1,0,0,0,0,0,0,5,0,0,0,0,0,0,0,0,0,0,0,0,1,0,0,0,0,0,0,0,0,0,0,0,0,2,0,0,0,0,0,0,0,2,0,0,0,0,0,0,0,0,0,0,0,0,0,0,0,0,5,0,0,0,0,0,0,0,0,0,0,0,0,0,0,0,0,0,1,0,1,0,0,0,1,0,0,2,0,0,0,0,0,0,0,0,0,0,1,0,1,0,0,0,0,0,0,0,1,1,0,0,0,0,0,0,0,0,3,0,0,0,0,0,0,0,0,0,0,0,0,0,0,0,0,0,1,0,0,0,0,6,0,0,0,0,0,0,0,0,1,2,0,0,0,0,0,2,0,0,0,0,1,0,0,0,0,1
5,5,0,1,1,0,1,0,0,0,0,1,0,0,0,0,0,0,0,0,0,5,0,0,0,0,0,0,1,0,1,1,0,0,0,0,0,0,0,1,0,0,0,0,0,0,0,0,0,0,1,0,0,2,0,0,0,2,0,0,0,0,0,0,0,0,0,0,0,0,0,0,0,0,0,0,0,0,0,0,0,0,0,0,0,0,0,0,0,0,0,1,0,0,0,0,0,0,0,0,0,0,0,0,0,0,0,0,0,1,0,0,0,0,0,0,0,0,0,0,0,0,0,0,0,0,1,0,0,0,0,0,0,0,0,0,0,2,0,0,0,0,0,0,0,0,0,0,0,1,0,0,0,0,0,0,2,0,0,0,0,0,0,0,0,0,0,0,0,0,0,0,0,0,0,1,0,0,0,0,0,0,0,0,0,2,0,0,1,0,0,0,0,0,0,0,0,0,0,0,0,0,0,0,0,0,0,3,0,0,0,0,0,0,0,0,0,0,0,0,0,0,0,0,2,2,0,0,0,0,0,1,2,0,1,0,0,1,0,0,0,0,0,0,0,0,0,0,0,0,0,0,0,0,0,2,0,0,0,0,0,0,0,0,0,4,0,0,0,0,2,0,0,0,0,0,0,0,0,1,0,0,0,0,0,0,0,0,1,0,0,0,0,0,0,1,1,0,0,0,0,0,0,0,0,0,0,0,0,1,0,0,0,0,0
6,6,0,0,0,1,0,0,0,0,0,2,0,0,0,0,0,0,0,0,0,2,0,0,0,0,0,0,1,0,1,2,0,0,0,0,0,0,0,1,0,0,0,0,0,0,0,0,0,0,0,0,0,0,0,0,0,3,0,0,0,0,1,0,0,1,0,0,0,0,0,0,0,0,0,0,0,0,0,0,0,0,1,0,0,0,0,1,0,0,0,0,1,0,0,0,0,0,0,0,0,0,0,0,0,2,0,0,0,0,0,0,0,0,0,5,1,0,0,0,0,1,1,0,0,4,1,0,0,0,0,0,0,1,0,1,0,0,0,0,0,1,0,1,0,0,0,0,1,0,0,0,0,0,0,1,3,0,2,0,0,0,0,0,0,0,0,0,2,0,0,0,0,0,0,1,2,0,0,0,0,0,0,0,0,4,0,0,1,1,0,0,0,0,0,0,0,0,0,0,0,0,0,0,0,0,0,0,0,0,0,0,0,0,0,0,0,0,0,0,0,0,0,3,2,0,1,0,0,0,0,1,11,0,1,0,0,0,1,0,0,0,0,0,0,0,0,0,1,0,0,0,1,0,0,0,1,0,0,0,0,0,0,0,0,0,0,0,0,0,1,0,0,0,0,0,1,0,1,2,0,0,0,1,0,0,0,0,0,0,0,0,0,0,0,0,0,0,0,0,0,0,0,0,1,0,0,0,0,0,0,0,0,2,0
7,7,4,2,2,0,0,0,0,0,0,0,0,0,0,0,0,0,16,0,0,0,0,0,2,0,0,0,0,0,0,0,0,0,1,0,0,1,1,0,0,0,0,12,1,0,0,0,0,0,0,0,0,2,0,0,0,0,0,0,0,0,0,0,0,0,0,0,0,4,1,0,0,0,0,0,0,1,0,1,0,0,0,0,0,0,0,2,0,0,0,0,0,0,0,0,0,0,0,0,0,2,0,1,0,0,0,0,0,1,0,2,0,2,13,30,0,0,0,0,0,4,0,0,0,0,0,0,1,10,0,0,0,10,0,0,0,0,0,0,0,0,1,0,1,0,0,1,0,0,0,0,0,0,0,0,0,3,0,0,0,1,0,0,0,0,0,0,13,3,0,0,0,0,0,2,0,0,0,0,0,0,0,0,0,0,0,2,0,0,3,0,0,11,0,0,0,0,0,0,0,0,0,0,0,0,2,0,4,0,0,0,0,0,0,0,0,0,0,0,0,0,0,1,0,0,0,0,0,0,0,10,0,0,0,0,0,0,0,0,1,0,0,0,0,2,0,1,1,0,0,1,5,0,0,1,0,0,9,1,0,0,0,1,0,0,0,1,0,0,1,0,0,0,0,0,4,0,3,0,0,8,0,0,0,0,15,0,3,0,0,0,0,0,2,0,3,0,2,0,0,0,0,1,0,1,0,0,1,2,0,3,0,0,2
8,8,3,0,0,0,0,0,0,0,0,0,0,0,0,0,0,0,2,0,0,0,0,0,0,0,0,0,0,0,0,0,0,0,0,0,0,0,2,0,0,0,0,3,0,0,0,0,0,0,0,0,0,0,0,0,0,0,0,0,0,0,0,0,0,0,0,0,2,1,0,0,0,0,0,0,0,0,0,0,0,0,0,0,0,0,0,2,0,0,0,0,0,0,0,0,0,0,0,0,0,0,0,0,0,0,0,0,0,0,0,0,0,0,1,10,0,0,0,0,0,2,0,0,0,0,0,0,1,3,0,0,0,1,0,0,0,0,0,0,0,0,0,0,0,0,0,0,0,0,0,0,0,0,0,0,0,0,0,0,0,0,0,0,0,0,0,0,8,1,0,0,0,0,0,0,0,0,0,0,0,0,0,0,0,0,0,1,0,0,2,0,0,0,0,0,0,0,0,0,0,0,0,0,0,0,2,0,1,0,0,0,0,0,0,0,0,0,0,0,0,0,0,0,0,0,0,0,0,0,0,2,5,0,0,0,0,0,0,0,0,0,0,0,0,0,0,0,0,0,0,2,0,0,0,0,0,0,1,0,0,0,0,1,0,0,0,1,0,0,0,0,0,0,0,0,0,0,0,0,0,0,0,0,0,0,5,0,0,0,0,0,0,0,2,0,2,0,0,0,0,1,0,0,0,0,0,0,0,0,0,1,0,0,0
9,9,2,1,1,1,0,0,0,0,0,0,0,0,0,0,0,0,15,0,1,0,0,0,1,0,0,0,3,0,0,0,0,0,0,0,0,0,0,0,0,0,0,12,0,0,0,0,0,0,0,0,0,1,0,0,0,0,0,0,0,0,0,0,0,0,0,0,0,2,0,0,0,0,0,0,0,0,0,0,0,0,1,0,0,0,0,4,0,0,0,1,0,0,0,0,0,0,1,1,0,0,0,2,0,0,0,0,0,0,0,1,0,1,7,31,1,0,0,0,0,3,0,0,0,0,0,0,1,11,0,0,0,9,0,0,0,0,0,0,0,0,2,2,0,0,0,0,0,0,0,0,0,0,0,0,2,2,0,0,0,2,0,0,0,0,0,0,11,5,0,0,0,0,0,2,0,0,0,0,0,0,0,0,0,0,0,1,0,0,5,0,0,8,0,0,0,0,0,0,0,0,0,0,0,0,4,0,1,0,0,0,0,0,0,0,1,2,0,0,0,0,0,0,0,0,0,0,0,0,0,4,0,0,0,0,0,0,0,0,0,0,0,0,0,3,0,0,1,1,0,1,5,0,0,0,1,0,5,0,0,0,0,0,0,0,0,1,0,0,1,0,0,0,1,0,0,0,0,4,0,4,0,0,0,0,12,0,1,0,0,0,0,0,0,0,5,0,0,0,0,1,0,0,0,0,0,0,0,1,0,1,0,0,3
10,10,2,1,1,0,0,0,0,0,0,0,0,0,0,0,1,0,5,0,0,0,0,0,0,0,0,0,1,0,1,0,0,0,0,0,0,0,0,0,0,0,0,2,0,0,0,0,0,0,0,0,0,0,0,0,0,0,0,0,0,0,0,0,0,0,0,0,0,0,2,0,0,0,0,0,0,0,0,0,0,0,0,0,0,0,0,1,0,0,0,0,0,0,0,0,0,0,0,0,0,0,0,2,0,0,0,0,0,0,0,0,0,0,3,19,0,0,0,0,0,4,0,0,0,0,0,0,1,3,0,0,0,2,0,0,0,0,0,0,0,0,0,0,0,0,0,0,0,0,0,0,0,0,0,0,0,0,0,1,0,1,0,0,0,0,0,0,3,1,0,0,0,0,0,0,0,0,0,0,0,0,0,0,0,0,0,0,0,0,2,0,0,8,0,0,0,0,0,0,0,0,0,0,0,0,1,1,1,0,0,0,0,0,0,0,0,0,0,0,0,0,0,0,0,0,0,0,0,0,0,3,2,0,0,0,0,0,0,0,0,0,0,1,0,1,0,0,0,0,0,0,2,0,0,1,2,0,0,0,0,0,0,0,0,0,0,0,1,0,0,0,0,0,0,0,0,0,0,0,0,0,0,0,0,0,1,0,0,0,0,0,0,0,1,0,3,0,1,0,0,0,0,1,0,0,0,0,0,0,1,0,0,0,2
11,11,9,1,3,1,0,0,0,0,0,0,0,0,0,0,0,0,8,0,0,0,0,0,4,0,0,0,2,0,0,0,0,0,0,0,0,0,0,0,0,0,0,16,0,0,0,0,0,0,0,0,0,2,0,0,0,0,0,0,0,0,0,0,0,0,0,0,0,0,0,0,0,0,0,0,0,0,0,0,0,0,0,0,0,0,0,3,0,0,0,0,0,0,0,0,1,0,0,0,0,0,4,0,0,0,0,0,0,1,0,0,0,7,10,38,0,0,0,0,0,8,0,0,0,0,0,0,1,10,0,0,0,13,0,0,0,0,0,0,0,0,1,0,0,1,0,0,0,0,0,0,0,0,0,0,0,0,0,0,0,2,0,0,0,0,0,0,18,8,0,0,0,0,0,2,0,0,0,0,0,0,0,0,0,0,0,0,1,0,4,0,0,4,0,0,0,0,0,0,0,0,0,0,0,0,3,1,3,0,0,0,0,0,0,0,0,3,0,0,0,0,0,0,0,0,0,0,0,0,0,7,0,1,0,0,0,0,0,0,2,2,0,0,0,0,0,0,0,1,0,5,5,0,1,2,1,1,3,0,0,0,0,0,0,0,0,2,1,0,1,0,0,0,0,0,3,0,0,0,0,3,0,0,0,0,7,0,0,1,1,0,0,0,3,0,6,0,4,0,0,1,3,0,2,0,0,0,1,0,1,0,0,0,0
12,12,0,0,0,0,0,0,0,0,0,1,0,0,0,0,0,0,0,0,0,6,0,0,0,0,0,0,0,0,0,1,0,0,0,0,0,0,0,0,0,0,0,0,0,0,0,0,0,0,3,0,0,0,1,0,0,1,0,0,0,0,0,1,0,0,0,0,0,0,0,0,0,0,0,0,0,0,0,0,0,0,0,0,0,0,0,0,0,0,0,0,2,0,0,0,0,0,0,0,0,0,0,0,0,0,0,0,0,0,0,0,0,0,0,0,0,0,0,1,0,0,0,0,0,1,0,0,0,0,0,0,0,0,0,0,0,0,0,0,0,0,1,1,0,0,0,0,0,0,0,1,0,0,0,2,0,0,0,0,0,0,0,0,0,0,0,0,0,0,0,0,0,0,0,1,0,0,0,0,0,0,0,0,0,0,0,0,3,0,0,0,0,0,0,0,0,0,0,0,1,0,0,0,0,0,0,0,0,0,0,0,0,0,0,0,0,0,0,0,0,0,0,0,5,0,1,0,0,0,0,0,0,0,1,0,0,0,1,0,0,0,0,0,0,0,0,0,0,0,0,0,0,0,0,0,0,0,0,0,1,0,0,1,0,0,0,0,0,0,0,0,0,0,0,0,0,0,0,0,0,0,0,0,0,0,0,0,0,0,0,0,0,0,0,0,0,0,0,1,0,0,0,0,0,0,0,0,0,0,0,0,0,2,0
13,13,0,6,1,1,1,0,0,2,0,0,0,0,0,0,2,0,1,0,0,0,1,0,1,1,0,0,0,0,0,0,0,2,1,0,1,0,0,0,0,0,0,7,2,0,0,0,0,0,0,0,0,5,0,0,0,0,0,0,0,0,0,0,0,0,0,1,0,1,5,0,0,0,0,0,0,1,0,0,0,0,0,0,0,0,0,4,0,0,0,1,0,0,0,1,0,0,0,0,0,0,1,5,0,0,0,1,0,0,0,0,0,3,4,11,2,0,0,0,1,2,0,0,0,0,0,0,1,3,0,0,0,5,0,0,0,0,0,0,0,0,0,0,0,1,0,0,0,0,0,1,1,0,0,0,0,2,1,1,0,0,0,0,0,0,1,2,9,2,2,2,2,0,0,0,0,0,0,0,0,0,0,0,0,0,0,1,0,0,1,0,0,0,0,0,0,1,0,0,0,0,0,0,4,9,0,0,0,0,0,0,3,0,1,0,0,1,0,0,0,0,0,0,0,3,0,0,0,0,0,1,0,0,0,0,0,0,0,0,0,1,0,0,0,1,0,0,0,0,0,2,7,0,1,0,0,0,0,5,0,3,0,3,0,0,0,0,1,0,0,0,3,2,0,1,0,0,0,1,0,2,0,0,1,0,3,0,2,0,1,0,0,0,3,0,6,0,4,0,1,2,0,0,0,0,0,0,0,1,0,1,0,1,0
14,14,9,1,0,1,0,0,0,0,0,0,0,0,0,0,0,0,7,0,0,0,0,1,0,0,0,0,2,0,0,0,1,0,0,0,0,0,1,0,0,0,0,4,0,0,0,0,0,0,0,2,0,3,0,0,0,0,0,0,0,0,0,0,0,0,0,0,0,0,0,0,0,0,0,0,0,0,0,0,0,0,0,0,0,0,0,0,0,0,0,0,0,0,0,0,0,0,0,0,0,0,1,0,0,0,0,0,0,1,0,2,0,3,7,28,0,0,0,0,0,4,0,0,0,0,0,0,2,7,0,0,0,3,0,0,0,0,0,0,0,0,1,1,0,1,0,0,0,0,0,0,0,0,0,0,0,0,0,0,0,0,0,0,0,0,0,0,3,2,0,0,0,0,0,1,0,0,0,0,0,0,0,0,0,1,0,1,0,0,2,0,0,2,0,0,0,0,0,0,0,0,0,0,0,0,0,0,1,0,0,0,0,0,0,0,0,0,0,0,0,0,0,0,0,0,0,0,0,0,0,4,0,0,0,0,0,0,0,2,0,0,0,0,0,1,0,0,0,0,0,1,2,0,0,0,1,0,2,0,0,0,0,1,0,0,0,1,0,0,1,0,0,0,0,1,0,0,0,0,0,4,0,0,0,0,8,0,0,1,0,0,0,0,0,0,3,1,1,0,0,0,1,0,0,0,0,0,3,2,0,0,0,0,2
15,15,8,1,1,3,0,0,0,0,0,0,0,0,0,0,0,0,10,0,0,0,0,0,0,0,0,0,5,0,0,0,0,0,0,0,0,0,1,0,0,0,0,4,0,0,0,0,0,0,0,1,0,3,0,0,0,1,0,0,0,0,0,0,0,0,0,0,0,5,0,0,0,0,0,0,0,0,0,0,0,0,0,0,0,0,0,4,0,0,0,0,1,0,0,0,0,0,0,2,0,3,1,2,0,1,0,0,0,0,0,2,0,2,14,46,1,0,0,0,0,5,0,0,0,0,1,0,2,17,0,0,0,13,0,0,0,0,0,0,0,0,0,1,0,0,0,1,0,0,0,0,0,0,0,0,0,0,0,0,0,0,0,0,0,0,0,0,8,3,0,0,0,0,0,1,0,0,0,0,0,0,0,0,0,1,0,1,0,0,8,0,0,5,0,0,0,0,0,0,0,0,0,0,1,0,2,0,2,0,0,0,0,0,1,0,0,1,0,0,0,4,0,0,0,0,0,0,0,0,0,8,1,0,0,0,0,0,0,1,2,0,0,0,0,2,0,0,0,0,0,1,8,0,1,0,2,0,0,0,0,0,0,1,0,0,0,0,0,1,1,0,0,0,0,1,1,0,0,0,0,5,0,0,0,0,19,0,2,1,0,0,0,0,0,0,3,0,4,0,0,1,0,0,1,0,0,0,1,0,0,1,0,0,1
16,16,8,1,1,1,0,0,0,0,0,0,0,0,0,0,0,0,19,0,0,0,0,0,5,0,0,0,0,0,0,0,0,0,1,0,0,0,4,1,0,0,0,15,1,0,0,0,0,0,0,0,0,5,0,0,0,1,0,0,0,0,0,1,0,0,0,0,0,2,5,0,0,0,0,0,0,0,0,0,0,0,1,0,0,0,0,4,0,0,0,1,1,0,0,0,0,0,0,0,0,1,0,3,0,0,0,0,0,0,0,0,0,3,7,34,1,0,1,0,0,7,0,0,0,0,0,0,3,19,0,0,0,12,0,0,0,0,0,0,0,0,0,1,0,0,0,1,0,1,0,0,0,0,0,0,1,1,0,0,0,1,0,0,0,0,0,0,16,5,0,2,0,0,0,5,0,0,0,0,0,0,0,0,0,0,0,6,0,1,12,0,0,10,0,0,0,0,0,0,0,0,0,0,0,0,2,0,3,0,0,0,0,0,0,0,0,0,0,0,0,0,0,0,0,1,0,0,0,0,0,8,3,0,0,0,0,0,0,1,2,0,0,0,0,1,0,0,1,0,0,3,1,0,2,1,0,0,10,0,0,0,0,2,0,0,0,1,2,0,1,0,0,0,0,2,1,0,0,0,0,2,0,0,0,0,20,0,2,0,0,0,0,0,1,0,6,0,2,0,0,4,0,1,0,1,0,0,3,0,0,0,0,0,4
17,17,0,0,0,0,1,0,0,1,0,1,0,0,0,0,0,0,0,0,0,0,0,0,0,0,0,0,0,0,0,0,0,0,0,0,0,0,0,0,0,0,0,1,0,0,0,0,0,0,0,0,0,0,0,0,0,0,1,0,0,0,0,0,0,0,0,0,0,0,0,0,0,0,0,0,0,0,0,0,0,0,0,0,0,0,0,0,0,0,1,0,2,0,0,0,0,0,0,0,0,0,0,0,0,0,0,0,0,0,0,0,0,0,0,2,0,0,0,0,0,0,0,0,0,0,0,0,0,0,0,0,0,3,0,0,0,0,1,0,0,0,1,0,0,0,0,0,0,0,0,0,0,1,0,0,0,0,0,0,0,0,0,1,1,0,0,0,0,0,0,0,0,0,0,1,0,0,0,1,0,0,0,0,0,1,0,0,2,0,1,0,0,0,0,0,0,0,0,0,0,0,0,0,0,0,0,0,0,0,0,0,0,0,0,0,0,0,0,0,0,0,0,0,0,0,0,0,0,0,0,0,0,0,0,0,0,0,1,0,0,0,0,0,0,0,0,0,0,0,0,0,0,0,0,0,0,0,0,0,0,0,0,0,0,0,0,0,0,0,0,0,0,0,0,0,0,0,0,0,0,0,0,1,0,0,0,0,0,0,0,0,0,0,0,0,2,0,0,0,0,0,0,0,0,0,0,0,0,0,0,0,0,0,0
18,18,0,1,1,0,1,0,0,0,0,0,0,0,0,0,0,0,0,0,0,0,0,0,0,0,0,0,0,0,1,0,0,0,0,0,0,0,0,0,0,7,0,1,0,2,0,0,1,0,1,1,0,0,1,0,1,1,0,0,0,0,0,0,0,0,0,0,0,0,0,0,0,0,0,0,0,0,0,0,0,0,0,0,0,0,0,0,0,0,0,1,0,0,0,0,0,0,0,0,0,0,0,1,0,0,0,0,0,0,0,0,0,0,0,0,0,0,0,1,0,0,0,0,0,3,0,0,0,1,0,0,0,0,0,0,0,1,0,0,0,0,0,0,0,0,0,0,0,0,0,0,0,1,0,0,0,0,0,0,0,0,0,0,0,0,0,0,0,0,0,0,0,0,0,0,0,0,0,0,0,0,0,0,0,0,0,0,1,1,0,0,0,0,0,0,0,0,0,0,0,0,0,0,0,0,0,0,0,0,0,0,0,0,0,0,0,0,0,0,0,0,0,0,0,1,0,0,0,0,0,0,0,0,0,0,0,0,3,0,0,0,0,0,0,0,0,0,0,0,0,0,0,0,0,1,0,0,0,0,1,0,1,0,0,0,0,0,0,1,0,0,0,0,0,0,0,0,0,0,0,0,0,0,0,0,0,0,0,0,0,0,0,0,0,0,0,0,0,0,1,0,0,0,0,0,0,0,0,0,0,0,0,1,0
19,19,0,1,0,2,0,0,0,0,0,1,0,0,0,0,0,0,3,0,0,9,0,0,0,0,0,0,1,0,0,6,0,0,0,0,0,0,0,0,0,0,0,4,0,0,0,0,0,0,2,0,0,1,0,0,0,9,0,0,0,0,0,0,0,4,0,0,0,1,0,0,0,0,0,0,0,0,0,0,0,0,0,0,0,0,0,1,0,0,0,0,0,0,0,0,0,0,0,1,0,0,0,1,0,0,0,0,0,0,0,0,0,1,4,12,0,0,0,0,2,2,0,0,0,5,0,1,0,9,0,0,0,5,0,2,0,1,0,0,0,2,0,2,0,0,0,0,0,1,0,0,0,0,2,4,0,1,0,0,0,0,0,0,0,0,0,0,11,7,0,0,0,0,0,2,0,0,0,0,0,0,1,0,0,0,1,1,3,3,1,0,1,1,0,0,0,0,1,0,0,0,0,0,0,0,3,0,1,0,0,0,0,0,0,0,0,0,0,0,0,0,0,0,4,0,1,0,0,0,0,2,0,0,0,0,0,0,1,0,1,0,0,0,0,1,0,0,1,0,0,2,0,0,0,0,0,0,2,0,0,0,0,2,0,0,0,0,1,0,2,0,0,0,0,1,1,0,0,0,0,0,0,0,0,0,1,0,2,0,0,0,0,0,1,0,2,0,1,2,0,0,0,0,0,0,1,0,1,0,0,1,0,2,0
20,20,4,0,1,5,0,0,0,3,0,0,0,0,0,0,0,0,25,0,0,0,0,0,3,0,1,0,0,0,0,0,0,0,1,0,0,0,2,0,0,0,0,16,0,0,0,0,0,0,0,0,0,6,0,0,0,1,0,0,0,0,0,0,0,0,0,0,0,10,18,1,0,0,0,0,0,0,0,0,0,0,0,0,0,0,0,11,0,0,0,1,1,0,0,0,0,3,0,0,0,0,2,4,0,0,0,0,0,0,0,0,0,1,16,27,1,0,0,0,0,2,0,0,0,0,0,0,5,12,0,0,0,9,0,0,0,0,0,0,0,0,2,1,0,0,0,0,0,0,0,0,0,0,0,0,0,4,2,0,0,0,0,0,0,0,0,0,17,12,0,1,0,0,0,0,0,0,0,0,0,0,0,0,0,0,0,2,0,1,5,0,0,9,0,0,0,0,0,0,0,0,0,0,0,0,1,0,4,0,0,0,0,0,0,0,0,0,0,0,0,0,0,0,0,0,1,0,0,0,0,5,0,1,0,0,0,0,0,1,1,0,0,0,0,3,1,0,8,0,0,11,17,0,1,1,2,1,1,8,0,0,0,4,0,0,0,2,1,1,0,0,0,0,0,1,0,0,0,1,0,13,0,0,0,0,6,0,11,0,2,0,0,0,1,0,7,0,7,0,0,0,0,0,0,1,0,1,3,1,0,0,0,0,3
21,21,0,0,0,0,0,0,0,0,0,2,0,0,0,0,0,1,0,0,0,0,0,0,0,0,0,0,0,0,1,0,0,0,0,0,0,0,0,2,0,0,0,1,1,0,0,0,4,2,1,0,0,0,2,0,2,1,2,0,0,1,0,0,0,3,0,0,0,0,0,0,0,0,2,0,0,0,0,0,0,0,0,0,0,2,0,0,0,0,3,0,3,0,3,0,0,0,0,0,0,0,0,0,0,0,0,0,0,0,0,0,0,0,2,7,1,0,0,1,1,0,0,0,0,2,0,0,0,2,0,0,0,1,0,1,0,1,0,0,0,0,0,0,0,0,0,0,1,1,1,1,0,2,0,0,1,0,0,0,0,0,5,0,0,0,0,0,0,0,0,0,0,0,0,0,4,0,0,0,0,0,1,0,0,0,0,0,0,0,2,0,0,2,0,0,0,0,0,0,1,0,0,0,0,0,0,0,0,0,0,0,0,0,0,0,0,0,0,0,0,0,0,0,0,0,0,0,0,1,0,3,1,0,1,0,0,0,5,0,0,0,0,0,0,1,0,0,1,1,0,0,0,0,0,4,0,0,0,0,1,0,0,0,3,0,0,0,0,1,0,0,0,0,0,0,0,0,0,0,0,0,0,0,0,0,0,0,0,0,0,0,1,0,0,0,1,0,1,0,4,0,0,0,0,0,0,0,0,1,0,1,0,2,0
22,22,3,0,1,1,0,0,0,0,0,1,0,0,0,0,0,0,8,0,0,0,0,0,0,0,0,0,2,0,0,0,0,0,0,0,0,0,1,0,0,0,0,4,0,0,0,0,0,0,0,0,0,1,0,0,0,0,0,0,0,0,0,0,1,0,0,0,0,1,1,0,1,0,0,0,0,0,0,0,0,0,0,0,0,0,0,0,0,0,0,0,1,0,0,0,0,0,0,1,0,0,1,0,0,0,0,0,0,0,0,1,0,2,4,21,0,0,0,0,0,3,0,0,0,0,0,0,0,5,0,0,0,5,0,0,0,0,0,0,0,0,2,0,0,0,0,0,0,0,0,0,0,0,0,0,0,1,0,0,0,1,0,0,0,0,0,0,2,1,0,0,0,0,0,0,0,0,0,0,0,0,0,0,0,0,0,1,0,0,0,0,0,1,0,0,0,0,0,0,0,0,0,0,0,0,0,0,0,0,0,0,0,0,0,0,0,1,0,0,0,0,0,0,0,0,0,0,0,0,0,3,0,0,0,0,0,0,0,0,0,0,0,0,0,0,0,0,0,0,0,0,1,0,0,0,1,0,0,0,0,0,0,2,0,0,0,2,0,0,0,0,0,0,0,0,0,0,1,0,0,0,0,0,0,0,4,0,1,0,0,0,0,0,1,0,3,0,1,0,0,0,0,0,0,0,0,0,0,1,0,0,0,0,1
23,23,2,0,2,3,0,0,0,0,0,0,0,0,0,0,1,0,14,0,0,2,0,0,1,0,0,0,0,0,0,0,0,0,0,0,0,0,0,2,0,0,0,12,0,0,0,0,0,0,0,0,0,4,0,0,0,0,0,0,0,0,0,0,0,0,0,0,0,2,1,0,0,0,1,0,0,0,0,0,0,0,0,0,0,0,0,7,0,0,0,0,0,0,0,0,0,0,0,0,0,0,4,2,0,0,0,0,0,0,3,0,0,0,17,27,1,0,1,0,1,6,0,0,0,0,0,0,3,11,0,0,0,10,1,0,0,0,0,0,0,0,2,3,0,0,0,0,0,0,0,0,0,0,0,0,0,0,0,0,0,1,0,0,0,1,0,0,11,3,0,0,0,0,0,0,0,0,1,0,0,0,0,0,0,0,0,1,0,0,11,0,2,9,0,0,0,0,0,0,0,0,0,0,0,0,3,0,4,0,0,0,0,0,1,0,1,12,0,0,0,0,0,0,0,0,2,0,0,0,0,10,1,2,0,0,0,0,0,0,0,0,0,0,0,3,0,1,0,0,0,3,11,0,2,0,1,0,3,0,1,0,0,4,0,0,0,1,0,1,2,0,0,0,0,1,0,0,0,2,0,6,0,0,0,0,2,0,3,1,0,2,0,0,2,0,2,4,3,0,0,0,0,0,0,0,0,0,1,3,0,0,0,0,2
24,24,6,2,3,0,0,0,0,0,0,0,0,0,0,0,0,0,11,0,0,0,0,0,1,0,0,0,1,0,0,0,0,0,0,0,0,0,2,0,0,0,0,8,1,0,0,0,0,0,0,0,0,3,0,0,0,0,0,0,0,0,0,0,1,0,0,0,0,1,0,0,1,0,0,0,0,0,0,0,0,0,0,0,0,0,0,6,0,0,0,0,0,0,0,0,0,0,0,0,0,0,1,3,0,0,0,0,0,0,0,0,0,3,6,37,0,0,0,0,0,7,0,0,0,0,0,0,5,8,0,0,0,9,0,0,0,0,0,0,0,0,0,1,1,0,0,0,0,0,0,0,0,0,0,0,0,0,0,0,0,0,0,0,0,0,0,0,9,3,0,0,0,0,0,3,0,0,0,0,0,0,0,0,0,0,0,1,0,0,1,0,0,2,0,0,0,0,0,0,0,0,0,0,0,0,0,0,3,0,0,0,0,0,0,0,0,2,0,0,0,0,0,0,0,0,0,0,0,0,0,8,1,1,0,0,0,0,0,0,2,0,0,0,0,2,0,0,1,0,0,0,3,0,0,1,0,0,5,0,0,0,0,2,0,0,0,0,0,0,2,0,0,0,0,1,1,0,0,1,0,6,0,0,0,0,6,0,3,0,0,0,0,0,1,0,3,2,0,0,0,1,0,0,0,0,0,0,0,1,0,1,0,0,1
25,25,0,0,1,0,1,0,0,0,0,0,0,0,0,0,0,0,0,0,0,0,0,0,0,0,0,0,0,0,0,0,0,0,0,0,1,0,0,2,2,3,0,0,0,0,0,0,2,1,0,4,0,0,0,0,0,0,3,0,0,0,0,0,0,0,0,0,0,0,0,0,0,0,0,0,0,0,0,0,0,0,0,0,0,0,0,0,0,0,1,0,1,0,0,0,0,0,0,0,0,0,0,0,0,0,0,0,0,0,0,0,0,0,0,0,1,0,0,0,0,0,0,1,0,1,0,0,0,0,0,0,0,0,0,0,0,0,0,0,0,0,0,0,0,0,0,0,0,1,0,1,0,2,0,0,0,0,0,0,0,0,0,1,0,0,0,0,0,0,0,0,0,0,1,1,0,0,0,0,0,0,0,0,0,0,0,0,0,0,0,0,0,0,0,0,0,0,0,0,0,0,0,0,0,0,0,0,1,0,0,0,0,0,0,0,0,1,0,0,0,0,1,0,1,1,0,0,0,1,0,2,0,0,0,0,0,0,2,0,0,0,0,0,0,1,0,0,1,1,0,0,0,0,0,0,0,0,0,0,0,0,0,1,0,0,0,0,0,0,0,0,0,0,0,0,0,0,0,0,0,0,0,0,0,0,0,0,0,0,0,0,0,0,0,0,1,0,0,0,1,0,0,0,0,0,0,0,0,0,0,0,0,0,0
26,26,0,0,0,4,0,0,0,0,0,1,0,0,0,0,0,0,2,0,0,0,0,0,1,0,0,0,0,0,1,3,0,0,1,0,0,0,0,0,0,0,0,11,0,0,0,0,0,0,1,0,0,7,2,0,0,1,0,0,0,0,0,0,0,0,0,0,0,8,0,0,1,0,1,0,0,0,0,0,0,0,0,0,0,0,0,0,0,0,0,2,5,0,0,0,0,1,0,1,0,0,1,0,0,0,0,0,1,0,1,0,0,1,13,28,0,0,0,0,3,1,0,0,0,1,1,0,0,9,0,0,0,8,0,0,0,0,0,0,0,0,0,0,0,0,0,0,0,0,0,0,0,0,0,0,0,1,1,0,0,0,0,0,0,0,0,0,8,8,0,0,0,0,0,0,0,0,0,0,0,2,0,0,0,0,0,1,8,0,4,0,2,2,0,0,0,0,1,0,0,0,0,0,0,0,2,0,3,0,0,0,0,0,0,0,0,0,0,0,0,0,0,0,2,1,0,0,0,0,0,1,0,0,0,0,0,0,0,0,2,0,0,0,0,0,0,0,1,0,0,0,3,0,1,1,0,0,1,0,0,0,0,0,0,0,0,3,0,0,0,0,0,0,0,0,0,0,1,0,0,4,0,0,0,0,1,0,0,1,0,0,0,0,2,0,4,0,2,1,0,0,0,1,1,0,0,0,0,0,0,3,0,0,0
27,27,4,0,0,0,0,0,0,0,0,0,0,0,0,0,0,0,8,0,0,0,0,0,1,0,0,0,2,0,0,0,0,0,0,0,0,0,3,0,0,0,0,4,0,0,0,0,0,0,0,0,0,1,0,0,0,0,0,0,0,0,0,0,0,0,0,0,0,1,0,0,0,0,0,0,0,0,0,0,0,0,0,0,0,0,0,2,0,0,0,0,0,0,0,0,0,0,0,1,0,2,1,4,0,0,0,0,0,0,0,2,0,2,5,26,0,0,0,0,0,3,0,0,0,0,0,0,1,7,0,0,0,10,0,0,0,0,0,0,0,0,0,1,0,0,0,0,0,0,0,0,0,0,0,0,0,1,1,0,0,0,0,0,0,0,0,0,12,1,0,0,0,0,0,1,0,0,0,0,0,0,0,0,0,0,0,1,0,0,3,0,0,2,0,0,0,0,0,0,0,0,0,0,0,0,2,0,1,0,0,0,0,0,1,0,0,0,0,0,0,0,0,0,0,0,1,0,0,0,0,6,0,0,0,0,0,0,0,0,2,0,0,2,0,2,0,0,0,0,0,1,3,0,0,1,0,0,3,0,0,0,0,0,0,0,0,1,0,0,4,0,0,0,0,0,1,0,0,0,0,2,0,0,0,0,5,0,0,1,0,0,0,0,0,0,4,0,5,0,0,0,0,0,0,0,0,0,2,3,0,0,0,0,1
28,28,1,0,4,1,0,0,0,1,0,0,0,0,0,0,0,0,12,1,0,0,0,0,1,0,0,0,0,0,0,0,0,0,3,0,0,0,6,0,0,0,0,13,0,0,0,0,0,0,0,0,0,2,2,0,0,0,0,0,0,0,0,0,0,0,0,0,0,2,0,0,0,0,1,0,0,0,0,0,0,0,0,0,0,0,0,6,0,0,0,0,0,0,0,0,0,0,0,1,0,1,1,2,0,0,0,0,0,0,0,2,0,3,10,24,0,0,0,0,0,2,0,0,0,1,0,0,2,9,0,0,0,5,0,0,0,0,0,0,0,0,0,0,0,0,0,0,0,0,0,0,0,0,0,0,0,0,0,0,0,0,0,0,0,0,0,0,7,6,0,0,0,0,0,4,0,0,0,0,0,0,0,0,0,0,0,4,0,0,1,0,0,5,0,0,0,0,0,0,0,0,0,0,0,1,1,0,1,0,0,0,0,0,0,0,0,0,0,0,0,0,0,0,0,0,0,0,0,0,0,5,0,0,0,0,0,0,0,0,3,0,0,0,0,2,0,0,1,0,0,4,26,0,1,0,0,0,3,1,1,0,0,0,0,0,0,1,0,0,0,0,0,0,0,0,1,0,0,1,0,4,0,0,0,0,10,0,1,0,0,0,0,0,0,0,4,0,3,1,0,0,0,1,2,0,0,0,0,0,0,0,0,0,0
29,29,0,1,0,0,0,0,0,0,0,5,0,0,0,0,0,0,0,0,0,0,0,0,0,0,0,0,0,0,0,0,0,0,0,0,0,0,1,0,0,0,0,0,3,0,0,0,0,0,0,0,0,0,0,0,0,3,0,0,0,0,0,4,0,1,0,0,0,0,0,0,0,0,0,0,0,0,0,0,0,0,0,0,0,1,0,0,2,0,0,0,0,0,0,0,0,0,0,0,0,1,0,0,0,0,0,0,0,0,0,0,0,0,0,3,1,0,0,0,0,0,0,1,0,1,0,4,0,0,0,0,0,0,0,2,0,0,0,0,0,1,0,1,0,0,0,0,0,2,0,1,0,0,0,0,2,0,0,0,0,0,0,0,0,0,0,0,0,0,0,0,0,0,0,1,2,0,0,0,0,0,1,0,0,1,0,0,9,2,1,0,0,0,0,0,0,0,2,0,0,0,0,0,0,0,0,0,0,0,0,0,0,0,0,0,0,0,0,0,0,0,0,0,1,0,2,0,0,0,0,3,1,0,0,0,0,0,1,2,0,0,0,0,0,1,0,0,0,2,0,0,0,0,0,3,1,0,0,0,2,0,0,0,0,2,0,0,0,0,1,0,0,0,0,0,1,0,0,1,0,0,0,0,0,0,0,0,2,0,0,0,0,0,0,1,0,0,0,0,0,0,0,0,0,0,0,0,0,2,0,2,1,2,1
30,30,10,0,2,0,0,0,0,0,0,0,0,0,0,0,0,0,13,0,0,0,0,0,1,0,0,0,0,0,0,0,0,0,2,0,0,0,1,0,0,0,0,7,0,0,0,0,0,0,0,0,0,3,2,0,0,0,0,0,0,0,0,0,0,0,0,0,0,1,1,0,0,0,1,0,0,0,0,0,0,0,0,0,0,0,0,1,0,0,1,0,0,0,0,0,0,0,0,0,0,0,0,3,0,0,0,0,0,1,0,1,0,5,4,24,0,0,1,0,1,9,0,0,0,0,0,0,2,3,0,0,1,10,0,0,0,0,0,0,0,0,3,0,0,0,0,0,0,0,0,0,0,0,0,0,0,1,1,0,0,0,0,0,0,0,0,0,5,3,0,0,0,0,0,1,0,0,1,0,0,0,0,0,0,0,0,1,0,0,3,0,0,7,0,0,0,0,0,0,0,0,0,0,0,0,2,0,0,0,0,0,0,0,1,0,0,0,0,0,0,0,0,0,0,0,0,0,0,0,0,7,1,1,0,0,0,0,0,1,1,0,0,0,0,0,0,0,0,0,0,0,4,0,1,2,1,0,0,0,0,0,0,2,0,0,0,0,1,0,1,0,0,0,0,0,2,0,1,0,0,0,0,0,0,0,3,0,0,0,0,0,0,0,2,0,2,0,2,0,0,0,1,0,1,0,0,0,3,0,1,0,0,0,2
31,31,0,0,0,0,0,0,0,0,0,0,0,0,0,0,1,0,0,0,1,0,0,0,0,0,0,0,1,0,0,0,0,0,0,0,1,0,0,1,3,0,0,0,0,0,0,0,2,3,0,1,0,0,0,0,1,0,0,0,0,0,0,0,0,0,0,0,0,0,0,0,0,0,0,0,0,0,0,0,0,0,0,0,0,0,0,0,0,0,0,0,4,0,1,0,0,0,0,0,0,0,0,0,0,0,0,0,0,0,0,0,0,2,0,1,3,0,0,0,0,0,0,1,0,0,0,0,0,0,0,0,0,1,0,1,0,3,2,0,0,0,0,0,0,0,0,0,0,0,0,3,0,10,0,0,1,0,0,0,0,0,3,0,0,0,0,0,0,0,0,0,0,0,0,0,1,0,0,0,0,0,0,0,0,0,0,0,0,0,0,0,0,0,0,0,0,0,0,0,0,0,0,0,0,0,0,0,1,0,0,0,0,0,0,0,0,0,0,0,0,0,0,0,1,0,0,0,0,0,0,3,0,0,0,0,0,0,4,0,0,0,0,0,0,0,0,0,0,1,0,0,0,0,0,0,0,0,0,0,0,0,0,1,0,0,0,1,0,0,0,0,0,0,0,0,1,0,0,0,0,0,0,0,1,0,0,0,0,0,0,0,1,0,0,0,1,0,1,0,2,0,1,0,0,0,0,0,0,0,0,0,1,0,0
32,32,0,0,0,0,1,0,0,0,0,1,0,0,0,0,0,0,0,0,0,0,0,2,0,0,0,0,0,0,0,1,0,0,0,0,0,0,0,0,1,4,0,0,0,0,0,0,2,0,2,1,1,0,1,0,0,0,0,0,0,0,0,0,1,0,1,0,0,0,0,0,0,0,0,0,0,0,0,0,0,0,0,0,0,0,0,0,0,0,0,0,4,0,0,0,0,0,0,0,0,0,0,0,0,0,0,0,0,0,0,0,0,0,1,0,0,0,0,0,0,0,0,0,0,0,0,1,0,0,0,0,0,0,0,1,0,4,0,0,0,1,0,0,0,0,0,0,0,0,0,1,0,2,0,0,0,0,0,0,0,0,1,0,0,0,0,0,0,0,0,0,0,0,0,1,2,0,0,0,0,0,0,0,0,0,0,0,0,0,0,0,0,1,0,0,0,0,0,0,1,0,0,0,0,0,0,0,0,0,0,0,0,0,0,0,0,0,0,0,0,0,0,0,0,1,0,0,0,0,0,1,1,0,1,0,0,0,2,0,0,0,0,0,0,0,0,0,0,1,0,0,0,0,0,0,0,0,0,0,1,0,0,0,1,0,0,0,0,0,0,0,0,0,0,0,0,0,0,0,0,0,0,0,0,0,0,0,1,0,0,0,0,0,0,0,1,0,0,0,2,0,0,0,1,0,0,0,0,0,0,0,0,0,0
33,33,0,0,1,1,0,0,0,0,0,1,0,0,0,0,0,0,0,0,0,0,0,0,0,0,0,0,0,0,0,0,0,0,0,0,0,0,0,0,0,0,0,1,0,0,0,0,2,0,0,0,0,0,0,0,1,1,1,0,0,0,0,0,0,0,2,0,0,0,0,0,0,0,0,0,0,0,0,0,0,0,0,0,0,0,0,0,0,0,0,0,4,0,3,0,0,0,0,1,0,0,0,1,0,0,0,0,0,0,0,0,0,0,0,3,0,0,0,0,2,1,0,0,0,0,0,0,1,0,0,0,0,0,0,2,0,0,1,0,0,0,0,1,0,0,0,0,0,0,0,2,0,3,1,0,0,0,0,0,0,0,0,0,0,0,0,0,0,0,0,0,0,0,0,0,1,0,0,0,0,0,1,0,0,0,0,0,0,0,0,0,0,0,0,0,0,0,0,0,0,2,0,0,0,0,0,1,1,0,0,0,0,0,0,0,0,0,0,0,0,0,0,0,0,0,0,0,0,0,0,0,0,0,0,0,0,0,4,0,0,0,0,0,0,1,0,0,0,2,0,0,0,0,0,0,0,0,0,0,2,0,0,0,0,0,0,0,0,1,0,0,0,0,0,0,0,0,0,0,0,0,0,0,1,0,0,0,0,0,0,0,0,0,0,0,1,0,0,0,2,0,0,0,1,0,0,0,0,0,0,0,0,0,0
34,34,4,0,2,0,0,0,0,0,0,1,0,0,0,0,0,0,8,0,0,0,0,0,0,0,0,0,0,0,0,0,0,0,0,0,0,0,1,0,0,0,0,4,0,0,0,0,0,0,0,0,0,1,0,0,0,0,0,0,0,0,0,0,0,0,0,0,0,1,0,0,0,0,1,0,0,0,0,0,0,0,0,0,0,0,0,3,0,0,0,0,0,0,0,0,0,0,0,0,0,3,0,0,0,0,0,0,0,0,0,1,0,4,5,14,0,0,0,0,1,1,0,0,0,0,0,0,2,6,0,0,0,10,0,0,0,0,0,0,0,0,0,0,0,0,0,0,0,0,0,0,0,0,0,0,0,2,0,0,0,2,0,0,0,0,0,0,4,5,0,0,0,0,0,1,0,0,1,0,0,0,0,0,0,0,0,1,0,0,6,0,0,4,0,0,0,0,0,0,0,0,0,0,0,0,3,0,3,0,0,0,0,1,0,0,1,0,0,0,0,0,0,0,0,1,1,0,0,0,0,3,0,0,0,0,0,0,0,0,2,1,0,0,0,0,0,1,0,0,0,0,0,0,0,1,0,0,0,0,0,1,0,0,0,0,0,1,0,0,2,0,0,0,0,0,0,0,0,0,0,3,0,0,0,0,4,0,2,2,0,0,0,0,0,0,2,0,0,0,0,1,0,4,0,0,0,0,2,1,0,0,0,0,2
35,35,0,2,2,2,0,0,0,0,0,0,1,0,0,0,1,0,0,0,0,0,1,0,1,0,7,0,1,0,0,0,1,0,0,0,3,0,0,1,2,0,0,2,1,0,0,0,0,0,0,0,0,1,0,0,0,1,0,0,0,0,0,0,5,0,0,0,1,1,0,0,4,0,0,0,0,1,0,0,0,0,1,0,0,0,0,2,0,0,0,0,0,0,0,0,0,0,0,1,0,0,0,1,0,1,0,0,1,1,0,0,0,2,2,4,0,0,0,0,0,1,0,0,0,0,0,0,0,1,0,0,0,0,2,0,0,0,0,0,0,0,0,0,0,2,0,0,0,0,0,0,1,0,0,0,0,1,0,2,0,3,0,0,0,0,0,0,2,0,0,0,0,0,0,0,4,0,0,0,0,1,0,0,0,15,0,0,0,0,11,0,3,0,0,0,0,1,0,0,1,0,0,0,0,1,0,0,0,0,0,0,0,0,1,0,0,2,0,0,0,1,3,9,0,7,1,0,0,0,0,3,16,0,1,0,0,0,0,1,0,0,3,0,0,0,0,0,3,0,0,0,1,0,0,1,3,0,3,0,1,0,1,0,0,0,0,0,0,1,2,2,0,1,0,1,1,0,0,3,0,1,0,1,0,0,7,0,0,0,0,1,0,0,1,0,1,9,0,0,0,1,1,0,3,0,0,0,0,4,3,1,2,1,0
36,36,0,3,2,3,0,0,0,0,0,0,0,0,0,0,0,0,13,0,0,0,2,0,3,0,0,0,0,0,0,0,0,0,0,0,0,0,2,0,0,0,0,7,0,0,0,0,0,0,0,0,0,2,0,0,0,0,0,0,0,0,0,0,1,0,0,0,0,7,4,0,0,0,0,0,0,0,0,0,0,0,0,0,0,0,0,7,0,0,0,0,0,0,0,0,0,0,0,0,0,0,5,3,0,0,0,0,0,0,1,0,0,2,5,15,0,0,3,0,0,3,0,0,0,0,0,0,5,11,0,0,0,6,0,0,0,0,0,0,0,0,1,2,0,0,0,0,0,0,0,0,0,0,0,0,0,0,0,0,0,0,0,0,0,0,0,0,3,4,0,1,0,0,0,0,0,0,1,0,0,0,0,0,0,0,0,1,0,0,2,0,1,6,0,0,0,0,0,0,0,0,0,0,0,0,0,0,0,0,0,0,0,0,0,0,0,1,0,0,0,0,0,0,0,0,0,0,0,0,0,5,0,0,0,0,0,0,0,1,2,0,0,0,0,1,0,1,0,0,0,7,9,1,1,1,0,0,1,11,0,0,0,2,0,0,0,1,0,0,1,0,0,0,0,1,2,0,0,0,0,3,0,0,0,0,4,0,3,1,0,0,0,0,2,0,1,0,3,0,0,0,2,0,0,0,0,0,1,0,0,1,0,1,0
37,37,7,2,1,7,0,0,0,0,0,0,0,0,0,0,0,0,3,0,0,0,0,0,0,0,0,0,4,0,0,0,0,0,0,0,0,0,0,0,0,0,0,6,0,0,0,0,0,0,0,0,0,2,1,0,0,0,0,0,0,0,0,0,0,0,0,0,0,4,1,0,2,0,0,0,0,0,0,0,0,0,1,0,0,0,0,9,0,0,0,0,0,0,0,0,0,0,0,1,0,0,1,3,0,0,0,0,0,0,1,2,0,2,12,18,3,0,0,0,0,2,0,0,0,0,0,0,1,13,0,0,0,7,0,0,0,0,0,0,0,0,2,1,1,1,0,0,0,0,0,0,0,0,0,0,0,1,0,0,0,1,0,0,0,0,0,0,7,4,0,0,0,0,0,1,0,0,0,0,0,0,0,0,0,0,0,1,0,0,4,0,0,5,0,0,0,0,0,0,0,0,0,0,0,0,1,0,3,0,0,0,2,0,0,0,0,2,0,0,0,0,0,0,0,0,0,0,0,0,0,13,0,0,0,0,0,0,0,0,4,0,0,0,0,1,0,2,1,0,0,1,1,0,0,3,1,0,2,0,0,0,0,3,0,0,0,0,1,0,0,0,0,0,0,0,2,0,2,0,0,1,0,0,0,0,10,0,1,2,0,0,0,0,1,0,1,7,1,0,0,1,1,0,0,1,0,0,1,0,1,0,0,0,5
38,38,4,1,1,2,0,0,0,0,0,1,0,0,0,0,0,0,16,0,0,0,0,0,3,0,0,0,3,0,0,0,0,0,0,0,0,0,1,0,0,0,0,26,2,0,0,0,0,0,0,0,0,4,0,0,0,0,0,0,0,0,0,0,0,1,0,0,0,5,2,0,0,0,0,0,0,0,0,0,0,0,0,0,0,0,0,7,0,0,0,1,2,0,0,1,0,1,0,1,0,0,1,11,0,0,1,0,0,0,1,0,0,2,9,45,0,0,0,0,0,7,0,0,1,0,0,0,3,18,0,0,0,11,0,0,0,0,0,0,0,0,2,0,0,0,0,0,0,0,0,0,0,0,0,0,0,0,1,1,0,0,0,0,0,0,0,0,16,8,0,0,0,0,0,3,0,0,0,0,0,0,0,0,0,0,0,3,0,0,7,0,0,4,0,0,0,0,0,0,0,0,0,0,0,0,1,0,0,0,0,0,0,0,0,0,0,3,1,0,0,0,0,0,0,0,0,0,0,0,0,15,4,0,0,0,0,0,0,1,1,0,0,1,0,0,0,3,2,0,0,2,6,0,0,1,3,0,3,1,0,0,0,4,0,0,0,0,0,0,3,0,0,0,0,2,3,0,1,0,0,6,0,0,0,0,8,0,2,5,1,0,0,0,3,0,9,0,3,0,0,5,0,0,0,0,0,0,2,2,0,2,0,0,0
39,39,3,0,1,0,0,0,0,0,0,0,0,0,0,0,0,0,3,0,0,0,0,0,0,0,0,0,0,0,0,0,0,0,0,0,0,0,0,0,0,0,0,3,0,0,0,0,0,0,0,0,0,1,0,0,0,0,0,0,0,0,0,0,0,0,0,0,0,0,0,0,0,0,0,0,0,0,0,0,0,0,0,0,0,0,0,0,0,0,0,0,0,0,0,0,0,1,0,1,0,0,0,2,0,0,0,0,0,0,0,0,0,1,5,9,0,0,0,0,0,2,0,0,0,0,0,0,0,3,0,0,0,6,0,0,0,0,0,0,0,0,0,0,0,0,0,1,0,0,0,0,0,0,0,0,0,0,0,0,0,0,0,0,0,0,0,0,2,0,0,0,0,0,0,1,0,0,0,0,0,0,0,0,0,0,0,0,0,0,4,0,0,1,0,0,0,0,0,0,0,0,0,0,0,0,0,0,0,0,0,0,0,0,0,0,0,0,0,0,0,0,0,0,0,0,0,0,0,0,0,2,0,0,0,0,0,0,0,0,2,0,0,0,0,1,0,0,0,0,0,0,1,0,0,0,1,0,0,0,0,0,0,1,0,0,0,0,0,0,0,0,0,0,0,0,0,0,0,0,0,0,0,0,0,0,3,0,1,0,0,0,0,0,1,0,1,0,0,0,0,0,0,0,0,0,0,0,1,0,0,0,0,0,1
40,40,6,0,4,1,0,0,0,0,0,1,0,0,0,0,1,0,19,0,0,5,0,0,6,0,0,0,2,0,0,0,0,0,1,0,0,0,5,0,0,0,0,10,0,0,0,0,0,0,0,0,0,2,0,0,0,0,0,0,0,0,0,0,0,1,0,0,0,3,0,0,0,0,0,0,0,0,0,0,0,0,0,0,0,0,0,9,0,0,0,0,0,0,0,0,0,0,0,0,0,0,3,1,0,1,0,0,0,0,0,4,0,4,9,47,0,0,0,0,1,6,1,0,0,0,0,0,0,11,0,0,0,15,0,0,0,0,0,0,0,3,2,2,0,3,0,0,0,1,0,0,0,0,0,1,0,1,1,0,0,2,0,0,0,0,0,0,10,7,0,0,0,0,0,0,0,0,0,0,0,0,0,0,0,0,0,1,0,0,5,0,1,12,0,0,0,0,0,0,0,0,0,0,0,0,2,0,4,0,0,0,0,0,2,0,0,3,0,0,0,0,0,0,1,0,0,0,0,0,0,13,0,0,0,0,0,0,0,0,3,0,0,3,0,3,0,0,2,0,0,5,4,0,0,0,2,0,6,0,0,0,0,3,0,0,0,2,1,2,0,0,0,0,0,1,3,0,0,2,0,1,0,0,0,0,13,0,1,0,0,0,0,0,1,0,5,0,1,0,0,1,0,0,0,1,0,0,0,2,0,2,0,0,2
41,41,0,0,0,0,0,0,0,0,0,1,0,0,0,0,0,0,0,0,0,0,4,0,0,0,0,0,0,0,0,0,0,0,0,0,1,0,0,1,0,0,0,1,0,0,0,0,0,0,1,0,0,0,0,0,0,1,0,0,0,0,0,0,3,1,0,0,0,0,0,0,0,0,0,0,0,4,0,0,0,0,0,0,0,0,0,1,0,0,1,0,0,0,0,0,0,0,0,0,0,0,0,0,0,0,0,1,0,0,0,0,0,2,0,0,0,0,0,0,0,0,0,0,0,0,0,0,0,0,0,0,0,0,0,0,0,1,0,0,0,0,0,0,0,0,0,0,0,0,0,0,0,0,0,0,0,0,0,1,0,0,0,0,0,0,0,0,0,0,0,0,0,0,0,1,0,0,0,0,0,0,1,0,0,0,0,0,5,0,0,0,0,0,0,1,0,0,1,0,0,0,0,0,0,0,0,0,0,0,0,0,0,0,0,0,0,0,0,0,0,0,0,0,0,2,0,0,0,0,0,0,0,2,1,0,0,0,0,0,0,0,0,0,0,0,0,0,0,1,0,0,0,0,0,0,0,0,0,0,0,1,0,0,0,0,0,0,0,0,0,0,0,0,0,0,0,0,0,0,0,0,0,2,0,0,4,0,0,0,0,0,0,0,0,0,1,0,0,0,0,0,0,0,0,0,0,0,0,0,2,1,0,0,1
42,42,3,2,2,1,0,0,0,0,0,2,0,0,0,0,0,0,12,0,0,1,0,0,2,0,0,0,3,0,0,1,0,0,0,0,0,0,1,0,0,0,0,15,0,0,0,0,0,0,2,0,0,3,0,0,0,0,0,0,0,0,0,0,0,0,0,0,0,1,0,0,4,0,0,0,0,0,0,0,0,0,0,0,0,0,0,2,0,0,0,0,0,0,0,0,0,0,0,1,0,0,2,3,0,0,0,0,1,0,1,0,0,5,17,30,0,0,0,0,1,2,0,0,0,4,0,1,2,16,0,0,0,12,0,0,0,0,0,0,0,0,0,2,0,0,0,0,0,0,0,0,0,0,0,0,3,1,2,0,0,0,0,0,0,0,0,0,9,4,0,0,0,0,0,2,0,0,0,0,0,0,0,0,0,0,1,3,2,0,6,0,4,7,0,0,0,0,0,0,0,0,0,0,0,0,0,0,1,0,0,0,0,0,0,0,1,1,0,0,0,1,0,0,0,0,0,0,0,0,0,15,0,1,0,0,0,0,0,1,1,0,0,0,0,0,0,1,3,0,0,5,7,0,0,2,1,0,2,0,0,0,0,0,0,1,0,4,0,0,0,0,0,0,0,1,2,0,1,0,0,0,0,0,0,0,7,0,7,4,0,0,0,0,0,0,5,4,1,0,0,2,1,1,0,0,0,0,0,0,0,1,0,2,5
43,43,17,2,1,2,2,0,0,0,0,0,0,0,0,0,0,0,21,0,0,0,1,0,1,0,1,0,2,0,0,0,0,0,1,0,0,0,2,0,0,0,0,16,0,0,0,0,0,0,0,0,0,8,0,0,0,0,0,0,0,0,0,0,0,0,0,0,0,6,1,0,0,0,0,0,0,0,0,0,0,0,0,0,1,0,0,11,0,0,0,1,5,0,0,0,0,0,0,2,0,1,1,3,0,1,0,0,0,0,1,5,0,8,10,70,2,0,0,0,0,9,0,0,0,0,0,0,1,24,0,0,1,17,0,0,0,0,0,0,0,0,1,1,1,0,0,0,0,0,0,0,0,0,0,0,1,3,1,0,0,1,0,0,0,0,0,0,19,7,0,0,0,0,0,4,0,0,0,0,0,0,0,0,0,0,0,1,1,0,5,0,0,20,0,0,0,0,0,0,0,0,0,0,0,0,5,0,4,0,0,0,0,0,0,0,0,0,0,0,0,1,0,0,0,1,1,0,0,0,0,27,1,0,0,0,0,0,0,4,3,0,0,1,0,1,0,0,1,0,0,2,4,0,1,2,2,0,9,0,1,0,0,3,0,0,0,2,1,0,2,0,0,0,0,0,4,0,0,1,0,7,0,0,0,0,19,0,1,0,4,0,0,0,1,0,7,0,0,0,0,1,1,0,0,1,0,0,7,3,0,4,0,0,3
44,44,3,1,2,2,0,0,0,0,0,0,0,0,0,0,1,0,6,0,0,0,0,0,0,0,0,0,0,0,0,1,1,0,0,0,0,0,0,0,0,0,0,6,0,0,0,0,0,0,0,1,0,0,0,0,0,1,0,0,0,0,0,0,0,0,0,0,0,3,2,0,0,0,2,0,0,0,0,0,0,0,0,0,0,0,0,5,0,0,0,0,0,0,0,0,0,1,0,0,0,0,1,1,0,0,0,0,0,0,0,2,0,1,5,10,0,0,0,0,0,3,0,0,0,2,1,0,0,3,0,0,0,3,0,0,0,0,0,0,0,0,1,1,0,0,0,0,0,0,1,0,0,0,0,0,0,0,0,0,0,0,0,0,0,0,0,0,5,4,0,0,0,0,0,1,0,0,0,0,0,0,0,0,0,0,0,1,0,0,3,0,1,7,0,0,0,0,0,0,0,0,0,0,0,0,0,0,0,0,0,0,0,0,0,0,0,0,0,0,1,0,0,0,0,0,0,0,0,0,0,6,1,0,0,0,0,0,0,0,2,0,0,0,0,1,0,0,1,0,0,1,1,0,0,0,1,0,4,0,0,0,0,1,0,0,0,0,0,1,0,0,0,0,0,0,0,0,0,0,0,0,0,0,0,0,6,0,0,0,1,0,0,0,2,0,2,1,0,0,0,2,0,0,0,0,0,0,2,0,0,0,0,0,2
45,45,17,2,1,6,0,0,0,0,0,1,0,0,0,0,0,0,14,0,0,0,0,0,2,0,0,0,1,0,0,1,1,0,0,0,0,0,2,0,0,0,0,25,0,0,0,0,0,0,0,0,0,14,0,0,0,1,0,0,0,0,0,0,0,0,0,0,0,11,0,0,3,0,2,0,0,0,0,0,0,0,0,0,0,0,0,8,0,0,0,0,0,0,0,0,0,1,0,0,0,1,3,2,1,0,0,0,0,0,0,5,0,4,25,62,1,0,1,0,0,13,0,0,0,1,1,0,5,37,0,1,1,26,0,0,0,0,0,0,0,0,3,2,2,1,0,0,0,0,0,0,0,0,0,0,1,2,0,0,0,1,0,0,0,0,0,0,32,12,0,0,0,0,0,2,0,0,0,0,0,0,0,0,0,0,0,3,1,1,6,0,0,12,0,0,0,0,0,0,0,0,0,0,0,0,2,2,6,0,0,0,0,0,1,0,0,3,0,0,0,1,0,0,1,0,1,0,0,0,0,12,1,0,0,0,0,0,0,1,1,0,0,1,1,1,0,0,1,0,0,10,3,0,1,2,1,0,8,0,4,0,0,5,0,0,0,1,1,0,0,0,0,0,0,1,1,0,1,0,0,13,0,0,0,0,8,0,1,2,1,0,0,0,3,0,11,1,6,0,0,4,1,0,0,0,0,0,1,7,0,5,0,0,5
46,46,9,1,2,2,0,0,0,0,0,0,0,0,0,0,1,0,12,0,0,0,0,0,3,0,1,0,5,0,0,0,0,0,0,0,0,0,4,0,0,0,0,18,0,0,0,0,0,0,0,0,0,4,0,0,0,0,0,0,0,0,0,0,0,0,0,0,1,4,0,0,6,0,5,0,0,0,0,0,0,0,0,0,0,0,0,7,0,0,0,0,4,0,0,0,0,1,0,1,0,1,7,2,0,0,0,0,0,0,0,0,0,1,19,56,0,0,0,0,0,7,0,0,0,0,0,0,2,29,0,0,1,9,0,0,0,0,0,0,0,1,2,2,0,0,0,0,0,0,0,0,0,0,0,0,2,3,2,0,0,2,0,0,0,0,0,0,21,11,0,0,0,0,0,2,0,0,0,0,0,0,0,0,0,0,0,4,0,0,13,0,4,11,0,0,0,0,0,0,0,0,0,0,0,0,7,0,2,0,0,0,0,0,0,0,0,3,0,0,0,0,0,0,0,0,0,0,0,0,0,13,0,0,0,0,0,0,0,2,1,0,0,0,0,3,0,2,1,0,0,1,1,0,0,2,0,0,3,0,0,0,0,4,0,0,0,2,1,0,3,0,0,0,0,1,1,0,0,3,0,2,0,0,0,0,8,0,3,0,0,0,0,0,7,0,5,12,8,0,0,1,0,1,1,0,0,0,3,7,0,2,1,0,4
47,47,10,3,3,1,0,0,0,0,0,0,0,0,0,0,1,0,21,1,0,0,0,0,2,0,0,0,0,0,0,0,0,0,0,0,0,0,1,0,0,0,0,15,2,0,0,0,0,0,0,0,0,5,0,0,0,0,0,0,0,0,0,0,0,0,0,0,0,3,0,0,2,0,2,0,0,0,0,0,0,0,0,0,0,0,0,5,0,0,0,0,1,0,0,1,0,0,0,0,0,1,2,2,0,0,0,0,0,0,1,0,0,5,13,35,3,0,0,0,2,12,0,0,0,0,0,0,2,20,0,0,0,14,0,0,0,0,0,0,0,0,2,4,0,1,0,0,0,1,0,0,0,0,0,0,0,1,2,0,0,2,0,0,0,0,0,0,21,13,0,0,0,0,0,1,0,0,1,0,0,0,0,0,0,2,0,8,0,0,2,0,0,6,0,0,0,0,0,0,0,0,0,0,0,0,3,0,2,0,0,0,0,0,0,0,1,4,0,0,0,1,0,0,0,0,2,0,0,1,0,11,0,0,0,0,0,0,0,0,3,0,0,0,0,0,1,0,2,0,0,4,1,0,2,3,1,0,2,1,0,0,0,7,0,0,0,1,0,1,1,0,0,0,0,0,4,0,2,2,0,8,0,0,0,0,9,0,2,1,1,1,1,0,3,0,3,2,4,0,0,3,1,0,0,0,0,0,2,2,0,0,0,0,4
48,48,0,0,0,0,0,0,0,0,0,0,0,0,0,0,0,0,0,0,0,1,0,0,0,0,0,0,0,0,0,0,0,0,0,0,0,0,0,0,1,0,0,0,0,0,0,0,4,3,1,0,0,0,0,0,0,0,0,0,0,0,0,0,0,0,2,0,0,0,0,0,0,0,0,0,0,0,0,0,0,0,0,0,0,0,0,0,0,0,0,0,0,0,2,0,0,0,0,0,0,0,0,0,0,0,0,0,0,0,0,0,0,0,0,3,2,0,0,0,1,0,0,0,0,0,0,0,0,1,0,0,0,0,0,0,0,0,1,0,0,0,0,1,0,0,0,0,0,0,0,1,0,4,0,0,0,0,0,0,0,0,0,0,0,0,0,0,0,0,0,0,0,0,0,0,1,0,0,0,0,0,1,0,0,0,0,0,0,0,0,0,0,0,0,0,0,0,0,0,0,0,0,0,0,0,0,0,0,0,0,0,0,0,0,0,0,0,0,0,0,0,0,0,0,0,0,0,0,0,0,2,0,0,0,0,0,0,2,0,0,0,0,0,0,0,0,0,0,0,0,0,0,0,0,1,0,1,0,0,2,0,0,0,0,0,0,0,0,0,0,0,0,0,0,0,0,0,0,0,0,0,0,0,0,0,0,0,0,0,0,0,0,0,1,0,1,0,0,0,1,0,1,0,1,0,0,0,0,1,0,1,0,1,0
49,49,0,0,0,0,0,0,0,0,0,0,0,0,0,0,0,0,0,0,0,0,0,0,0,0,0,0,0,0,0,1,0,0,0,0,0,0,0,0,0,0,0,0,0,0,1,0,0,0,0,0,0,0,0,0,0,0,0,0,0,0,0,0,0,0,0,0,0,0,0,0,0,0,0,1,0,0,0,0,0,0,0,0,0,0,0,0,0,0,0,0,0,0,1,0,0,0,0,0,1,0,0,0,0,0,0,0,0,0,0,0,0,0,0,0,0,0,0,0,0,0,0,0,1,1,0,0,0,0,0,0,0,0,0,1,1,0,0,0,0,0,0,0,0,0,0,0,0,0,0,0,0,4,0,0,3,0,0,0,1,0,3,1,0,0,0,0,0,0,0,0,0,0,0,2,0,0,0,0,0,0,0,0,0,0,0,0,2,0,0,0,0,0,0,0,0,0,0,0,1,0,0,0,0,0,1,0,0,0,0,0,0,0,1,0,0,0,0,0,0,0,0,0,0,0,0,0,0,0,0,0,0,0,0,0,0,0,2,0,0,0,0,0,0,0,0,0,0,1,0,0,0,0,0,0,0,2,0,0,0,0,0,0,0,0,0,0,0,0,0,0,0,0,0,0,0,0,0,0,0,0,0,0,0,0,0,0,0,0,0,0,0,0,0,0,0,0,0,0,2,0,0,0,0,0,0,0,0,0,0,0,0,1,0
50,50,0,0,0,0,1,0,0,0,0,0,0,0,0,0,0,0,1,0,0,2,0,0,0,0,0,0,0,0,0,0,0,0,0,0,0,0,0,0,1,0,0,1,0,0,0,3,5,1,0,0,0,0,0,0,0,1,0,0,0,0,0,0,0,0,0,0,0,0,0,0,1,0,0,0,0,0,0,0,0,0,0,0,0,0,0,0,0,0,0,0,4,0,1,0,0,0,0,0,0,0,0,0,0,0,0,0,0,0,0,0,0,0,0,3,1,0,1,0,1,0,0,0,0,1,0,1,0,4,0,0,0,6,0,1,0,0,4,0,0,0,0,0,0,0,0,0,1,0,0,2,0,1,0,0,0,0,1,0,0,0,0,0,0,0,0,0,4,0,0,0,0,0,0,0,1,0,0,0,0,0,1,0,0,0,0,0,0,0,1,0,0,0,0,0,0,0,0,0,0,0,0,0,0,0,0,0,1,0,0,0,0,0,1,0,0,0,0,0,0,0,0,0,0,0,0,0,0,0,0,2,0,0,3,0,0,0,1,0,0,0,0,0,0,2,0,1,0,5,0,0,0,0,1,0,2,0,0,0,0,0,0,2,1,0,0,0,0,1,1,0,0,0,0,0,1,0,0,0,0,0,0,0,0,0,0,0,1,0,0,1,0,0,0,0,0,0,0,0,3,1,0,0,0,0,0,0,0,0,0,0,0,0,1
51,51,1,2,6,0,0,0,0,5,0,0,0,0,0,0,0,0,15,0,0,0,1,0,0,0,1,0,0,0,0,0,1,0,0,1,0,0,2,0,0,0,0,18,0,0,0,0,0,0,1,0,0,2,0,0,0,0,0,0,0,0,0,0,0,0,0,0,0,5,2,0,0,0,2,0,0,0,0,0,0,0,0,0,0,0,0,7,0,0,0,1,0,0,1,0,0,2,0,1,0,0,3,0,0,0,0,0,0,0,1,1,0,0,11,33,1,0,1,0,1,3,0,0,0,1,0,1,4,8,0,0,0,4,0,0,0,0,0,0,0,1,1,1,2,1,0,0,0,2,0,1,0,0,0,0,0,1,1,0,0,0,0,0,0,0,0,1,10,8,0,1,0,0,0,0,0,0,0,0,0,0,0,0,0,2,0,4,0,0,1,0,0,10,0,0,0,0,1,0,0,0,0,0,0,0,2,0,4,0,0,0,0,1,1,0,0,2,0,0,0,0,0,0,0,0,2,0,0,0,0,8,0,0,0,0,0,0,1,0,3,0,0,0,0,3,0,0,5,1,0,5,20,0,0,3,2,0,1,4,0,0,0,2,0,0,0,4,0,0,1,0,0,0,0,2,0,0,0,0,0,5,0,0,0,0,0,0,7,0,0,0,0,0,3,0,4,1,1,0,0,3,4,0,0,0,0,0,0,0,0,0,0,1,3
52,52,0,0,0,0,0,0,0,0,0,0,0,0,0,0,0,1,0,0,0,0,0,0,0,0,0,0,0,0,0,0,0,0,0,0,0,0,0,0,0,0,0,0,0,0,0,0,2,0,0,0,0,0,0,0,0,0,0,0,0,0,0,0,0,0,2,0,0,1,0,0,0,0,0,0,0,0,0,0,0,0,0,0,0,0,0,0,0,0,0,0,1,0,1,0,0,0,0,0,0,0,0,0,0,0,0,0,0,0,0,0,0,0,0,2,1,0,0,0,0,0,0,0,0,0,0,0,0,1,0,0,0,0,0,0,0,1,0,0,0,0,0,1,0,0,0,0,0,0,0,1,0,7,0,0,0,1,0,0,0,0,0,0,0,0,0,0,1,0,0,0,0,0,0,0,2,0,0,0,0,0,1,0,0,0,0,0,3,0,1,0,0,0,0,0,0,0,1,0,0,0,0,0,0,0,0,0,0,0,0,0,0,0,0,0,0,0,0,0,0,0,0,0,0,0,1,0,0,1,0,1,0,0,1,0,0,0,4,1,0,0,0,0,1,0,0,0,1,0,0,0,0,0,0,0,0,1,0,0,0,0,0,2,1,0,0,0,0,0,0,0,0,0,0,0,0,0,0,0,0,0,0,0,1,0,0,0,0,0,0,0,0,0,1,0,2,0,0,0,0,0,0,0,3,0,0,0,0,0,0,0,0,0,0
53,53,0,0,0,0,0,0,0,0,0,0,0,0,0,0,0,0,5,0,0,0,0,0,0,0,0,0,0,0,0,0,0,0,0,0,0,0,1,0,0,0,0,5,1,0,0,0,0,0,0,0,0,0,0,0,0,0,0,0,0,0,0,0,0,0,0,0,0,0,0,0,0,0,0,0,0,0,0,0,0,0,0,0,0,0,0,2,0,0,0,0,0,0,0,0,0,0,0,0,0,0,0,1,0,0,0,0,0,0,0,0,0,1,2,11,0,0,0,0,0,2,0,0,0,0,0,0,0,12,0,0,0,12,0,0,0,0,0,0,0,0,0,0,0,0,0,0,0,0,0,0,0,0,0,0,0,0,0,0,0,0,0,0,0,0,0,0,2,0,0,0,0,0,0,1,0,0,0,0,0,0,0,0,0,0,0,2,0,0,1,0,0,2,0,0,0,0,0,0,0,0,0,0,0,0,1,0,2,0,0,0,0,0,1,0,0,0,0,0,0,0,0,0,0,0,0,0,0,0,0,5,0,0,0,0,0,0,0,1,0,0,0,0,0,1,0,0,1,0,0,0,1,0,0,1,0,0,4,0,0,0,0,5,0,0,0,0,1,0,0,0,0,0,0,0,0,0,0,1,0,0,0,0,0,0,2,0,2,0,0,0,0,0,0,0,1,0,1,0,0,0,0,0,0,0,0,0,0,0,0,0,0,0,0
54,54,1,0,1,8,0,0,0,2,0,0,0,0,0,0,0,0,23,0,1,0,0,0,1,0,0,0,0,0,0,0,0,0,2,0,0,0,2,0,0,0,0,7,0,0,0,0,0,0,0,0,0,5,0,0,0,0,0,0,0,0,0,0,0,0,0,0,0,5,4,1,2,0,2,0,0,0,0,0,0,0,1,0,0,1,0,7,0,0,0,0,0,0,0,0,0,0,0,0,0,0,2,3,0,0,0,0,0,0,0,3,0,1,11,27,0,0,0,0,1,5,0,0,1,0,0,0,2,12,0,1,0,10,0,0,0,0,0,0,0,0,1,2,0,0,0,0,0,0,0,0,0,0,0,0,0,0,1,1,0,0,0,0,0,0,0,0,7,6,0,0,0,0,0,2,0,0,0,0,0,0,0,0,0,0,0,2,0,1,7,0,4,8,0,0,0,0,0,0,0,0,0,0,0,0,1,0,2,0,0,0,0,0,2,0,0,1,0,0,0,1,0,0,0,0,1,0,0,0,0,11,1,0,0,0,0,0,0,1,1,0,0,0,0,2,0,1,5,0,0,3,24,0,1,0,1,0,1,0,1,0,0,2,0,0,0,4,0,0,1,0,0,0,0,2,2,0,1,2,0,9,0,0,0,0,5,0,10,1,0,0,0,0,3,0,5,4,7,0,0,1,1,1,2,0,0,0,3,0,0,1,0,0,3
55,55,3,0,0,0,0,0,0,0,0,0,0,0,0,0,0,0,4,0,1,0,0,0,1,0,0,0,1,0,0,0,0,0,0,0,0,0,1,0,0,0,0,9,0,0,0,0,0,0,0,0,0,5,0,0,1,0,0,0,0,0,0,0,0,0,0,0,0,1,3,0,0,0,1,0,0,0,0,0,0,0,0,0,0,0,0,2,0,0,0,0,1,0,0,0,0,0,0,1,0,1,0,2,0,0,0,0,0,0,0,0,0,0,7,17,0,0,0,0,1,0,0,0,0,1,0,0,1,10,0,0,0,2,0,0,0,0,0,0,0,0,0,0,0,1,0,0,0,0,0,0,0,0,0,0,0,0,2,0,0,0,0,0,0,0,0,0,10,7,0,0,0,0,0,0,0,0,0,0,0,0,0,0,0,1,0,1,0,0,3,0,0,3,0,0,0,0,0,0,0,0,0,0,0,0,3,0,2,0,0,0,0,0,1,0,0,1,0,0,0,0,0,0,0,0,0,0,0,0,0,5,0,0,0,0,0,0,0,2,0,0,0,0,0,1,0,0,1,0,0,3,6,0,0,0,1,0,6,0,0,0,0,5,0,0,0,0,0,0,0,0,0,0,0,1,0,0,0,1,0,0,0,0,0,0,7,0,1,0,1,0,0,0,0,0,3,0,1,0,0,1,1,1,0,0,0,0,1,3,0,0,0,0,0
56,56,0,0,0,0,0,0,0,0,0,0,0,0,0,0,0,0,0,0,0,0,0,0,0,0,0,0,0,0,0,0,0,0,0,0,0,0,0,0,1,0,0,0,0,0,0,0,2,0,0,7,2,0,0,0,2,0,0,0,0,0,0,0,0,0,2,0,0,1,0,0,0,0,0,0,0,0,0,0,0,0,0,0,0,0,0,0,0,0,0,0,3,0,2,0,0,0,0,0,0,0,0,0,0,0,0,0,0,0,0,0,0,0,0,1,0,0,0,0,0,0,0,0,0,0,0,0,0,1,0,0,0,0,0,0,0,1,0,0,0,0,0,0,0,0,0,0,0,0,0,1,0,0,0,0,1,0,1,0,0,0,0,0,0,0,0,0,0,0,0,0,0,0,1,1,0,0,0,0,0,0,0,0,0,0,0,0,0,0,0,0,0,0,0,0,0,0,0,0,0,0,0,0,0,0,0,0,0,0,0,0,0,0,0,0,1,0,0,0,0,0,0,0,0,0,0,0,0,0,0,1,0,0,0,0,0,1,4,0,0,0,0,0,0,1,0,0,0,2,0,0,0,0,0,0,0,0,0,0,0,0,0,0,0,1,0,0,0,1,0,0,0,0,0,0,1,0,0,0,0,0,0,0,0,0,0,0,0,0,0,0,1,0,0,0,2,0,0,0,0,0,0,0,1,0,0,0,0,0,0,0,0,0,0
57,57,0,0,0,0,0,0,0,0,0,0,0,0,0,0,0,0,0,0,0,0,0,1,0,0,0,0,0,0,0,0,0,0,0,0,0,0,0,0,0,0,0,1,0,1,0,0,1,0,0,0,0,0,0,0,0,0,1,0,0,0,0,0,0,0,0,0,0,0,0,0,0,0,0,0,0,0,0,0,0,0,0,0,0,0,0,0,0,0,0,0,1,0,2,0,0,0,0,0,0,0,0,1,0,0,0,0,0,0,0,0,0,1,0,1,0,0,0,0,1,0,0,0,0,0,0,0,0,0,0,0,0,0,0,1,0,0,0,0,0,0,0,1,0,0,0,0,0,0,0,1,0,5,0,0,0,0,0,0,0,0,0,0,0,0,0,0,0,0,0,0,0,0,0,0,0,0,0,0,0,0,0,0,0,0,0,0,0,0,0,0,0,0,0,0,0,0,0,0,0,0,0,0,0,0,0,0,0,0,0,0,0,0,0,0,0,0,0,0,0,0,0,0,0,0,0,0,0,0,0,0,0,0,1,0,0,0,2,0,0,0,0,0,0,1,0,0,0,1,0,0,0,0,0,3,0,4,0,0,1,0,0,0,0,0,0,0,0,1,0,0,0,0,0,0,0,0,0,0,0,0,0,0,1,0,0,0,0,0,0,0,0,0,0,0,0,0,0,0,1,1,0,0,0,0,0,0,0,1,0,0,0,0,1
58,58,0,0,0,2,1,0,0,0,0,1,0,0,0,0,0,0,1,0,0,0,0,0,0,0,0,0,0,0,0,0,0,0,0,0,0,0,0,0,0,0,0,3,1,0,0,0,1,0,0,0,0,0,0,0,0,0,0,0,0,0,0,0,0,0,0,1,0,0,0,0,0,0,0,0,0,0,0,0,0,0,0,0,0,0,0,0,0,0,0,0,2,0,0,0,0,1,0,0,0,0,0,0,0,0,0,0,0,1,1,0,0,2,0,3,0,0,0,0,0,0,0,0,0,2,0,0,0,2,0,0,0,1,0,0,0,0,2,0,0,0,0,1,0,0,0,0,2,0,1,0,1,0,0,0,0,0,0,0,0,0,2,0,0,0,0,0,0,0,0,0,0,0,0,0,0,0,0,0,0,0,0,0,0,2,0,0,0,0,1,0,0,0,0,0,0,0,0,0,0,0,0,0,0,1,0,0,0,0,0,0,0,0,0,0,0,0,0,0,0,0,0,2,0,1,0,0,0,0,0,1,4,0,2,0,0,0,2,1,1,0,0,0,0,0,0,0,1,0,0,0,1,0,0,1,0,3,0,0,0,0,0,1,0,0,0,1,0,0,0,0,0,0,0,0,0,0,0,0,0,0,0,1,0,0,0,0,0,0,0,0,0,0,0,0,2,0,3,0,0,0,0,0,0,0,0,0,0,0,0,0,0,2,0
59,59,4,2,3,2,0,0,0,4,0,0,0,0,0,0,0,0,16,0,0,0,0,0,6,0,1,0,0,0,0,1,0,0,0,0,1,0,11,0,0,0,0,21,0,0,0,0,0,0,0,0,0,4,0,0,0,1,0,0,0,0,0,0,0,0,0,0,0,5,5,0,0,0,2,0,0,0,0,0,0,0,0,0,0,0,0,8,0,0,0,0,0,0,0,0,0,0,0,0,0,2,3,5,0,0,0,0,0,0,2,1,0,9,12,44,1,0,0,0,3,2,0,0,0,1,0,0,3,28,0,0,2,16,0,0,0,0,0,0,0,0,1,6,2,0,0,1,0,0,0,0,0,0,0,0,0,1,1,0,0,0,0,0,0,0,0,0,8,8,0,0,0,0,0,3,0,0,0,0,0,0,0,0,0,1,0,3,0,0,6,0,0,10,0,0,0,1,0,0,0,0,0,0,0,1,1,1,1,0,0,0,1,0,1,0,0,0,0,0,0,0,0,0,0,0,0,0,0,0,0,17,0,0,0,0,0,0,0,0,3,0,0,0,0,3,0,0,2,0,0,4,26,0,1,0,2,0,1,18,0,0,0,3,0,0,0,1,0,1,1,0,0,0,0,3,2,0,0,1,0,18,0,0,0,0,13,0,8,2,0,0,0,0,4,0,5,0,8,0,0,3,2,1,2,1,0,0,0,3,0,3,0,2,1
60,60,10,1,2,4,0,0,0,0,0,0,0,0,0,0,0,0,9,0,0,0,0,0,0,0,0,0,1,0,0,0,0,0,0,0,0,0,1,0,0,0,0,16,0,0,0,0,0,0,0,0,0,8,0,0,0,0,0,0,0,0,0,0,0,0,0,0,0,5,2,0,2,0,2,0,0,0,0,0,0,0,0,0,0,0,0,5,0,0,0,1,0,0,0,0,0,0,0,0,0,1,4,0,0,1,0,0,0,0,0,4,0,6,12,38,0,0,1,0,0,11,0,0,0,0,0,0,3,14,0,0,0,14,0,0,0,0,0,0,0,0,1,0,0,0,0,0,0,0,0,0,0,0,0,0,1,1,1,0,0,2,0,0,0,0,0,0,12,7,0,1,0,0,0,2,0,0,0,0,0,0,0,0,0,0,0,2,0,0,13,0,2,11,0,0,0,0,0,0,0,0,0,0,0,0,2,0,4,0,0,0,0,1,0,0,0,0,0,0,0,0,0,0,0,0,0,0,0,0,0,11,0,0,0,0,1,0,0,0,0,0,0,3,0,0,1,0,0,0,0,6,6,0,0,1,1,0,5,0,0,0,0,3,0,0,0,3,1,1,0,0,0,0,0,0,1,0,0,0,0,6,0,0,0,0,3,0,2,0,0,0,0,0,2,0,5,1,0,0,0,0,1,0,1,0,0,0,1,1,0,0,0,0,1
61,61,4,0,2,4,0,0,0,0,0,0,0,0,1,0,0,0,8,0,0,2,0,0,1,0,0,0,1,0,0,0,0,0,2,0,0,0,2,0,0,0,0,15,2,0,0,0,0,0,1,0,0,15,0,0,0,3,0,0,0,0,0,0,0,0,0,0,0,6,1,0,7,0,0,0,0,0,0,0,0,0,0,0,0,0,0,2,0,0,0,1,2,0,0,0,0,2,0,0,0,4,3,4,0,0,0,0,0,0,0,1,0,0,23,46,1,0,0,1,1,5,0,0,0,2,0,0,3,22,0,0,0,16,0,0,0,0,0,0,0,0,0,0,0,0,0,1,1,1,0,0,0,0,0,1,0,1,0,0,0,1,0,0,0,0,0,0,16,12,0,0,0,0,0,3,0,0,0,0,0,0,1,0,0,3,0,5,2,0,5,0,1,4,0,0,0,0,0,0,0,0,0,0,0,1,2,0,6,0,0,0,0,1,1,0,1,2,0,0,0,0,0,0,0,0,0,0,0,0,0,9,2,1,1,0,0,0,0,0,4,0,0,0,0,2,0,0,0,1,0,2,10,0,0,2,1,0,3,0,0,0,0,2,0,0,0,3,0,0,3,0,0,0,0,1,2,0,0,1,0,5,0,0,0,0,13,0,5,1,1,1,0,0,1,0,2,5,1,0,0,2,0,1,1,0,0,0,1,1,0,2,0,2,4
62,62,0,0,3,2,0,0,0,0,0,0,0,0,0,0,0,0,1,0,1,4,0,0,0,0,0,0,3,0,2,2,0,0,0,0,0,0,0,0,4,0,0,10,2,0,0,2,3,2,1,10,3,0,0,0,0,6,1,0,0,0,0,1,0,1,0,0,0,0,0,0,0,0,0,0,0,0,0,0,0,0,0,0,0,0,0,0,0,0,0,3,0,0,0,0,0,0,0,0,0,0,1,0,0,0,0,0,0,0,0,0,0,0,4,8,0,0,0,0,2,1,0,0,0,9,1,0,0,2,0,0,0,3,0,3,0,0,0,0,0,1,0,0,0,0,0,0,1,0,0,1,0,0,0,0,1,0,1,0,0,1,4,0,2,0,0,0,6,2,0,0,0,0,1,1,0,0,2,0,0,0,0,0,0,0,0,0,6,0,0,0,0,2,0,0,0,0,0,0,0,0,0,0,0,0,0,0,1,0,0,0,0,0,1,0,0,1,0,0,0,0,0,0,0,2,0,0,0,0,0,1,0,0,0,1,0,0,2,1,1,0,0,0,0,0,0,0,0,4,1,2,1,0,0,0,0,0,1,0,4,0,0,0,0,0,0,0,0,0,4,0,0,0,0,0,0,0,0,0,0,0,0,0,0,0,5,0,0,0,2,0,1,0,0,0,1,0,2,0,1,0,2,0,1,1,0,0,0,1,0,0,0,1,0
63,63,3,0,3,1,0,0,0,0,0,0,0,0,0,0,0,0,6,0,0,0,0,0,0,0,0,0,1,0,0,0,0,0,0,0,0,0,0,0,0,0,0,3,1,0,0,0,0,0,0,0,0,2,0,0,0,0,0,0,0,0,0,0,1,0,0,0,0,3,2,0,0,0,0,0,0,0,0,0,0,0,0,0,0,0,0,2,0,0,0,0,0,0,0,0,0,0,0,0,0,3,3,0,0,0,0,0,0,0,0,2,0,2,10,33,1,0,0,0,0,1,0,0,0,0,0,0,1,6,0,0,0,8,0,0,0,0,0,0,0,1,1,0,0,0,0,1,0,0,0,0,0,0,0,1,1,1,0,0,0,0,0,0,0,0,0,0,10,2,0,0,0,0,0,2,0,0,0,0,0,0,0,0,0,0,0,0,0,0,3,0,0,4,0,0,0,0,0,0,0,0,0,0,0,0,0,0,0,0,0,0,0,1,0,0,0,0,0,0,0,0,0,0,0,0,0,0,0,0,0,5,0,0,0,0,0,0,0,1,1,0,0,0,0,0,0,0,0,0,0,2,0,0,2,0,1,0,10,0,0,0,0,2,0,0,0,1,0,0,0,0,0,0,0,2,0,0,0,1,0,8,0,0,0,0,9,0,2,0,1,0,0,0,1,0,3,0,1,0,0,0,2,0,0,0,0,0,3,0,0,0,0,0,2
64,64,0,1,1,1,1,0,0,0,0,5,0,0,1,0,1,0,0,0,0,0,5,0,0,0,0,0,0,0,0,0,0,0,0,0,0,0,0,1,7,0,0,0,0,0,0,1,3,0,3,3,3,1,0,0,0,1,0,0,0,0,0,0,1,0,0,0,0,1,0,0,0,0,0,0,0,0,0,0,0,0,0,0,0,0,0,1,0,0,0,0,0,0,1,0,0,0,0,1,0,0,2,3,0,0,0,0,0,0,0,0,0,1,0,1,0,0,0,0,1,0,0,1,0,2,0,0,0,0,0,0,0,0,0,1,0,0,0,0,0,0,0,0,0,2,0,0,0,0,0,0,0,1,0,0,1,0,1,0,0,0,0,0,1,0,1,1,1,0,2,1,1,0,0,1,2,0,0,0,0,0,2,0,0,0,0,0,10,1,1,0,0,0,0,2,0,1,1,0,0,0,0,0,1,4,0,0,0,0,0,0,0,0,1,0,1,0,0,0,0,0,0,0,0,2,0,0,0,0,0,2,2,0,0,0,0,1,2,0,0,0,1,0,0,0,0,0,1,5,1,0,0,0,0,0,2,0,0,1,0,1,0,1,0,1,0,0,0,0,0,0,0,0,0,0,0,0,0,0,0,0,1,0,0,0,2,0,0,0,0,0,0,0,0,0,3,0,0,0,2,0,0,0,1,0,1,0,0,0,2,0,0,1,2
65,65,0,0,0,0,0,0,0,0,0,2,0,0,0,0,0,0,0,0,0,0,0,0,0,0,0,0,0,0,0,0,0,0,0,0,0,0,0,0,1,0,0,1,1,0,0,0,0,0,1,1,0,0,0,0,0,2,0,0,0,0,0,0,2,0,0,0,0,0,0,0,0,0,0,0,0,0,0,0,0,0,0,0,0,0,0,0,0,0,0,0,0,0,0,0,0,0,0,1,0,0,0,0,0,0,0,0,0,0,0,0,0,0,0,1,0,0,0,1,0,0,0,0,0,1,1,3,0,0,0,0,0,0,0,0,0,0,0,0,0,0,0,1,0,0,0,0,0,0,0,2,0,1,0,0,0,0,0,0,0,0,0,0,0,0,0,0,0,0,0,0,0,0,0,1,0,0,0,0,0,0,0,0,0,0,0,0,4,0,0,0,0,0,0,0,0,0,0,0,0,0,0,0,0,0,0,0,0,0,0,0,0,0,0,0,0,0,0,0,0,0,0,0,1,0,0,0,0,0,0,0,0,0,0,0,0,0,0,0,0,0,0,0,0,0,0,0,1,0,0,0,0,0,0,0,0,0,0,0,0,0,0,0,0,1,0,0,0,0,0,0,0,0,0,0,0,0,0,0,0,0,0,0,0,0,0,0,0,0,0,0,0,0,0,0,1,0,0,0,0,0,0,0,0,0,0,0,0,0,0,0,0,1,0
66,66,3,1,3,0,0,0,0,0,0,0,0,0,0,0,0,0,2,0,0,0,0,0,2,0,0,0,2,0,0,0,0,0,0,0,0,0,2,1,0,0,0,16,0,0,0,0,0,0,0,0,0,2,0,0,0,1,0,0,0,0,0,0,0,0,0,0,0,4,0,0,0,0,2,0,0,0,0,0,0,0,0,0,0,0,0,4,0,0,0,0,2,0,0,0,0,0,0,0,0,1,0,0,0,0,0,0,0,0,0,1,0,0,8,25,0,0,1,0,1,4,1,0,0,0,0,0,2,7,0,0,0,11,0,0,0,0,0,0,0,0,0,1,0,0,0,0,0,0,0,0,0,0,0,0,0,0,0,0,0,0,0,0,0,0,0,0,8,5,0,0,0,0,0,0,1,0,1,0,0,0,0,0,0,3,0,0,0,0,6,0,0,2,0,0,0,0,0,0,0,0,0,0,0,0,0,1,0,0,0,0,0,0,1,0,0,1,0,0,0,0,0,0,0,0,0,0,0,0,0,5,0,0,0,1,0,0,0,1,0,0,0,0,0,2,0,0,0,0,0,3,7,0,2,2,5,0,0,0,0,0,0,0,0,0,0,0,0,0,2,0,0,0,0,0,0,0,0,1,0,3,0,0,0,0,6,0,3,1,1,0,0,0,1,0,1,0,2,0,0,1,1,0,0,0,0,0,1,0,0,0,0,0,0
67,67,0,1,0,3,0,0,0,2,0,0,0,0,0,0,0,0,4,0,0,0,0,0,0,0,1,0,0,0,0,0,0,0,2,1,0,0,2,0,0,0,0,8,0,0,0,0,0,0,0,0,0,2,0,0,0,0,0,0,0,0,0,0,0,0,0,0,0,8,2,2,9,0,2,0,0,0,0,0,0,0,0,0,0,0,0,7,0,0,0,0,0,0,0,0,0,1,0,0,0,1,5,1,0,0,0,0,0,0,0,5,1,3,12,33,0,0,0,0,2,8,0,0,0,0,0,0,1,11,0,0,0,13,0,0,0,0,0,0,0,0,0,1,1,1,0,0,0,0,0,0,0,0,0,0,0,0,3,0,0,0,0,0,0,0,0,0,5,6,0,0,0,0,0,2,0,0,0,0,0,0,0,0,0,1,0,4,0,0,3,0,2,4,0,0,0,0,0,0,0,0,0,0,0,0,4,0,5,0,0,0,0,0,1,0,0,0,0,0,0,2,0,0,0,0,1,0,0,0,0,7,0,0,0,0,0,0,0,0,3,0,0,0,1,4,0,0,2,0,0,9,23,0,0,0,5,0,1,5,3,0,0,3,0,0,0,1,0,0,1,0,0,0,0,1,1,0,1,0,0,6,0,0,0,0,4,0,7,0,0,0,0,0,1,0,3,8,2,0,0,1,1,0,1,1,0,0,2,1,0,3,0,0,0
68,68,0,0,0,0,0,0,0,0,0,1,0,0,0,0,0,0,0,0,0,0,0,1,0,0,0,0,0,0,1,0,0,0,0,0,0,0,0,0,2,0,0,0,0,0,0,1,4,0,4,0,0,0,0,0,0,0,0,0,0,0,0,0,0,0,1,0,0,0,0,0,0,0,0,0,0,0,0,0,0,0,0,0,0,1,0,0,0,0,0,0,3,0,0,0,0,0,0,0,0,0,0,0,0,0,0,0,0,0,0,0,0,0,0,0,4,0,0,0,3,0,1,0,0,0,0,0,0,0,0,0,0,3,0,0,0,1,1,0,0,0,0,0,0,0,0,0,0,0,0,2,0,7,0,0,0,0,1,0,0,0,3,0,0,0,0,0,0,0,0,0,0,0,0,0,1,0,0,0,0,0,1,0,0,0,0,0,0,0,1,0,0,0,0,0,0,0,0,0,0,0,0,0,0,0,0,0,0,0,0,0,0,0,0,0,0,0,0,0,0,0,0,0,0,0,0,0,0,0,0,2,0,0,1,0,0,0,1,0,0,0,0,0,0,1,0,0,0,1,0,0,0,0,0,1,0,0,0,0,1,0,0,0,1,0,0,0,0,0,0,0,0,0,0,0,0,0,0,1,0,0,0,0,0,0,0,0,0,0,0,0,0,0,0,0,2,0,2,0,5,0,0,0,0,0,0,0,0,0,0,0,0,0,0
69,69,5,0,3,0,0,0,0,0,0,1,0,0,0,0,0,0,7,0,0,1,0,0,1,0,0,0,0,0,0,0,1,0,0,0,0,0,0,0,0,0,0,9,0,0,0,0,0,0,0,0,0,3,0,0,0,1,0,0,0,0,0,0,0,0,0,0,0,2,0,0,0,0,1,0,0,0,0,0,0,0,0,0,0,0,0,3,0,0,0,0,0,0,0,0,0,0,0,0,0,2,0,1,0,0,0,0,0,0,0,0,0,1,12,23,0,0,0,0,2,6,0,0,0,0,0,0,2,7,0,0,0,9,0,0,0,0,0,0,0,1,0,0,0,0,0,0,0,0,0,0,0,0,0,0,0,3,0,1,0,0,0,0,0,0,0,0,11,7,0,0,0,0,0,0,0,0,0,0,0,0,0,0,0,1,0,3,0,0,5,0,0,0,0,0,0,0,0,0,0,0,0,0,0,0,1,0,3,0,0,0,0,0,3,0,0,0,0,0,0,0,0,0,0,0,0,0,0,0,0,1,0,0,0,0,0,0,0,1,2,0,0,0,0,0,0,0,0,0,0,1,2,0,0,1,0,0,1,0,0,0,0,1,0,0,0,0,0,0,0,0,0,0,0,3,0,0,1,1,0,2,0,0,0,0,4,0,1,1,0,0,0,0,2,0,2,0,1,0,0,0,1,0,1,0,0,0,1,2,0,0,0,1,1
70,70,0,0,0,0,0,0,0,0,0,0,0,0,0,0,0,0,0,0,2,0,0,0,0,0,0,0,1,0,0,0,0,0,0,0,1,0,0,0,0,0,0,0,0,0,0,0,0,0,0,0,0,0,0,0,0,0,0,1,0,0,0,0,0,0,0,0,0,0,0,0,0,0,0,0,0,0,0,0,0,0,0,0,0,0,0,0,0,0,0,0,3,0,0,0,0,0,0,0,0,0,0,0,0,0,0,0,0,0,0,0,0,0,0,0,1,0,0,0,0,0,0,0,0,0,0,1,0,2,0,0,0,0,0,0,0,0,0,0,0,0,0,0,0,0,0,0,0,0,0,0,0,0,0,0,3,0,0,0,0,0,0,0,0,0,0,0,1,0,0,0,0,0,0,0,0,0,0,0,0,0,0,0,0,1,0,0,0,0,0,0,0,0,0,0,0,0,0,0,0,0,0,0,0,0,0,3,0,0,0,0,0,0,0,0,0,0,0,0,0,0,0,0,0,0,0,0,0,0,0,1,0,0,0,0,0,0,0,0,0,1,0,0,0,0,0,0,0,0,0,0,0,0,0,0,0,0,0,0,0,0,0,0,0,1,0,0,0,0,0,0,0,0,0,0,1,0,0,0,0,1,0,0,0,0,0,0,4,0,0,0,0,0,2,0,1,0,1,0,0,0,0,0,0,0,0,0,0,0,0,0,0,0,0
71,71,0,4,1,5,0,0,0,1,0,2,0,0,1,0,0,0,12,0,0,1,0,0,1,0,0,0,0,0,0,1,0,0,0,1,1,0,2,0,0,0,0,11,0,0,0,0,0,0,1,1,0,3,0,0,0,2,0,0,0,0,0,0,1,0,0,0,0,6,4,0,0,0,0,0,0,0,0,0,0,0,0,0,0,0,0,5,0,0,0,3,1,0,0,0,0,1,0,1,0,2,5,10,0,0,0,0,0,1,0,0,0,3,9,18,1,0,0,0,0,4,0,0,0,2,0,1,1,6,0,0,0,5,0,0,0,0,0,0,0,0,1,1,1,0,0,0,0,2,0,0,0,0,0,0,1,0,2,0,1,1,0,0,1,0,4,3,9,6,12,3,1,0,0,1,0,0,0,0,0,0,1,0,0,0,0,5,3,1,0,0,0,3,0,0,0,0,1,0,0,0,0,0,1,4,1,0,2,0,0,0,0,0,0,0,1,3,0,0,0,0,0,1,0,0,0,0,0,0,0,5,0,1,1,0,0,1,1,0,0,0,0,0,0,1,0,0,3,0,0,6,18,0,1,2,0,0,0,11,1,6,0,1,0,0,0,5,1,1,0,0,0,0,0,1,0,0,0,2,0,10,1,0,0,0,0,0,2,0,0,0,0,0,1,0,10,0,7,0,0,1,5,1,1,0,0,0,0,2,0,3,0,0,3
72,72,0,1,0,1,0,0,0,0,0,0,0,0,0,0,0,0,0,0,1,6,0,0,0,0,0,0,0,0,0,2,0,0,0,0,0,0,1,0,2,0,0,1,0,0,0,1,1,0,2,3,0,0,0,0,0,4,0,0,0,0,0,0,0,0,0,0,1,0,0,0,0,0,0,0,0,0,0,0,0,0,0,0,0,0,0,0,0,0,0,0,4,0,0,0,0,0,0,1,0,0,0,0,0,0,0,0,0,0,0,0,0,2,0,5,0,0,0,0,1,0,0,0,0,5,0,0,0,0,0,0,0,1,0,0,0,0,1,0,0,2,0,0,1,0,0,0,0,0,0,0,0,0,0,0,1,0,0,0,0,0,0,0,1,0,0,0,2,1,0,0,0,0,0,1,2,0,0,0,1,0,0,0,0,0,0,0,2,0,0,0,0,0,0,0,0,0,0,0,0,0,0,0,0,0,0,0,0,0,0,1,0,0,1,0,0,0,0,0,1,0,0,0,0,0,1,0,0,1,0,1,0,0,0,0,0,0,3,0,0,1,0,0,0,1,0,0,0,0,0,0,4,0,0,1,0,0,1,0,0,0,0,1,0,1,0,0,0,0,2,0,0,0,0,1,2,0,0,0,0,0,0,0,1,0,0,0,0,0,0,0,0,0,0,0,2,0,2,0,5,0,0,0,1,0,0,0,0,0,0,0,0,2,0
73,73,0,1,1,0,0,0,0,0,0,0,0,0,1,0,0,0,0,0,0,0,24,0,0,0,1,0,0,0,0,0,0,0,0,0,1,0,0,2,1,0,0,0,0,0,0,0,0,0,0,1,0,3,0,0,0,0,0,0,0,0,0,0,4,0,0,0,0,0,0,0,0,0,0,0,0,6,0,0,0,0,0,0,0,0,0,2,0,0,1,0,1,0,0,0,0,0,0,1,0,0,0,0,0,0,0,0,0,0,0,0,0,1,0,4,0,0,0,0,0,0,1,0,0,0,0,0,2,0,1,0,0,0,0,0,0,0,0,0,0,0,0,1,0,1,2,0,0,0,0,0,1,2,0,0,1,1,2,1,0,0,0,0,0,0,0,0,1,1,0,0,0,0,0,1,0,0,0,0,0,0,0,0,0,1,0,0,0,1,1,0,0,0,0,0,0,2,0,0,0,0,0,0,0,4,0,0,0,0,0,0,0,0,0,0,0,0,0,0,0,0,0,0,2,13,0,0,0,0,0,3,1,0,0,0,0,0,0,1,5,0,4,0,0,0,0,1,0,0,0,0,0,0,0,1,0,0,0,0,0,0,0,0,0,0,0,0,0,0,0,1,0,0,0,0,0,0,4,0,0,0,0,1,0,0,8,0,0,0,0,0,0,0,0,0,6,0,0,0,0,0,0,0,0,0,0,0,1,1,3,1,2,0,2
74,74,0,3,0,0,0,0,0,0,0,2,0,0,0,0,0,0,0,0,0,0,0,0,0,0,0,0,0,0,0,0,0,0,0,0,1,0,2,1,0,0,0,0,0,0,3,0,0,0,1,0,0,0,0,0,0,0,0,0,0,0,0,0,1,3,0,0,0,0,0,0,0,0,0,0,0,0,0,0,0,0,0,0,0,0,0,0,2,0,0,1,3,0,1,1,0,0,0,0,0,0,0,0,0,0,0,0,0,0,0,0,0,0,0,0,0,0,0,0,0,0,0,0,6,2,0,6,0,0,0,0,0,0,0,1,0,1,0,0,0,0,0,1,1,0,0,0,0,2,0,0,0,0,0,2,0,0,0,0,0,0,0,0,0,0,0,0,0,0,0,0,0,0,0,0,0,0,0,0,0,0,0,0,0,0,0,0,15,0,0,0,0,0,0,0,0,0,1,0,1,0,0,0,0,0,0,0,0,0,0,0,0,1,0,0,0,0,0,0,0,0,0,0,1,0,0,0,0,0,0,3,1,0,0,0,0,0,4,0,0,0,0,0,0,0,0,0,0,3,0,0,0,0,0,1,0,0,0,0,0,0,0,0,0,0,0,0,0,0,0,0,0,0,0,0,0,0,0,1,0,0,0,0,0,0,0,0,0,0,0,0,0,0,0,0,1,0,0,0,0,0,0,0,0,0,0,0,0,2,0,0,0,2,1
75,75,5,0,0,3,0,0,0,0,0,0,0,0,0,0,0,0,18,0,0,0,0,0,2,0,0,0,7,0,0,0,0,0,2,0,0,0,1,0,0,0,0,20,1,0,0,0,0,0,3,0,0,7,0,0,0,0,0,0,0,0,0,0,0,0,0,0,0,6,0,0,0,0,1,0,0,0,0,0,0,0,0,0,0,0,0,6,0,0,0,2,0,0,0,0,0,0,0,2,0,1,3,4,0,0,0,0,0,0,0,2,0,6,18,40,0,0,0,0,2,8,0,0,0,2,0,0,3,14,0,0,1,15,0,1,0,0,0,0,0,1,1,1,0,1,0,0,0,0,0,0,0,0,0,0,2,4,1,0,0,1,0,0,0,0,0,0,17,8,0,0,0,0,0,0,0,0,0,0,0,0,0,0,0,0,0,1,0,0,2,0,0,11,0,0,0,0,0,0,0,1,0,0,0,0,1,0,6,0,0,0,0,1,0,0,1,2,0,0,0,0,0,0,2,0,0,0,0,0,0,12,1,0,0,0,0,0,0,0,1,0,0,0,0,0,0,0,3,0,0,5,3,0,1,0,1,0,4,1,1,0,0,4,0,0,0,2,0,0,4,0,0,0,0,4,0,0,0,0,0,8,0,0,0,0,12,0,4,0,0,1,0,0,1,0,6,0,3,0,0,3,2,0,0,0,0,0,3,1,0,0,0,2,1
76,76,5,1,1,1,0,0,0,0,0,0,0,0,0,0,0,0,6,0,1,0,0,0,0,0,0,0,2,0,0,0,1,0,1,0,0,0,1,0,0,0,0,3,0,0,0,0,0,0,0,0,0,1,0,0,0,0,0,0,0,0,0,0,0,0,0,0,0,4,2,0,0,0,4,0,0,0,0,0,0,0,0,0,0,0,0,4,0,0,0,1,2,0,0,0,0,2,0,1,0,3,4,4,0,0,0,0,0,0,1,2,0,4,21,32,1,0,0,0,0,1,0,0,0,0,0,0,3,13,0,0,1,11,0,0,0,0,0,0,0,0,0,1,1,0,0,0,0,0,0,0,0,0,0,0,0,2,0,0,0,1,0,0,0,0,0,0,11,2,0,0,0,0,0,1,0,0,0,0,0,0,0,0,0,0,0,3,0,0,5,0,0,6,0,0,0,0,0,0,0,0,0,0,0,0,0,0,4,0,0,0,0,0,0,0,0,0,0,0,0,0,0,0,0,0,0,0,0,0,0,4,0,0,0,0,0,0,0,0,1,0,0,0,0,0,0,0,2,0,0,6,0,0,0,1,1,0,4,0,0,0,0,0,0,0,0,1,0,0,1,0,0,0,0,1,0,0,0,1,0,3,0,0,0,0,13,0,0,2,2,0,0,0,2,0,7,2,4,0,1,1,1,1,1,0,0,0,2,2,0,3,0,0,2
77,77,2,0,0,0,0,0,0,0,0,0,0,0,0,0,0,0,1,0,0,4,0,0,1,0,0,0,0,0,1,0,0,0,0,0,0,0,0,0,0,0,0,6,1,0,0,0,0,0,3,0,0,1,2,0,0,0,0,1,0,0,0,1,0,2,0,0,0,0,0,0,0,0,0,0,0,0,0,0,0,0,0,0,0,0,0,1,0,0,7,2,0,0,0,0,0,0,0,0,0,0,0,0,0,0,0,0,0,0,0,0,0,0,4,9,0,0,0,1,0,4,0,0,0,3,2,1,0,1,0,0,0,5,0,1,0,1,0,0,0,1,0,2,0,0,0,0,0,2,0,1,0,0,0,3,0,1,0,0,0,0,0,1,0,0,0,0,4,3,0,0,0,0,0,1,0,0,0,0,1,0,0,0,0,0,0,0,6,0,1,0,0,0,0,0,0,0,0,0,2,0,0,0,0,0,0,0,2,0,0,0,0,0,0,0,0,0,0,0,0,0,0,0,2,0,1,0,0,0,0,4,0,0,0,0,0,0,1,0,0,0,0,0,0,0,0,0,0,0,0,2,1,0,0,0,0,0,4,0,1,0,1,0,0,0,0,0,0,0,0,0,0,0,0,0,0,0,0,0,0,1,0,0,0,0,2,0,1,1,0,1,0,0,0,0,1,1,0,1,0,1,1,1,1,0,2,0,0,0,0,1,0,4,0
78,78,0,1,0,0,1,0,0,0,0,0,0,0,0,0,0,0,0,0,0,0,0,0,0,0,0,0,1,0,0,0,0,0,0,0,1,0,0,0,1,0,0,0,2,0,0,0,0,0,0,0,0,0,0,0,1,0,0,1,0,0,0,0,0,0,0,0,0,0,0,0,0,0,0,0,0,0,0,0,0,0,0,0,0,0,0,0,0,0,1,0,6,0,0,0,0,0,0,0,0,0,0,0,0,2,0,0,0,0,0,0,0,0,0,2,4,0,0,1,0,0,0,0,0,0,0,0,0,0,0,0,0,1,0,0,0,3,0,0,0,0,0,1,0,0,0,0,0,0,0,2,0,0,0,0,15,0,1,0,0,0,0,0,0,0,0,0,1,1,0,0,0,0,0,0,0,0,0,0,0,0,1,0,0,0,0,0,0,0,2,0,0,1,0,0,0,0,0,0,0,0,0,0,0,0,0,7,1,0,0,0,0,0,0,0,0,0,0,0,0,0,0,0,0,6,0,0,0,0,0,1,0,0,4,0,0,0,1,0,0,0,0,0,0,2,0,0,0,0,0,1,0,0,0,5,0,0,0,0,1,0,0,0,1,6,0,0,0,1,1,0,0,0,0,1,0,0,0,0,0,0,0,0,0,0,0,0,11,0,1,0,0,0,2,0,4,0,2,0,0,0,1,1,2,0,0,0,1,2,0,1,0,0,0
79,79,0,0,0,0,1,0,0,0,0,2,0,0,0,0,0,0,0,0,0,1,0,0,0,0,0,0,0,0,0,5,0,0,0,0,0,0,0,1,0,0,0,0,1,0,0,0,0,0,2,0,0,0,2,0,0,0,0,0,0,0,0,1,0,1,0,0,0,0,1,0,0,0,0,0,0,0,0,0,0,0,0,0,0,0,0,0,0,0,1,1,3,0,0,0,0,0,0,0,0,0,0,0,0,0,0,0,0,0,0,0,0,0,0,1,0,0,0,0,0,0,0,0,0,3,0,2,0,0,0,0,0,0,0,0,0,1,0,0,0,1,0,0,0,0,0,0,0,0,0,0,0,0,1,0,0,0,0,0,0,0,0,0,0,0,0,0,0,0,0,0,0,0,0,0,0,0,0,0,0,0,1,0,0,2,0,0,7,1,0,0,0,0,0,0,0,0,0,0,7,0,0,0,0,0,0,0,0,0,0,0,0,0,0,0,0,0,0,0,0,0,0,0,4,0,0,0,0,0,0,0,0,0,1,0,0,0,3,0,0,0,0,0,0,0,0,0,0,2,0,0,0,0,0,0,0,0,0,0,0,0,0,0,0,1,0,0,0,1,2,0,0,0,0,0,0,0,0,0,0,0,0,0,0,0,0,0,0,0,0,0,0,0,0,0,0,0,0,0,0,0,0,0,0,0,0,0,0,2,0,2,0,4,1
80,80,0,0,0,0,0,0,0,0,0,0,0,0,0,0,0,0,0,0,0,0,0,0,0,0,0,1,0,0,0,0,0,0,0,0,0,0,1,0,0,0,0,2,2,0,0,0,0,0,0,0,0,0,0,0,0,1,0,0,0,0,0,0,0,0,0,0,0,0,0,0,0,0,0,0,0,0,0,0,0,0,0,0,0,0,0,1,0,0,0,0,0,0,0,0,1,0,0,0,0,0,0,0,0,0,0,0,0,0,0,0,0,0,0,2,2,0,0,0,0,0,0,0,0,0,0,0,0,0,0,0,0,1,0,0,0,0,0,0,0,0,0,0,0,0,0,1,0,0,0,0,0,0,0,0,8,0,0,0,0,0,0,0,0,0,0,0,0,0,0,0,0,1,0,0,0,0,0,0,0,0,1,0,0,0,0,0,0,0,0,0,0,0,0,0,0,0,0,0,0,0,0,0,0,0,0,2,0,0,0,0,0,0,0,0,0,0,0,0,0,0,0,0,0,1,0,0,0,0,0,3,0,0,3,0,0,0,0,0,1,1,0,0,0,0,0,0,0,0,0,0,0,0,0,1,3,0,0,0,0,0,0,0,1,4,0,0,0,1,0,0,0,0,0,0,0,0,0,0,0,0,0,1,0,0,0,0,4,0,1,1,0,0,1,1,0,0,3,0,0,0,0,3,0,0,0,0,0,1,0,0,0,0,0
81,81,1,0,1,0,0,0,0,1,0,0,0,0,0,0,0,0,12,0,0,0,0,0,0,0,0,0,0,0,0,0,0,0,0,0,0,0,1,0,0,0,0,3,0,0,0,0,0,0,0,0,0,2,0,0,0,0,0,0,0,0,0,0,0,0,0,0,0,0,1,0,0,0,0,0,0,0,0,0,0,0,0,0,0,0,0,3,0,0,0,0,0,0,0,0,0,0,0,0,0,0,0,1,0,0,0,0,0,0,0,0,0,0,3,9,1,0,1,0,1,1,0,0,0,0,0,0,1,2,0,0,1,1,0,0,0,0,0,0,0,0,1,0,0,0,0,0,0,0,0,0,0,0,0,0,0,0,0,0,0,0,0,0,0,0,0,0,2,0,0,0,0,0,0,0,0,0,0,0,0,0,0,0,0,0,0,0,0,1,3,0,0,2,0,0,0,0,0,0,0,0,0,0,0,0,0,0,1,0,0,0,0,0,0,0,0,0,0,0,0,0,0,0,0,0,0,0,0,0,0,7,0,0,0,0,0,0,0,0,1,1,0,0,0,1,0,0,1,0,0,1,4,0,0,0,0,0,0,0,0,0,0,0,0,0,0,1,0,0,0,0,0,0,0,1,0,0,0,0,0,1,0,0,0,0,2,0,0,1,0,0,0,0,0,0,1,0,1,0,0,0,0,0,0,0,0,0,1,1,0,0,0,0,0
82,82,0,0,3,5,0,0,0,3,0,0,0,0,0,0,0,0,9,0,0,0,0,0,0,0,1,0,0,0,0,0,0,0,0,0,0,0,1,0,0,0,0,8,0,0,0,0,0,0,0,1,0,2,0,0,0,0,0,0,0,0,0,0,0,0,0,0,0,0,6,0,0,0,0,0,1,0,0,0,0,0,0,0,0,0,0,9,0,0,0,0,1,0,0,0,0,0,0,0,0,1,1,0,0,0,0,0,0,0,1,1,0,1,8,14,1,0,1,0,0,3,0,0,0,0,0,0,0,11,0,0,0,4,0,0,0,0,0,0,0,0,0,0,0,0,0,0,0,0,0,0,0,0,0,0,0,0,1,0,0,0,0,0,0,0,0,0,7,6,0,2,0,0,0,0,0,0,0,0,0,0,0,0,0,0,0,2,0,0,4,0,0,5,0,0,0,0,0,0,0,0,0,0,0,0,1,1,1,0,0,0,0,0,0,0,1,2,0,0,0,0,0,0,0,0,0,0,0,0,0,1,0,0,0,0,0,0,0,0,1,1,0,0,0,0,1,0,2,0,0,7,12,0,0,1,0,0,1,0,1,0,0,4,0,0,0,0,1,0,0,0,0,0,0,1,0,0,0,0,0,10,0,0,0,0,1,0,1,2,0,0,0,0,2,0,7,0,5,0,0,1,1,1,0,1,0,0,2,1,0,0,0,0,0
83,83,0,4,0,1,0,0,0,0,0,0,0,0,0,0,0,0,0,0,0,0,0,0,0,0,1,0,0,0,0,0,0,0,0,0,0,0,0,3,0,0,0,1,0,0,0,0,0,0,0,0,0,0,0,0,0,0,0,0,0,0,0,0,0,0,0,0,0,0,0,0,0,0,0,0,0,0,0,0,0,0,0,0,0,0,0,1,0,0,3,0,1,0,0,0,0,0,0,1,1,0,0,0,0,1,0,0,0,0,0,0,0,0,0,0,0,0,0,0,0,0,1,0,0,0,0,0,1,0,0,0,1,0,0,0,0,0,0,0,0,0,0,0,0,0,0,0,0,0,0,0,0,0,0,0,0,0,0,0,0,0,0,0,0,0,0,0,0,0,0,0,0,0,0,0,0,0,0,0,0,0,0,0,0,10,0,0,0,0,1,3,0,1,0,0,0,0,0,0,0,0,0,0,0,0,0,0,1,0,0,0,0,0,0,0,0,0,0,0,0,0,1,0,0,0,0,0,0,0,0,1,8,0,0,0,0,0,0,0,0,0,0,0,1,0,0,0,5,0,0,0,0,0,0,0,1,0,0,0,1,0,0,0,0,0,0,0,0,0,0,0,0,0,0,0,0,0,0,2,0,0,0,0,0,0,1,0,0,0,1,0,0,0,0,0,0,0,0,0,0,0,0,0,0,0,0,0,0,0,0,1,3,0,0
84,84,1,0,0,0,0,0,0,0,0,3,0,0,0,0,0,0,0,0,0,6,0,0,0,0,0,0,1,0,2,4,0,0,0,0,0,0,0,0,0,0,0,3,0,0,0,0,0,0,2,0,0,0,3,0,0,7,0,0,0,0,0,0,0,0,0,0,0,0,0,0,0,0,0,0,0,0,0,0,0,0,0,0,0,0,0,1,0,0,0,1,1,0,0,0,0,1,0,0,0,0,0,0,0,0,0,0,0,0,0,0,0,0,0,7,0,0,0,0,0,0,0,0,0,7,0,1,0,2,0,0,0,1,0,0,0,0,0,0,0,1,0,0,0,0,0,0,0,0,0,0,0,0,0,0,0,0,0,0,0,0,0,0,0,0,0,0,1,1,0,0,0,0,0,1,0,0,0,0,0,0,1,0,0,0,0,0,5,0,1,0,0,1,0,2,0,0,0,0,0,0,0,0,0,0,0,0,0,0,0,0,0,0,0,0,0,0,0,0,0,0,0,0,1,2,0,0,0,0,0,3,0,0,0,0,0,0,1,0,0,0,0,0,0,1,0,0,1,0,0,1,5,0,0,0,0,0,0,0,0,0,0,0,0,0,0,0,0,0,1,0,0,0,0,0,0,0,0,0,0,0,0,1,0,0,0,0,0,1,0,1,0,0,0,0,6,1,0,0,0,0,0,0,0,0,0,0,1,0,0,0,0,1,0
85,85,1,0,0,1,0,0,0,0,0,0,0,0,0,0,1,0,1,0,0,3,0,0,0,0,0,0,0,0,0,2,0,0,0,0,0,0,2,0,0,0,0,6,2,0,0,0,0,0,1,0,0,0,0,0,5,0,0,0,0,0,0,0,0,0,0,0,0,1,0,0,0,0,0,0,0,0,0,0,0,0,0,0,0,0,0,1,0,0,0,0,2,0,2,0,2,0,0,1,0,0,0,0,0,0,0,0,0,0,0,0,0,1,2,10,2,0,0,1,0,3,0,0,0,1,0,0,0,3,0,0,0,6,0,0,0,2,0,0,0,0,0,0,0,0,0,0,0,0,0,1,0,0,0,0,8,0,0,1,0,0,0,0,0,0,0,0,1,0,0,0,0,0,0,0,0,0,0,0,0,1,0,0,0,0,0,0,0,0,3,0,0,1,0,0,0,0,0,0,0,0,0,0,0,0,0,6,1,0,0,0,0,0,1,0,0,0,0,0,0,0,0,0,0,3,1,0,0,0,0,2,1,0,0,0,0,0,1,0,0,1,0,0,0,3,0,0,0,0,0,1,1,0,0,10,2,0,1,0,0,0,0,0,0,3,0,0,0,0,1,0,0,0,0,0,0,0,0,0,0,0,0,0,0,0,0,0,10,0,0,3,0,0,2,0,5,0,4,0,0,0,1,3,1,0,0,0,2,1,0,0,0,2,0
86,86,0,1,2,1,0,0,0,1,0,0,0,0,0,0,0,1,16,0,0,0,0,0,0,0,0,0,0,0,0,0,0,0,1,0,0,0,1,0,0,0,0,7,0,0,0,0,0,0,0,0,0,2,1,0,0,0,0,0,0,0,0,0,0,0,0,0,0,3,0,1,0,0,0,0,0,0,0,0,0,0,0,0,0,0,0,6,0,0,0,0,0,1,0,0,0,0,0,0,0,0,0,0,0,0,0,0,0,0,0,1,0,0,3,12,0,0,0,0,1,2,0,0,0,0,0,0,1,3,0,0,0,2,0,0,0,0,0,0,0,0,0,1,0,1,0,0,0,0,0,0,0,0,0,0,0,0,0,0,0,1,0,0,0,0,0,0,2,1,0,0,0,0,0,2,0,0,0,0,0,0,0,0,0,0,0,5,0,0,1,0,0,5,0,0,0,0,1,0,0,0,0,0,0,0,0,0,1,0,0,0,0,0,0,0,0,0,0,0,0,0,0,0,0,0,0,0,0,1,0,0,0,0,0,0,0,0,0,0,1,0,0,0,0,0,0,0,1,0,0,4,9,0,0,0,1,0,0,0,1,0,0,3,0,0,0,1,1,0,1,0,0,0,0,2,1,0,0,0,0,7,0,0,0,0,6,0,1,0,0,0,0,0,0,0,1,0,3,0,0,0,0,0,0,0,0,0,0,0,0,0,0,0,1
87,87,0,0,0,1,1,0,0,0,0,0,0,0,0,0,0,0,0,0,0,0,0,0,0,0,0,0,0,0,0,0,0,0,0,0,1,0,0,0,0,0,0,0,0,0,0,0,0,0,0,0,0,0,0,0,1,0,0,0,0,0,0,0,0,0,0,0,0,0,0,0,0,0,0,0,0,0,0,0,0,0,0,0,0,0,0,0,0,0,0,0,0,0,0,0,1,0,0,0,0,0,0,0,0,0,0,0,0,0,0,0,0,0,0,0,4,0,0,0,0,0,0,0,0,0,0,0,0,0,0,0,0,0,0,0,0,0,0,0,0,0,0,0,0,0,0,0,0,0,0,1,0,0,0,0,11,0,0,0,0,0,0,0,0,0,0,0,0,1,0,0,0,0,0,0,1,0,0,0,0,0,0,0,0,0,0,0,0,0,0,0,0,0,0,0,0,0,0,0,0,0,0,0,0,0,0,6,0,0,0,0,0,0,0,0,0,0,0,0,0,0,0,0,0,3,0,0,0,0,0,1,0,0,1,0,0,0,1,0,0,0,0,0,0,0,0,0,0,0,0,0,0,0,0,3,2,0,0,0,0,0,0,0,0,7,0,0,0,0,0,0,0,0,0,0,0,0,0,0,0,0,0,0,0,0,0,0,3,0,0,0,0,0,3,0,0,0,5,0,0,0,0,0,0,0,0,0,0,0,0,0,0,0,0
88,88,0,1,0,0,0,0,0,0,0,0,0,0,0,0,0,0,0,0,0,0,0,0,0,0,0,0,0,0,0,0,0,0,0,0,0,0,0,0,0,0,0,0,0,0,0,1,3,0,3,0,0,0,0,0,1,0,2,0,0,0,0,0,0,0,0,0,0,0,0,0,0,0,0,0,0,0,0,0,0,0,0,0,0,1,0,0,0,0,0,0,3,0,1,0,0,0,0,0,0,0,0,0,0,0,0,0,0,0,0,0,0,0,0,2,1,0,0,0,0,0,0,0,0,0,0,0,0,0,0,0,0,1,0,0,0,3,0,0,0,0,0,0,0,0,0,0,0,0,0,1,0,2,0,0,0,0,0,0,0,0,0,0,0,0,0,0,0,0,0,0,0,0,0,0,0,0,0,0,0,0,1,0,0,0,0,0,0,0,0,0,0,0,0,0,0,0,0,0,0,0,0,0,0,0,0,1,0,0,0,0,0,0,0,0,0,0,0,0,0,0,0,0,0,1,0,0,0,1,0,1,0,0,2,0,0,0,2,0,0,0,0,0,0,1,0,0,1,0,0,0,0,0,0,0,1,0,0,0,2,0,0,0,0,0,0,0,0,0,0,0,0,0,0,0,0,0,0,0,0,0,0,0,1,0,0,0,0,0,0,0,0,0,0,0,0,0,0,0,1,0,0,0,1,0,0,0,0,1,0,0,0,0,0
89,89,0,0,0,0,0,0,0,0,0,0,0,0,0,0,0,0,0,0,0,1,0,0,0,0,1,0,1,0,1,1,0,0,0,0,0,0,0,0,0,0,0,1,0,0,0,0,0,0,3,0,0,0,3,0,1,2,0,0,0,1,0,0,0,3,0,0,0,0,0,0,1,0,0,0,0,0,0,0,0,0,0,0,0,0,0,0,0,0,0,3,0,0,0,0,0,0,0,0,0,0,0,0,0,0,0,0,0,0,0,0,0,0,0,3,0,0,0,0,0,0,0,0,0,1,1,0,2,0,0,3,0,1,0,0,0,0,0,0,0,0,0,0,2,0,0,0,0,0,0,5,0,2,0,1,0,0,0,0,0,0,0,0,0,0,0,0,2,0,0,0,0,0,0,0,0,0,0,0,0,0,0,0,3,0,0,0,3,0,0,0,0,0,0,0,0,0,0,0,1,0,0,0,0,0,0,0,0,0,0,0,0,0,0,0,0,0,0,0,0,0,0,0,0,0,1,0,0,0,0,3,0,0,3,0,0,0,6,0,1,0,0,0,0,0,0,0,0,2,0,0,0,0,0,1,1,0,0,0,0,0,0,0,0,0,0,0,0,1,1,0,0,0,0,0,0,0,0,0,0,0,0,0,0,0,0,0,0,0,0,0,3,0,0,0,0,0,1,0,2,0,0,1,0,0,0,0,0,0,0,0,0,0,0
90,90,0,2,2,0,0,0,0,0,0,0,0,0,0,1,0,0,0,0,0,0,0,0,0,2,0,0,1,0,0,0,0,0,0,0,2,0,0,0,0,0,0,1,1,0,0,0,0,0,2,0,0,1,0,0,0,0,0,2,0,0,0,0,0,0,0,0,0,0,0,0,2,0,0,0,0,0,0,0,0,0,0,0,0,0,0,1,0,0,0,0,0,0,0,1,0,0,0,0,0,0,0,1,0,0,0,1,0,0,0,0,0,2,1,1,0,0,0,0,0,0,0,0,0,0,0,0,0,0,0,0,0,2,0,0,0,1,0,0,0,0,1,2,0,0,0,0,0,0,0,1,0,0,0,0,1,1,2,0,0,0,1,0,0,0,0,0,2,1,0,0,0,0,0,1,2,0,0,0,0,0,0,0,0,0,0,1,0,0,0,0,3,0,0,0,0,0,0,0,0,0,0,0,0,3,0,2,0,0,0,0,0,0,0,0,0,0,1,0,0,0,0,7,0,1,2,0,0,0,0,0,0,0,1,0,0,1,0,0,0,0,0,0,1,0,0,0,4,3,0,1,0,0,0,4,0,0,0,0,0,0,0,0,0,2,0,0,0,2,0,0,0,0,0,0,0,0,0,1,0,0,0,1,0,0,4,0,3,0,0,0,0,0,0,0,0,0,0,0,0,0,1,0,0,0,0,0,0,0,0,1,1,3,0
91,91,5,0,2,0,0,0,0,0,0,0,0,0,0,0,0,0,9,0,0,0,0,0,0,0,0,0,3,0,0,0,0,0,0,0,0,0,2,0,0,0,0,22,0,0,0,0,0,0,0,0,0,6,0,0,0,0,0,0,0,0,0,0,0,0,0,0,0,5,0,0,0,0,1,0,0,0,0,0,0,0,0,0,0,0,0,8,0,0,0,0,1,0,0,0,0,0,0,0,0,0,1,4,0,2,0,0,0,0,0,0,0,4,20,34,0,0,0,0,0,2,0,0,0,0,0,0,2,14,0,0,0,20,0,0,0,0,0,0,0,0,1,1,0,1,0,0,0,0,0,0,0,0,0,0,0,0,2,0,0,1,0,0,0,0,0,0,11,7,0,0,0,0,0,0,0,0,2,0,0,0,0,0,0,0,0,3,0,0,4,0,1,7,0,0,0,0,0,0,0,0,0,0,0,0,1,0,5,0,0,0,0,0,0,0,0,0,0,0,0,0,0,0,0,0,0,0,0,0,0,7,0,0,0,0,0,0,0,3,1,0,0,1,0,1,0,0,0,0,0,4,2,0,2,1,0,0,0,0,0,0,0,0,0,0,0,1,0,0,1,0,0,0,0,1,0,0,0,1,0,2,0,0,0,0,6,0,2,1,0,0,0,0,5,0,6,3,0,0,0,0,1,0,1,0,0,0,0,0,0,0,0,1,4
92,92,8,0,2,0,0,0,0,0,0,0,0,0,0,0,1,0,19,0,0,0,0,0,1,0,1,0,1,0,0,0,0,0,0,0,0,0,1,0,0,0,0,5,1,0,0,0,1,1,0,0,0,3,0,0,0,0,0,0,0,0,0,0,0,0,0,0,0,4,0,0,2,0,0,0,0,0,0,0,0,0,0,0,0,0,0,4,0,0,0,0,1,0,0,0,0,2,0,2,0,1,6,2,0,0,0,0,0,0,0,0,0,6,19,41,1,0,1,0,3,13,0,0,0,0,0,0,2,14,0,0,0,10,0,0,0,0,0,0,0,0,3,3,0,0,0,0,0,0,2,0,0,0,0,0,1,1,2,0,0,1,0,0,0,1,0,0,12,1,0,0,0,0,0,4,0,0,0,0,0,0,0,0,0,1,0,0,2,0,9,0,0,13,0,0,0,0,0,0,1,0,0,0,0,0,1,0,1,0,0,0,0,0,1,0,0,12,0,0,0,0,0,0,0,0,3,0,0,1,0,13,0,0,0,0,0,0,0,0,2,0,0,1,0,4,0,7,1,0,0,4,4,0,2,1,2,0,2,0,0,0,0,6,0,0,0,0,0,0,2,0,0,0,0,1,0,0,0,0,0,4,0,0,0,0,6,0,3,0,0,1,0,0,3,0,7,7,0,0,0,0,0,0,4,1,0,0,1,3,0,0,0,0,1
93,93,0,10,0,1,1,0,0,0,0,0,0,0,0,3,1,0,0,0,0,0,4,1,0,4,2,0,0,0,0,0,0,0,0,0,11,0,0,3,1,0,0,4,4,0,0,0,0,0,1,0,0,1,0,0,0,0,0,0,0,0,0,0,3,0,0,0,0,0,1,0,2,0,0,0,0,6,0,0,0,0,1,0,0,0,0,0,0,0,0,0,0,0,0,0,0,0,0,0,0,0,0,0,0,2,0,0,0,0,0,0,0,0,0,6,0,0,0,0,1,0,0,2,0,0,0,0,0,0,1,0,0,0,0,0,0,0,0,0,0,0,1,0,1,2,0,0,0,0,0,0,0,0,0,0,0,3,1,1,0,0,0,0,0,0,0,0,0,0,0,0,0,0,0,0,2,0,0,0,0,0,0,0,0,0,0,0,0,0,2,0,2,0,0,0,0,1,0,0,0,0,0,0,0,4,0,0,2,0,0,0,1,1,1,0,0,1,1,0,0,1,1,2,1,3,3,0,0,0,0,2,2,2,1,1,0,2,0,0,2,0,2,0,0,0,0,0,6,6,0,0,1,0,0,0,3,0,0,0,0,0,0,0,0,0,0,1,0,1,1,0,1,1,0,1,0,0,1,0,0,0,0,2,0,0,1,0,0,0,0,0,0,0,1,0,0,3,0,0,0,1,0,0,2,0,0,0,0,1,2,2,3,1,1
94,94,1,0,2,4,0,0,0,2,0,0,0,0,0,0,0,0,11,0,0,0,0,0,1,0,0,0,1,0,0,0,1,0,0,0,0,0,0,0,0,0,0,7,0,0,0,0,0,0,0,0,0,3,0,0,1,0,0,0,0,0,0,0,0,0,0,0,0,1,4,0,2,0,3,0,0,0,0,0,0,0,0,0,0,0,0,4,0,0,0,0,0,0,0,0,0,3,0,0,0,1,1,5,0,0,0,0,0,0,0,1,0,1,14,20,0,0,0,0,0,0,0,0,0,0,0,0,2,6,0,0,0,5,0,0,0,0,0,0,0,1,0,0,0,0,0,0,0,0,0,0,0,0,0,0,1,0,1,0,0,0,0,0,0,0,0,0,4,7,0,0,0,0,1,4,0,0,0,0,0,0,0,0,0,0,0,3,0,0,2,0,0,4,0,0,0,0,0,0,0,0,0,0,0,0,0,1,2,0,0,0,2,0,0,0,0,3,0,0,0,0,0,0,0,0,0,0,0,0,0,4,0,0,0,0,0,1,0,1,0,0,0,0,0,3,0,0,1,0,0,8,12,0,0,1,1,0,0,2,0,3,0,1,0,0,0,0,0,0,4,0,0,0,0,0,1,0,0,0,0,4,0,0,0,0,3,0,9,0,0,0,0,0,1,0,5,6,6,0,0,1,1,0,1,0,0,0,0,1,0,0,0,0,0
95,95,0,0,0,0,0,0,0,0,0,1,0,0,0,0,0,0,0,0,0,1,0,0,1,0,0,0,0,0,3,4,0,0,0,0,0,0,0,0,0,0,0,5,2,0,0,0,0,0,6,0,0,2,4,0,0,8,0,0,0,0,1,0,2,1,0,0,0,0,0,0,0,0,1,0,0,0,0,0,0,0,0,0,0,0,0,0,0,0,0,0,0,0,0,0,0,0,0,0,0,0,1,0,0,0,0,0,0,0,0,1,0,0,1,16,1,0,0,0,1,0,0,0,0,2,1,2,0,4,0,0,0,0,0,0,0,4,0,0,0,4,0,0,0,1,0,0,0,3,0,0,0,0,0,2,1,0,1,0,0,0,0,0,0,0,0,0,3,0,0,0,0,0,0,0,1,0,0,0,0,0,0,0,0,0,0,1,4,1,1,0,0,1,0,0,0,0,0,0,3,0,0,0,0,0,2,0,2,0,0,0,0,0,0,0,0,0,0,0,0,0,0,0,0,0,0,0,0,0,0,2,0,0,0,0,0,0,2,0,1,0,0,0,0,0,0,0,0,0,0,3,1,0,0,0,1,0,0,0,0,0,0,1,0,0,0,0,1,0,0,0,0,0,0,0,1,0,0,0,0,1,0,0,0,0,0,0,2,1,0,0,0,0,1,0,1,1,0,0,0,0,0,0,0,0,0,0,0,1,0,0,0,1,0
96,96,0,0,0,0,1,0,0,0,0,0,0,0,0,0,1,0,3,0,0,1,0,0,0,0,0,0,0,0,2,2,0,0,0,0,0,0,0,0,0,0,1,2,0,0,0,5,3,1,2,0,0,0,0,0,0,3,0,0,0,0,0,0,0,0,0,0,0,0,1,0,0,0,0,0,0,0,0,0,0,0,0,0,0,1,0,0,0,0,0,0,5,0,1,0,0,0,0,0,0,0,0,0,0,0,0,0,0,0,0,0,0,4,0,9,4,0,0,0,0,1,0,0,0,4,0,0,0,4,0,0,0,7,0,1,0,1,0,0,0,0,0,1,0,0,0,0,0,0,0,0,0,2,0,0,0,0,0,0,0,0,0,0,0,0,0,0,4,3,0,0,0,0,0,4,1,0,0,0,0,0,0,0,0,1,0,2,1,0,1,0,1,0,0,0,0,0,0,0,0,0,0,0,0,0,0,0,0,0,0,0,0,0,0,0,0,0,0,0,0,0,0,0,0,1,1,0,0,0,0,1,0,0,1,0,0,0,4,0,2,0,0,0,0,0,0,0,3,0,0,0,0,0,0,0,0,0,0,0,0,0,0,1,1,0,0,0,0,0,0,0,0,0,0,0,0,0,0,0,0,0,0,0,1,0,0,0,0,0,1,0,0,0,1,0,2,0,1,0,1,0,0,0,0,0,0,0,0,0,0,1,0,0,1
97,97,1,1,1,2,0,0,0,0,0,0,0,0,0,0,2,0,10,0,0,0,0,0,4,0,0,0,0,0,0,0,0,0,0,0,0,0,0,0,0,0,0,9,0,0,0,0,0,0,0,0,0,2,0,0,0,0,0,0,0,0,0,0,0,0,0,0,1,2,4,0,1,0,3,0,0,0,0,0,0,0,0,0,0,0,0,6,0,0,0,0,0,0,0,0,0,0,0,0,0,0,2,0,0,0,0,0,0,0,0,1,0,0,5,16,0,0,0,0,2,3,0,0,0,0,0,0,0,5,0,0,0,0,0,0,0,0,0,0,0,0,0,0,0,1,0,0,0,0,0,0,0,0,0,0,0,0,0,0,0,0,0,0,0,1,0,0,7,2,0,0,0,0,0,3,1,0,0,0,0,0,0,0,0,0,0,1,0,1,4,0,0,6,0,0,0,0,0,0,0,0,0,0,0,0,1,1,5,0,0,0,0,0,0,0,0,4,0,0,0,1,0,0,0,0,1,0,0,0,0,6,0,0,0,0,0,0,0,1,1,0,0,0,0,0,1,0,7,0,0,2,7,0,0,0,1,0,0,4,0,0,0,3,0,0,0,1,0,0,0,0,0,1,0,2,0,0,0,0,0,2,0,0,0,0,5,0,4,0,0,0,0,0,0,0,5,2,4,0,0,0,0,0,1,0,0,0,1,1,0,2,0,0,1
98,98,0,17,5,2,0,0,0,0,0,1,0,0,0,0,2,0,2,0,0,2,3,0,0,0,0,0,1,0,0,2,0,1,0,0,3,0,0,1,1,0,1,3,1,0,0,0,2,0,0,0,0,2,2,0,0,1,2,0,0,0,0,0,0,1,0,0,0,2,0,0,0,0,0,0,0,0,0,0,0,0,2,0,0,1,0,4,0,0,1,1,2,0,3,0,0,1,0,0,0,1,0,21,0,0,0,0,0,1,0,0,0,1,1,7,2,0,0,1,0,1,2,1,1,6,0,3,0,1,0,0,1,0,0,1,0,0,1,0,0,3,0,0,1,0,0,0,0,0,0,1,0,0,1,0,0,0,1,0,1,0,1,0,0,0,4,0,5,3,8,2,3,0,0,1,1,0,0,0,0,0,0,0,0,11,0,0,8,0,0,0,0,0,0,0,0,0,0,0,0,0,0,0,10,19,2,0,2,0,0,1,0,0,0,0,1,0,1,0,0,0,2,2,1,1,0,0,0,0,0,5,10,1,2,1,0,0,2,1,0,0,0,1,0,0,0,0,6,2,0,0,3,0,0,1,1,0,0,8,0,6,3,0,1,0,0,0,1,2,0,0,0,0,0,1,0,0,0,0,0,3,0,0,0,0,2,0,0,0,0,1,0,0,0,0,4,0,1,0,5,0,3,1,3,0,1,0,1,2,1,0,0,2,0
99,99,2,0,0,1,0,0,0,0,0,3,0,0,1,0,0,0,1,0,0,8,0,0,0,0,0,0,1,0,1,1,0,0,0,0,0,0,2,0,0,0,0,8,0,0,0,0,0,0,5,0,0,1,1,0,0,8,0,0,0,0,0,3,0,1,0,0,0,1,0,0,0,0,0,0,0,0,0,0,0,0,0,0,0,0,0,2,0,0,0,4,6,0,0,0,0,0,0,0,0,0,0,2,0,0,0,1,0,0,0,2,0,2,7,25,0,0,0,0,1,3,0,0,0,8,7,2,0,16,0,0,0,5,0,1,0,0,0,0,0,2,0,1,0,1,0,0,0,3,0,0,0,0,0,2,0,0,0,0,0,1,0,0,0,0,0,0,8,6,0,0,0,0,0,5,1,0,0,0,0,1,0,0,0,0,0,0,14,1,3,0,1,2,0,0,0,0,2,0,0,0,0,0,0,0,3,0,2,0,0,0,0,0,0,0,1,0,0,0,0,1,0,0,8,2,1,0,0,0,0,5,0,0,0,0,0,0,5,1,0,0,0,0,1,1,0,0,2,1,0,2,1,0,0,2,0,0,0,0,1,0,0,3,0,3,0,0,1,0,2,0,0,0,0,0,0,0,0,0,0,0,0,0,0,0,4,0,1,2,1,0,0,0,0,0,5,0,2,2,0,1,2,0,0,0,0,0,2,2,0,1,0,3,0
100,100,0,0,0,1,1,0,0,0,0,3,0,0,0,0,0,0,1,0,0,9,0,0,0,0,0,0,3,0,1,1,0,0,0,0,0,0,0,0,0,0,0,3,0,0,0,0,0,0,8,0,0,0,1,0,0,9,0,0,0,0,0,2,0,3,0,0,0,0,0,0,0,0,0,0,0,0,0,0,0,0,0,0,0,0,0,0,0,0,0,0,1,0,1,0,0,0,0,2,0,1,0,1,0,0,0,0,0,0,1,0,0,0,0,1,1,0,0,0,0,0,0,0,0,7,3,1,0,1,0,0,0,1,0,0,0,0,0,0,0,3,0,1,0,0,0,0,1,2,0,0,0,0,1,2,0,0,0,0,0,0,0,0,0,0,0,0,0,2,0,0,0,0,0,0,1,0,0,0,0,0,2,0,0,1,0,0,9,0,0,0,0,0,0,0,0,0,0,0,1,0,0,0,0,0,0,0,0,0,0,2,0,1,1,0,0,1,0,0,0,0,0,0,2,3,0,0,0,0,0,2,0,0,0,0,0,0,3,0,1,0,0,0,0,0,0,0,1,0,0,1,3,0,0,0,0,0,1,1,0,0,0,0,0,0,0,0,0,1,3,0,0,0,0,0,0,0,0,0,0,0,0,0,0,0,1,0,0,0,0,0,0,0,0,0,0,0,0,0,0,0,1,0,0,0,0,0,0,2,0,0,0,3,0
101,101,1,1,1,4,0,0,0,0,0,0,0,0,0,0,0,0,8,0,0,0,0,0,0,0,0,0,0,0,0,0,1,0,1,0,0,0,1,0,0,0,0,12,0,0,0,0,0,0,0,0,0,3,1,0,0,0,0,0,0,0,0,0,0,0,0,0,0,0,2,1,0,0,2,0,0,0,0,0,0,0,0,0,0,0,0,7,0,0,0,0,0,0,0,0,0,1,0,0,0,0,2,1,0,0,0,0,0,0,0,0,0,2,6,19,0,0,0,0,1,3,0,0,0,1,0,0,2,11,0,0,0,3,0,0,0,0,0,0,0,0,0,1,0,0,0,0,0,0,0,1,0,0,0,0,0,0,0,0,0,0,0,0,0,0,0,0,1,4,0,0,0,0,0,1,0,0,0,0,0,0,0,0,0,3,0,2,1,0,7,0,0,5,0,0,0,0,0,0,0,0,0,0,0,0,0,0,4,0,0,0,0,0,0,0,0,0,0,0,0,0,0,0,1,0,0,0,0,0,0,6,1,0,0,0,0,0,0,0,0,0,0,0,1,2,0,0,7,0,0,1,10,0,0,0,0,0,0,0,0,0,0,0,0,0,0,1,0,0,2,0,0,0,0,1,0,0,1,0,0,6,0,0,0,0,2,0,4,0,1,0,0,0,1,0,2,0,2,0,0,0,0,1,0,0,0,0,0,2,0,0,0,0,1
102,102,2,7,5,5,1,0,0,2,0,1,0,0,0,0,1,0,9,0,0,0,0,0,2,0,1,0,0,0,0,0,0,0,0,0,0,0,3,0,0,0,0,9,2,0,0,0,1,1,0,0,0,3,0,0,0,0,0,0,0,0,1,0,0,0,0,0,0,4,9,1,0,0,1,0,0,0,0,0,0,0,0,0,0,0,0,5,0,0,0,1,1,0,0,0,0,0,0,1,0,1,4,6,0,1,0,0,0,1,1,1,0,0,12,46,0,0,0,0,2,1,0,0,0,0,0,0,3,12,0,0,0,8,0,0,0,0,0,0,0,0,1,1,0,0,0,0,0,0,0,0,0,0,0,0,0,1,1,0,0,1,0,0,0,0,2,2,15,6,1,0,1,0,0,0,0,0,0,0,0,0,0,0,0,2,0,0,0,0,5,0,1,4,0,0,0,0,0,0,0,0,0,0,2,2,4,1,5,0,0,0,0,0,0,0,1,7,0,0,0,0,1,0,0,0,2,1,0,0,0,5,0,0,0,0,1,0,1,0,2,0,0,0,0,1,2,0,1,0,0,8,16,0,0,3,1,0,0,3,1,3,0,3,0,0,0,2,0,0,2,0,0,0,0,3,0,0,0,0,0,14,0,0,0,0,1,0,7,2,1,0,0,0,2,0,5,1,3,0,0,2,0,0,1,1,0,0,0,2,0,0,0,0,2
103,103,0,3,0,0,1,0,0,0,0,0,0,0,0,0,0,0,0,0,0,0,1,0,0,0,0,0,0,0,0,0,0,0,0,0,0,0,0,1,0,0,0,0,0,0,0,0,1,0,0,0,0,0,0,0,0,1,0,0,0,0,0,0,0,0,1,0,0,0,0,0,0,0,0,0,0,0,0,0,0,0,0,0,0,0,0,0,0,0,1,0,2,0,0,0,0,0,0,0,0,0,0,0,0,0,0,0,0,0,0,0,0,0,0,0,0,0,0,0,0,0,0,0,0,0,0,0,0,0,0,0,0,0,0,1,0,1,2,0,0,0,0,0,0,0,0,0,0,0,0,1,0,2,0,0,0,0,0,0,0,0,4,0,0,0,0,0,1,0,0,0,0,0,0,0,0,0,0,0,0,0,0,0,0,3,0,0,0,0,0,1,0,0,0,0,0,0,0,0,0,0,0,0,0,1,0,0,0,0,0,0,0,0,0,0,0,0,0,0,0,0,0,0,0,0,0,0,0,0,0,0,3,0,0,0,0,0,1,0,0,0,0,0,0,0,0,0,0,1,0,0,0,0,0,1,0,0,0,0,0,0,1,0,1,0,0,0,0,0,0,0,0,0,0,0,0,0,0,0,0,0,0,0,0,0,1,0,0,0,0,0,0,0,0,0,0,0,0,0,1,0,0,0,0,0,0,0,0,0,0,0,0,0,0
104,104,0,1,0,1,1,0,0,0,0,0,0,0,0,0,0,0,0,0,0,0,0,0,0,0,1,0,0,0,0,0,0,0,0,0,0,0,0,3,0,0,0,0,0,1,0,0,2,0,5,0,0,0,0,0,0,0,0,0,0,0,0,0,0,0,0,0,0,0,1,0,0,0,0,0,0,0,0,0,0,0,0,0,0,1,0,0,0,0,0,0,5,0,0,0,0,0,0,0,1,0,0,0,0,0,0,0,0,0,0,0,0,0,0,1,0,0,0,0,0,1,0,1,0,0,0,0,0,2,0,0,0,0,0,0,0,0,0,0,0,0,0,0,0,0,0,0,0,0,0,0,0,0,1,0,1,0,0,0,0,0,3,0,0,0,0,0,0,0,0,0,0,0,0,0,2,0,0,0,0,0,1,2,0,1,0,0,0,0,1,0,0,0,0,0,0,0,0,0,0,0,0,0,0,0,0,0,0,0,0,0,0,1,0,0,0,0,0,1,0,0,0,0,2,0,0,0,0,0,0,1,1,0,0,0,0,0,5,0,0,0,0,0,0,0,0,0,0,0,0,0,0,0,0,0,0,1,0,0,0,0,0,0,1,0,0,0,0,1,0,0,0,0,0,0,0,0,0,0,0,0,0,0,1,0,0,0,0,1,0,0,0,0,0,0,0,0,0,0,3,0,0,0,2,0,0,0,0,0,0,0,0,0,0
105,105,0,0,0,1,0,0,0,3,0,0,0,0,0,0,0,1,15,0,0,0,0,0,0,0,3,0,0,0,0,0,0,0,0,0,0,0,2,0,0,0,0,1,1,0,0,0,0,0,0,0,0,2,0,0,0,0,0,0,0,0,0,0,0,0,0,0,0,4,1,0,0,0,1,0,0,0,0,0,1,0,0,0,0,0,0,8,0,0,0,1,0,0,0,0,0,0,0,1,0,0,0,0,0,0,0,0,0,0,0,1,0,1,9,8,0,0,1,0,0,5,0,0,0,0,0,0,3,9,0,0,1,10,0,0,0,0,0,0,0,0,2,0,0,1,0,0,0,0,0,0,0,0,0,0,2,1,1,0,0,2,0,0,0,0,0,0,4,4,0,0,0,0,0,0,0,0,0,0,0,0,0,0,0,0,0,4,0,0,0,0,0,4,0,0,0,0,0,0,0,0,0,0,0,0,0,0,0,0,0,0,0,0,0,0,0,0,0,0,0,0,0,0,0,0,1,0,0,0,0,3,0,0,0,0,0,0,0,0,0,0,0,1,0,1,0,0,2,0,0,3,12,0,0,0,1,0,1,3,0,0,0,4,0,0,0,0,0,0,2,0,0,0,0,0,0,0,0,2,0,8,0,0,0,0,2,0,0,1,0,0,0,0,1,0,3,0,0,0,0,2,0,0,0,0,0,0,0,1,0,0,0,0,0
106,106,1,1,0,0,1,0,0,0,0,0,0,0,0,0,0,0,0,0,0,0,12,0,0,0,0,0,0,0,1,0,0,0,0,0,3,1,0,1,0,0,0,0,0,0,0,0,0,0,0,0,0,0,0,0,0,0,0,0,0,0,0,0,7,0,0,0,0,0,0,0,0,0,0,0,0,5,0,0,0,0,0,0,0,0,0,2,0,0,0,0,1,0,0,0,0,0,0,0,0,0,0,4,0,0,0,0,0,0,0,0,0,1,0,1,0,0,0,0,0,0,0,0,0,0,0,3,0,0,0,0,0,0,0,0,0,0,0,0,0,0,0,0,0,3,3,0,0,1,0,1,3,0,0,1,0,1,0,5,0,0,0,0,0,0,0,0,2,0,1,0,0,0,0,0,0,0,0,0,0,0,0,0,0,6,0,0,2,0,0,0,0,0,0,0,0,1,0,0,0,0,0,0,0,2,0,0,0,0,0,0,1,0,0,0,0,0,0,0,0,0,0,2,4,8,0,2,0,0,0,2,7,1,1,0,0,0,0,0,1,0,4,1,0,0,0,0,1,2,0,0,0,0,0,1,0,0,0,0,1,0,0,1,1,0,0,0,0,2,0,1,0,1,0,0,1,0,0,0,0,0,0,2,0,0,2,0,0,0,0,0,0,0,1,0,1,2,1,0,0,0,2,0,1,0,0,0,1,0,4,0,2,0,0
107,107,6,0,0,0,0,0,0,0,0,0,0,0,0,0,0,0,14,0,0,0,0,0,0,0,0,0,0,0,0,0,0,0,1,0,0,0,3,0,0,0,0,15,0,0,0,0,0,0,0,0,0,2,0,0,0,0,0,0,0,0,0,0,0,0,0,0,0,2,0,0,0,0,1,0,0,0,0,0,0,0,0,0,0,0,0,3,0,0,0,1,2,0,0,0,0,0,0,2,0,1,1,1,0,0,0,0,0,0,0,0,0,0,6,34,2,0,0,0,0,6,0,0,0,1,0,0,2,18,0,0,0,26,0,0,0,0,0,0,0,0,0,1,0,3,0,0,0,0,0,0,0,0,0,0,0,1,0,0,0,0,0,1,0,0,0,0,24,4,0,0,0,0,0,1,0,0,0,0,0,0,1,0,0,3,0,1,0,0,19,0,0,3,0,0,0,0,0,0,0,0,0,0,0,0,1,0,3,0,0,0,0,0,0,0,0,0,0,0,0,0,0,0,0,0,1,0,0,0,0,7,0,0,0,0,0,0,0,0,3,0,0,1,0,0,0,0,3,0,0,2,4,0,0,0,0,0,2,0,0,0,0,0,0,0,0,0,0,1,4,0,0,0,0,1,0,0,0,0,0,2,0,0,0,0,3,0,0,1,0,0,0,0,2,0,4,3,5,0,0,5,0,1,0,1,0,0,0,1,0,0,0,0,2
108,108,0,9,2,0,1,0,0,0,0,0,0,0,0,1,0,0,0,0,1,0,0,0,0,1,0,0,0,1,0,0,0,0,0,0,10,0,1,0,1,0,0,1,0,0,0,0,0,0,2,0,0,0,0,0,0,0,0,0,0,0,0,0,2,0,0,0,0,1,0,0,0,0,0,0,0,3,0,0,0,0,1,0,0,0,0,1,0,0,0,0,0,0,0,0,0,0,0,1,0,0,0,1,0,1,0,0,0,1,1,0,0,1,0,5,0,0,0,0,0,0,2,0,0,0,0,0,0,1,1,0,0,0,0,1,0,0,0,0,0,0,0,0,0,1,1,0,0,0,0,0,0,0,0,0,0,1,1,1,0,0,0,0,0,0,0,0,0,1,0,0,0,0,0,1,0,0,3,0,0,0,0,0,0,1,0,0,0,0,5,1,1,1,0,0,0,0,0,0,0,0,0,0,0,4,0,0,0,0,0,0,1,0,0,0,0,0,0,0,0,1,0,4,1,3,1,1,0,0,0,0,6,1,0,1,0,0,0,1,1,0,3,0,0,0,0,0,0,4,0,0,0,0,0,1,0,0,0,0,0,0,0,0,0,0,0,0,0,1,0,1,0,0,0,0,0,0,0,0,0,0,0,1,0,0,2,0,0,0,0,0,0,0,0,0,3,0,0,0,0,0,0,0,0,0,0,0,0,1,5,1,0,2,1
109,109,1,1,2,0,0,0,0,0,0,0,0,0,0,0,0,0,3,0,0,2,0,0,1,0,0,0,1,0,0,0,0,0,0,0,0,0,4,0,0,0,0,2,0,0,0,0,0,0,2,0,0,1,0,0,0,1,0,0,0,0,0,0,0,0,0,0,0,4,1,0,0,0,0,0,0,0,0,0,0,0,0,0,0,0,0,2,0,0,0,0,1,0,0,0,0,0,0,0,0,1,0,1,0,0,0,0,0,0,0,2,0,1,7,14,0,0,0,0,1,4,1,0,0,1,0,0,0,6,0,0,0,7,0,1,0,0,0,0,0,0,0,0,0,0,0,0,0,0,0,0,0,0,0,0,0,1,0,0,0,0,0,0,0,0,0,0,7,2,0,0,0,0,0,1,0,0,0,0,0,0,0,0,0,0,0,0,3,0,0,0,0,4,0,0,0,0,1,0,0,0,0,0,0,0,0,1,2,0,0,0,0,0,0,0,2,0,1,0,0,0,0,0,1,0,0,0,0,0,0,4,0,0,0,0,0,0,0,0,1,0,0,0,0,1,0,0,0,0,0,1,0,0,0,0,1,0,1,0,0,0,0,1,0,0,0,0,0,0,1,0,0,0,0,0,0,0,0,0,0,1,0,0,0,0,2,0,0,0,0,0,0,0,4,0,1,0,0,0,0,2,0,0,0,0,0,0,0,1,0,0,0,0,1
110,110,5,4,2,2,0,0,0,0,0,0,0,0,0,0,0,0,10,0,0,0,0,0,1,0,0,0,4,0,0,0,0,0,0,0,0,0,2,0,0,0,0,11,0,0,0,0,0,0,0,0,0,6,0,0,0,1,0,0,0,0,0,0,0,0,0,0,0,8,0,0,0,0,1,0,0,0,0,0,0,0,0,0,0,0,0,3,0,0,0,0,0,0,0,0,0,0,0,0,0,3,5,5,0,0,0,0,0,0,2,1,0,3,21,43,0,0,0,0,1,3,0,0,0,0,0,0,3,19,0,0,0,11,0,0,0,0,0,0,0,0,1,3,1,0,0,0,0,0,0,0,0,0,0,1,0,0,1,0,0,0,0,0,0,0,0,0,17,7,0,0,0,0,0,2,1,0,0,0,0,0,0,0,0,1,0,2,0,0,6,0,1,4,0,0,0,0,0,0,0,0,0,0,0,0,1,0,2,0,0,0,0,0,1,0,0,1,0,0,0,0,0,0,0,0,0,0,0,0,0,7,2,0,0,0,0,0,0,0,0,1,0,0,0,1,0,0,1,0,0,4,0,0,2,1,0,0,3,1,0,0,0,3,0,0,0,0,0,0,1,0,0,0,0,0,0,0,1,1,0,3,0,0,0,0,6,0,0,1,0,0,0,0,3,0,2,0,0,0,0,2,1,0,0,0,0,0,1,4,0,0,0,0,2
111,111,24,1,2,2,0,0,0,0,0,0,0,0,1,1,0,0,12,0,0,0,0,0,3,0,0,0,2,0,0,1,0,0,0,0,0,0,4,1,5,0,0,18,2,0,0,0,1,0,0,1,0,12,0,0,0,1,0,0,0,0,0,0,0,2,0,0,0,9,0,0,0,0,0,0,0,0,0,0,0,0,0,0,0,0,0,15,0,0,0,0,0,0,0,0,0,0,0,0,0,1,1,10,0,0,0,0,0,0,0,0,0,5,24,60,1,0,0,0,0,8,0,0,0,2,0,0,2,28,0,0,1,19,0,0,0,0,0,0,0,0,3,2,0,1,0,0,0,0,0,0,0,0,0,0,1,4,1,0,0,0,0,0,1,0,0,0,22,4,0,0,0,0,0,5,0,0,0,0,0,0,0,0,0,0,0,3,1,0,17,0,0,8,0,0,0,0,0,0,0,0,0,0,0,0,1,0,4,0,0,0,0,1,0,0,0,1,0,0,0,0,0,0,0,0,0,0,0,0,0,19,0,0,0,0,0,4,0,1,2,0,0,0,0,3,0,0,4,0,0,8,10,0,2,5,1,0,7,0,0,0,0,4,0,1,0,1,1,0,4,0,0,0,0,3,0,0,0,1,0,13,0,0,0,0,16,0,1,1,1,0,0,0,2,0,9,0,2,0,2,2,0,2,1,0,0,0,4,0,1,1,0,0,3
112,112,4,0,0,4,0,0,0,0,0,0,0,0,0,0,0,0,5,0,0,0,0,0,1,0,0,0,0,0,0,0,0,0,1,0,0,0,1,0,1,0,0,7,1,0,0,0,0,0,0,0,0,2,1,0,0,0,0,0,0,0,1,0,0,0,0,0,0,2,7,1,1,0,0,0,0,0,0,0,0,0,0,0,0,0,0,8,0,0,0,0,0,0,0,0,0,0,0,1,0,0,3,0,0,1,0,0,0,0,1,1,0,2,13,28,0,0,0,0,1,9,0,0,0,0,0,0,4,10,0,0,1,9,0,0,0,0,0,0,0,0,0,1,1,0,0,0,0,0,0,0,0,0,0,0,1,0,0,0,0,0,0,0,0,0,0,0,12,6,2,0,0,0,1,3,0,0,0,0,0,0,0,0,0,0,0,2,0,0,3,0,2,3,0,0,0,0,0,0,0,0,0,0,0,0,0,1,3,0,0,0,0,0,0,0,0,0,0,0,0,0,0,0,0,0,1,0,0,0,0,0,0,0,0,0,0,0,0,0,3,0,0,0,0,1,0,0,2,0,0,8,25,0,0,1,0,0,3,4,0,0,0,1,0,0,0,0,0,1,2,0,0,0,0,1,1,0,0,0,0,10,0,0,0,0,0,0,2,1,0,0,0,0,0,0,9,0,5,0,0,0,0,0,1,1,0,0,1,1,0,0,0,0,0
113,113,7,1,2,4,0,0,0,0,0,0,0,0,0,0,1,0,10,0,0,0,0,0,1,0,2,0,0,0,0,0,2,0,1,0,0,0,1,0,0,0,0,13,1,0,0,0,0,0,0,0,0,15,0,0,0,0,0,0,0,0,0,0,0,0,0,0,0,11,3,0,0,0,2,0,0,0,0,0,0,0,1,0,0,0,0,3,0,0,0,2,0,0,0,0,0,0,0,0,0,1,3,4,0,0,0,0,0,0,0,4,0,5,23,50,0,0,0,0,2,7,0,0,0,0,0,0,1,16,0,0,0,12,0,0,0,0,0,0,0,0,0,2,0,1,0,0,0,0,0,0,0,0,0,0,1,0,0,0,0,0,0,0,0,0,0,0,17,9,0,0,0,0,1,2,0,0,0,0,0,0,0,0,0,0,1,1,0,0,9,0,2,3,0,0,0,0,0,0,0,0,0,0,0,0,1,0,5,0,0,0,0,0,1,0,0,3,0,0,0,0,0,0,0,1,0,0,0,1,0,7,0,2,0,0,0,0,0,1,2,0,0,0,0,0,0,0,1,0,0,2,4,0,1,2,0,0,1,0,1,0,0,0,0,0,0,0,1,2,2,0,0,0,0,2,2,0,1,1,0,10,0,0,0,0,9,0,1,1,0,0,0,0,4,0,5,0,4,0,0,0,1,0,0,0,0,0,1,2,0,1,0,0,0
114,114,0,0,5,3,0,0,0,3,0,0,0,0,0,0,0,0,18,0,0,0,0,0,0,0,0,0,0,0,0,0,0,0,1,0,0,0,1,0,0,0,0,10,0,0,0,0,0,0,0,1,0,2,0,0,0,0,0,0,0,0,0,0,0,0,0,0,0,4,3,0,0,0,1,0,0,0,0,0,0,0,0,0,0,0,0,7,0,0,0,0,0,0,0,0,0,0,0,0,0,0,7,1,0,1,0,0,0,0,3,5,0,3,8,31,1,0,1,0,0,2,0,0,0,0,0,0,2,12,0,0,0,7,0,0,0,0,0,0,0,0,0,1,0,0,0,0,0,0,0,0,0,0,0,0,0,0,0,0,0,0,0,0,0,0,0,0,13,10,0,1,0,0,0,3,0,0,0,0,0,0,0,0,0,0,0,3,0,1,1,0,2,12,0,0,0,0,0,0,0,0,0,0,0,0,4,1,3,0,0,0,0,0,0,0,1,4,0,0,0,0,0,0,0,0,0,0,0,0,0,8,1,0,0,0,0,1,0,0,0,0,0,0,0,3,0,0,1,0,0,5,16,0,0,1,4,0,4,2,1,0,0,0,0,0,0,0,0,0,4,0,0,0,0,1,5,0,0,1,0,10,0,0,0,0,0,0,2,0,0,0,0,0,3,0,1,0,3,0,2,0,0,0,0,0,0,0,2,2,0,0,0,0,0
115,115,0,0,0,0,1,0,0,0,0,0,0,0,0,0,0,0,0,0,0,0,0,1,0,0,0,0,0,0,0,1,0,0,0,0,0,0,0,1,0,0,0,1,0,0,0,0,0,0,1,0,0,0,1,0,0,6,0,0,0,0,0,0,0,3,0,0,0,0,0,0,0,0,0,0,0,0,1,0,0,0,0,0,0,0,0,0,0,0,0,0,0,0,0,0,0,0,0,1,0,0,0,0,0,1,0,0,0,0,0,0,0,0,0,0,0,0,0,0,0,0,0,0,0,1,0,1,0,0,0,0,0,0,0,0,0,0,0,0,0,2,0,1,0,0,0,0,0,1,0,1,0,0,1,0,2,0,0,0,0,0,0,0,0,0,0,0,0,0,0,0,0,0,0,1,0,0,0,0,0,0,0,0,0,1,0,0,0,0,1,0,0,0,0,0,0,0,0,0,4,0,0,0,0,0,0,1,0,0,0,0,0,0,0,0,0,0,0,0,0,0,0,0,4,0,2,0,0,1,0,1,0,0,1,0,0,0,1,0,1,0,0,0,0,0,0,0,1,0,0,0,0,0,0,0,0,0,0,0,0,0,0,0,0,0,0,0,0,0,0,0,0,0,0,0,0,0,0,0,0,0,0,0,0,0,0,0,1,0,0,0,0,0,0,0,1,0,0,0,0,0,1,1,0,0,0,0,0,2,0,0,0,4,1
116,116,1,1,0,1,0,0,0,1,0,0,0,0,0,0,1,1,7,0,0,0,0,0,2,0,4,0,0,0,0,0,0,0,1,0,0,0,3,0,0,0,0,6,0,0,0,0,0,0,0,0,0,3,0,0,0,0,0,0,0,0,0,0,0,0,0,0,0,4,6,4,0,0,1,0,0,0,0,0,0,0,0,0,0,0,0,4,0,0,1,1,0,0,1,0,0,0,0,1,0,1,1,1,0,0,0,0,0,0,0,1,0,1,6,16,0,0,1,1,0,4,0,0,0,0,0,0,4,8,0,0,2,8,0,0,0,0,0,0,0,0,0,1,0,0,0,0,0,0,0,0,0,1,0,0,0,2,0,0,0,0,0,0,0,0,0,0,9,6,0,1,0,0,0,1,0,0,0,0,0,0,0,0,0,0,0,5,0,1,0,0,0,7,0,0,0,0,0,0,0,0,0,0,0,0,0,1,1,0,0,0,0,0,0,0,0,0,0,0,0,0,0,0,0,0,0,0,0,0,0,2,1,0,0,0,0,0,0,0,1,0,0,1,0,0,0,0,4,0,0,4,17,0,1,1,2,0,0,16,0,0,0,2,0,0,0,0,0,0,0,0,0,0,0,0,0,0,0,1,0,16,0,0,0,0,9,1,1,0,0,0,0,0,1,0,5,0,3,0,0,0,0,0,0,0,0,0,0,1,0,1,0,0,1
117,117,0,10,0,1,0,0,0,0,0,2,0,0,0,0,0,0,0,0,0,0,5,0,0,0,0,0,2,0,0,0,0,0,0,0,1,0,1,1,0,0,0,0,0,0,0,0,0,0,0,0,0,0,0,0,0,0,0,0,0,0,0,0,0,0,0,0,0,0,0,0,0,0,0,0,0,0,0,0,0,0,1,0,0,0,0,1,0,0,2,0,0,0,0,0,0,0,0,0,0,0,0,0,0,0,0,0,0,0,0,0,0,2,0,3,0,0,0,0,0,0,0,0,0,1,0,1,0,0,0,0,0,1,0,0,0,0,0,0,0,0,0,0,0,0,0,0,0,0,0,0,0,1,0,0,2,0,0,0,0,0,0,0,0,0,0,0,0,0,0,0,0,0,0,1,1,0,0,0,0,0,0,1,0,10,0,0,0,0,0,0,0,0,0,2,0,0,0,0,0,0,1,0,0,0,0,0,0,0,0,0,0,1,0,0,1,0,1,0,0,0,2,2,0,0,0,0,0,0,0,4,13,0,2,0,0,0,0,0,0,0,0,0,0,0,0,1,6,0,0,0,0,0,0,1,0,0,0,1,0,0,0,1,0,0,0,0,0,2,0,0,0,0,0,0,0,0,0,3,0,1,1,0,0,0,2,0,0,0,0,0,0,0,0,0,1,0,0,0,0,1,0,0,0,0,0,0,0,0,0,0,1,1,1
118,118,0,16,3,2,0,0,0,0,0,0,0,0,1,2,3,0,0,0,0,0,5,0,0,2,1,0,1,0,0,0,0,0,0,0,7,1,1,0,1,0,0,11,1,0,0,0,0,0,1,0,0,1,0,0,0,1,0,0,0,0,1,0,8,0,0,0,0,0,0,0,0,0,1,0,0,7,0,0,0,0,1,0,0,0,0,5,0,0,0,1,1,0,0,0,0,0,0,1,0,0,0,5,0,0,0,1,0,0,1,0,1,2,0,9,0,0,0,0,0,1,0,0,0,0,0,0,3,0,0,0,0,3,0,0,0,0,0,0,1,0,1,0,0,2,1,0,0,0,0,0,0,0,0,0,0,1,1,6,0,0,0,0,0,0,0,0,0,1,0,0,0,0,0,2,7,0,0,0,0,0,0,0,0,10,0,0,0,0,5,1,0,0,0,1,0,1,0,0,0,0,0,0,0,4,3,0,4,0,0,0,2,1,1,0,0,2,1,0,0,1,0,6,0,6,1,0,0,1,0,3,9,2,0,0,0,3,0,0,2,0,6,0,0,0,0,0,4,0,0,1,2,0,0,0,0,0,1,0,0,0,0,0,0,0,0,0,0,1,3,1,0,0,0,1,2,0,0,3,0,0,2,3,0,0,6,0,0,0,0,0,0,0,0,0,8,5,0,0,0,0,2,0,5,0,0,0,0,1,11,3,1,5,0
119,119,0,3,0,1,0,0,0,0,0,0,0,0,0,0,0,0,1,0,0,0,1,0,0,0,0,0,1,0,0,1,0,0,0,0,0,0,0,2,0,0,0,1,0,0,0,0,0,0,0,0,0,0,0,0,0,1,0,0,0,0,0,0,0,0,0,0,0,0,0,0,0,0,0,0,0,0,0,0,0,0,0,0,0,0,0,1,0,0,3,0,0,0,0,0,0,0,0,0,0,0,0,0,0,0,0,0,0,0,0,0,0,0,0,2,0,0,0,0,1,0,1,0,0,2,0,2,0,1,0,0,1,0,0,1,0,0,0,0,0,0,0,0,0,0,0,0,1,0,0,0,0,0,0,0,1,0,0,0,0,0,0,0,0,0,0,0,0,0,0,0,0,0,0,0,0,0,0,0,0,0,0,0,0,4,0,0,1,1,0,0,0,1,0,0,0,0,0,0,0,0,0,0,0,0,0,0,0,0,0,0,0,0,0,0,0,0,1,0,0,0,2,0,0,0,0,0,0,0,0,1,13,0,0,0,0,0,0,0,0,0,0,0,0,0,0,0,3,0,0,0,0,0,0,0,1,0,0,0,0,0,1,0,0,0,0,0,0,0,1,0,0,0,0,0,0,0,0,0,0,0,0,1,0,0,1,0,0,0,0,0,1,0,0,0,1,0,0,0,0,0,0,0,0,0,0,0,0,0,0,1,0,1,0
120,120,0,0,0,2,0,0,0,0,0,1,0,0,0,0,0,0,1,0,0,0,1,0,0,0,0,0,1,0,0,0,0,0,0,0,1,0,0,0,0,0,0,5,1,0,0,0,0,0,0,0,0,0,0,0,0,0,0,0,0,0,0,0,0,0,0,0,0,0,0,0,0,0,0,0,0,1,0,0,0,0,0,0,1,0,0,1,0,0,1,0,0,0,0,0,0,0,0,0,0,0,0,1,0,2,0,0,0,0,0,0,0,0,0,1,0,0,0,0,0,0,0,0,0,0,0,0,0,1,0,0,0,0,0,0,0,0,0,0,0,0,0,0,0,1,1,0,0,0,0,0,1,0,0,0,2,0,0,0,0,0,1,0,0,0,0,0,1,0,0,0,0,0,0,0,2,0,0,0,0,0,0,0,0,4,0,0,0,0,3,0,0,0,0,0,0,0,0,0,0,0,0,0,0,1,0,0,0,0,0,0,0,0,0,0,0,0,1,0,0,0,0,2,0,0,1,0,0,0,0,4,11,0,0,0,0,0,0,1,1,0,1,0,0,0,0,0,4,0,0,0,0,0,0,2,0,0,0,0,0,0,0,0,0,1,0,0,0,0,0,0,0,0,0,1,0,0,0,2,0,0,0,0,0,0,1,0,0,0,0,1,0,0,0,0,4,0,0,0,0,0,1,0,0,0,0,0,1,0,0,0,2,3,0
121,121,0,0,0,0,0,0,0,0,0,0,0,0,0,0,0,0,0,0,0,0,0,0,0,0,0,0,0,0,0,0,0,0,0,0,0,0,0,0,0,0,0,0,0,0,0,1,1,0,0,0,0,0,0,0,0,0,0,0,0,0,0,0,0,0,0,0,0,0,0,0,0,0,0,0,0,0,0,0,0,0,0,0,0,0,0,0,0,0,0,0,1,0,1,0,0,0,0,0,0,0,0,0,0,0,0,0,0,0,0,0,0,0,0,0,0,0,0,0,1,0,0,0,0,0,0,0,0,0,0,0,0,0,0,2,0,0,0,0,0,0,0,0,0,0,0,0,0,0,0,1,0,1,0,0,0,0,0,0,0,0,0,0,0,0,0,0,0,0,0,0,0,0,0,0,1,0,0,0,0,0,1,0,0,0,0,0,0,0,1,0,0,0,0,0,0,0,0,0,0,0,0,0,0,0,0,0,0,0,0,0,0,0,0,0,0,0,0,0,0,0,0,0,0,0,0,0,0,0,0,1,0,0,0,0,0,0,0,0,0,0,0,0,0,0,0,0,0,0,0,0,0,0,0,0,0,1,0,0,1,0,0,1,0,0,0,0,0,0,0,0,0,0,0,0,0,0,0,0,0,0,0,0,0,0,0,0,0,0,0,0,0,0,0,0,1,0,0,0,2,0,0,0,0,0,0,0,0,0,0,1,0,0,0
122,122,0,0,1,0,1,0,0,0,0,0,1,0,0,0,0,0,1,0,0,0,7,1,0,0,0,0,0,1,0,0,0,0,0,0,0,0,0,0,0,0,0,4,0,0,0,1,2,0,2,0,0,0,0,0,0,2,1,0,0,0,0,0,1,0,1,0,0,0,0,1,0,0,1,0,0,2,0,0,0,0,0,0,0,0,0,1,0,0,0,0,4,0,0,0,0,0,0,0,0,0,1,5,0,0,0,0,0,0,0,1,0,0,3,8,1,0,0,0,1,0,0,1,0,0,0,0,2,2,0,0,0,2,0,1,0,0,0,0,0,1,1,0,0,2,3,0,0,2,0,1,1,7,0,0,0,0,0,0,0,0,1,0,0,0,1,1,1,0,1,0,0,0,0,1,2,0,0,0,0,0,0,0,2,0,0,0,3,0,1,0,0,0,0,0,0,0,2,0,0,0,0,0,2,0,1,0,4,0,0,0,0,0,0,0,0,0,0,0,0,0,0,0,0,5,0,0,0,0,0,2,0,1,1,0,0,0,3,1,0,0,1,3,0,1,0,1,2,1,0,0,4,0,0,0,0,0,0,2,0,0,0,0,0,0,0,0,0,2,1,0,0,2,0,0,0,0,0,0,0,0,0,2,0,0,3,0,2,0,0,1,0,0,0,0,3,0,1,0,2,0,0,0,0,0,0,0,0,1,1,0,1,2,0
123,123,0,4,0,2,0,0,0,0,0,0,1,0,0,0,0,0,0,0,0,1,7,0,1,0,0,0,4,0,0,0,0,0,0,0,0,0,2,3,0,0,0,1,0,0,0,0,0,0,0,0,0,0,0,0,0,0,0,0,0,0,0,0,0,0,0,0,0,0,0,0,0,0,0,0,0,0,0,0,0,0,0,0,0,0,0,0,0,0,1,0,0,0,0,0,0,0,0,1,0,0,0,2,0,0,0,1,0,1,0,0,0,2,0,1,1,0,0,0,0,0,0,0,0,0,0,0,0,0,0,0,0,0,0,1,0,0,0,0,0,0,1,0,0,0,0,0,0,0,0,0,0,0,0,0,1,0,1,0,0,0,0,0,0,0,0,0,0,0,0,0,0,0,0,1,0,0,0,0,0,0,0,0,0,15,0,0,0,0,1,0,0,1,0,0,0,0,0,0,0,0,0,0,0,0,0,0,0,0,0,0,0,0,0,0,0,0,0,0,0,0,4,9,0,0,0,0,0,1,0,2,22,0,0,0,0,0,0,0,0,0,0,0,0,0,0,0,9,0,0,0,0,0,0,0,1,0,0,0,0,0,0,0,0,0,0,0,0,0,0,0,0,0,0,1,0,0,0,0,1,0,0,0,0,0,2,0,0,0,0,1,0,0,0,0,0,0,0,0,0,0,0,0,0,0,0,0,0,0,0,0,1,1,0
124,124,0,1,0,0,1,0,0,0,0,0,0,0,0,0,0,0,0,0,0,0,1,2,0,0,0,0,0,0,0,0,0,0,0,0,0,0,0,1,0,0,0,0,0,0,0,1,3,0,0,0,0,0,0,0,0,0,0,0,0,0,0,0,0,0,0,0,0,0,0,0,0,0,0,0,0,0,0,0,0,0,0,0,0,0,0,0,0,0,0,0,2,0,1,0,0,0,0,0,0,0,0,0,0,0,0,0,0,0,0,0,0,0,0,0,2,0,0,0,1,0,0,0,0,0,0,0,0,0,0,0,2,1,0,0,0,0,1,0,0,0,0,1,0,0,0,0,0,0,0,0,0,3,0,0,0,0,1,0,0,0,2,0,0,0,0,0,1,0,0,0,0,0,0,0,1,0,0,0,0,0,1,0,1,4,0,0,0,0,0,0,0,0,0,0,0,0,0,0,0,0,0,0,0,0,0,0,0,0,0,0,0,0,0,0,0,0,1,0,0,0,1,1,0,0,0,0,0,0,0,1,2,0,0,0,0,0,1,0,0,0,0,0,0,0,1,0,2,0,0,0,1,0,0,0,0,0,0,0,0,0,0,0,0,0,0,0,0,0,0,0,0,0,0,0,0,0,0,0,0,0,0,0,0,0,0,0,0,0,0,0,0,0,0,0,1,0,0,0,1,0,0,0,0,0,0,0,0,1,0,0,0,0,0
125,125,0,0,0,0,3,0,0,0,0,0,0,0,0,0,0,0,0,0,0,0,0,0,0,0,0,0,0,0,0,0,0,0,0,0,0,0,0,1,0,0,0,1,0,0,0,0,2,0,2,2,0,0,0,0,0,0,0,0,0,0,0,0,0,0,0,0,0,0,0,0,0,0,0,0,0,0,0,0,0,0,0,0,0,0,0,0,0,0,0,0,0,0,1,0,0,0,0,0,0,0,0,0,0,0,0,0,0,0,0,0,0,0,0,4,0,0,0,0,2,0,0,0,0,0,0,0,0,0,0,0,0,0,0,0,0,0,0,0,0,0,0,0,0,0,0,0,0,0,0,0,0,0,0,0,1,0,0,0,0,0,0,0,1,0,0,0,0,1,0,0,0,0,0,0,0,0,0,0,0,0,0,0,0,0,0,0,0,0,0,0,0,0,0,0,0,0,1,0,0,0,0,0,0,0,0,0,0,0,0,0,0,0,0,0,0,0,0,0,0,0,0,0,0,0,0,0,0,1,0,0,1,0,0,0,0,0,1,0,0,0,0,0,0,0,0,0,0,0,0,0,0,0,0,0,0,0,0,0,1,0,0,0,0,0,0,0,0,0,0,0,0,0,0,0,0,0,0,0,0,0,0,0,0,0,0,0,0,0,0,0,0,0,0,0,0,0,0,0,0,0,0,0,1,0,0,0,0,0,0,0,0,0,0
126,126,0,1,0,0,2,0,0,0,0,0,0,0,0,0,0,0,2,1,1,0,0,0,0,0,0,0,0,0,0,0,0,0,0,0,0,0,0,0,12,0,0,1,0,0,0,0,2,1,0,5,3,0,0,0,1,0,2,0,0,0,0,0,0,0,0,0,0,0,0,0,0,0,0,0,0,0,0,0,0,0,0,0,0,0,0,0,0,0,0,0,0,0,0,0,0,0,0,0,0,0,0,0,0,1,0,0,0,0,0,0,0,0,0,1,1,0,0,0,0,0,0,0,0,0,0,0,0,0,0,0,0,2,0,2,0,0,3,0,0,0,0,2,0,0,0,0,0,0,0,0,0,0,0,0,3,0,0,0,0,0,0,1,1,0,0,0,2,2,0,0,0,0,0,0,0,0,0,0,0,0,0,0,0,0,0,0,0,1,0,0,0,0,0,0,0,0,0,0,0,0,0,0,0,0,0,0,0,0,0,0,0,0,0,0,0,0,0,0,0,0,0,0,0,0,0,0,0,0,0,1,0,0,1,1,0,0,5,0,0,0,0,0,0,0,0,0,0,1,0,0,0,0,0,0,0,0,1,0,1,0,0,0,0,1,0,0,0,0,0,0,0,0,0,0,0,0,0,0,0,1,0,0,0,0,0,0,0,0,1,0,0,0,0,0,2,0,0,0,2,0,0,0,1,0,0,0,0,1,0,0,0,0,0
127,127,1,1,1,3,0,0,0,0,0,0,0,0,0,0,0,0,6,0,0,0,0,0,3,0,4,0,0,0,0,0,1,0,0,0,0,0,2,0,0,0,0,7,1,0,0,0,0,0,0,0,0,5,1,0,0,0,0,0,0,0,0,0,0,0,0,0,0,7,11,1,0,0,1,0,0,0,0,0,0,0,0,0,0,0,0,7,0,0,0,0,0,0,0,0,0,0,0,0,0,1,6,2,0,0,0,0,0,0,1,3,0,4,10,19,0,0,1,0,1,6,0,0,0,0,0,0,1,5,0,0,0,6,0,0,0,0,0,0,0,0,0,0,0,0,0,0,0,0,0,0,0,0,0,0,0,0,1,0,0,1,0,0,0,0,0,0,13,7,0,0,0,0,0,1,0,0,0,0,0,0,0,0,0,0,0,3,0,0,4,0,0,4,0,0,0,0,0,0,0,0,0,0,0,0,0,1,4,0,0,0,0,0,4,0,0,0,0,0,0,0,0,0,2,0,1,0,0,0,0,4,0,0,0,0,0,0,0,0,1,0,0,0,0,0,0,0,0,0,0,10,17,0,0,2,0,0,1,5,1,0,0,4,0,0,0,1,0,0,5,0,0,0,0,0,2,0,0,1,0,20,0,0,0,0,8,0,3,0,0,0,0,0,0,0,4,0,1,0,1,1,1,0,0,1,0,0,0,1,0,0,0,1,0
128,128,2,2,2,2,0,0,0,0,0,3,0,0,0,0,0,0,12,0,0,0,0,0,2,0,1,0,3,0,0,0,0,0,1,0,0,0,4,0,0,0,0,14,0,0,0,0,0,0,0,0,0,4,0,0,0,0,0,0,0,0,0,0,0,0,0,1,0,6,5,1,0,0,1,0,0,0,0,0,0,0,0,0,0,0,0,3,0,0,0,0,1,0,1,0,0,0,0,0,0,1,3,5,0,0,0,0,0,0,2,6,0,0,12,40,1,0,1,0,1,3,0,0,0,0,0,0,0,12,1,0,1,7,0,0,0,0,0,0,0,0,0,0,1,0,0,0,0,1,0,0,0,0,0,0,0,3,1,0,0,0,0,0,0,0,0,0,9,6,1,0,0,0,0,1,1,0,0,0,0,0,1,0,0,0,0,1,0,0,4,0,0,3,0,0,0,0,0,0,0,0,0,0,1,1,0,0,3,0,0,0,2,0,1,0,0,1,0,0,0,0,0,0,0,1,0,0,0,0,0,2,0,1,0,0,0,0,0,0,0,0,0,0,0,1,0,0,2,0,0,3,13,0,0,1,2,0,2,16,0,0,0,2,0,0,0,2,0,0,4,1,0,0,0,2,0,0,0,0,0,15,0,0,0,0,5,0,4,0,2,0,0,0,3,0,3,0,2,0,0,0,0,0,2,1,0,0,0,0,0,2,0,1,2
129,129,2,2,0,1,0,0,0,1,0,0,0,0,0,0,0,0,8,0,0,0,0,0,2,0,0,0,4,0,0,0,0,0,0,0,0,0,2,0,0,0,0,3,0,0,0,0,0,0,0,0,0,2,0,0,0,1,0,0,0,0,0,0,0,0,0,0,0,0,3,0,0,0,0,0,0,0,0,0,0,0,0,0,0,0,0,0,0,0,0,0,0,0,0,0,0,0,0,0,0,0,1,0,0,0,0,0,0,1,0,0,0,1,7,13,0,0,0,0,1,1,0,0,0,0,0,0,1,6,0,0,0,9,0,0,0,0,0,0,0,0,0,3,0,0,0,0,0,0,0,0,0,0,0,0,0,1,0,0,0,0,0,0,0,0,0,0,3,1,0,0,0,0,0,0,0,0,0,0,0,0,0,0,0,0,0,3,0,0,5,0,0,1,0,0,0,0,0,0,0,0,0,0,0,0,0,0,0,0,0,0,0,0,0,0,0,0,0,0,0,0,0,0,0,0,0,0,0,0,0,3,1,0,0,0,0,0,0,0,0,0,0,0,0,0,0,0,0,0,0,1,0,0,2,0,0,0,0,0,0,0,0,1,0,0,0,0,0,0,0,0,0,0,0,0,1,0,0,0,0,0,0,0,0,0,2,0,0,0,0,0,0,0,1,0,2,0,0,0,0,0,0,0,0,0,0,0,0,1,0,0,1,0,0
130,130,0,4,0,0,0,2,0,0,0,0,0,0,0,0,0,0,0,0,1,0,0,0,0,0,1,0,3,0,0,0,0,0,0,0,1,0,0,3,0,0,0,1,1,0,0,0,0,0,0,0,0,0,0,0,0,0,0,0,0,0,0,0,0,0,0,0,0,1,0,0,0,0,0,0,0,0,0,0,0,0,0,0,0,0,0,3,0,0,1,0,0,0,0,0,0,0,0,0,1,0,0,1,0,0,0,0,0,0,0,0,0,0,0,1,1,0,0,0,0,0,0,2,0,0,0,0,0,0,0,0,0,0,0,0,0,0,0,0,0,0,0,0,0,0,0,0,1,0,0,0,0,0,0,0,0,0,0,0,0,0,0,0,0,0,0,0,0,0,0,0,0,0,0,0,0,0,0,0,0,0,0,3,0,16,0,0,0,0,3,1,0,0,0,1,0,0,0,0,0,0,0,0,0,0,0,0,0,0,0,0,0,0,0,0,0,0,0,0,0,0,1,0,0,0,0,0,0,0,0,2,17,0,0,0,0,0,0,0,0,0,0,0,0,0,0,0,2,1,0,0,0,0,0,0,0,0,0,0,0,0,3,0,0,0,0,0,0,0,0,0,0,0,0,0,0,0,1,2,0,0,0,1,0,0,3,0,0,1,0,0,0,0,2,0,0,0,0,0,0,0,4,0,2,0,0,0,2,1,0,1,0,4,0
131,131,0,0,0,0,0,0,0,0,0,0,0,0,0,0,0,0,0,0,0,0,0,0,0,0,2,0,0,0,0,0,0,0,0,0,1,0,1,1,0,0,0,0,5,0,0,0,0,0,0,0,0,0,0,0,1,1,0,0,0,0,0,0,1,0,0,0,0,0,0,0,0,0,0,0,0,0,0,0,0,0,0,0,0,0,0,0,0,0,1,0,3,0,5,0,0,0,0,0,0,0,0,0,0,0,0,0,0,1,0,0,0,0,0,1,1,0,0,0,1,0,0,0,0,1,0,0,0,0,0,0,0,0,0,0,0,0,0,0,0,0,1,1,0,0,0,0,0,0,0,1,0,0,0,0,13,0,0,0,0,0,0,0,0,0,0,0,2,0,0,0,0,0,0,3,1,0,0,0,0,0,0,0,0,3,0,0,0,0,3,0,0,0,0,0,0,0,0,0,1,0,0,0,0,0,0,7,2,0,0,0,0,0,0,0,0,0,0,0,0,0,0,0,0,2,0,0,0,0,0,1,4,0,1,0,0,0,0,0,0,2,0,0,0,0,0,0,2,0,0,0,0,0,0,5,1,0,0,0,0,0,0,0,0,6,0,0,0,2,1,0,0,0,0,0,0,0,0,0,1,0,0,0,0,0,0,0,12,0,0,1,0,0,3,2,3,0,5,0,0,0,1,1,1,0,0,0,0,2,0,0,0,1,0
132,132,0,0,0,0,0,0,0,0,0,2,0,0,0,0,0,0,0,1,0,0,0,0,0,0,0,0,1,0,5,1,0,0,0,0,0,0,2,0,0,0,0,0,0,0,0,0,0,0,4,0,0,0,3,0,0,1,0,0,0,0,0,1,0,3,0,0,0,0,0,0,0,0,0,0,0,0,0,0,0,0,0,0,0,0,0,0,1,0,0,1,0,0,0,0,0,0,0,0,0,1,0,0,0,0,0,0,0,0,0,0,0,0,0,0,0,0,0,0,0,0,0,0,0,0,1,6,0,0,0,0,0,0,0,1,0,0,0,0,0,0,0,0,0,0,0,0,1,0,0,0,0,0,1,0,0,1,0,0,0,0,0,0,0,0,0,0,0,1,0,0,0,0,0,0,0,0,0,0,0,0,0,0,0,0,1,0,4,2,0,0,0,0,0,0,0,0,2,0,1,0,0,0,0,0,0,0,2,0,0,0,0,0,0,0,0,0,0,0,0,0,0,0,4,0,0,0,0,0,0,2,0,0,0,0,0,0,2,0,0,0,0,0,0,0,0,0,3,1,0,0,0,0,0,0,0,0,0,0,0,0,0,0,0,1,0,0,1,3,1,0,0,0,0,0,0,0,0,0,0,0,0,1,0,0,0,0,0,0,0,0,0,0,0,0,0,0,0,1,0,0,0,0,0,0,3,0,0,1,1,1,0,3,2
133,133,13,2,2,5,0,0,0,0,0,0,0,0,0,0,0,0,19,0,0,0,0,0,1,0,1,0,4,0,0,0,0,0,0,0,0,0,7,0,0,0,0,27,3,0,0,0,0,0,0,0,0,7,0,0,0,0,0,0,0,0,0,0,0,0,0,0,0,4,1,0,2,0,2,0,0,0,0,0,0,0,0,0,0,0,0,4,0,0,1,1,2,0,0,1,0,0,0,1,0,6,2,4,0,0,0,0,0,0,1,1,0,3,29,71,0,0,0,0,0,11,0,0,0,0,0,1,8,29,0,0,2,14,0,0,0,0,0,0,0,0,5,2,0,2,0,1,0,0,0,0,0,0,0,0,1,1,2,0,0,2,0,0,0,0,0,0,25,9,0,0,0,0,0,5,0,0,0,0,0,0,0,0,0,0,0,4,0,0,7,0,2,6,0,0,0,0,0,0,0,0,0,0,0,0,3,1,4,0,0,0,0,0,0,0,1,3,0,0,0,1,2,0,0,0,0,0,0,0,0,10,0,0,0,0,0,0,0,1,2,0,0,1,0,4,0,0,4,0,0,9,8,0,0,2,3,0,1,0,1,0,0,6,0,0,0,2,1,0,2,0,0,0,1,4,1,0,1,1,0,11,0,0,0,0,23,0,0,0,1,0,0,0,3,0,8,1,3,0,0,3,0,0,2,1,0,0,1,1,0,2,0,0,2
134,134,0,1,3,4,0,0,0,1,0,0,0,1,0,0,1,1,21,0,0,0,0,0,1,0,3,0,0,0,0,0,0,0,2,0,0,0,9,0,0,0,0,14,0,0,0,0,0,0,0,0,0,6,0,0,0,0,0,0,0,0,0,0,0,0,0,0,1,12,17,1,1,0,4,0,0,0,0,0,0,0,0,0,1,0,0,17,0,0,0,2,1,0,0,0,0,0,0,0,0,1,1,4,0,1,0,0,1,0,0,6,0,2,22,43,2,0,2,0,1,7,0,0,0,0,0,0,4,16,0,1,0,4,0,0,0,0,0,0,0,0,2,0,0,0,0,0,0,0,0,0,1,0,0,0,0,1,2,0,0,2,0,0,0,0,0,0,25,8,0,0,0,0,0,0,0,0,0,0,0,0,0,0,0,2,0,5,0,0,2,0,0,6,0,0,0,0,0,0,0,0,0,0,0,0,4,2,3,0,0,0,2,0,2,0,0,1,0,0,0,1,0,0,0,0,1,0,0,0,0,6,0,0,0,0,0,0,0,1,0,0,0,0,0,2,1,1,1,0,0,13,27,0,1,1,3,0,0,21,2,0,0,5,0,0,0,1,0,2,1,0,0,0,0,2,0,0,0,2,0,40,0,0,0,0,6,0,6,2,0,0,0,0,2,0,8,0,4,0,0,3,0,0,2,1,0,0,3,1,0,2,0,0,4
135,135,1,2,3,3,0,0,0,1,0,0,0,0,0,0,1,0,15,0,0,0,0,0,0,0,0,0,0,0,0,0,0,0,1,0,0,0,3,0,0,0,0,4,0,0,0,0,0,0,0,0,0,1,0,0,0,0,0,0,0,0,0,0,0,0,0,0,0,5,2,0,1,0,2,0,0,0,0,0,0,0,0,0,0,0,0,7,0,0,0,0,0,0,0,0,0,0,0,0,0,0,1,0,0,0,0,0,0,1,1,1,0,1,9,24,0,0,0,0,1,6,0,0,0,0,0,0,3,10,0,0,0,2,0,0,0,0,0,0,0,0,3,1,2,2,0,0,0,0,0,0,0,0,0,0,0,0,2,0,0,0,0,0,0,0,0,0,5,10,0,0,0,0,0,2,0,0,0,0,0,0,0,0,0,0,0,4,0,0,2,0,0,7,0,0,0,0,0,0,0,0,0,0,0,0,1,0,2,0,0,0,0,0,0,0,0,0,0,0,0,1,0,0,1,0,0,0,0,0,0,5,0,0,0,0,0,0,0,0,0,1,0,0,0,2,0,0,0,0,0,5,26,0,1,2,1,0,0,14,0,0,0,1,0,0,0,0,0,0,2,0,0,0,0,0,2,0,0,0,0,15,0,0,0,0,4,0,3,0,1,0,0,0,1,0,1,1,4,0,0,1,1,0,0,0,0,0,1,1,0,0,0,0,2
136,136,0,1,0,0,0,0,0,0,0,0,0,0,0,0,0,0,0,0,0,0,0,1,0,0,0,1,0,0,0,0,0,0,0,0,2,0,1,0,2,0,0,0,0,0,0,0,5,0,1,0,0,0,0,0,1,1,0,0,0,0,0,1,0,0,1,0,0,0,0,0,0,0,0,0,0,0,0,0,0,0,0,0,0,0,0,0,0,0,0,0,4,0,0,0,0,0,0,0,0,0,0,0,0,0,0,0,0,0,0,0,0,0,0,3,2,0,0,0,2,1,0,0,0,0,0,0,0,0,0,0,0,0,0,0,0,1,0,0,0,0,0,0,0,0,0,0,0,0,0,1,0,5,0,0,0,0,0,0,0,0,7,0,0,0,0,0,0,1,0,0,0,0,0,0,1,0,0,0,0,0,0,0,1,0,0,0,0,1,0,0,0,0,0,0,0,0,0,0,0,1,0,0,0,0,0,0,1,0,0,0,0,0,1,0,0,0,0,0,0,0,0,0,0,0,1,0,0,0,0,4,0,0,1,0,0,0,3,0,0,0,0,0,0,2,0,1,0,5,0,0,0,0,0,1,0,2,0,0,1,0,0,0,0,0,0,0,0,1,0,0,0,0,0,0,0,0,0,0,0,0,0,0,1,0,0,0,0,0,0,2,0,0,2,0,6,0,1,0,2,0,0,0,0,0,0,0,0,0,0,0,0,0,0
137,137,0,0,1,3,0,0,0,1,0,0,0,0,0,0,0,0,19,0,0,0,0,0,1,0,0,0,0,0,0,0,0,0,0,0,0,0,2,0,0,0,0,8,0,0,0,0,0,0,0,0,0,1,0,0,0,0,0,0,0,0,0,0,0,0,0,0,0,2,1,0,2,0,0,0,0,0,0,0,0,0,0,0,0,0,0,2,0,0,0,0,1,0,0,0,0,1,0,0,0,0,3,2,0,0,0,0,0,0,0,0,0,1,9,23,0,0,2,0,3,3,0,0,0,0,0,0,0,9,0,0,1,5,0,0,0,0,0,0,0,0,1,0,0,0,0,0,0,0,0,0,0,0,0,0,0,0,0,0,0,0,0,0,0,0,0,0,5,3,0,0,0,0,0,1,0,0,0,0,0,0,0,0,0,0,0,4,0,1,2,0,1,5,0,0,0,1,0,0,0,0,0,0,0,0,6,1,1,0,0,0,0,0,0,0,1,1,0,0,0,1,0,0,0,0,0,0,0,0,0,4,0,0,0,0,0,0,0,0,2,0,0,0,0,1,1,0,0,0,0,3,18,1,0,0,2,0,2,10,1,0,0,1,0,0,0,0,0,0,0,0,0,0,0,0,0,0,0,1,0,5,0,0,0,0,2,0,4,0,0,0,0,0,1,0,3,3,5,0,0,1,0,0,1,0,0,0,0,3,0,1,0,0,1
138,138,1,20,1,1,1,0,0,0,0,1,2,0,0,1,2,1,7,0,0,1,6,0,0,3,2,0,2,2,0,0,1,0,1,0,21,2,5,0,1,0,0,18,1,0,0,0,0,0,4,2,0,0,0,0,0,1,0,0,0,0,0,0,9,0,0,0,1,1,1,0,1,0,0,0,0,8,0,0,0,0,1,0,0,0,0,7,0,0,0,1,0,0,0,1,0,0,0,1,0,1,1,7,0,0,0,0,0,0,0,1,0,6,0,19,0,0,0,0,0,4,0,1,0,0,0,0,3,10,0,0,0,9,0,0,0,0,0,0,0,0,1,2,1,0,1,0,0,0,0,0,2,0,0,0,1,2,1,4,0,2,0,0,0,0,0,0,20,8,0,0,0,0,0,2,10,0,0,0,0,2,0,0,0,1,0,1,0,0,6,0,1,2,0,0,0,1,1,0,0,0,0,0,0,8,0,1,7,0,0,0,2,0,0,0,1,1,0,0,0,0,0,5,3,12,3,0,0,0,0,11,1,9,1,1,0,0,0,1,1,1,6,2,0,1,0,0,2,4,0,3,2,0,1,2,2,0,2,0,0,0,0,0,0,0,0,0,0,1,1,0,0,0,0,1,3,0,0,1,0,2,1,3,0,0,9,0,1,2,1,0,0,0,6,0,11,7,2,0,1,0,1,2,2,1,0,0,0,1,11,3,4,7,3
139,139,0,0,0,1,0,0,0,0,0,0,0,0,0,0,0,0,1,0,0,0,8,0,0,1,0,0,0,0,0,0,0,0,0,0,3,0,0,0,0,0,0,2,0,0,0,0,0,0,0,0,0,0,0,0,0,0,0,0,0,0,0,0,0,0,0,0,0,0,0,0,0,0,0,0,0,2,0,0,0,0,0,0,0,0,0,1,0,0,0,0,0,0,0,0,0,0,0,0,0,0,0,1,0,0,0,0,1,1,0,0,0,1,0,1,0,0,0,1,0,0,0,0,0,0,0,0,4,0,0,0,0,0,0,0,0,0,0,0,0,0,0,0,0,0,1,0,0,0,0,0,0,0,0,0,0,1,0,0,0,0,0,0,0,1,0,0,0,0,0,0,0,0,0,0,0,0,0,0,0,0,1,0,0,0,0,0,0,0,1,0,0,0,0,0,0,1,0,0,0,0,0,0,0,3,0,0,0,0,0,0,1,0,0,0,0,0,0,0,0,0,0,0,2,1,0,0,0,0,0,0,0,1,0,0,0,0,0,0,0,0,4,0,0,0,0,0,0,0,0,1,0,0,0,0,0,0,0,0,0,0,0,0,0,0,0,0,0,0,0,0,1,0,0,0,1,0,0,2,0,0,0,2,0,0,3,0,0,0,0,0,0,0,0,0,4,2,0,0,0,1,0,0,1,0,0,0,1,1,7,1,1,1,0
140,140,0,0,1,0,0,0,0,0,0,0,0,0,0,0,1,0,0,0,0,3,0,0,0,0,0,1,0,0,0,0,0,0,0,0,0,0,1,0,0,0,0,1,0,1,0,0,0,0,0,0,0,0,0,1,0,0,0,1,0,0,0,0,0,0,0,0,0,0,0,0,0,0,0,0,0,0,0,0,0,0,0,0,0,0,0,1,0,0,0,0,0,0,1,0,0,0,0,0,0,0,0,0,0,0,0,0,0,0,0,0,0,0,0,7,0,0,0,0,1,0,0,0,0,2,2,1,0,0,0,0,0,0,0,1,0,3,0,0,0,0,0,0,0,0,0,0,0,0,0,2,0,0,0,0,0,0,0,0,0,0,0,0,0,0,0,0,3,0,0,0,0,0,0,0,0,0,0,0,0,0,0,0,0,0,0,0,1,0,0,0,0,0,0,0,0,0,0,0,0,5,0,0,0,0,0,0,0,0,0,0,0,0,0,0,0,0,0,0,0,0,0,0,0,0,0,0,0,0,0,0,0,0,0,0,0,0,2,0,0,0,0,0,0,0,0,0,0,0,0,1,0,0,0,1,0,1,0,0,0,0,0,0,0,0,0,0,0,1,0,0,0,0,1,0,0,0,0,0,0,0,0,0,0,0,0,0,1,0,0,1,0,0,0,0,1,0,2,0,1,0,0,0,1,0,0,0,0,0,0,0,0,1,0
141,141,0,0,0,0,2,0,0,0,0,0,0,0,0,0,0,0,0,0,0,0,0,0,0,0,0,0,1,0,0,0,0,0,0,0,0,0,0,1,0,0,0,0,3,0,0,0,0,0,0,0,0,0,0,0,1,0,0,1,0,0,0,0,0,0,0,0,0,0,0,0,0,0,0,0,0,0,0,0,0,0,1,0,0,0,0,0,0,0,2,0,0,0,1,0,1,0,0,0,0,0,0,2,0,1,0,0,0,2,0,0,0,0,0,0,1,0,0,0,1,0,0,0,0,0,0,0,0,0,0,0,0,0,0,0,0,0,0,0,0,0,0,0,0,0,0,0,0,0,0,1,0,0,0,0,7,0,1,0,0,0,0,0,0,0,0,0,0,0,0,0,0,0,0,0,0,0,0,0,0,0,0,0,0,3,0,0,0,0,2,1,0,0,0,0,2,0,0,0,0,0,0,0,0,0,0,5,2,0,0,0,0,0,0,0,0,0,0,0,0,0,1,0,0,0,0,0,0,0,0,2,2,0,2,0,0,0,1,1,0,0,0,0,0,1,0,0,0,0,0,0,0,0,0,4,2,0,0,0,0,0,0,0,0,4,0,0,0,0,0,0,0,0,0,0,0,0,0,0,0,0,0,0,0,0,0,0,3,0,0,0,0,0,0,0,2,0,3,0,0,0,0,0,0,0,0,0,0,3,0,1,1,0,0
142,142,19,5,0,1,0,1,0,0,0,0,0,0,0,0,1,0,12,0,0,0,0,0,4,0,0,0,2,0,0,0,0,0,2,0,0,0,7,0,0,0,0,14,1,0,0,0,0,0,0,0,0,8,0,0,0,0,0,0,0,0,0,0,0,0,0,0,0,8,0,0,1,0,2,0,0,0,0,0,0,0,0,0,0,0,0,9,0,0,0,1,0,0,0,1,0,0,0,2,0,3,4,3,0,0,0,0,0,0,3,4,0,9,19,67,0,0,0,0,0,10,0,0,0,0,0,0,2,20,0,0,0,30,0,0,0,0,0,0,0,0,1,2,0,1,0,0,0,0,0,0,0,0,0,0,2,1,0,0,0,0,0,0,0,0,0,0,24,13,0,1,0,0,0,1,0,0,0,0,0,0,0,0,0,0,0,6,0,0,3,0,0,1,0,0,0,0,0,0,0,0,0,0,0,0,10,0,4,0,0,0,0,0,3,0,1,1,0,0,0,1,0,0,2,0,0,0,0,0,0,8,0,0,0,0,0,0,0,1,3,0,0,1,0,0,1,1,0,0,0,2,3,0,0,2,2,0,4,0,0,0,0,2,0,0,0,2,0,1,2,0,0,0,0,1,1,0,3,2,0,7,0,0,0,0,17,0,0,0,0,0,0,0,7,0,12,0,3,0,0,0,4,0,2,0,0,0,3,2,0,1,0,0,1
143,143,0,1,0,0,0,0,0,0,0,0,0,0,0,0,0,0,0,0,0,0,0,0,0,0,0,2,0,0,0,0,0,0,0,0,0,0,0,0,0,0,0,0,1,0,0,0,3,0,1,0,0,0,0,0,0,0,0,0,0,0,0,0,0,0,0,0,0,0,0,0,0,0,0,0,0,0,0,0,0,0,0,0,0,0,0,0,0,0,0,0,2,0,3,0,0,0,0,0,0,0,0,0,0,0,0,0,0,0,0,0,0,0,0,1,2,0,0,0,2,0,0,0,0,0,0,0,0,1,0,0,0,0,0,0,0,1,0,0,0,0,0,0,0,0,0,0,1,0,0,0,0,6,0,0,1,0,1,0,0,0,0,0,0,0,0,0,0,0,0,0,0,0,0,0,2,0,0,0,0,0,0,0,1,0,0,0,0,0,0,0,0,0,0,0,0,0,0,0,0,0,0,0,0,0,0,0,0,0,0,0,0,0,0,0,0,0,0,0,0,1,0,0,0,0,0,0,0,0,0,1,0,0,1,0,0,0,5,0,0,0,0,0,0,0,0,0,0,2,0,0,0,0,0,0,0,0,0,0,0,0,0,2,1,0,0,0,0,0,0,0,0,0,0,0,0,0,0,0,0,0,0,0,0,0,0,0,0,0,0,1,0,0,0,0,3,0,0,0,2,0,0,0,0,0,0,0,0,0,0,0,0,2,0
144,144,0,0,2,5,0,0,0,2,0,0,0,0,0,0,0,0,5,0,0,0,0,0,0,0,0,0,0,0,0,0,0,0,0,0,0,0,0,0,0,0,0,6,0,0,0,0,0,0,0,0,0,3,0,0,0,0,0,0,0,0,0,0,0,0,0,0,0,4,4,0,0,0,1,0,0,0,0,0,0,0,0,0,0,1,0,3,0,0,0,0,1,0,0,0,0,0,0,0,0,0,4,0,0,0,0,0,0,0,1,2,0,1,3,15,0,0,0,0,3,5,0,0,0,0,0,0,1,6,0,0,0,6,0,0,0,1,0,0,0,0,0,0,1,0,0,0,0,0,0,0,0,0,0,1,1,0,0,0,0,0,0,0,0,0,0,0,9,5,0,0,0,0,0,2,0,0,0,0,0,0,0,0,0,0,0,1,0,1,6,0,0,2,0,0,0,0,1,0,0,0,0,0,0,0,2,2,0,0,0,0,0,0,0,0,0,2,0,0,0,0,0,0,0,0,2,0,0,0,0,3,0,0,0,0,0,0,0,2,2,0,0,0,0,1,0,0,0,0,0,6,16,0,0,2,1,0,0,15,1,0,0,1,0,0,0,0,1,0,2,0,0,0,0,2,2,0,0,1,0,9,0,0,0,0,4,0,3,1,1,0,0,0,1,0,1,1,5,0,0,1,0,0,0,1,0,0,0,0,0,0,0,0,1
145,145,0,0,1,0,0,0,0,0,0,0,0,0,0,0,0,0,0,0,0,0,0,0,0,0,0,0,0,0,0,0,0,0,0,0,0,0,0,0,4,0,0,0,0,0,0,1,3,3,0,5,0,0,0,0,0,0,0,0,0,0,0,0,0,0,0,0,0,0,0,0,0,0,0,0,0,0,0,0,0,0,0,0,0,0,0,0,0,0,0,0,3,0,0,2,0,0,0,0,0,0,0,0,0,0,0,0,0,0,0,0,0,0,0,1,1,0,0,0,0,0,0,0,0,0,0,0,0,0,0,0,0,0,0,1,3,0,2,0,0,0,0,0,0,0,0,0,0,0,0,2,0,1,0,0,0,0,0,0,0,0,0,1,2,0,0,0,0,0,0,0,0,0,0,0,0,0,0,0,0,0,2,0,0,0,0,0,0,0,0,0,0,0,0,0,0,0,0,0,0,0,0,0,0,0,0,0,0,0,0,0,0,0,0,0,0,0,0,0,0,1,0,0,0,0,0,0,0,0,0,2,0,0,0,1,0,0,2,0,0,0,0,0,1,0,0,0,0,1,0,0,0,0,0,0,0,0,0,0,0,0,0,0,1,1,0,0,0,0,1,0,0,0,0,0,0,0,0,0,0,0,0,0,0,0,0,0,0,0,0,0,0,0,0,0,0,0,0,0,2,0,1,0,0,0,0,0,0,1,0,0,0,1,0
146,146,0,1,0,0,0,0,0,0,0,0,0,0,0,0,0,0,0,0,0,0,0,0,0,0,0,0,0,0,0,1,0,0,0,0,0,0,0,0,0,0,0,0,0,0,0,1,1,0,3,0,0,0,0,0,0,1,0,0,0,0,0,0,0,0,1,0,0,0,0,0,0,0,0,0,0,0,0,0,0,0,0,0,0,0,0,0,0,0,1,0,4,0,2,0,0,0,0,1,0,0,0,0,0,0,0,0,0,0,0,0,0,0,0,0,2,0,0,0,2,0,0,0,0,0,0,0,0,0,0,0,0,0,0,1,0,1,0,0,0,0,0,0,0,0,0,0,0,0,0,1,0,7,0,0,0,0,0,0,0,0,2,0,0,0,0,0,0,0,0,0,0,0,0,1,3,0,0,0,0,0,0,1,1,0,0,0,0,0,0,0,0,0,0,0,0,0,0,0,0,0,0,0,0,0,0,0,0,0,0,0,0,0,0,0,0,0,0,0,0,0,0,0,0,0,0,0,0,0,0,0,0,0,0,0,0,0,6,0,0,0,0,0,0,0,0,0,0,2,0,0,0,0,0,0,0,2,0,0,2,0,0,0,0,0,0,0,0,2,0,0,0,0,0,0,0,0,0,0,0,0,0,0,0,0,0,0,0,0,0,0,0,0,0,0,1,0,1,0,2,0,0,0,0,0,0,0,0,0,0,0,1,0,0
147,147,17,1,1,1,0,0,0,0,0,0,0,0,0,0,2,0,17,0,0,0,0,0,1,0,0,0,3,0,0,0,1,0,0,0,0,0,3,0,0,0,0,8,1,0,0,0,0,0,0,0,0,4,0,0,0,1,0,0,0,0,0,0,0,0,0,0,0,4,0,0,0,0,2,0,0,0,0,0,0,0,1,0,0,0,0,8,0,0,0,0,0,0,0,2,0,1,0,1,0,1,0,6,0,0,0,0,0,0,0,2,0,6,6,31,1,0,0,0,0,6,0,0,0,0,0,1,1,14,0,0,0,17,0,0,0,0,0,0,0,0,1,0,0,0,0,1,0,0,0,0,0,0,0,0,2,1,1,0,0,0,0,0,0,0,0,0,19,3,0,0,0,0,0,5,0,0,1,0,0,0,0,0,0,0,0,2,0,0,0,0,0,19,0,0,0,0,0,0,0,0,0,0,0,0,6,0,2,0,0,0,0,0,0,0,0,0,0,0,0,0,0,0,0,0,0,0,0,0,0,9,1,0,0,0,0,0,0,2,3,1,0,0,0,1,0,0,1,0,0,6,2,0,1,3,3,0,5,0,0,0,0,2,0,1,0,1,2,1,0,0,0,0,0,1,0,0,0,2,0,4,0,0,0,0,15,0,2,2,0,0,0,0,5,0,5,0,1,0,0,3,1,2,2,3,0,0,3,0,0,1,0,0,2
148,148,14,0,1,1,0,0,0,0,0,0,0,0,0,0,1,0,6,0,0,0,0,0,2,0,0,0,0,0,0,0,0,0,0,0,0,0,7,0,0,0,0,22,1,0,0,0,0,0,0,0,0,13,0,0,0,0,0,0,0,0,0,0,0,0,0,0,1,7,7,0,0,0,2,0,0,0,0,0,0,0,0,0,0,0,0,5,0,0,0,3,0,0,0,0,0,1,0,0,0,3,9,4,0,0,0,0,0,0,0,1,0,3,28,62,0,0,0,0,2,17,0,0,0,0,2,0,5,16,0,0,0,12,0,0,0,0,0,0,0,0,1,2,0,0,0,0,0,0,0,0,0,0,0,0,0,3,1,0,0,0,0,0,0,0,0,0,21,8,0,0,0,0,0,5,1,0,0,0,0,0,0,0,0,0,0,4,0,0,2,0,0,6,0,0,0,0,0,0,0,0,0,0,0,1,6,0,4,0,0,0,0,0,4,0,1,0,0,0,0,0,0,0,0,0,0,0,0,0,0,7,0,0,0,0,0,0,0,0,3,1,0,0,0,0,0,0,0,0,0,13,2,0,1,4,3,0,6,0,1,0,0,2,0,0,0,1,0,1,5,0,0,0,0,2,2,0,0,2,0,14,0,0,0,0,11,0,1,1,0,0,0,0,4,0,8,0,4,0,0,1,1,0,1,0,0,0,4,3,0,2,0,0,3
149,149,0,1,0,0,0,0,0,0,0,0,0,0,0,0,0,0,2,0,0,0,0,0,0,0,0,0,0,0,0,0,0,0,0,0,1,0,0,0,0,0,0,0,1,0,0,0,0,0,1,0,0,0,0,0,0,1,0,0,0,0,0,0,0,0,0,0,0,0,1,0,0,0,0,0,0,0,0,0,0,0,0,0,0,0,0,0,0,0,0,1,4,0,0,0,0,0,0,0,0,0,0,0,0,0,0,0,0,0,0,0,0,0,0,1,0,0,0,0,1,0,0,1,0,0,1,4,0,0,0,0,0,0,0,0,0,0,0,0,0,0,0,0,0,0,0,0,0,1,0,0,0,0,0,0,0,0,0,0,0,0,0,0,0,0,0,0,0,0,0,0,0,0,0,0,0,0,0,0,0,0,0,0,0,1,0,0,12,0,0,0,0,0,0,0,0,0,0,0,1,0,0,0,0,0,0,0,0,0,0,0,0,0,0,0,0,0,0,0,1,0,0,0,1,2,1,0,0,0,0,0,1,0,0,0,0,0,0,0,0,0,0,0,0,0,0,0,1,0,0,0,1,0,0,0,0,0,0,0,0,0,0,0,0,1,0,0,0,0,0,0,0,0,0,0,0,0,0,0,0,0,0,0,0,0,0,0,0,0,0,0,0,0,0,0,3,0,0,0,0,0,0,0,0,0,0,0,0,0,0,2,0,2,0
150,150,6,0,0,0,0,0,0,0,0,0,0,0,0,0,0,0,11,0,0,0,0,0,0,0,0,0,0,0,0,0,0,0,0,0,1,0,1,0,0,0,0,8,0,0,0,0,0,0,0,0,0,1,0,0,0,0,0,0,0,0,0,0,0,0,0,0,0,3,3,0,0,0,0,0,0,0,0,0,0,0,0,0,0,0,0,0,0,0,0,0,0,0,0,0,0,0,0,0,0,0,2,1,0,0,1,0,0,0,0,0,1,1,9,28,0,0,0,0,1,3,0,0,0,0,0,0,2,12,0,0,0,7,1,0,0,0,0,0,0,0,0,1,0,0,0,0,0,0,0,0,0,0,0,0,1,1,0,0,0,0,0,0,0,0,0,0,4,6,0,0,0,0,0,0,0,0,1,0,0,0,0,0,0,1,0,3,0,0,3,0,0,3,0,0,0,0,0,0,0,0,0,0,0,0,1,0,3,0,0,0,0,0,0,0,0,0,0,0,0,1,0,0,0,0,0,0,0,0,0,3,1,0,0,0,0,0,0,1,0,0,0,0,0,1,0,0,0,1,0,4,1,0,0,0,1,0,4,0,1,0,0,0,0,0,0,0,0,0,1,0,0,0,0,0,0,0,0,1,0,1,0,0,0,0,4,0,0,1,0,0,0,0,0,0,3,0,2,0,0,0,0,1,0,0,0,0,2,1,0,0,0,0,1
151,151,6,15,5,4,1,0,0,0,0,0,0,0,0,1,1,0,8,0,0,0,3,0,1,0,3,0,0,0,0,0,1,0,1,0,3,1,3,0,0,0,0,10,2,0,0,0,0,0,5,0,0,3,0,0,0,1,0,0,0,0,0,0,5,0,0,0,0,2,0,0,0,0,0,0,0,4,0,0,0,0,0,0,0,0,0,4,0,0,7,0,1,0,0,1,0,0,0,0,0,0,1,4,0,0,0,1,0,1,0,3,0,2,12,47,0,0,0,0,2,6,2,1,0,0,0,0,2,14,0,0,0,12,0,0,0,0,0,0,0,0,0,1,0,2,1,0,0,0,0,0,1,0,0,0,1,1,2,5,0,0,0,0,0,0,0,0,26,13,0,0,0,0,0,3,5,0,2,0,0,0,0,0,0,5,0,3,0,0,11,0,0,3,0,1,0,1,0,0,0,0,0,0,0,2,2,0,1,0,0,0,1,0,3,0,1,1,1,0,0,0,0,1,3,9,2,0,0,1,0,10,5,0,0,0,0,0,0,1,2,2,6,1,0,0,0,0,1,1,0,5,5,0,1,1,3,0,3,0,0,0,0,0,0,0,0,0,0,1,1,0,1,1,0,2,0,0,0,0,0,5,0,3,0,0,15,0,3,0,0,0,0,0,4,0,8,2,8,0,0,2,5,3,0,0,0,0,1,2,4,1,2,3,1
152,152,0,0,1,2,0,0,0,0,0,0,0,0,0,0,0,0,6,0,0,0,0,0,1,0,4,0,0,0,1,0,0,0,0,0,0,0,0,0,0,0,0,3,1,0,0,0,0,0,0,0,0,0,0,0,0,0,0,0,0,0,0,0,0,1,0,0,0,3,5,0,0,0,0,0,0,0,0,0,0,0,0,0,0,0,0,4,0,0,0,0,0,0,0,0,0,0,0,2,0,0,0,3,0,0,0,0,0,0,0,1,0,0,4,14,0,0,0,0,0,2,0,0,0,0,0,0,0,6,0,0,0,2,0,0,0,0,0,0,0,0,1,0,1,0,0,0,0,0,0,0,0,0,0,0,0,0,0,0,0,0,0,0,0,0,0,0,8,0,0,1,0,0,0,1,0,0,0,0,0,0,0,0,0,0,0,0,0,0,0,0,0,3,0,0,0,0,0,0,0,0,0,0,0,0,0,1,1,0,0,0,1,0,1,0,0,0,0,0,0,0,0,0,0,0,0,0,0,0,0,2,0,0,0,0,0,0,0,0,0,0,0,2,0,1,0,0,1,0,0,4,9,0,0,0,2,0,1,1,0,0,0,1,0,0,0,1,0,0,1,0,0,0,0,1,0,0,0,0,0,10,0,0,0,0,6,0,1,0,0,1,0,0,1,0,2,0,3,0,0,1,0,0,0,0,0,0,1,0,0,0,0,0,1
153,153,0,0,1,0,0,0,0,0,0,1,0,0,0,0,0,0,0,0,0,0,0,0,0,0,0,0,0,0,0,0,0,0,0,0,0,0,0,0,0,0,0,0,0,0,1,0,0,0,2,0,0,0,0,0,0,0,0,0,0,0,0,0,0,0,0,0,0,0,0,0,0,0,0,0,0,0,0,0,0,0,0,0,0,0,0,0,1,0,0,0,0,0,0,0,0,0,0,0,0,0,0,1,0,0,0,0,0,0,0,0,0,0,0,0,0,0,0,0,0,0,0,0,1,1,0,2,0,0,0,0,0,0,0,1,0,0,0,0,0,0,0,0,0,0,0,0,0,2,0,1,0,0,0,1,0,0,0,0,0,0,0,0,0,0,0,0,0,0,0,0,0,0,0,0,0,0,0,0,0,0,0,0,0,1,0,0,1,0,0,0,0,0,0,0,0,0,0,0,2,0,0,0,0,0,0,0,0,0,0,0,0,0,0,0,0,0,0,0,0,0,0,0,0,1,0,0,0,0,0,0,0,0,0,0,0,0,0,0,0,0,0,0,0,0,0,0,0,0,0,0,0,0,0,0,0,0,0,0,0,0,0,0,0,0,0,0,0,0,0,0,0,0,0,0,0,0,0,0,0,0,0,0,0,0,0,0,0,0,0,0,0,0,0,0,0,1,0,0,0,0,0,0,1,0,0,0,0,1,0,2,0,0,0
154,154,1,0,0,4,0,0,0,3,0,0,0,0,0,0,0,0,15,0,0,0,0,0,0,0,1,0,0,0,0,0,1,0,0,0,0,0,1,0,0,0,0,3,0,0,0,0,0,0,0,0,0,4,0,0,0,0,0,0,0,0,0,0,0,0,0,0,0,5,3,0,0,0,0,0,0,0,0,0,0,0,0,0,0,0,0,9,0,0,0,0,0,0,0,0,0,0,0,2,0,0,2,6,0,0,0,0,0,0,0,1,0,2,13,14,0,0,1,0,0,9,0,0,0,0,0,0,2,9,0,0,0,6,0,0,0,1,0,0,0,0,1,0,0,0,0,0,0,0,0,0,0,0,0,0,0,3,0,0,0,0,0,0,0,0,0,0,9,5,0,0,0,0,0,1,0,0,0,0,0,0,0,0,0,0,0,1,0,0,1,0,0,6,0,0,0,1,0,0,0,0,0,0,0,0,1,1,3,0,0,0,0,0,2,0,0,2,0,0,0,0,0,0,0,0,0,0,0,0,0,2,0,0,0,0,0,0,0,0,1,0,0,1,0,2,0,1,3,0,0,2,21,0,0,1,3,0,0,5,0,0,0,2,0,0,0,1,0,1,0,1,0,0,0,1,1,0,0,0,0,12,0,0,0,0,4,0,4,0,0,0,0,0,1,0,7,0,2,0,0,2,0,0,1,1,0,0,0,2,0,1,0,0,0
155,155,0,0,0,0,0,0,0,0,0,0,0,0,0,0,0,0,0,0,0,0,3,0,0,0,0,0,0,0,0,0,0,0,0,0,0,0,0,4,0,0,0,0,1,1,0,1,1,0,0,0,0,0,0,0,0,0,0,0,0,0,0,0,0,0,0,0,0,0,0,0,0,0,0,0,0,0,0,0,0,0,0,0,0,2,0,0,0,0,2,0,0,0,0,0,0,0,0,0,0,0,0,0,0,0,0,0,0,0,0,0,0,0,0,1,0,0,0,0,1,0,0,0,0,0,0,0,2,0,0,0,2,0,0,0,0,0,0,0,0,0,0,0,0,1,0,0,0,0,0,0,0,2,0,0,0,0,0,0,1,0,0,0,0,0,0,0,0,0,0,0,0,0,0,0,2,0,0,0,0,0,0,1,1,5,0,0,0,0,0,0,0,0,0,0,0,0,0,0,0,0,0,0,0,0,0,0,0,0,0,0,0,0,0,0,0,1,0,0,0,0,1,0,0,0,0,0,0,1,0,2,6,0,1,0,0,0,1,0,0,0,0,0,0,1,0,0,1,2,0,0,0,0,0,0,1,0,0,0,1,0,0,0,0,0,0,0,0,0,0,0,0,0,0,0,0,0,0,1,0,0,0,0,0,0,0,0,0,0,0,0,0,0,1,0,1,0,0,0,5,0,1,0,1,0,0,0,0,1,0,0,0,0,0
156,156,0,0,0,0,0,0,0,0,0,0,0,0,0,0,0,0,0,0,0,0,0,0,0,0,0,0,0,0,0,0,0,0,0,0,0,0,0,0,0,0,0,0,0,0,0,1,1,0,1,0,0,0,0,0,0,0,1,0,0,0,0,0,0,0,2,0,0,0,0,0,0,0,0,0,0,0,0,0,0,0,0,0,0,1,0,0,0,0,0,0,0,0,1,0,0,0,0,0,0,0,0,1,0,0,0,0,0,0,0,0,0,0,0,0,0,0,0,0,1,0,0,0,0,0,0,0,0,0,0,0,0,0,0,0,0,0,1,0,0,0,0,0,0,0,0,0,0,0,0,0,0,0,0,0,0,0,0,0,0,0,3,0,0,0,0,0,0,0,0,0,0,0,0,0,1,0,0,0,0,0,0,0,0,0,0,0,0,0,1,0,0,0,0,0,0,0,0,0,0,0,0,0,0,0,0,0,0,0,0,0,0,0,0,0,0,0,0,0,0,0,0,0,0,0,0,0,0,0,0,1,0,0,0,0,0,0,2,0,0,0,0,0,0,0,0,0,0,3,0,0,0,0,0,0,0,0,0,0,0,0,0,0,2,0,0,0,0,0,0,0,0,0,0,0,0,0,0,0,0,0,0,0,1,0,0,0,0,0,0,0,0,0,0,0,0,0,0,0,2,0,0,0,0,0,0,0,0,0,0,0,0,0,0
157,157,0,0,0,0,0,0,0,0,0,0,0,0,0,0,0,0,0,0,0,0,0,0,0,0,0,0,0,0,0,0,0,0,0,0,0,0,0,0,2,0,0,0,0,1,0,0,0,0,0,0,0,0,0,0,0,0,1,0,0,0,2,0,1,0,2,0,0,0,0,0,0,0,0,0,0,0,0,0,0,0,0,0,0,0,0,0,0,0,0,0,2,0,1,0,0,0,0,0,0,1,0,0,2,0,0,0,0,0,0,0,0,0,0,1,0,0,0,0,0,0,0,0,0,2,0,0,1,0,0,0,0,2,0,0,7,1,0,0,0,0,0,0,0,0,0,0,0,0,0,1,0,4,4,1,0,0,0,0,0,0,0,1,6,3,0,0,0,0,0,0,0,0,0,0,1,0,0,0,0,0,1,0,0,0,0,0,2,1,0,0,0,0,0,0,0,0,0,0,0,0,0,0,0,0,0,0,0,0,0,3,0,0,0,0,0,0,0,0,0,0,0,0,0,0,0,0,0,0,0,3,0,0,0,1,0,0,3,0,0,0,0,0,0,0,0,0,0,0,0,0,0,0,0,0,0,3,0,0,0,0,0,0,0,1,0,0,0,0,0,0,0,0,0,1,0,0,0,1,0,0,0,0,0,0,0,0,0,0,0,0,0,0,0,0,0,0,0,0,0,0,0,0,0,0,0,0,0,1,0,0,0,0,0
158,158,2,6,2,0,0,0,0,1,0,0,0,0,0,0,0,0,4,0,0,0,0,1,0,0,1,0,0,0,0,0,0,0,0,0,0,0,3,2,0,0,0,3,0,0,0,0,2,0,1,0,0,0,0,0,0,0,0,0,0,0,0,0,0,0,0,0,0,2,1,0,0,0,0,0,0,0,0,0,0,0,0,0,0,0,0,2,0,0,0,0,0,0,0,0,0,0,0,0,0,1,1,12,0,0,0,0,0,3,0,0,0,1,3,9,0,0,0,0,1,1,0,0,0,1,0,0,2,2,0,0,0,0,0,0,0,0,0,0,0,0,0,0,0,0,0,0,0,0,0,0,0,1,0,0,1,0,0,0,0,0,0,0,0,0,1,0,4,1,3,0,0,0,0,5,1,0,0,0,0,0,0,0,0,0,0,0,0,0,1,0,0,1,0,0,0,0,0,0,0,0,0,0,1,12,0,0,0,0,0,0,0,0,3,0,3,0,0,0,0,0,0,0,0,0,2,0,0,0,0,2,0,1,1,0,0,0,0,0,1,0,0,0,0,0,0,0,4,0,0,1,6,0,0,0,0,0,0,5,2,3,0,0,0,0,0,1,0,0,0,0,0,0,0,1,1,0,0,1,0,2,0,0,0,0,2,0,0,1,0,1,0,0,1,0,1,0,0,0,0,0,2,0,0,0,0,0,1,1,1,0,0,1,0
159,159,0,3,1,1,1,0,0,0,0,2,0,0,0,0,0,0,1,0,0,0,0,0,0,0,0,0,3,0,0,0,0,0,0,2,0,0,0,1,0,0,0,2,1,0,0,1,0,0,6,0,0,0,0,0,0,2,0,0,0,1,1,2,1,0,0,0,0,0,1,0,0,0,0,0,0,0,0,0,0,0,0,0,0,0,0,0,1,0,1,0,0,0,2,0,0,0,0,0,0,0,2,4,0,0,0,0,0,0,0,0,0,0,0,2,0,0,0,0,0,0,0,0,1,1,1,11,2,1,0,0,0,0,0,2,0,0,0,0,0,2,0,3,0,0,0,0,0,0,0,1,0,0,0,5,0,0,0,0,0,0,0,0,0,0,1,2,0,1,4,0,0,0,0,1,1,0,0,0,0,0,0,0,0,1,0,0,7,2,2,0,0,0,0,0,0,0,0,0,0,0,0,0,2,5,1,0,2,0,0,0,0,0,0,0,1,0,1,0,0,0,0,0,0,0,0,0,0,0,1,3,0,1,0,0,0,0,4,0,1,0,0,0,0,0,0,0,1,2,0,0,2,0,0,0,0,0,1,3,10,0,1,0,0,4,0,0,0,1,0,0,0,0,0,0,0,0,0,1,0,4,0,0,0,0,3,0,0,0,0,0,0,0,0,0,5,0,0,0,0,0,1,0,0,1,0,0,1,1,0,3,1,4,1
160,160,14,0,1,2,1,0,0,0,0,0,0,0,0,0,0,0,14,0,0,0,0,0,1,0,0,0,7,0,0,0,0,0,0,0,0,0,1,0,0,0,0,13,0,0,0,0,0,0,0,0,0,7,0,0,0,0,0,0,0,0,0,0,0,0,0,0,0,5,1,0,0,0,0,0,0,0,0,0,0,0,0,0,0,0,0,4,0,0,0,0,1,0,0,0,0,0,0,0,0,3,3,0,0,0,0,0,0,0,0,1,0,1,15,45,0,0,0,0,0,5,0,0,0,0,0,0,2,12,0,0,0,12,0,0,0,0,0,0,0,0,4,2,0,0,0,0,0,0,0,0,0,0,0,0,0,1,1,0,0,1,0,0,0,0,0,0,8,4,0,1,0,0,0,2,0,0,0,0,0,0,0,0,0,0,0,4,1,0,3,0,0,9,0,0,0,0,0,0,0,0,0,0,0,0,2,0,4,0,0,0,0,0,0,0,0,1,0,0,0,0,0,0,0,0,0,0,0,0,0,12,0,0,0,0,0,0,0,0,1,1,0,1,1,0,0,1,0,0,0,3,3,0,0,1,2,0,6,0,0,0,0,6,0,1,0,1,0,0,1,0,0,0,0,0,2,0,0,2,0,7,0,0,0,0,4,0,0,0,2,0,0,0,5,0,5,0,0,0,0,4,0,1,0,0,0,0,1,3,0,2,0,0,2
161,161,7,0,2,8,0,0,0,0,0,0,0,0,0,0,0,0,11,0,0,0,0,0,1,0,2,0,3,0,0,0,1,0,3,0,0,0,2,0,0,0,0,12,3,0,0,0,0,0,0,0,0,6,0,0,0,2,0,0,0,0,0,0,0,0,0,0,0,12,15,3,0,0,2,0,0,0,0,0,0,0,0,0,0,0,0,11,0,0,0,0,0,0,0,0,0,0,0,1,0,2,1,2,0,0,0,0,0,0,3,3,0,3,20,43,2,0,0,0,1,12,0,0,0,0,0,0,2,16,0,1,0,3,0,0,0,0,0,0,0,0,1,1,0,0,0,1,0,0,0,0,0,0,0,0,0,2,0,0,0,0,0,0,0,0,0,0,17,19,0,0,0,0,0,3,0,0,2,0,0,0,0,0,0,0,0,5,0,0,1,0,0,9,0,0,0,0,0,0,0,0,0,0,0,0,3,2,3,0,0,0,2,0,2,0,0,0,0,0,0,0,0,0,1,0,2,0,0,0,0,5,0,0,0,0,0,0,0,2,1,0,0,1,0,2,1,0,4,0,0,16,42,0,1,2,3,0,7,2,0,0,0,6,0,0,0,2,0,1,5,0,0,0,0,1,1,0,0,0,0,39,0,0,0,0,7,0,4,2,1,0,0,0,4,0,4,0,9,0,0,2,1,1,0,2,0,0,1,3,0,3,0,0,2
162,162,0,0,0,0,0,0,0,0,0,3,0,0,0,0,0,0,0,0,0,0,0,0,0,0,1,0,0,0,0,0,0,0,0,0,0,0,0,0,0,0,0,1,0,0,0,0,0,0,0,0,0,0,1,0,0,0,2,0,0,0,0,0,0,1,0,1,0,0,0,0,0,0,0,0,0,0,0,0,8,0,0,0,0,0,1,0,0,0,0,0,0,0,0,0,0,0,0,0,1,0,0,1,0,1,0,0,0,0,0,0,0,1,0,1,0,0,0,0,2,0,0,0,0,0,0,0,0,0,0,0,0,0,0,0,0,0,0,0,0,1,0,1,0,0,0,0,0,0,0,0,0,0,0,0,0,0,0,0,5,0,1,0,0,0,0,0,0,0,0,0,0,0,0,0,0,0,0,0,0,0,0,0,0,1,0,0,1,0,0,0,0,0,0,1,0,0,0,0,0,0,0,0,0,0,0,0,0,0,0,0,0,0,0,0,0,0,0,0,0,0,0,0,0,0,0,0,0,0,0,0,0,0,0,0,0,0,1,0,0,0,0,0,0,0,0,0,0,0,0,0,0,0,0,1,0,0,0,0,0,0,0,0,0,0,0,0,0,0,0,0,0,0,0,0,0,0,0,0,0,0,0,0,0,0,0,0,0,0,0,0,0,0,0,0,0,0,0,2,0,0,0,0,0,0,0,0,0,0,0,0,0,0,0
163,163,0,0,0,0,0,0,0,0,0,0,0,0,0,0,0,0,0,0,0,0,0,0,0,0,0,0,0,0,0,0,0,0,0,0,0,0,0,0,3,0,1,0,0,0,0,0,1,0,0,1,0,0,0,0,0,0,0,0,0,0,0,0,0,0,3,0,0,0,0,0,0,0,0,0,0,0,0,0,0,0,0,0,0,0,0,0,0,0,0,0,1,0,0,0,0,0,0,0,0,0,0,0,0,0,0,0,0,0,0,0,0,0,0,0,2,0,0,0,1,0,0,0,0,0,0,0,0,0,0,0,0,3,0,0,1,3,7,0,0,0,0,0,0,0,0,0,0,0,0,1,0,0,0,0,0,0,0,0,0,0,2,0,0,0,0,0,0,0,0,0,0,0,1,0,0,0,0,0,0,0,0,0,0,0,0,0,0,0,0,0,0,0,0,0,0,0,0,0,0,0,0,0,0,0,0,0,0,0,0,0,0,0,0,0,0,0,0,0,0,0,0,0,0,0,0,0,0,0,0,0,0,0,0,0,0,0,3,0,0,0,0,0,0,0,0,0,0,0,0,0,0,0,0,0,0,0,0,0,0,0,0,0,0,1,0,0,0,2,0,0,0,0,0,0,0,0,0,0,0,0,0,0,0,0,0,0,1,0,0,0,0,0,1,0,0,0,1,0,2,0,0,0,1,0,0,0,0,0,0,0,0,0,0
164,164,0,0,0,0,0,0,0,0,0,0,0,0,0,0,0,0,0,0,0,0,6,0,0,0,1,0,0,0,0,0,0,0,0,0,0,0,0,2,0,0,0,1,0,0,0,0,0,0,0,0,0,2,0,0,0,0,0,0,0,0,0,0,2,0,0,0,0,0,0,0,0,0,0,0,0,0,0,0,0,0,0,0,0,0,0,1,0,0,0,0,0,0,0,0,0,0,0,0,0,0,2,1,0,0,0,0,0,0,0,0,0,0,0,0,0,0,0,0,0,0,0,0,0,0,0,0,4,0,0,0,0,0,0,0,0,0,0,0,0,0,0,0,0,1,1,0,0,0,0,0,0,0,0,1,0,0,0,0,0,0,0,0,0,0,0,0,0,0,0,0,0,0,0,0,1,0,0,0,0,0,0,0,0,0,0,0,0,0,0,0,0,0,0,0,0,3,0,0,0,0,0,0,0,1,0,0,0,1,0,0,1,0,0,0,0,0,0,0,0,0,0,0,0,8,0,0,0,0,0,2,0,1,0,0,1,0,0,0,0,0,1,1,0,0,0,0,1,0,0,0,0,0,0,0,1,0,0,0,1,0,0,0,0,0,0,0,0,0,0,0,0,0,0,0,0,0,0,0,0,0,0,0,0,0,0,0,0,0,0,0,0,0,0,0,1,0,0,0,0,0,1,0,0,0,0,0,0,0,3,0,0,2,0
165,165,10,0,3,1,0,0,0,0,0,0,0,0,0,0,0,0,16,0,0,0,1,0,1,0,0,0,0,0,0,0,0,0,0,1,0,0,2,0,0,0,0,9,2,0,0,0,0,0,0,0,0,4,0,0,0,0,0,0,0,0,0,0,0,0,0,0,0,3,1,0,0,0,0,0,0,0,0,0,0,0,0,0,0,0,0,4,0,0,0,0,0,0,0,0,0,1,0,0,0,1,1,2,0,0,0,0,0,0,0,0,0,0,13,21,0,0,0,0,0,5,0,0,0,0,0,0,1,5,0,0,0,6,0,0,0,0,0,0,0,0,3,2,0,0,0,0,0,0,0,0,0,0,0,0,2,0,3,0,0,0,0,0,0,0,0,0,7,3,0,0,0,0,0,2,1,0,0,0,0,0,0,0,0,0,0,1,0,0,2,0,0,7,0,0,0,0,0,0,0,0,0,0,0,0,2,0,2,0,0,0,0,0,1,0,0,4,0,0,0,0,1,0,0,0,1,0,0,0,0,8,0,0,0,0,0,0,0,0,2,0,0,0,0,4,0,0,1,0,0,1,5,0,0,2,2,0,1,0,0,0,0,2,0,0,0,1,0,0,0,0,0,0,0,1,2,0,0,1,0,5,0,1,0,0,1,0,2,0,0,0,0,0,3,0,2,0,2,0,0,1,0,0,0,0,0,0,1,4,0,1,0,0,2
166,166,0,0,1,0,0,0,0,0,0,0,0,0,0,0,0,0,0,0,1,0,2,0,0,0,0,0,0,0,0,0,0,0,0,0,0,0,0,0,0,0,0,0,0,0,0,0,0,0,0,0,0,0,0,0,0,0,0,0,0,0,0,0,1,0,0,0,0,1,0,0,0,0,0,0,0,2,0,0,0,0,0,0,0,0,0,1,0,0,0,0,0,0,0,0,0,0,0,1,0,0,0,1,0,0,0,0,0,0,0,0,0,0,0,0,0,0,0,0,0,0,0,0,0,0,0,0,2,0,0,0,0,0,0,0,0,0,0,0,0,0,0,0,0,1,1,0,0,0,0,0,0,0,0,0,0,0,0,0,0,0,0,0,0,0,0,0,0,0,0,0,0,0,0,0,0,0,0,0,0,0,0,0,0,1,0,0,0,1,0,0,0,0,0,0,0,1,0,0,0,0,0,0,0,1,0,0,0,0,0,0,2,0,0,0,0,0,0,0,0,0,0,0,0,4,0,0,0,0,0,0,2,0,0,0,1,0,0,0,0,0,2,0,0,0,0,0,0,0,0,0,0,0,0,0,0,1,0,0,0,0,0,0,0,0,0,0,0,0,0,0,0,1,0,0,0,0,0,0,0,0,0,1,0,0,1,0,0,0,0,1,0,0,1,0,1,0,0,0,0,0,0,0,0,0,0,0,0,1,0,0,0,0,0
167,167,0,0,0,0,2,0,0,0,0,0,0,0,0,0,0,0,3,0,0,1,0,0,2,0,0,0,0,0,0,0,0,0,0,0,0,0,3,0,2,1,1,10,1,0,0,4,6,3,3,2,1,0,0,0,0,3,5,0,0,0,0,0,0,2,0,0,0,0,0,0,0,0,0,0,0,0,0,0,0,0,0,0,0,2,0,2,0,0,0,0,11,0,0,0,0,0,0,0,0,0,2,5,0,0,0,0,0,0,0,0,0,0,4,19,2,0,1,0,1,2,0,0,0,1,1,0,2,2,0,0,0,3,0,1,0,0,1,0,0,0,0,0,0,0,0,0,0,0,0,2,0,8,0,1,0,1,1,0,0,0,4,1,0,1,0,0,7,6,0,0,0,0,1,0,1,0,0,0,0,0,4,0,0,0,0,0,4,0,0,0,0,1,0,0,0,0,0,0,0,0,0,0,0,0,0,0,0,0,0,0,0,1,2,0,0,0,0,0,0,1,0,0,0,0,0,0,0,0,0,4,0,1,1,0,0,0,8,1,1,0,0,0,1,1,1,0,0,6,0,2,11,0,0,0,2,0,0,0,1,0,0,2,0,1,0,0,0,0,2,0,0,0,0,1,2,0,0,0,0,2,0,0,0,0,7,0,3,1,0,0,0,0,0,0,6,0,4,1,2,0,3,0,1,0,0,0,2,2,0,1,0,0,0
168,168,0,0,8,0,1,0,0,0,0,3,0,0,0,0,0,0,0,0,0,0,0,0,0,0,0,0,1,0,0,0,0,0,0,0,0,0,2,0,0,0,0,0,0,0,6,0,0,0,1,0,0,0,0,0,0,0,0,0,0,0,0,0,0,1,0,0,0,0,0,0,0,0,0,0,0,0,1,0,0,0,0,0,0,0,0,0,0,0,0,0,5,0,3,0,0,0,0,0,0,0,0,1,0,0,0,0,0,0,0,0,0,0,0,0,1,0,0,1,2,0,0,0,5,2,0,3,0,0,0,0,0,0,0,4,0,0,0,0,0,2,0,0,0,0,0,0,0,1,0,1,0,0,0,2,0,0,1,0,0,0,0,0,0,0,0,0,0,0,0,0,0,0,0,0,2,0,0,0,0,0,0,0,0,1,0,0,14,3,1,0,0,0,0,0,0,0,1,0,0,0,0,0,0,0,0,0,0,0,0,0,0,0,0,0,0,0,0,0,0,0,0,0,0,1,1,0,0,0,0,1,0,0,0,0,0,0,7,0,0,0,0,0,0,0,0,0,0,4,0,0,1,0,0,0,0,0,0,0,2,0,0,0,0,0,0,0,0,2,2,0,0,0,1,1,0,0,0,0,0,0,0,0,0,0,0,0,2,0,0,0,0,0,0,0,0,0,1,0,0,0,0,1,0,0,0,0,0,1,0,0,1,4,0
169,169,1,3,2,2,0,0,0,0,0,0,0,0,0,0,2,0,8,0,0,0,2,1,1,0,2,0,3,0,0,0,0,0,0,0,0,0,3,5,1,0,0,15,1,0,0,0,1,1,0,0,0,3,0,0,0,1,0,0,0,0,0,0,0,0,0,0,0,1,1,0,0,0,0,0,0,0,0,0,0,0,0,0,0,0,0,4,0,0,1,0,0,0,0,0,0,0,0,0,1,0,1,4,0,0,0,0,0,4,1,1,0,3,3,24,1,0,1,1,1,9,1,2,0,0,0,0,3,13,0,0,0,6,2,0,0,0,0,0,0,0,1,1,0,0,0,0,0,0,0,1,0,0,0,0,0,2,1,0,0,0,0,0,0,0,0,0,16,9,6,0,0,0,0,2,1,0,0,0,0,2,0,0,0,19,0,0,0,1,8,0,0,3,0,2,0,0,0,0,0,0,0,0,0,1,1,0,5,0,0,0,0,0,0,0,0,3,1,0,0,1,1,3,1,0,2,0,0,0,0,5,30,0,0,0,1,3,0,1,0,0,0,0,0,1,0,0,9,1,0,1,5,0,0,0,3,0,4,0,0,2,0,4,0,0,0,0,0,0,0,0,0,1,0,0,1,0,0,5,0,0,0,1,0,0,5,0,1,2,0,0,0,0,0,0,1,2,3,0,0,2,4,0,3,0,0,0,4,2,0,5,1,4,1
170,170,2,0,1,6,0,0,0,4,0,0,0,0,0,0,0,1,14,0,0,0,0,0,0,0,4,0,1,0,0,0,0,0,1,0,0,0,2,0,1,0,0,6,0,0,0,0,0,0,0,0,0,2,0,0,0,0,0,0,0,0,0,0,0,0,0,0,0,3,5,0,0,0,4,0,0,0,0,0,0,0,0,0,0,0,0,10,0,0,0,0,0,0,2,0,0,1,0,0,0,0,6,1,0,1,0,0,1,0,0,1,0,4,12,18,1,0,1,0,0,1,0,0,0,0,0,0,2,11,0,0,0,7,0,0,0,0,0,0,0,0,2,4,0,0,0,0,0,0,0,0,0,0,0,0,0,1,2,0,0,0,1,0,0,0,0,0,8,8,0,0,0,0,0,1,0,0,0,0,0,0,0,0,0,0,0,5,1,0,3,0,0,7,0,0,0,0,0,0,0,0,0,0,0,1,3,1,6,0,0,0,0,0,1,0,0,1,0,0,0,0,0,0,0,0,1,0,0,0,0,5,0,0,0,0,0,0,0,0,2,0,0,0,0,0,1,0,5,0,0,3,12,0,0,0,2,0,3,7,1,0,0,9,0,0,0,1,0,1,2,0,0,0,0,2,1,0,0,0,0,13,0,0,0,0,8,0,0,1,0,0,0,0,3,0,3,0,0,0,0,1,1,0,0,1,0,0,1,3,0,2,0,0,0
171,171,1,0,5,3,0,0,0,1,0,0,0,0,0,0,1,0,13,0,0,1,0,0,2,0,0,0,0,0,0,0,0,0,0,0,0,0,2,0,0,0,0,13,0,0,0,1,0,0,0,0,0,1,0,0,0,0,0,0,0,0,1,0,0,0,0,0,0,5,3,0,0,0,0,0,0,0,0,0,0,0,0,0,0,0,0,6,0,0,0,0,1,0,0,0,0,0,0,0,0,0,6,4,0,0,0,0,0,0,0,1,0,2,8,43,1,0,1,0,1,3,0,0,0,1,0,0,4,6,0,0,0,11,0,0,0,0,0,0,0,1,2,1,0,0,0,0,0,0,0,0,0,0,0,0,0,1,1,0,0,0,0,0,0,0,1,0,12,4,1,0,0,0,0,5,0,0,0,0,0,0,1,0,0,0,0,2,0,1,2,0,0,10,0,0,0,0,0,0,0,0,0,0,0,1,1,1,2,0,0,0,0,0,1,0,0,1,0,0,0,0,1,0,0,0,0,0,0,0,0,0,0,0,0,0,0,0,0,0,1,0,0,1,0,0,0,0,4,0,0,6,14,0,0,0,1,0,1,11,0,0,0,0,0,0,0,0,0,1,4,0,0,0,0,3,2,0,0,0,0,4,0,0,0,0,2,0,7,1,0,0,0,0,3,0,3,2,5,0,0,1,1,0,1,0,0,0,0,1,0,0,0,0,3
172,172,0,0,1,0,1,0,0,0,0,0,0,0,0,0,1,0,0,1,0,0,0,0,0,0,0,0,0,0,0,0,0,0,0,0,1,0,0,0,0,0,0,0,0,2,0,1,0,0,0,0,0,0,0,0,0,0,0,0,0,0,0,0,0,0,0,0,0,0,0,0,0,0,0,0,0,0,0,0,0,0,0,0,0,1,0,0,0,0,0,0,2,0,2,0,0,0,0,0,0,0,0,1,0,0,0,0,0,0,0,0,0,0,2,0,1,0,0,0,3,0,0,0,0,0,0,0,0,0,0,0,0,0,0,0,0,2,0,0,0,0,0,0,1,0,0,0,0,0,0,1,0,3,0,0,0,0,0,0,0,0,1,0,0,0,0,0,0,0,0,0,0,0,0,0,0,0,0,0,0,0,0,0,0,3,0,0,2,0,0,0,0,0,0,0,0,0,0,0,0,0,0,0,0,0,0,0,0,0,0,0,0,0,1,0,0,0,0,0,0,0,0,0,0,0,0,0,0,0,0,1,0,0,1,0,0,0,3,0,0,0,0,0,0,0,0,0,0,2,0,0,0,0,0,0,0,1,0,0,0,0,0,0,0,0,0,0,0,0,0,0,0,0,0,0,0,0,0,0,0,0,0,0,3,0,0,0,0,0,0,0,0,0,0,0,1,0,0,0,5,0,0,0,1,0,0,0,0,0,0,0,0,0,0
173,173,0,0,0,1,0,0,0,0,0,0,0,0,2,0,0,0,0,0,0,0,0,0,0,0,0,0,0,0,0,0,0,0,0,0,0,0,0,0,0,0,0,0,1,0,0,0,0,0,0,0,0,0,0,0,0,0,0,0,0,0,0,0,0,0,0,0,0,0,0,0,0,0,0,0,0,0,0,0,0,0,0,0,0,0,0,0,0,0,0,0,0,0,0,0,0,0,0,0,0,0,0,0,0,0,0,3,0,1,0,0,0,0,0,3,1,0,0,0,1,0,0,0,0,1,0,0,0,0,0,0,0,0,0,0,0,0,0,0,0,0,1,3,0,0,0,0,0,0,0,0,0,0,0,0,0,0,0,0,0,1,0,0,1,0,0,0,0,0,0,0,0,0,0,1,0,0,1,0,0,0,0,0,0,5,0,0,0,0,2,0,0,0,0,0,0,0,0,0,0,0,0,0,0,0,0,0,0,0,0,0,0,0,0,0,0,1,0,0,0,0,1,4,0,0,0,0,0,0,0,0,9,1,0,0,0,0,0,0,1,0,0,0,0,0,0,1,5,0,0,0,0,0,0,0,0,0,0,0,0,0,0,1,0,0,0,0,0,0,0,0,0,0,0,1,2,0,0,2,0,0,0,0,0,0,2,0,0,0,0,0,0,0,0,0,1,0,0,0,0,0,0,0,0,1,0,0,0,0,0,0,0,0,0
174,174,0,3,2,2,0,0,0,0,0,0,0,0,0,0,0,0,0,0,0,0,0,0,0,0,0,0,1,0,0,1,0,0,0,0,0,0,0,0,0,0,0,1,0,0,0,1,2,0,7,0,0,0,2,0,0,2,1,0,0,0,0,0,1,0,0,0,0,0,0,0,0,0,0,0,0,0,0,0,0,0,1,0,0,0,0,0,0,0,1,0,5,0,0,1,0,0,0,0,0,0,0,0,0,0,0,0,0,0,0,0,0,0,0,1,2,0,0,0,2,0,0,0,1,5,2,1,0,0,0,0,0,0,0,1,0,1,0,1,0,3,0,0,0,0,0,0,0,1,1,1,0,4,0,0,0,0,1,0,0,0,1,0,0,0,0,0,0,1,0,0,0,0,0,1,2,0,0,0,1,2,1,0,0,1,0,0,0,0,0,0,0,0,0,0,0,0,1,0,2,0,0,0,0,3,0,0,1,0,1,0,0,0,0,0,0,0,0,0,0,0,0,3,0,1,0,0,0,1,0,1,0,0,1,0,7,0,4,0,0,0,0,0,0,0,0,0,0,3,0,0,0,0,0,0,0,0,0,0,0,0,0,1,0,2,0,0,0,0,3,0,0,0,1,0,1,0,0,0,0,0,0,1,1,0,0,0,0,0,0,0,0,0,0,0,3,0,0,0,3,0,0,0,2,0,0,0,0,1,0,0,0,3,0
175,175,0,0,0,1,0,0,0,0,0,0,0,1,0,0,0,1,0,0,0,0,13,0,0,0,1,0,1,0,0,1,0,0,0,0,1,0,0,0,0,0,0,0,3,0,0,0,1,0,0,0,1,0,1,0,0,1,0,0,0,0,0,0,3,0,1,1,0,0,0,0,0,0,0,0,0,2,0,0,0,0,0,0,0,0,0,1,0,0,3,0,1,0,0,0,0,0,0,0,0,0,0,3,0,0,0,0,0,0,0,0,0,0,0,0,0,0,0,0,0,1,0,0,0,0,0,1,5,0,0,0,0,0,0,0,0,1,0,0,0,0,0,0,0,1,0,0,0,0,0,0,0,3,0,0,0,0,1,0,0,0,1,0,0,0,0,0,0,0,0,0,0,0,0,1,2,0,0,0,0,0,0,0,0,0,0,0,1,2,0,0,0,1,0,0,0,4,0,0,0,0,0,0,0,2,0,0,0,0,0,0,2,0,0,0,0,0,0,0,0,0,0,0,0,11,2,0,0,0,0,3,0,0,0,0,13,0,0,0,0,0,7,1,1,1,0,0,0,1,0,0,0,0,0,0,1,2,0,0,1,0,0,0,0,1,0,0,0,0,0,0,0,0,0,0,0,0,1,0,0,1,0,0,0,0,1,0,0,0,0,0,0,0,0,0,4,0,1,0,3,0,2,0,0,0,0,0,0,0,8,3,1,1,0
176,176,24,3,0,0,0,0,0,0,0,0,0,0,0,0,0,0,11,0,0,0,0,0,0,0,0,0,2,0,0,0,0,0,0,0,0,0,1,0,0,0,0,13,0,0,0,0,0,0,0,0,0,7,0,0,0,0,0,0,0,0,0,0,0,0,0,0,0,8,1,0,0,0,3,0,0,0,0,0,0,0,0,0,0,0,0,8,0,0,0,0,0,0,0,1,0,0,0,1,0,1,0,2,0,0,0,0,0,0,0,3,0,1,15,26,4,0,2,0,0,2,0,0,0,0,0,0,4,9,0,0,1,8,0,0,0,0,0,0,0,0,1,0,0,1,0,0,0,0,0,0,0,0,0,0,0,1,0,0,0,0,0,0,0,0,0,0,10,3,0,0,0,0,0,0,0,0,1,0,0,0,0,0,0,1,0,9,0,0,8,0,0,13,0,0,0,0,0,0,0,0,0,0,0,0,3,0,1,0,0,0,0,0,1,0,0,1,0,0,0,0,0,0,0,0,2,0,0,0,0,13,0,0,0,0,0,0,0,1,3,0,0,0,1,1,0,0,0,0,0,3,6,0,1,1,2,0,5,0,0,0,0,1,0,0,0,0,0,1,0,0,0,0,0,1,2,0,0,0,0,4,0,0,0,0,18,0,3,1,0,0,0,0,5,0,5,0,4,0,0,2,0,1,0,0,0,0,4,1,0,0,0,0,0
177,177,0,4,3,1,0,0,0,0,0,1,0,0,0,0,1,0,0,0,0,1,2,0,0,0,0,0,0,0,0,0,0,0,0,0,2,0,0,8,1,0,0,9,1,0,0,0,0,0,0,0,0,1,0,0,0,0,0,0,0,0,0,0,11,0,0,0,0,0,0,0,0,0,0,0,0,8,0,0,0,0,0,0,1,0,0,2,0,0,6,0,0,0,0,1,0,0,0,2,0,0,0,2,0,1,0,3,2,0,0,0,0,2,0,2,1,1,0,0,1,0,0,0,0,0,0,0,1,0,0,0,0,1,0,0,0,0,0,0,0,0,0,1,0,2,0,0,0,0,1,0,8,0,0,0,1,4,2,15,0,0,0,0,0,0,0,0,1,0,0,0,0,0,0,1,5,0,0,0,0,0,0,0,0,6,0,0,0,0,1,0,1,0,0,3,0,2,0,0,0,0,0,0,0,0,2,0,2,0,0,0,1,0,0,0,0,0,1,0,0,0,0,2,0,10,0,0,0,1,0,2,4,1,4,0,0,3,0,0,2,0,10,1,0,0,0,0,1,0,0,1,0,0,0,0,0,0,0,1,0,0,0,1,0,0,0,0,0,0,2,0,0,0,0,2,0,0,0,3,0,0,0,1,0,0,9,0,0,0,0,1,0,0,2,0,7,0,0,0,0,0,1,0,0,0,0,0,0,0,8,1,4,4,1
178,178,0,0,0,1,1,0,0,0,0,0,0,1,0,1,1,0,0,0,0,0,9,0,0,0,0,0,0,0,0,0,0,0,0,0,1,0,0,0,0,0,0,6,2,0,0,0,0,0,0,0,0,1,2,0,0,0,0,0,0,0,0,0,5,0,0,0,0,0,1,0,0,0,0,0,0,5,0,0,0,0,0,0,0,0,0,2,0,0,3,0,0,0,0,0,0,0,0,0,0,0,0,0,0,1,0,1,0,2,0,0,0,3,0,3,2,0,0,0,2,0,0,0,0,0,0,0,3,2,0,0,0,1,0,0,0,0,0,0,0,0,1,0,0,0,0,0,0,0,0,0,3,0,0,0,0,1,0,1,0,2,0,0,0,0,0,0,1,0,0,0,0,0,0,1,2,0,0,0,0,0,0,0,0,0,0,0,0,2,1,0,0,1,0,2,0,3,0,0,0,0,0,0,0,0,0,0,0,0,0,0,0,0,1,0,1,0,0,0,0,0,0,0,1,5,0,0,0,0,0,5,0,0,0,0,0,0,0,0,0,1,5,0,0,0,0,0,0,1,0,0,0,0,0,1,1,0,0,0,0,0,0,0,0,0,0,1,0,0,1,0,1,0,0,0,0,0,0,3,0,0,0,5,0,0,9,0,0,0,0,0,0,0,0,0,1,1,0,0,0,0,2,0,1,0,0,0,0,0,4,0,2,0,0
179,179,0,0,0,1,0,0,0,0,0,0,0,0,0,1,0,1,0,0,0,0,1,0,0,0,0,0,0,0,0,0,0,0,0,0,0,0,0,1,0,0,0,0,1,0,0,0,0,0,0,0,0,0,0,0,0,0,0,0,0,0,0,0,1,0,0,0,0,0,0,0,0,0,0,0,0,0,0,0,0,0,1,0,0,0,0,0,0,0,1,0,0,0,0,0,0,0,0,0,0,0,0,0,0,0,0,0,0,0,0,0,0,0,0,0,0,0,0,0,0,0,0,0,0,0,0,0,0,0,1,0,1,0,0,0,0,0,0,0,0,0,1,0,0,0,0,0,0,0,0,0,0,0,0,0,0,1,0,0,0,0,0,0,0,0,0,0,1,0,0,0,0,0,0,0,0,0,0,0,0,0,0,0,0,0,0,0,0,0,2,0,0,0,0,0,0,0,0,0,0,0,0,0,0,0,0,0,1,0,0,0,0,0,0,0,0,0,1,0,0,0,0,6,0,0,1,0,0,0,0,1,0,0,0,0,1,0,0,0,3,0,0,1,0,0,0,0,0,0,0,0,0,0,0,0,0,0,0,0,0,0,0,1,0,0,0,0,0,0,0,0,0,0,0,0,0,0,0,0,0,0,0,1,0,0,0,0,0,0,0,0,0,0,0,0,0,0,0,0,0,0,1,0,0,0,0,0,0,1,0,0,0,5,0
180,180,0,0,0,1,0,0,0,0,0,0,0,0,0,0,0,0,0,0,0,0,1,0,0,0,0,0,0,0,0,0,0,0,0,0,2,0,0,0,0,0,0,2,0,0,0,0,0,0,2,0,0,0,0,0,0,0,0,0,0,0,0,0,4,2,0,0,1,0,0,0,0,0,0,0,0,0,0,0,0,0,0,0,0,0,0,1,0,0,1,0,4,0,0,0,1,0,0,0,0,0,0,1,0,0,0,0,0,0,1,0,0,0,0,2,0,0,0,0,2,0,0,0,0,1,0,0,1,4,0,0,0,0,0,3,0,0,0,4,0,1,0,1,0,0,0,0,0,0,0,0,2,0,0,0,2,0,0,0,0,0,0,0,0,0,0,0,0,0,0,0,0,0,0,0,0,0,0,0,8,0,0,0,0,0,0,0,0,0,0,0,0,0,0,0,0,0,0,0,0,0,0,0,0,0,0,0,0,0,0,0,1,0,0,0,0,0,0,0,0,0,0,0,1,1,1,0,0,0,0,3,1,2,0,0,6,0,0,0,1,0,0,0,0,0,0,0,0,0,0,0,0,0,0,0,0,2,0,0,1,0,0,0,0,0,0,1,0,0,0,0,0,0,2,0,0,0,0,0,0,0,0,2,0,0,0,9,0,0,0,0,0,0,0,0,0,0,0,0,0,0,0,0,0,0,1,0,0,0,2,0,0,0,0
181,181,11,0,0,2,0,0,0,0,0,0,0,0,0,0,0,0,14,0,0,0,0,0,0,0,0,0,1,0,0,0,0,0,2,0,2,0,2,0,0,0,0,8,0,0,0,0,0,0,0,0,0,5,0,0,0,0,0,0,0,0,0,0,0,0,0,0,0,5,4,1,0,0,0,0,0,0,0,0,0,0,0,0,0,0,0,2,0,0,0,0,0,0,0,1,0,0,0,1,0,0,0,3,0,0,0,0,0,0,0,5,0,3,10,23,1,0,0,0,1,7,1,0,0,0,0,0,2,9,0,0,1,15,0,0,0,0,0,0,0,0,2,1,0,0,0,1,0,0,0,0,0,0,0,0,1,1,2,0,0,1,0,0,0,0,0,0,10,4,0,0,0,0,0,1,0,0,0,0,0,0,0,0,0,1,0,3,0,0,1,0,0,13,0,0,0,0,0,0,0,0,0,0,0,0,2,0,2,0,0,0,0,0,0,0,0,0,0,0,0,0,0,0,0,0,0,0,0,0,0,12,0,0,0,0,0,0,0,2,2,0,0,0,0,0,0,0,3,0,0,3,5,0,0,0,1,0,17,1,0,0,0,1,0,0,0,3,0,1,1,0,0,0,0,2,2,0,0,0,0,5,0,0,0,0,10,0,0,1,0,0,0,0,0,0,3,1,1,0,0,4,0,0,1,0,0,0,1,1,0,1,0,0,1
182,182,8,0,0,2,0,0,1,0,0,0,0,0,0,0,0,0,11,0,0,0,0,0,0,0,0,0,2,0,0,0,0,0,0,0,0,0,0,0,0,0,0,7,0,0,0,0,0,0,0,0,0,1,0,0,0,0,0,0,0,0,0,0,0,0,0,0,0,1,2,0,0,0,2,0,0,0,0,0,0,0,0,0,0,0,0,1,0,0,0,1,0,0,0,0,0,0,0,0,0,0,0,0,0,0,0,0,0,1,0,0,0,1,6,31,0,0,0,0,1,12,0,0,0,0,0,0,2,9,0,0,0,16,0,0,0,0,0,0,0,0,1,3,0,1,0,0,0,0,0,0,0,0,0,0,0,1,3,1,0,0,0,0,0,0,1,0,10,8,0,0,0,0,0,1,1,0,0,0,0,0,0,0,0,1,0,0,0,0,4,0,1,10,0,0,0,0,0,0,0,0,0,0,0,0,1,0,4,0,0,0,0,0,1,0,0,9,0,0,0,0,0,0,0,0,0,0,0,1,0,9,0,0,0,0,0,0,0,0,1,1,0,0,0,1,0,0,0,0,0,3,4,0,0,1,1,0,4,1,0,0,0,3,0,0,0,1,1,0,0,0,0,0,0,1,0,0,0,1,0,2,0,0,0,0,11,0,1,0,0,0,0,0,3,0,3,0,2,0,0,0,1,2,0,0,0,0,0,1,0,0,0,0,1
183,183,0,1,1,0,0,0,0,0,0,0,0,0,0,0,0,0,0,0,0,0,10,1,0,0,0,0,0,0,0,0,0,0,0,0,1,0,0,0,0,0,0,0,1,0,0,0,0,0,0,0,0,0,0,0,0,0,0,0,0,0,0,0,5,0,0,0,0,0,0,0,0,0,0,0,0,2,0,0,0,0,0,0,0,0,0,1,0,0,0,0,0,0,0,0,0,0,0,0,0,0,0,1,0,0,0,0,0,0,0,0,0,0,0,1,0,0,0,0,0,0,0,0,0,0,0,0,0,0,0,0,0,0,0,0,0,0,0,0,0,0,0,0,0,0,0,0,0,0,0,0,0,0,0,0,0,0,0,0,0,0,0,0,0,0,0,0,1,1,0,0,0,0,0,1,0,0,0,0,0,0,1,0,0,0,0,0,0,1,0,0,0,1,0,0,0,4,0,0,0,0,0,0,0,0,0,0,1,0,0,0,0,0,0,0,0,0,0,0,0,0,0,0,0,3,0,0,0,0,0,1,0,1,0,0,4,0,0,0,1,0,2,0,0,0,0,0,0,0,0,0,0,0,0,0,0,1,0,0,0,0,0,0,0,0,0,0,0,0,0,1,0,0,0,0,0,0,6,0,0,0,0,0,0,0,1,0,0,0,0,0,0,0,2,0,1,0,0,0,0,0,1,0,0,0,0,0,1,0,7,0,0,0,0
184,184,0,1,1,0,0,0,0,0,0,0,1,0,0,0,0,0,0,0,0,0,5,0,0,0,1,0,2,0,0,0,0,0,0,0,0,0,0,1,0,0,0,0,0,0,0,0,0,0,0,0,0,0,0,0,0,0,0,0,0,0,0,0,0,0,0,0,0,0,0,0,0,0,0,0,0,0,0,0,0,0,0,0,0,0,0,3,0,0,1,0,0,0,0,0,0,0,0,2,1,0,0,3,0,0,0,0,0,0,0,0,0,0,0,2,0,0,0,0,0,0,0,0,0,0,0,0,0,0,0,0,2,0,0,0,0,0,0,0,0,0,0,0,0,0,0,0,4,0,0,0,0,0,0,0,0,0,0,0,0,0,0,0,0,0,0,0,0,0,0,0,0,0,0,0,0,0,0,0,0,0,0,0,0,9,0,0,0,0,0,1,0,0,0,5,0,0,0,0,0,0,0,0,0,0,0,0,0,0,0,0,0,0,0,0,0,0,0,0,0,0,0,6,0,0,0,0,0,0,0,1,17,0,0,0,0,0,0,1,1,0,0,0,0,0,0,0,1,0,0,0,0,0,0,0,0,0,0,0,1,0,0,0,0,1,0,0,0,0,0,0,0,0,0,0,0,0,0,0,6,0,0,0,0,0,0,0,1,1,0,0,0,0,0,0,1,0,0,0,0,0,1,0,0,1,0,0,0,0,0,0,2,0,0
185,185,0,0,0,0,0,0,0,0,0,0,0,0,0,0,0,0,0,0,0,0,0,1,0,0,0,4,3,0,0,0,0,0,0,0,0,0,0,0,0,0,0,0,0,1,0,0,0,1,2,0,0,0,0,1,0,0,0,1,0,0,1,0,0,0,1,0,0,0,0,0,0,0,0,0,0,0,0,0,0,0,0,0,0,1,0,0,0,0,0,0,6,0,1,0,0,0,0,0,0,0,0,0,0,0,0,0,0,0,0,0,0,0,0,3,2,0,0,0,4,0,0,0,0,0,0,0,0,0,0,0,0,0,0,1,0,1,0,0,0,0,1,0,0,0,0,0,0,0,0,1,0,0,1,0,0,0,0,0,0,0,1,0,0,0,0,0,0,1,0,0,0,0,0,1,2,0,0,0,0,0,0,0,0,0,0,0,0,0,1,0,0,1,0,0,0,0,0,0,0,4,0,0,0,0,0,0,0,0,0,0,0,0,2,0,0,0,0,0,0,0,0,0,0,0,0,0,0,1,0,3,0,0,0,1,0,0,2,0,0,0,0,0,0,1,0,0,1,0,0,0,0,0,0,0,0,3,0,0,0,0,0,0,0,0,0,0,0,1,0,0,0,0,1,0,0,0,0,0,0,0,0,0,1,0,0,0,0,0,0,1,0,0,0,0,2,0,0,0,1,0,1,0,0,0,0,0,0,2,0,0,1,0,0
186,186,0,2,1,0,0,0,0,0,0,0,0,0,0,0,0,0,0,0,0,0,0,0,0,0,0,0,0,0,0,0,0,0,0,0,0,0,0,1,0,0,0,0,0,0,0,1,0,0,3,0,0,0,0,0,0,1,1,0,0,0,0,2,0,0,1,0,0,0,0,0,0,0,0,0,0,0,0,0,0,0,0,0,0,0,0,0,1,0,1,0,3,0,0,0,0,0,0,0,0,0,0,0,0,0,0,0,0,0,0,0,0,0,0,0,0,0,0,0,1,0,0,0,0,1,0,1,0,0,0,0,0,2,0,1,0,5,2,0,0,0,0,0,0,0,0,0,0,1,0,1,0,7,0,0,0,0,0,0,0,0,6,0,0,0,0,0,0,0,0,0,0,0,0,0,0,0,0,0,0,0,0,0,0,7,0,0,3,0,0,1,0,0,0,0,0,0,1,0,0,0,0,0,0,0,0,0,0,0,0,0,0,0,0,0,0,0,0,0,0,0,0,0,0,0,0,0,0,0,0,1,4,0,0,1,0,0,4,0,0,0,0,0,0,0,0,0,1,0,0,0,0,0,0,0,0,0,0,0,1,0,0,1,1,0,0,0,0,0,0,1,0,0,0,0,0,0,0,0,0,0,0,0,0,0,0,0,0,0,0,0,1,0,2,0,1,0,0,0,3,0,0,0,1,0,0,0,0,1,0,1,0,1,0
187,187,5,0,1,0,0,0,0,0,0,0,0,0,0,0,1,0,9,0,0,0,0,0,1,0,0,0,1,0,0,0,0,0,1,0,0,0,1,0,0,0,0,11,0,0,0,0,0,0,0,0,0,6,0,0,0,0,0,0,0,0,0,0,0,0,0,0,0,0,2,0,2,0,1,0,0,0,0,0,0,0,0,0,0,0,0,5,0,0,0,0,0,0,0,0,0,0,0,0,0,1,2,3,0,0,0,0,0,0,0,1,0,2,6,23,0,0,1,0,1,4,0,0,0,0,0,0,2,16,0,0,1,11,0,0,0,0,0,0,0,0,0,0,1,0,0,1,0,0,0,0,0,0,0,0,0,0,0,0,0,0,0,0,0,0,0,0,8,2,0,0,0,0,0,3,0,0,1,0,0,0,0,0,0,0,0,1,0,0,4,0,1,4,0,0,0,0,0,0,0,0,0,0,0,0,1,0,2,0,0,0,0,0,0,0,0,2,0,0,0,0,0,0,1,0,0,0,0,0,0,7,0,0,0,0,0,0,0,1,2,0,0,0,0,1,0,4,2,0,0,1,0,0,0,1,1,0,3,0,0,0,0,0,0,0,0,1,0,0,0,0,0,0,0,2,0,0,0,2,0,2,0,0,0,0,5,0,2,1,0,0,0,0,0,0,2,7,3,0,0,0,0,0,0,0,0,0,2,0,0,0,0,0,3
188,188,1,1,2,1,0,0,0,1,0,0,0,0,0,0,1,0,10,0,0,0,1,0,1,0,0,0,0,0,0,0,0,0,0,0,0,0,0,0,1,0,0,10,0,0,0,0,1,0,2,1,0,3,0,0,0,0,0,0,0,0,0,0,0,0,0,0,0,4,1,0,0,0,1,0,0,0,0,0,0,0,0,0,0,0,0,10,0,0,0,0,4,0,0,0,0,0,0,0,0,1,2,2,0,0,0,0,1,0,1,3,0,4,12,22,1,0,1,0,0,7,0,0,0,0,0,0,1,5,0,0,0,9,0,0,0,0,0,0,0,0,1,0,1,0,0,0,0,0,0,0,0,0,0,0,0,0,1,0,0,1,0,0,0,1,0,0,8,5,0,0,0,0,0,2,0,0,0,0,0,0,0,0,0,1,0,6,0,0,2,0,1,9,0,0,0,0,0,0,0,1,0,0,0,0,1,0,5,0,0,0,0,0,0,0,0,2,0,0,0,0,0,0,0,0,0,0,0,0,0,7,0,0,0,0,0,0,1,0,0,0,0,0,0,0,0,1,6,0,0,3,23,0,2,1,4,0,3,4,1,0,0,1,0,0,0,2,0,0,1,0,0,0,0,5,2,0,0,3,0,19,0,0,0,0,2,0,3,1,0,1,0,0,1,0,3,0,2,0,1,3,0,0,0,0,0,0,1,2,0,3,0,0,1
189,189,0,0,0,0,1,0,0,0,0,0,0,0,0,0,0,0,0,0,0,0,0,0,1,0,0,0,0,0,0,0,0,0,0,0,0,0,0,0,0,0,0,0,0,0,0,0,1,0,1,0,0,0,0,0,0,0,2,0,0,0,0,0,0,0,0,0,0,0,0,0,0,0,0,0,0,0,0,0,0,0,0,0,0,0,0,0,0,0,0,0,0,0,0,0,0,0,0,0,0,0,0,0,0,0,0,0,0,1,0,0,0,0,0,5,0,0,0,0,0,1,0,0,0,0,0,0,0,2,0,0,0,3,0,0,0,0,0,0,0,0,0,0,0,1,0,0,0,0,0,0,0,0,0,0,0,0,0,0,0,0,0,0,0,0,0,0,1,0,0,0,0,0,0,0,0,0,0,0,0,0,0,0,0,5,0,0,0,0,1,0,0,0,0,0,0,0,0,0,0,0,0,0,0,0,0,0,0,0,0,0,0,1,0,0,0,1,0,0,0,0,0,0,0,0,0,0,0,0,0,1,2,0,0,0,0,0,0,0,0,0,0,0,0,0,0,0,1,0,0,0,0,0,1,0,0,0,0,0,0,0,0,0,0,0,0,0,0,1,0,0,0,0,0,0,1,0,0,0,0,0,0,0,0,0,0,0,0,0,0,0,0,0,0,0,0,0,0,0,0,0,0,0,0,0,0,0,0,0,0,0,0,0,0
190,190,0,0,1,0,1,0,0,0,0,0,0,0,0,0,0,0,0,0,0,0,0,0,0,0,0,0,0,0,0,0,0,0,0,0,0,0,0,1,0,0,0,0,0,0,0,1,3,1,0,0,0,0,0,0,0,0,1,0,0,0,0,0,0,0,1,0,0,0,0,0,0,0,0,0,0,0,0,0,0,0,1,0,0,0,0,0,0,0,0,0,2,0,1,0,0,0,0,0,0,0,0,0,0,0,0,0,0,0,0,0,0,0,0,0,4,0,0,0,2,0,0,0,0,0,0,1,0,0,0,0,1,1,0,0,0,2,0,0,0,0,0,0,0,0,0,0,0,0,1,2,0,5,0,0,0,0,1,0,0,0,3,0,0,0,0,1,1,0,0,0,0,0,0,0,0,0,1,0,0,0,0,0,1,6,0,0,1,1,0,0,0,1,0,2,0,0,0,0,0,0,0,0,0,0,0,0,1,0,0,0,0,0,0,0,0,0,0,0,0,0,1,0,0,0,0,0,0,0,0,0,1,0,0,0,0,0,6,0,0,0,0,0,0,0,0,0,0,1,0,0,0,0,0,0,0,0,0,0,1,0,2,0,2,0,0,0,0,1,0,0,0,0,0,0,0,0,0,0,0,0,0,0,1,0,0,0,0,0,0,0,0,0,0,0,2,0,0,0,4,0,0,0,0,0,0,0,0,0,0,0,1,0,0
191,191,1,1,1,0,0,0,0,0,0,0,0,0,0,0,0,0,0,0,0,0,0,0,0,0,0,6,0,0,0,0,0,0,0,0,0,0,0,0,0,0,0,2,0,0,0,0,0,0,0,0,0,0,0,1,0,0,0,2,0,1,1,0,0,0,0,0,0,0,0,0,0,0,0,0,0,0,0,0,0,0,0,0,0,0,0,3,0,0,0,0,4,0,2,0,0,0,0,0,0,0,0,0,0,0,0,0,0,0,0,0,0,0,0,7,0,0,0,0,1,2,0,1,0,1,0,0,1,2,0,1,0,0,0,0,0,2,0,0,0,0,0,0,0,0,0,0,0,0,0,3,0,0,1,0,0,0,0,0,0,0,0,0,0,0,0,0,1,1,0,0,0,0,0,0,2,0,0,0,0,0,0,0,2,2,0,0,0,0,2,0,0,0,0,0,0,0,0,0,0,1,0,0,0,0,0,1,2,0,0,0,0,0,0,0,0,2,0,0,0,0,0,0,0,0,0,0,0,0,0,2,1,0,0,0,0,0,2,0,0,0,1,0,0,0,0,0,1,1,0,1,0,0,0,1,0,4,0,0,0,0,0,0,0,0,0,0,0,0,0,0,0,0,1,0,1,0,0,0,0,0,0,0,0,0,1,0,0,0,0,1,0,0,1,0,0,0,2,0,3,0,1,0,1,1,0,0,1,2,0,0,0,0,0
192,192,1,0,3,0,0,0,0,0,0,0,0,0,0,0,0,0,3,0,0,0,0,0,0,0,0,0,0,0,0,0,0,0,0,0,0,0,0,0,0,0,0,5,0,0,0,0,0,0,0,0,0,0,0,0,0,0,0,0,0,0,0,0,0,0,0,0,0,1,0,0,2,0,0,0,0,0,0,0,0,0,0,0,0,0,0,2,0,0,0,0,0,0,0,0,0,0,0,1,0,0,0,2,0,0,0,0,0,0,0,0,0,1,1,9,0,0,0,0,1,5,0,0,0,0,0,0,0,8,0,0,0,11,0,0,0,0,0,0,0,0,1,0,0,0,0,0,0,0,0,0,0,0,0,0,1,2,0,0,0,0,0,0,0,0,0,0,7,8,0,0,0,0,0,3,0,0,0,0,0,0,0,0,0,0,0,0,0,0,5,0,0,1,0,0,0,0,0,0,0,0,0,0,0,0,0,0,1,0,0,0,0,0,0,0,0,1,0,0,0,0,0,0,2,0,1,0,0,0,0,1,1,0,0,0,0,0,0,0,0,0,0,1,1,2,0,0,0,0,0,1,3,0,0,1,0,1,0,0,0,0,0,1,0,0,0,0,0,0,2,0,0,0,0,0,1,0,0,0,0,0,0,0,0,0,2,0,3,1,0,0,0,0,0,0,0,1,3,0,0,2,0,1,0,0,0,0,0,1,0,0,0,0,0
193,193,1,3,7,6,0,0,0,5,0,0,0,0,0,0,0,0,10,0,0,0,0,0,1,0,0,0,0,0,0,0,0,0,1,0,0,0,4,0,6,0,0,17,1,0,0,2,2,0,0,1,0,4,0,0,0,1,0,0,0,0,0,0,0,0,1,0,0,10,6,0,0,0,3,0,0,0,0,0,0,0,0,0,0,0,0,7,0,0,0,1,2,0,0,0,0,0,0,1,0,1,1,5,0,0,0,0,0,0,1,3,0,0,15,33,0,0,0,0,1,4,0,0,0,0,0,1,1,13,0,0,0,8,0,0,0,0,1,0,0,0,1,0,0,3,0,0,0,0,0,1,0,0,0,0,2,0,0,0,0,0,0,0,0,0,0,0,11,8,0,1,0,0,0,3,0,0,0,0,0,0,1,0,0,1,0,2,0,1,8,0,1,11,0,0,0,0,0,0,0,0,0,0,0,0,3,0,2,0,0,0,0,0,0,0,0,0,0,0,0,0,0,0,0,1,0,0,0,0,0,7,2,0,0,0,0,1,1,0,1,0,0,0,0,3,0,0,4,0,0,4,20,0,0,2,2,0,1,18,0,0,0,5,0,0,0,4,0,1,2,0,0,0,0,3,2,0,0,1,0,12,0,0,0,0,9,0,6,1,2,0,0,0,2,0,5,0,8,0,1,2,1,2,0,0,0,0,0,1,0,1,0,0,3
194,194,0,5,2,2,1,0,0,0,0,2,0,0,0,0,0,0,4,0,0,1,0,1,2,0,0,0,1,0,1,2,0,0,1,0,3,0,3,0,0,0,0,3,2,0,0,0,0,0,3,0,0,4,0,0,0,7,0,0,0,0,0,2,0,1,0,0,0,5,4,0,0,0,0,0,0,0,0,0,0,0,0,0,0,0,0,2,0,0,0,3,0,0,1,0,0,1,0,2,0,3,1,10,0,0,0,0,0,0,0,1,0,0,3,13,1,0,2,0,1,2,1,0,0,5,2,2,3,9,0,0,1,2,0,0,0,1,1,0,0,4,2,2,0,1,0,0,0,0,0,1,0,0,1,4,0,1,0,0,0,0,0,0,0,0,2,1,8,4,6,2,0,0,0,2,0,0,0,0,0,0,0,0,0,0,0,1,2,0,1,0,0,3,0,0,0,1,0,0,0,0,0,0,1,10,1,0,1,0,0,0,0,0,0,0,0,0,0,0,0,0,1,0,2,0,0,0,0,0,0,5,0,0,0,0,0,1,3,0,3,1,0,1,0,3,0,0,6,0,0,2,8,0,3,2,0,1,0,14,1,5,0,4,0,0,0,0,0,0,1,0,0,0,0,3,0,0,0,2,0,5,0,0,0,0,4,0,3,0,0,1,0,0,1,0,6,0,1,0,0,1,1,1,0,0,1,0,0,1,0,2,0,3,1
195,195,0,0,0,1,1,0,0,0,0,2,1,0,0,0,0,0,1,0,0,1,0,0,0,0,0,0,0,0,0,0,0,0,0,1,0,0,1,0,0,4,0,5,0,0,0,1,0,0,3,0,0,1,0,0,0,6,0,0,0,0,1,0,0,5,0,0,0,2,3,0,0,0,0,0,0,0,0,0,0,0,0,0,0,0,0,4,0,0,0,1,2,0,3,0,0,0,0,0,0,0,1,0,0,1,0,0,0,0,0,0,0,0,4,3,0,0,0,0,2,0,0,0,0,9,1,4,0,2,0,0,0,0,0,0,0,0,0,0,0,4,1,0,0,0,0,0,0,0,0,0,0,4,4,6,0,0,2,0,0,0,0,0,0,0,0,0,1,2,0,0,0,0,0,1,0,0,0,0,0,0,1,0,0,0,1,1,7,2,1,0,0,1,0,0,0,0,0,0,0,0,0,0,0,0,0,0,4,0,0,0,0,1,0,0,0,0,0,0,1,1,0,0,0,0,0,0,0,0,0,2,0,0,0,0,0,0,5,0,1,0,0,0,0,0,0,0,0,0,0,2,7,0,0,0,1,0,0,2,0,0,0,0,0,0,0,0,0,1,0,0,0,0,0,0,0,0,0,0,0,5,0,0,0,0,1,0,3,0,0,0,0,0,0,0,3,0,1,2,0,0,2,1,1,0,0,0,1,0,0,0,0,8,1
196,196,20,1,3,1,0,0,0,0,0,0,0,0,0,0,1,0,20,0,0,0,0,0,3,0,0,0,4,0,0,0,1,0,0,0,0,0,3,0,0,0,0,20,0,0,0,0,0,0,0,0,0,9,0,0,0,0,0,0,0,0,0,0,0,0,0,0,0,4,3,0,0,0,1,0,0,0,0,0,0,0,0,0,0,0,0,10,0,0,0,1,1,0,0,0,0,0,0,1,0,2,2,2,0,0,0,0,0,0,1,2,0,1,18,57,0,0,1,0,0,6,0,0,0,0,0,0,3,17,0,0,0,9,0,0,0,0,0,0,0,0,4,1,0,0,0,0,0,0,0,0,0,0,0,0,0,1,0,0,0,0,0,0,0,0,0,0,13,14,0,0,0,0,0,6,0,0,0,0,0,0,0,0,0,0,0,4,0,0,6,0,0,14,0,0,0,0,0,0,0,0,0,0,0,0,7,0,3,0,0,0,0,1,1,0,0,2,0,0,0,0,0,0,0,0,0,0,0,0,0,19,2,0,0,0,0,0,0,0,3,0,1,0,1,7,0,0,0,0,0,5,1,0,0,2,1,0,8,0,2,0,0,4,0,0,0,4,0,0,1,0,0,0,0,0,1,0,0,1,0,4,0,0,0,0,22,0,0,0,1,0,0,0,5,0,8,0,1,0,0,2,2,0,0,0,0,0,5,3,0,0,0,0,4
197,197,2,0,1,2,0,0,0,0,0,0,0,0,0,0,0,0,0,0,0,0,0,0,0,0,0,0,0,0,0,0,0,0,0,0,0,0,2,0,0,0,0,0,0,0,0,0,0,0,0,0,0,0,0,0,0,0,0,0,0,0,0,0,0,0,0,0,0,0,1,0,0,0,0,0,0,0,0,0,0,0,0,0,0,0,0,2,0,0,0,1,0,0,0,0,0,0,0,0,0,0,0,0,0,0,1,0,0,0,0,0,0,1,0,2,2,0,0,0,0,0,0,0,0,0,0,0,0,0,0,0,0,0,0,0,0,0,0,0,0,0,0,0,0,0,0,0,0,0,0,0,0,0,0,0,0,0,0,0,0,0,0,0,0,0,0,0,3,0,0,0,0,0,0,0,0,0,0,0,0,0,0,0,0,0,0,0,0,0,0,0,0,1,0,0,0,0,0,0,0,0,0,0,0,0,0,0,1,0,0,0,0,0,0,0,0,0,0,0,0,0,0,0,0,0,0,0,0,0,0,1,0,0,0,0,0,0,0,0,0,0,0,0,0,0,0,0,0,0,0,0,3,0,0,0,0,0,0,0,1,0,0,0,0,0,0,0,0,0,0,0,0,0,0,0,0,0,0,0,0,1,0,0,0,0,5,0,0,0,0,0,0,0,0,0,0,0,0,0,0,1,0,1,0,0,0,0,1,0,0,1,0,0,0
198,198,0,0,0,0,0,0,0,0,0,0,0,0,0,0,0,0,0,0,0,0,0,0,0,0,0,0,0,0,0,0,0,0,0,0,0,0,1,0,0,0,0,0,0,1,0,2,4,0,0,0,0,0,0,0,0,0,0,0,0,0,0,0,0,0,0,0,0,0,0,0,0,0,0,0,0,0,0,0,0,0,0,0,0,2,0,0,0,0,0,0,6,0,0,0,0,0,0,0,0,0,0,0,0,0,0,0,0,0,0,0,0,0,0,1,2,0,0,0,3,0,0,0,0,0,0,0,1,0,0,0,0,1,0,0,0,3,0,0,0,0,0,0,0,0,0,0,0,0,0,0,0,15,0,0,0,0,0,0,0,0,2,0,0,0,0,0,0,1,0,0,0,0,0,1,6,0,0,0,0,0,2,0,0,0,0,0,0,0,0,0,0,0,0,0,0,0,0,0,0,0,0,0,0,0,0,0,0,0,0,0,0,0,0,0,0,0,0,0,0,0,0,0,0,0,0,0,0,1,0,4,0,0,2,0,0,0,2,0,0,1,0,0,0,1,0,0,0,2,0,0,0,0,0,0,1,1,0,0,2,0,0,1,0,0,0,0,0,0,0,0,0,0,0,0,1,0,0,0,0,0,0,0,0,0,0,0,1,0,0,0,0,0,0,0,3,1,0,0,2,0,0,0,0,0,0,0,0,0,0,0,1,1,0
199,199,18,2,2,2,1,0,0,0,0,0,0,0,0,0,0,0,19,0,0,0,1,0,3,0,0,0,3,0,0,0,1,0,0,0,0,0,6,0,0,0,0,29,1,0,0,0,0,0,0,0,0,11,0,0,0,0,0,0,0,0,0,0,0,0,0,0,0,14,1,0,2,0,1,0,0,0,0,0,0,0,0,0,0,0,0,10,0,0,0,0,1,0,0,1,0,0,0,1,0,3,3,7,0,0,0,0,0,0,0,1,0,5,44,66,2,0,1,0,2,15,0,0,0,0,0,0,7,32,0,0,0,32,0,0,0,0,0,0,0,0,0,4,0,0,0,0,0,0,0,0,0,0,0,0,1,2,2,0,0,0,0,0,0,1,0,0,38,11,0,1,0,0,0,5,0,0,0,0,0,0,0,0,0,0,0,4,1,0,8,0,1,9,0,0,0,0,0,0,0,0,0,0,0,0,2,1,11,0,0,0,1,1,2,0,1,1,0,0,0,0,0,0,0,0,1,0,0,0,0,9,1,0,0,0,0,0,0,2,5,0,0,0,1,3,0,2,3,1,0,2,11,0,1,7,1,0,10,0,0,0,0,4,0,0,0,2,0,1,3,0,0,0,0,3,3,0,0,1,0,9,0,0,0,0,16,0,4,2,1,2,0,0,4,0,14,2,7,0,0,5,2,0,1,0,0,0,4,4,0,1,0,0,3
200,200,4,1,2,0,0,0,0,1,0,0,0,0,0,0,4,0,9,0,0,1,0,0,3,0,0,0,1,0,0,0,0,0,0,0,0,0,3,0,0,0,0,10,0,0,0,0,0,0,0,0,0,6,0,0,0,0,0,0,0,0,0,0,1,0,0,0,0,5,4,0,0,0,1,0,0,0,0,0,0,0,0,0,0,0,0,4,0,0,0,0,0,0,0,0,0,0,0,1,0,1,0,1,0,0,0,0,0,0,0,1,0,3,14,30,1,0,0,0,0,7,0,0,0,0,0,0,0,16,0,0,0,23,0,0,0,0,0,0,0,0,0,0,0,1,0,1,0,0,0,0,0,0,0,0,1,0,0,0,0,0,0,0,0,0,0,0,10,2,0,0,0,0,0,2,0,0,0,0,0,0,0,0,0,0,0,0,0,0,10,0,0,3,0,0,0,0,0,0,0,0,0,0,0,0,1,1,5,0,0,0,0,0,0,0,0,1,0,0,0,1,0,0,0,0,0,0,0,0,0,1,0,0,0,0,0,0,0,2,1,0,0,0,0,0,0,0,0,0,0,3,6,0,1,2,0,0,1,0,0,0,1,1,0,0,0,0,0,0,2,0,0,0,0,0,0,0,0,1,0,1,0,0,0,0,1,0,1,0,0,0,0,0,3,0,2,0,2,0,0,0,1,0,1,0,0,0,2,1,0,1,0,0,1
201,201,0,0,0,0,0,0,0,0,0,0,0,0,0,0,0,0,0,0,0,0,0,0,0,0,0,0,0,0,0,0,1,0,0,0,1,0,0,0,0,0,0,0,0,0,0,0,0,0,0,0,0,0,1,0,1,1,0,0,0,0,0,0,0,1,0,0,0,0,0,0,0,0,0,0,0,0,0,0,0,0,0,0,0,0,0,0,0,0,0,0,3,0,2,0,1,0,0,1,0,0,0,0,0,2,0,0,0,0,0,0,0,0,0,0,1,0,0,0,0,0,0,0,0,0,0,0,0,0,0,0,1,0,0,0,0,0,0,0,0,0,0,0,0,0,0,0,0,0,0,1,0,0,0,0,12,0,0,0,0,0,2,0,0,0,0,0,0,0,0,0,0,0,0,0,0,0,0,0,0,0,1,0,0,1,0,0,0,0,0,0,0,0,0,0,0,0,0,0,1,0,0,0,0,0,0,0,1,0,0,0,0,0,0,0,0,0,0,0,0,0,0,0,0,0,0,0,0,0,0,3,1,0,2,0,0,0,0,0,0,2,0,0,0,1,0,0,0,1,0,0,0,0,0,7,1,0,0,0,0,0,0,0,0,6,0,0,0,0,0,0,0,0,0,0,0,0,0,0,0,0,0,0,0,0,0,0,2,0,0,0,0,0,0,1,1,0,3,0,1,0,1,2,1,0,0,0,0,2,0,1,0,0,0
202,202,5,2,0,5,0,0,0,0,0,0,0,0,0,0,0,0,12,0,0,0,0,0,2,0,0,0,1,0,0,0,0,0,0,0,0,0,4,0,0,0,0,21,0,0,0,0,0,0,0,0,0,4,0,0,0,0,0,0,0,0,0,1,0,0,0,0,0,10,4,0,0,0,0,0,0,0,0,0,0,0,1,0,0,0,0,5,0,0,0,1,0,0,0,0,0,1,0,0,0,1,5,2,0,0,0,0,0,0,1,3,0,1,21,33,1,0,0,0,2,2,0,0,0,0,0,0,1,17,0,0,0,11,0,0,0,0,0,0,0,0,0,1,0,0,0,0,0,0,0,0,0,0,0,0,1,0,1,0,0,0,0,0,0,0,0,0,13,10,0,0,0,0,0,4,0,0,0,0,0,0,0,0,0,0,0,1,2,0,6,0,0,9,0,0,0,0,0,0,0,0,0,0,0,0,4,0,0,0,0,0,0,0,1,0,0,1,0,0,0,0,0,1,0,1,0,0,0,0,0,9,0,0,0,0,0,0,0,0,2,0,0,1,1,0,0,0,1,0,0,3,5,0,1,2,2,0,9,0,1,0,0,0,0,0,0,1,0,0,2,0,0,0,0,3,1,0,0,2,0,7,0,0,0,0,10,0,0,1,1,0,0,0,6,0,3,6,6,0,0,1,3,0,0,0,0,0,4,2,0,3,0,0,0
203,203,0,1,0,0,0,0,0,2,0,0,0,0,0,0,0,0,0,0,0,0,0,0,0,0,0,0,0,0,0,0,0,0,0,1,0,0,1,0,0,0,0,0,0,0,0,0,1,0,0,0,0,0,0,0,0,0,0,0,0,0,0,0,0,0,0,0,0,3,0,0,0,0,2,0,0,0,0,0,0,0,0,0,0,0,0,1,0,0,0,0,0,0,0,0,0,0,0,0,0,1,0,0,0,0,0,0,0,0,0,0,0,0,3,9,1,0,0,0,0,3,0,0,0,1,0,0,0,1,0,0,0,1,0,0,0,0,0,0,0,0,0,1,0,0,0,0,0,0,0,0,0,0,0,0,0,0,0,0,0,0,0,0,0,0,0,0,1,0,0,0,0,0,0,0,0,0,0,0,0,0,0,0,0,0,0,0,0,0,0,0,0,1,0,0,0,0,0,0,0,0,0,0,0,0,1,0,4,0,0,0,2,0,1,0,0,0,0,0,0,0,0,0,0,0,0,0,0,0,0,1,0,1,0,0,0,0,0,0,1,0,0,0,0,0,0,0,0,1,0,2,6,0,0,0,1,0,0,4,0,0,0,0,0,0,0,2,0,0,2,0,0,0,0,1,0,0,0,0,0,2,0,0,0,0,2,0,0,0,0,0,0,0,0,0,1,0,0,0,0,0,0,0,0,0,0,0,0,1,0,0,0,0,0
204,204,4,1,2,15,1,0,0,1,0,1,0,0,0,0,0,0,7,0,0,1,0,0,2,0,0,0,1,0,0,1,0,0,0,2,0,0,2,1,0,5,0,13,2,0,0,0,1,0,2,0,0,6,0,0,0,10,0,0,0,0,0,1,0,9,0,0,0,19,5,0,1,0,0,0,0,0,0,0,0,0,0,0,0,0,0,9,0,0,0,1,1,0,0,0,0,0,0,0,0,3,4,3,0,1,0,0,0,0,0,0,0,3,15,40,0,0,1,0,0,12,0,0,0,7,3,4,6,23,0,0,0,6,0,0,0,0,0,0,0,3,1,4,1,1,0,0,0,0,0,0,0,0,1,1,0,1,3,0,0,1,0,0,0,0,0,0,17,8,0,1,0,0,0,4,0,0,0,0,0,0,2,0,0,0,2,7,15,0,13,0,0,15,0,0,0,0,0,0,3,0,0,0,0,0,1,0,7,0,0,0,3,0,0,0,0,2,0,0,0,1,0,0,1,1,1,0,0,0,0,9,0,1,0,0,0,0,0,2,2,0,0,0,0,0,0,0,4,2,0,5,52,0,0,1,3,0,5,22,3,0,0,2,0,0,0,6,0,0,3,0,0,0,0,6,3,0,0,0,0,15,0,0,0,0,1,0,7,1,1,0,0,0,4,0,5,1,4,2,0,3,4,0,2,0,0,0,2,5,0,2,0,1,5
205,205,0,0,2,0,0,0,0,0,0,0,0,0,0,0,0,0,0,0,0,0,0,0,0,0,0,0,1,0,0,1,0,0,0,0,0,0,0,0,1,0,0,0,0,0,0,1,3,1,0,0,0,0,0,0,1,0,1,0,0,0,0,0,0,0,0,0,0,0,0,0,0,0,0,0,0,0,0,0,0,0,0,0,0,1,0,0,0,0,0,0,1,0,1,0,1,0,0,0,0,0,0,0,0,0,0,0,0,0,0,0,0,0,0,1,1,1,0,0,2,0,0,0,0,0,0,0,0,0,0,0,0,0,0,1,0,0,1,0,0,0,0,1,0,0,0,0,0,0,0,1,0,0,0,0,3,0,0,0,0,0,0,0,0,0,0,0,0,0,0,0,0,0,0,1,1,0,0,0,0,0,0,0,0,1,0,0,0,0,1,0,1,0,0,0,0,0,0,0,0,0,0,0,0,0,0,0,0,0,0,0,0,0,0,0,0,0,0,0,0,1,0,0,1,0,0,0,0,0,0,0,0,0,3,0,0,0,1,0,0,0,0,0,0,0,1,0,0,0,0,0,0,0,0,1,2,0,0,0,0,0,0,1,1,2,0,0,0,0,0,0,0,0,0,0,0,0,0,0,0,0,0,0,0,0,0,0,1,0,0,0,0,0,0,0,0,0,1,0,0,0,0,0,1,0,0,0,1,0,0,0,0,0,0
206,206,0,1,1,0,1,0,0,0,0,0,0,0,0,0,0,0,0,0,0,0,0,0,0,0,0,0,0,0,0,0,0,0,0,0,0,0,0,1,0,0,0,0,0,0,0,1,3,0,0,0,0,0,0,0,0,0,0,0,0,0,0,0,0,0,1,0,0,0,0,0,0,0,0,0,0,0,0,0,0,0,0,0,0,0,0,0,0,0,0,0,7,0,1,0,0,0,1,0,0,0,0,0,0,0,0,0,0,0,0,0,0,0,0,0,1,0,0,0,3,0,0,0,0,0,0,0,0,0,0,0,1,1,0,0,0,1,1,0,0,0,0,0,0,0,0,0,0,0,0,0,0,6,0,0,0,0,0,0,0,0,4,0,0,0,0,0,0,0,0,0,0,0,0,0,1,0,0,0,0,0,1,0,0,3,0,0,0,0,0,0,0,0,0,1,0,0,0,0,0,0,0,0,0,0,0,0,0,0,0,0,0,0,0,0,0,0,0,0,0,1,0,0,0,0,0,0,0,0,0,7,3,0,0,0,0,0,1,0,1,0,0,0,0,0,0,0,0,1,0,0,0,0,0,0,0,0,0,0,2,0,0,0,3,0,0,0,0,0,0,0,0,0,0,0,0,0,0,0,0,0,0,0,0,0,1,0,0,0,0,0,0,0,0,0,0,0,2,0,1,0,0,0,0,0,0,0,0,0,0,0,0,0,0
207,207,0,1,1,0,1,0,0,0,0,0,0,0,0,0,0,0,0,0,0,0,0,0,0,0,0,0,0,0,0,0,0,0,0,0,1,0,1,0,4,0,0,0,1,0,0,0,1,0,0,0,0,0,0,0,1,0,0,0,0,0,0,0,0,0,1,0,0,0,0,0,0,0,0,0,0,0,0,0,0,0,0,0,0,1,0,0,0,0,0,0,3,0,1,0,0,0,0,0,0,0,0,0,0,0,0,0,0,0,0,0,0,0,0,0,1,0,0,0,0,0,0,0,0,0,0,0,0,0,0,0,0,1,0,0,0,1,3,0,0,0,0,0,0,0,0,0,0,0,1,1,0,11,0,0,0,0,0,0,0,0,3,0,0,0,0,0,0,0,0,0,0,0,0,0,0,0,0,0,0,0,1,0,0,0,0,0,1,0,0,0,0,0,0,0,0,0,0,0,0,0,0,0,0,0,0,0,0,0,0,0,0,0,0,0,0,0,0,0,0,1,0,0,0,0,0,0,0,0,0,3,0,0,2,0,0,0,3,0,0,0,0,0,0,1,0,0,0,0,0,0,0,0,0,0,0,2,0,0,1,0,0,0,1,0,0,0,0,1,0,0,0,0,0,0,0,0,0,0,0,0,0,0,0,0,0,0,0,0,0,0,0,0,0,0,0,0,0,0,0,0,0,0,1,0,0,0,1,0,0,0,0,0,0
208,208,0,0,0,0,1,0,0,0,0,0,0,0,0,0,0,0,0,0,0,0,0,0,0,0,0,0,1,0,0,0,0,0,0,0,1,0,0,0,0,0,0,0,2,0,0,0,0,1,0,3,0,0,0,0,0,0,0,1,0,0,0,0,0,0,0,0,0,0,0,0,0,0,0,0,0,0,0,0,0,0,0,0,0,0,0,0,0,0,0,0,0,0,0,0,1,0,0,0,0,0,0,1,0,0,0,0,0,0,0,0,0,0,0,0,1,0,0,0,0,0,0,0,0,0,0,1,0,0,0,0,0,0,0,0,0,0,0,0,0,0,0,0,0,0,0,0,0,0,0,2,0,0,0,0,3,0,0,0,0,0,0,0,0,0,0,0,0,0,0,0,0,0,0,1,1,0,0,0,0,0,0,0,0,0,0,0,0,0,1,0,0,0,0,0,0,0,0,0,0,0,0,0,0,0,1,3,0,0,0,0,0,0,0,0,0,0,0,0,0,0,0,0,0,0,0,0,0,0,0,0,0,0,3,0,0,0,1,0,0,1,0,0,0,0,0,0,0,0,0,0,0,0,0,4,0,0,0,0,1,0,0,0,0,2,0,0,0,0,0,0,0,0,0,0,0,0,0,0,0,0,0,2,0,0,0,0,4,0,0,0,0,0,1,0,1,0,4,0,0,0,0,0,0,0,0,0,0,1,0,0,0,0,0
209,209,0,0,1,4,0,0,0,3,0,0,0,0,0,0,1,0,20,0,1,0,0,0,4,0,2,0,1,0,0,0,0,0,3,1,0,0,1,0,0,0,0,6,0,0,0,0,0,0,0,1,0,7,0,0,0,0,0,0,0,0,0,0,0,0,0,0,0,10,6,0,0,0,3,0,0,0,0,0,1,0,0,0,0,0,0,8,0,0,0,2,1,0,0,0,0,0,0,2,0,1,0,1,0,1,0,0,0,0,0,1,0,5,8,46,0,0,0,0,0,8,0,0,0,0,0,0,7,15,0,0,0,0,0,0,0,0,0,0,0,0,2,2,1,1,0,0,0,0,0,0,0,0,0,0,2,1,0,1,0,0,1,0,0,0,0,0,12,7,0,0,0,0,0,2,0,0,0,0,0,0,1,0,0,0,0,2,1,2,6,0,0,9,0,0,0,1,1,0,0,0,0,0,0,0,3,0,0,0,0,0,0,0,0,0,0,2,0,0,0,0,0,0,0,0,0,0,0,0,0,6,1,0,0,0,0,0,1,0,1,0,0,0,0,0,0,0,1,0,0,3,24,0,1,0,2,0,2,33,0,0,0,2,0,0,0,6,0,0,4,0,0,0,0,1,4,0,0,2,0,24,0,0,0,0,20,0,0,1,0,0,0,0,3,0,1,3,4,0,0,3,0,0,0,0,0,0,1,1,0,0,0,0,5
210,210,0,0,0,0,1,0,0,0,0,0,0,0,0,0,0,0,0,0,0,0,0,0,0,0,0,0,0,0,0,0,0,0,0,0,0,0,0,0,0,0,0,0,0,0,0,1,3,2,4,0,0,0,0,0,0,0,0,0,0,0,0,0,0,0,0,0,0,0,0,0,0,0,0,0,0,0,0,0,0,0,0,0,0,0,0,0,0,0,1,1,1,0,1,0,0,0,0,0,0,0,0,0,0,0,0,0,0,0,0,0,0,0,0,0,1,0,0,0,1,0,0,0,0,1,0,0,0,0,0,0,0,0,0,0,0,0,0,0,0,0,0,1,0,0,0,0,0,0,1,0,0,2,0,0,0,0,0,0,0,0,0,0,0,0,0,0,0,1,0,0,0,0,0,0,1,0,0,0,0,0,0,0,0,2,0,0,1,1,1,0,0,0,0,1,0,0,0,0,0,0,0,0,0,0,0,0,1,0,0,0,0,0,0,0,0,0,0,0,0,0,0,0,0,0,0,0,0,0,0,0,1,0,0,0,0,0,3,0,0,0,0,0,0,0,0,0,1,2,0,0,0,0,0,0,0,0,0,0,0,0,0,0,1,0,0,0,0,0,0,0,0,0,0,1,0,0,0,1,0,0,0,1,0,0,0,0,0,0,0,0,0,0,0,0,2,0,0,0,3,0,0,0,1,0,0,0,0,0,0,0,0,0,0
211,211,0,0,1,0,0,0,0,0,0,0,0,0,0,0,0,0,0,0,0,0,0,0,0,0,0,3,1,0,0,0,0,0,0,0,0,0,0,0,0,0,0,0,0,1,0,0,1,1,0,0,0,0,0,0,1,0,0,0,0,0,0,0,0,0,0,0,0,0,0,0,0,0,0,0,0,0,0,0,0,0,0,0,0,0,0,0,0,0,0,0,4,0,0,0,0,0,0,0,0,0,0,0,0,0,0,0,0,0,0,0,0,0,0,0,0,0,0,0,1,0,0,0,0,0,0,0,0,1,0,0,0,0,0,4,0,1,1,0,0,0,0,0,0,0,0,0,0,0,0,0,0,1,0,0,1,0,0,0,0,0,0,0,0,0,0,0,0,0,0,0,0,0,0,1,0,0,0,0,0,0,1,0,0,0,1,0,0,0,0,0,0,0,0,0,0,0,0,0,0,5,0,0,0,0,1,2,0,0,0,0,0,0,0,0,0,0,0,0,0,0,0,0,0,0,0,0,0,0,0,2,0,0,1,0,0,0,1,0,1,1,0,0,0,0,0,0,0,1,0,0,0,0,0,0,1,1,0,0,0,0,0,0,0,0,0,0,0,0,0,0,0,0,0,0,0,0,0,0,0,0,0,0,0,0,0,0,1,0,0,1,0,0,1,0,2,0,0,0,2,0,2,1,0,0,0,0,0,1,0,0,0,1,0
212,212,2,3,3,7,0,0,0,5,0,0,0,0,0,0,1,0,15,0,0,0,0,0,1,0,4,0,0,0,0,0,1,0,1,0,0,0,4,0,0,0,0,6,1,0,0,0,0,0,0,0,0,3,0,0,0,0,0,0,0,0,0,0,0,0,1,0,0,8,13,0,3,0,7,0,0,0,0,0,0,0,0,0,0,0,0,12,0,0,0,2,1,0,0,0,0,1,0,0,0,2,5,3,0,1,0,0,0,0,4,0,0,2,26,31,0,0,2,0,2,4,0,0,0,1,0,0,8,3,0,0,0,8,0,0,0,0,0,0,0,0,0,1,0,0,0,0,0,0,0,0,0,0,0,0,0,2,2,0,0,0,0,0,0,0,0,0,11,6,0,0,0,0,0,4,0,0,0,0,0,0,0,0,0,1,0,3,0,0,5,0,0,10,0,0,0,1,0,0,0,0,0,0,0,0,3,0,3,0,0,0,0,0,0,0,0,2,0,0,0,0,0,0,0,0,1,0,0,0,0,7,0,0,0,0,0,0,0,0,0,0,0,0,0,0,0,1,5,0,0,4,24,0,0,1,1,1,2,25,2,0,0,2,0,0,0,3,0,1,1,0,0,0,0,1,3,0,0,1,0,19,0,0,0,0,14,0,4,3,0,0,0,0,1,0,4,3,10,0,1,1,3,1,1,1,0,0,0,1,0,3,0,0,3
213,213,0,0,4,2,0,0,0,2,0,0,1,0,0,0,0,0,14,0,0,0,0,0,2,0,2,0,0,0,0,0,0,0,1,0,0,0,0,0,8,0,0,11,0,0,0,1,5,1,0,7,1,2,0,0,0,0,0,0,0,0,0,0,0,0,2,0,0,2,5,2,0,0,3,0,0,0,0,0,0,0,0,0,0,0,0,1,0,0,0,0,1,0,1,0,0,1,0,0,0,1,3,1,0,3,0,0,0,0,1,2,0,0,10,24,1,0,1,0,1,1,0,0,0,0,0,0,4,8,0,0,0,5,0,0,0,0,7,1,0,1,3,3,1,1,0,0,0,0,0,6,0,0,0,0,7,1,1,0,0,1,0,0,0,1,0,0,6,4,0,0,0,0,2,0,2,0,0,0,0,0,2,0,0,0,0,0,0,1,6,0,1,3,0,0,0,0,0,0,0,0,0,0,0,0,1,1,4,3,0,2,0,0,0,0,0,0,0,0,0,0,0,0,0,0,1,0,0,0,0,7,0,0,0,1,0,0,3,0,4,0,0,0,0,0,0,0,3,3,0,3,10,0,0,0,1,0,0,14,2,0,0,2,0,1,0,0,0,0,2,0,0,0,0,0,4,0,0,1,0,6,0,0,0,0,10,0,6,1,1,3,0,0,4,0,1,0,4,0,2,4,1,0,3,0,0,0,0,1,0,7,1,2,0
214,214,0,1,4,0,1,0,0,0,0,1,0,0,0,0,0,0,3,0,0,0,0,0,0,0,1,0,3,0,0,0,1,0,0,0,0,0,3,0,3,0,0,7,0,0,0,1,3,1,2,0,0,0,0,0,0,0,0,0,0,0,0,0,0,0,0,0,0,1,0,0,0,0,0,0,1,0,0,0,0,0,1,0,0,1,0,2,0,0,0,0,5,0,1,0,0,0,0,0,0,0,1,6,0,0,0,0,0,0,0,0,0,1,1,5,0,0,1,0,2,2,0,0,0,0,0,5,0,2,0,0,0,2,0,2,0,1,3,0,0,0,0,0,0,0,0,0,0,0,0,0,0,2,0,0,0,0,0,0,0,0,0,0,0,0,7,0,5,1,7,2,1,0,1,1,0,0,0,0,0,0,2,0,0,0,0,0,3,0,1,1,0,1,0,0,0,0,0,0,0,0,0,0,2,10,0,0,3,0,0,0,0,0,1,0,2,0,0,0,0,0,0,0,2,0,0,0,0,1,0,2,0,1,2,0,0,1,5,1,1,1,0,0,0,0,0,1,7,3,0,2,5,0,0,0,0,0,0,1,1,3,0,1,1,0,0,0,1,1,0,0,0,0,0,0,0,0,0,1,0,4,0,0,0,0,0,0,1,0,0,0,0,0,0,0,4,6,1,0,2,0,1,0,4,0,0,0,0,0,0,5,0,0,0
215,215,0,0,0,0,0,0,0,0,0,0,0,0,0,0,0,0,0,0,1,0,0,0,0,0,0,0,0,0,0,0,0,1,0,0,0,0,0,0,0,0,0,0,0,0,0,2,3,1,1,0,0,0,0,0,0,0,0,0,0,0,0,0,0,0,0,0,0,0,0,0,0,0,0,0,0,0,0,0,0,0,0,0,0,0,0,0,0,0,0,0,0,0,0,0,0,0,0,0,0,0,0,0,0,0,0,0,0,0,0,0,0,0,0,0,0,0,0,0,2,0,0,0,0,0,0,0,0,0,0,0,0,0,0,1,0,0,0,0,0,0,0,0,0,0,0,0,0,0,0,0,0,2,0,0,0,0,0,0,0,0,2,0,0,0,0,0,0,0,0,0,0,0,0,0,3,0,0,0,0,0,0,0,0,0,0,0,0,0,0,0,0,0,0,0,0,0,0,0,0,0,0,0,0,0,0,0,0,0,0,0,0,0,0,0,0,0,0,0,0,0,0,0,0,0,0,0,0,0,0,5,0,0,1,0,0,0,1,0,0,0,0,0,0,0,0,0,1,2,0,1,0,0,0,0,0,0,0,0,0,0,0,0,0,0,0,0,0,0,0,0,0,0,0,0,0,0,0,0,0,0,0,0,0,0,0,0,0,0,1,0,0,0,0,0,1,0,0,0,3,0,0,0,2,0,0,0,0,1,0,0,0,0,0
216,216,5,0,1,3,0,0,0,0,0,1,0,0,0,0,0,0,15,0,0,0,0,0,1,0,0,0,3,0,0,0,0,0,1,0,0,0,0,0,0,0,0,10,0,0,0,0,0,0,0,0,0,6,0,0,0,1,0,0,0,0,0,0,0,0,0,0,0,2,3,0,0,0,0,0,0,0,0,0,0,0,1,0,0,0,0,5,0,0,3,0,0,0,0,1,0,0,0,0,0,5,1,2,0,0,0,0,0,1,0,2,0,6,12,43,0,0,1,0,1,10,1,0,0,0,0,1,4,16,0,0,0,18,0,0,0,0,0,0,0,1,0,1,0,0,0,0,0,0,0,0,0,0,0,0,0,1,0,0,0,1,0,0,0,0,0,0,10,7,0,0,0,0,1,1,0,0,0,0,0,0,0,0,0,0,0,2,0,0,4,0,0,6,0,1,0,0,0,0,0,0,0,0,0,1,1,0,3,0,0,0,0,0,1,0,0,1,0,0,0,0,0,0,0,0,0,0,0,0,0,6,1,0,1,0,0,0,0,1,2,0,0,0,0,2,0,0,0,1,0,0,1,0,0,1,3,0,1,1,0,0,0,1,0,0,0,3,0,0,1,0,0,0,0,1,0,0,0,1,0,4,0,0,0,0,3,0,4,0,1,0,0,0,2,0,3,0,0,0,0,2,1,0,0,0,0,0,5,1,0,0,0,0,0
217,217,18,3,0,2,0,0,0,0,0,0,0,0,0,0,2,0,10,0,0,0,1,0,1,0,1,0,4,0,0,0,0,0,0,0,0,0,1,0,0,0,0,17,0,0,0,0,0,0,0,0,0,18,1,0,0,0,0,0,0,0,0,0,0,0,0,0,1,22,21,0,1,0,0,0,0,0,0,0,0,0,0,0,0,0,0,9,0,0,0,1,0,0,0,1,0,1,0,1,0,4,4,6,0,1,0,0,0,0,0,1,0,1,35,52,0,0,1,0,3,11,0,0,0,0,1,0,0,22,0,0,0,19,0,0,0,0,0,0,0,0,0,2,0,1,0,0,0,0,0,0,0,0,0,0,1,4,2,0,0,0,0,0,0,0,0,0,25,12,0,0,0,0,0,3,0,0,0,0,0,0,0,0,0,1,0,7,0,1,15,0,1,18,0,0,0,0,0,0,0,0,0,0,0,0,5,1,3,0,0,0,0,1,2,0,2,8,0,0,0,0,0,1,1,0,0,0,0,0,0,14,0,0,0,0,0,0,0,1,4,1,0,1,0,1,2,2,1,0,0,6,24,0,0,2,4,0,18,2,1,0,0,1,0,0,0,1,0,0,4,0,0,0,0,2,1,0,0,1,0,9,0,0,0,0,21,0,1,3,1,0,0,0,4,0,5,4,3,0,0,0,0,1,2,0,0,0,8,1,0,3,0,0,6
218,218,0,16,5,3,0,0,0,0,0,1,0,0,0,2,2,1,4,0,0,2,10,0,0,1,2,0,1,0,0,0,0,0,0,0,14,4,3,0,0,2,0,7,2,0,0,0,0,0,1,0,0,1,0,0,0,3,0,0,0,1,0,0,7,0,0,0,0,1,0,0,1,0,0,0,0,10,1,0,0,0,3,0,0,0,0,4,0,0,6,0,2,0,0,0,0,0,0,0,0,0,0,4,0,0,0,0,0,1,0,0,0,2,1,24,0,0,0,2,1,2,1,0,0,0,0,1,1,2,0,0,0,2,0,0,0,0,0,0,0,0,0,1,0,1,4,0,0,0,0,0,0,0,0,1,1,5,0,7,0,0,0,0,0,0,0,0,3,4,0,0,0,0,0,1,1,0,2,0,0,1,0,0,0,2,0,0,0,0,1,0,0,2,0,1,0,3,0,0,0,0,0,0,0,7,0,0,3,0,0,0,3,1,0,0,0,1,1,0,0,0,0,3,4,9,1,0,0,0,0,6,3,4,1,0,1,1,0,1,3,0,4,0,0,0,0,0,1,0,0,1,0,0,0,0,2,0,2,0,0,0,0,0,0,0,0,0,0,0,1,1,1,0,0,0,0,1,1,2,0,1,0,2,0,0,14,0,0,1,0,0,0,0,5,0,3,1,1,0,0,0,0,0,4,1,0,0,0,1,11,3,0,8,0
219,219,2,1,2,0,0,0,0,0,0,0,0,0,0,0,0,0,1,0,0,0,0,0,1,0,0,0,2,0,0,0,0,0,0,0,0,0,2,0,0,0,0,8,0,0,0,0,0,0,0,0,0,6,0,0,0,1,0,0,0,0,0,0,0,0,0,0,0,5,0,0,2,0,0,0,0,0,0,0,0,0,0,0,0,0,0,1,0,0,0,0,1,0,0,0,0,0,0,0,0,0,1,0,0,0,0,0,0,0,0,1,0,1,11,14,0,0,0,0,0,3,0,0,0,1,0,0,0,5,0,0,0,11,0,0,0,0,0,0,0,0,0,1,0,0,0,0,0,0,0,0,0,0,0,0,0,1,1,0,0,1,0,0,0,0,0,0,5,4,0,0,0,0,0,2,0,0,1,0,0,0,0,0,0,0,0,1,0,0,5,0,1,2,0,0,0,0,0,0,0,0,0,0,0,0,0,0,6,0,0,0,0,0,0,0,0,0,0,0,0,0,0,0,0,0,0,0,0,0,0,3,0,0,0,0,0,0,0,1,2,0,0,0,0,0,0,0,0,0,0,1,1,0,0,2,0,0,0,0,0,0,0,1,0,0,0,0,0,0,2,0,0,0,0,0,0,0,0,0,0,2,0,0,0,0,2,0,0,1,1,1,0,0,1,0,2,6,5,0,0,1,2,0,0,0,0,0,0,0,0,2,0,0,0
220,220,0,0,0,0,0,0,0,0,0,1,0,0,0,0,0,0,0,0,0,0,0,0,0,0,0,1,0,0,0,0,0,0,0,0,0,0,0,0,0,0,0,0,0,1,0,0,1,0,0,1,0,1,0,0,0,0,0,0,0,0,0,0,0,0,0,0,0,0,0,0,0,0,0,0,0,0,0,0,0,0,0,0,1,0,0,0,0,0,0,0,3,0,1,0,0,0,0,0,0,0,0,0,0,0,0,0,0,0,0,0,0,0,0,0,0,0,0,0,0,1,0,0,0,0,0,0,0,1,0,0,0,0,0,1,0,0,0,0,0,0,0,0,0,0,0,0,0,0,0,0,0,0,1,0,0,0,0,0,0,0,0,0,0,0,0,0,0,0,0,0,0,0,0,1,0,0,0,0,0,0,1,0,0,0,0,0,0,0,0,0,0,0,0,0,0,0,0,0,0,3,0,0,0,0,0,0,0,0,0,0,0,0,0,0,0,0,0,0,0,0,0,0,0,0,0,0,0,0,0,3,0,0,0,0,0,0,1,0,0,0,0,0,0,0,0,0,0,0,0,0,0,0,0,1,0,2,0,0,0,0,0,1,0,0,0,0,0,2,0,0,0,0,0,0,0,0,0,0,0,0,0,0,1,0,0,0,0,0,0,0,0,0,0,1,1,2,1,0,0,0,0,0,0,0,0,0,0,2,0,0,0,1,0
221,221,9,0,0,2,0,0,0,0,1,0,0,0,0,0,0,0,7,0,0,0,0,0,0,0,0,0,1,0,0,0,0,0,0,0,0,0,1,0,0,0,0,8,0,0,0,0,0,0,0,0,0,1,0,0,0,0,0,0,0,0,0,0,0,0,0,0,0,0,1,0,0,0,0,0,0,0,0,0,0,0,1,0,0,0,0,6,0,0,0,0,0,0,0,0,0,0,0,0,0,0,0,3,0,0,0,0,0,0,0,1,0,5,13,18,1,0,0,0,0,3,0,0,0,0,0,0,0,4,0,0,0,17,0,0,0,0,0,0,0,0,0,0,0,0,0,0,0,0,0,0,0,0,0,0,1,1,1,0,0,0,0,0,0,0,0,0,10,1,0,0,0,0,0,2,0,0,0,0,0,0,0,0,0,0,0,4,0,1,1,0,1,7,0,0,0,0,0,0,0,0,0,0,0,0,1,0,1,0,0,0,0,0,1,0,0,3,0,0,0,0,0,0,0,0,0,0,0,0,0,10,0,0,0,0,0,0,0,0,4,0,0,2,1,0,0,0,2,0,0,1,3,0,0,0,0,0,2,0,0,0,0,2,0,0,0,0,0,0,1,0,0,0,0,0,0,0,0,0,0,2,0,0,0,0,4,0,0,0,0,0,0,0,1,0,1,0,2,0,0,1,1,0,0,0,0,0,1,2,0,0,0,1,0
222,222,0,1,0,0,0,0,0,0,0,0,0,0,0,0,0,0,0,0,0,0,0,0,0,0,0,0,1,0,0,0,0,0,0,0,0,0,0,0,0,0,0,0,1,0,0,0,0,0,1,0,0,1,0,0,0,0,0,0,0,0,0,0,0,0,1,0,0,0,0,0,0,0,0,0,0,0,0,0,0,0,0,0,0,0,0,0,0,0,0,0,7,0,0,0,1,0,0,0,0,0,0,0,0,0,0,0,0,0,0,0,0,1,1,1,1,0,1,1,0,0,0,0,0,0,0,0,0,0,0,0,0,0,0,1,0,0,1,0,0,0,0,0,0,0,0,0,0,0,0,1,0,1,0,0,10,0,0,0,0,0,0,0,0,0,0,0,0,0,0,0,0,0,0,0,2,0,0,0,0,0,0,0,0,0,0,0,0,0,0,0,1,0,0,0,0,0,0,0,0,1,0,0,0,0,0,2,1,0,0,0,0,0,0,0,0,0,0,0,0,0,0,0,0,4,0,0,0,0,0,4,0,0,2,0,0,0,0,0,0,0,0,1,0,1,0,0,0,1,0,0,0,0,0,3,6,0,0,0,1,0,0,0,0,4,0,0,0,0,0,0,0,0,0,0,1,0,0,0,0,0,0,0,0,0,0,0,6,0,0,0,0,0,0,0,1,0,3,0,0,0,1,0,1,0,0,0,0,0,0,1,1,0,0
223,223,3,1,0,0,0,0,0,0,0,0,0,0,0,0,0,0,9,0,0,0,1,0,1,0,0,0,5,0,0,0,0,0,0,0,0,0,0,0,0,0,0,9,0,0,0,0,0,0,0,0,0,3,0,0,0,0,0,0,0,0,0,0,0,0,0,0,0,4,0,0,5,0,1,0,0,0,0,0,0,0,0,0,0,0,0,1,0,0,0,0,0,0,0,0,0,0,0,1,0,1,3,0,0,0,0,0,0,0,0,0,0,2,9,26,0,0,0,0,0,3,0,0,0,1,0,0,2,6,0,0,0,13,0,0,0,0,0,0,0,0,2,2,0,0,0,1,1,0,0,0,0,0,0,0,0,2,0,0,0,0,0,0,0,0,0,0,6,1,0,0,0,0,0,2,0,0,1,0,0,0,0,0,0,0,0,1,0,0,3,0,0,7,0,0,0,0,0,0,0,0,0,0,0,0,0,0,1,0,0,0,1,0,1,0,0,1,1,0,0,0,0,0,0,0,0,0,0,0,0,5,0,0,0,0,0,0,0,1,0,0,0,1,0,0,0,1,0,0,0,1,2,0,1,3,1,0,0,0,0,0,0,0,0,0,0,1,1,0,0,0,0,0,0,0,3,0,0,0,0,4,0,0,0,0,6,0,0,0,0,1,0,0,4,0,1,2,0,0,0,1,0,0,0,0,0,0,0,1,0,1,0,0,0
224,224,0,1,0,0,3,0,0,0,0,0,0,0,0,0,0,0,2,0,1,0,0,0,0,0,0,0,0,0,0,0,0,0,0,0,0,0,2,0,7,0,0,1,0,0,0,1,7,2,1,8,1,0,0,0,0,0,5,0,0,0,0,1,0,0,0,0,0,3,3,0,0,0,1,0,0,0,0,0,0,0,0,0,0,0,0,1,0,0,0,0,6,0,0,0,0,0,0,0,0,0,1,0,0,0,0,0,0,1,0,0,0,0,1,9,0,0,0,0,0,1,0,0,0,0,0,0,3,3,0,0,0,1,0,0,0,1,2,1,0,1,0,0,0,0,0,0,0,0,0,3,0,0,0,0,3,0,0,0,0,0,0,0,0,0,0,0,5,2,0,0,0,0,0,0,0,0,0,0,0,0,1,0,0,0,0,1,0,0,3,0,0,1,0,0,0,0,0,0,0,0,0,0,0,0,2,0,2,0,0,2,0,0,1,0,0,0,0,0,0,0,0,0,0,0,0,0,0,1,0,3,0,0,0,0,0,0,7,0,1,0,0,0,0,1,0,0,2,3,0,1,7,0,0,0,0,0,0,7,1,0,0,1,0,1,0,3,0,0,0,0,0,0,0,1,0,0,0,0,0,5,0,0,0,0,2,0,1,0,0,0,1,0,0,0,2,0,1,0,4,0,1,0,0,0,0,0,1,3,0,3,0,1,0
225,225,0,0,0,0,0,0,0,0,0,0,0,0,0,0,0,0,0,0,0,0,0,0,0,0,0,2,0,0,0,0,0,0,0,0,0,0,0,0,0,0,0,0,0,0,0,0,0,0,0,0,0,0,0,1,0,0,0,1,0,0,0,0,0,0,0,0,0,0,0,0,0,0,0,0,0,0,0,0,0,0,0,0,0,0,0,0,0,0,0,0,4,0,0,0,0,0,0,0,0,0,0,0,0,0,0,0,0,0,0,0,0,0,0,0,0,0,0,0,3,0,0,0,0,0,0,0,0,0,0,0,0,0,0,0,0,1,0,0,0,0,0,0,0,0,0,0,0,0,0,0,0,0,0,0,0,0,0,0,0,0,0,0,0,0,0,0,0,0,0,0,0,0,0,1,0,0,0,0,0,0,0,0,0,0,0,0,0,0,1,0,0,0,0,0,0,0,0,0,0,3,0,0,0,0,0,0,0,0,0,0,0,0,0,0,0,0,0,0,0,0,0,0,0,0,0,0,0,0,1,5,0,0,0,0,0,0,3,0,0,0,0,0,0,0,0,0,0,0,0,0,0,0,0,0,0,1,0,0,1,0,0,1,1,0,0,0,0,2,0,0,0,0,2,0,0,0,0,0,0,0,0,1,0,0,0,0,1,0,0,1,0,0,0,0,1,0,1,0,0,0,0,0,0,0,0,0,0,0,0,0,0,0,0
226,226,16,2,0,2,0,0,0,0,0,0,0,0,0,0,0,0,20,0,0,0,0,0,1,0,0,0,5,0,0,0,0,0,0,0,0,0,5,0,0,0,0,28,2,0,0,1,0,0,1,0,0,16,0,0,0,0,0,0,0,0,1,0,0,0,0,0,0,13,4,0,6,0,1,0,0,0,0,0,0,0,2,0,0,0,0,10,0,0,0,0,0,0,0,0,0,3,0,1,0,3,5,5,0,0,0,0,0,0,0,0,0,8,32,76,1,0,1,0,0,16,0,0,0,0,0,0,6,24,0,0,0,33,0,0,0,0,0,0,0,0,1,2,1,0,0,0,0,0,0,0,0,0,0,0,3,3,1,0,0,3,0,0,0,0,0,0,33,13,0,0,0,0,0,2,2,0,1,0,0,0,0,0,0,0,0,4,0,0,11,0,1,8,0,0,0,0,0,0,0,0,0,0,0,2,3,0,11,0,0,0,0,0,1,0,2,0,0,0,0,0,0,0,0,0,0,0,0,1,0,9,2,1,0,0,0,0,0,0,2,0,0,1,0,2,0,1,1,0,0,3,9,0,1,2,3,0,7,0,0,0,0,5,0,0,0,2,1,1,3,0,0,0,0,2,0,0,3,1,0,11,0,0,1,0,12,0,4,1,3,0,0,0,6,0,8,2,6,0,0,0,0,2,3,1,0,0,3,5,0,1,0,0,3
227,227,0,0,0,0,0,0,0,0,0,2,0,0,0,0,0,0,0,0,0,0,0,0,0,0,0,0,0,0,0,0,0,0,0,0,0,0,0,1,4,0,0,0,0,0,0,0,5,0,0,5,2,0,0,0,1,0,1,0,0,0,0,0,0,0,1,0,0,0,0,0,0,0,0,0,0,0,0,0,0,0,0,0,0,0,0,0,0,0,0,0,2,0,1,0,0,0,0,0,0,0,0,0,0,0,0,0,0,0,0,0,0,0,0,0,2,0,0,0,0,1,0,0,0,0,0,0,0,0,0,0,0,0,0,1,0,0,2,0,0,0,0,0,0,0,0,0,0,0,0,1,0,4,0,0,1,0,0,0,0,0,0,1,3,0,0,0,0,1,0,0,0,0,1,0,0,0,0,0,0,0,0,0,0,0,0,0,1,0,1,0,0,0,0,0,0,0,1,0,0,0,0,0,0,1,0,0,0,0,0,1,0,0,0,0,0,0,0,0,0,0,0,0,1,0,0,0,0,0,0,0,0,0,0,0,0,0,6,0,0,0,0,0,0,1,0,0,1,1,0,0,0,0,0,1,0,0,0,0,0,0,0,0,0,0,0,0,0,0,0,0,0,0,0,0,1,0,0,0,0,0,0,0,0,0,0,0,0,0,0,0,0,0,0,0,0,0,1,0,2,0,1,0,2,0,0,0,0,0,0,0,0,1,0
228,228,0,0,1,0,0,0,0,0,0,0,0,0,0,0,0,0,0,0,0,0,0,0,0,0,0,3,0,0,0,0,0,0,0,0,0,0,0,1,1,0,0,0,0,0,0,0,1,0,0,0,0,0,0,2,0,0,0,0,0,0,0,1,0,0,1,0,0,0,0,0,0,0,0,0,0,0,0,0,0,0,0,0,0,0,0,0,0,0,0,0,5,0,0,0,0,0,0,0,0,0,0,0,0,0,0,0,0,0,0,0,0,0,0,2,0,0,0,0,1,0,0,0,0,0,0,0,0,1,0,0,0,0,0,0,0,0,0,0,0,0,0,0,0,0,0,0,0,0,0,0,0,2,0,0,0,1,0,0,0,0,0,0,0,0,0,0,0,0,0,0,0,0,0,0,1,0,0,0,0,0,3,0,0,0,1,0,0,0,1,0,0,0,0,0,0,0,2,0,0,4,0,0,0,0,0,0,0,0,0,0,0,0,0,0,0,0,0,0,0,1,0,0,0,0,0,0,0,0,0,0,0,0,1,0,0,0,2,0,1,0,0,0,0,0,0,0,0,0,0,0,0,0,0,1,0,1,0,0,3,0,0,0,0,0,0,0,0,1,0,0,0,0,0,0,2,0,0,0,0,0,0,0,0,0,0,0,0,0,0,2,0,0,1,0,1,0,1,0,1,0,0,0,0,0,0,0,0,0,0,0,0,1,0
229,229,1,1,2,0,0,0,0,0,0,0,0,0,0,0,0,0,5,0,0,0,0,0,2,0,1,0,0,0,0,0,0,0,0,0,0,0,0,0,0,0,0,3,0,0,0,0,0,0,0,0,0,5,0,0,0,0,0,0,0,0,0,0,1,0,0,0,0,5,8,0,0,0,1,0,0,0,0,0,0,0,0,0,0,0,0,4,0,0,0,0,0,0,0,0,0,1,0,0,0,2,1,3,0,1,0,0,0,0,1,0,0,1,12,17,0,0,0,0,0,7,0,0,0,0,0,0,2,9,0,0,0,3,0,0,0,0,0,0,0,0,0,0,1,2,0,0,0,0,0,0,0,0,0,0,0,1,0,0,0,1,0,0,0,0,0,0,7,6,0,1,0,0,0,1,0,0,0,0,0,0,0,0,0,0,0,1,0,0,9,0,0,7,0,0,0,0,0,0,0,0,0,0,0,0,1,0,4,0,0,0,0,0,2,0,0,0,0,0,0,0,0,0,0,0,3,0,0,0,0,2,0,0,0,0,0,0,0,3,0,0,0,0,0,0,0,0,1,0,0,4,12,0,1,0,1,0,2,0,0,0,0,0,0,0,0,0,0,0,2,0,0,0,0,0,1,0,1,0,0,8,0,0,0,0,7,0,0,2,0,0,0,0,1,0,6,0,4,0,0,1,0,0,0,0,0,0,1,3,0,1,0,0,3
230,230,0,1,1,0,2,0,0,0,0,0,0,0,0,0,1,2,0,0,0,0,2,0,0,0,1,0,0,0,0,0,0,0,0,0,2,1,0,0,0,0,0,5,1,0,0,0,0,0,0,0,0,1,0,0,0,1,0,0,0,0,0,0,3,0,0,0,0,1,0,0,0,0,0,0,0,2,0,0,0,0,0,0,0,0,0,4,0,0,2,0,0,0,0,0,0,0,0,0,0,0,0,2,0,1,0,0,1,0,1,0,0,1,5,11,0,0,0,0,2,1,0,0,0,0,0,0,1,4,0,0,1,3,0,1,0,0,0,0,0,0,0,0,0,0,1,0,0,0,0,0,0,0,0,0,0,2,0,2,0,1,0,0,0,0,0,0,0,3,0,0,0,0,0,0,2,0,0,0,0,1,0,0,0,3,0,0,0,0,1,0,0,0,0,1,0,1,0,0,0,0,0,0,0,1,1,0,0,0,0,0,1,0,0,0,0,0,0,0,0,0,0,0,2,7,1,0,0,0,0,5,4,1,2,0,0,0,0,1,3,0,6,2,0,0,0,0,2,0,0,0,1,0,0,2,1,0,0,0,1,0,0,2,0,0,0,0,1,0,1,1,0,0,0,0,0,0,0,3,0,0,0,7,0,0,5,0,0,0,1,0,0,0,4,0,7,2,1,0,0,2,0,0,1,0,0,0,0,0,4,1,0,2,0
231,231,0,2,1,0,0,0,0,0,0,0,0,0,0,0,0,0,5,0,1,0,0,0,2,0,2,0,0,0,0,0,0,0,0,0,0,0,5,0,0,0,0,5,1,0,0,0,0,0,0,1,0,1,0,0,0,0,0,0,0,0,0,0,0,0,0,0,0,2,9,1,0,0,1,0,0,0,0,0,0,0,0,0,0,0,0,6,0,0,0,1,1,0,0,1,0,0,0,0,0,1,2,0,0,1,0,0,0,1,2,2,0,2,5,16,0,0,1,0,2,2,0,0,0,0,0,0,1,4,0,0,0,2,0,0,0,0,0,0,0,0,0,0,1,1,0,0,0,0,0,0,0,0,0,0,1,0,0,0,0,0,0,0,0,0,0,0,13,3,0,0,0,0,0,4,0,0,0,0,0,0,0,0,0,1,0,3,0,1,3,0,0,4,0,0,0,0,0,0,0,0,0,0,0,0,2,0,4,0,0,0,0,0,0,0,0,0,0,0,0,0,0,0,0,0,0,0,0,0,0,5,0,0,0,0,0,0,0,1,0,0,0,0,1,0,0,0,3,1,0,3,7,0,0,0,2,0,0,2,1,0,0,1,0,0,0,1,0,0,0,0,0,0,0,3,2,0,0,1,0,9,0,0,0,0,2,0,3,0,0,0,0,0,5,0,2,0,2,0,0,2,1,0,0,0,0,0,0,0,0,0,0,0,0
232,232,0,0,0,0,1,0,0,0,0,0,0,0,0,0,0,0,0,0,0,0,0,0,0,0,0,0,0,0,0,0,1,0,0,0,0,0,0,0,0,0,0,0,2,0,0,0,0,0,0,0,0,0,0,0,0,0,0,0,0,0,0,1,0,0,0,0,0,0,0,0,0,0,0,0,0,0,0,0,0,0,0,0,0,0,0,0,0,0,0,0,0,0,0,0,0,0,0,0,0,0,0,0,0,1,0,0,0,0,0,0,0,0,0,0,1,0,0,1,0,0,2,0,0,0,0,0,0,0,0,0,0,0,0,0,0,0,0,0,0,0,0,0,0,0,0,0,0,0,0,0,0,0,0,0,1,0,0,0,0,0,0,0,0,0,0,0,0,0,0,0,0,0,0,1,0,0,0,0,0,0,0,0,0,3,0,0,0,0,1,0,0,0,0,1,0,0,0,0,0,0,0,0,0,0,0,0,1,0,0,0,0,0,0,0,0,0,0,0,0,0,0,1,3,0,0,0,0,0,0,1,0,0,0,0,0,0,0,0,1,0,0,0,0,0,0,0,0,0,0,0,0,0,0,1,0,0,0,0,0,0,0,0,0,1,0,0,1,0,0,0,0,0,0,0,0,0,0,0,0,0,0,0,1,0,2,0,0,0,0,0,0,0,0,0,0,0,1,0,0,0,1,0,0,0,0,0,0,0,0,0,0,1,0
233,233,4,1,2,4,0,0,0,5,0,1,0,0,0,0,1,0,28,0,0,0,0,0,3,0,2,0,0,0,1,0,2,0,1,0,0,0,2,1,1,0,0,14,1,0,0,0,0,0,0,0,0,1,0,0,0,0,0,0,0,0,0,0,0,0,0,0,0,5,5,1,11,0,2,0,0,0,0,0,0,0,0,0,0,0,0,15,0,0,0,0,2,0,0,1,0,0,0,0,0,0,5,7,0,3,0,0,0,0,1,1,0,4,13,27,0,0,1,0,3,5,0,0,0,0,0,0,3,14,0,0,0,12,0,0,0,0,0,0,0,0,0,1,2,1,0,0,0,0,0,0,0,0,0,0,0,2,0,0,0,0,0,0,0,0,0,0,15,3,2,1,0,0,1,2,0,0,0,0,0,0,0,0,0,0,0,7,0,0,3,0,2,14,0,0,1,1,0,0,0,0,0,0,0,0,4,1,3,0,0,0,0,0,0,0,0,0,0,0,0,0,1,0,0,0,4,0,0,1,0,6,0,0,0,0,0,0,1,1,2,0,0,0,0,4,0,4,2,0,0,7,23,0,1,2,3,0,1,12,0,0,0,5,0,0,0,3,0,0,3,0,0,0,0,2,4,0,0,1,0,17,0,0,0,0,11,0,6,2,0,0,0,0,4,0,7,7,5,0,0,3,2,0,3,1,1,0,0,0,0,0,0,0,3
234,234,0,0,0,1,0,0,0,0,0,0,0,0,0,0,0,0,0,0,0,0,0,0,0,0,0,0,0,0,0,0,0,0,0,0,1,0,0,0,0,0,0,0,2,0,0,0,0,0,0,0,0,0,0,0,0,0,0,0,0,0,0,0,0,0,0,0,0,0,0,0,0,0,0,0,0,0,0,0,0,0,0,0,0,0,0,0,0,0,0,0,3,0,0,0,0,0,0,0,0,0,0,0,0,1,0,0,0,0,0,0,0,0,0,0,6,0,0,0,2,0,0,0,0,0,0,0,0,0,0,0,0,0,0,0,0,0,0,0,0,0,0,1,0,0,0,0,1,0,0,0,0,0,0,0,9,0,0,0,0,0,0,0,0,0,0,0,0,1,0,0,0,0,0,0,0,0,0,0,0,0,0,0,0,1,0,0,0,0,1,0,0,0,0,2,0,0,0,0,0,0,0,0,0,0,0,1,1,0,0,0,0,0,0,0,0,0,0,0,0,0,0,0,0,6,0,0,0,0,0,5,0,0,2,0,0,0,1,0,0,0,0,0,0,0,0,0,0,0,0,0,0,0,0,1,0,0,1,0,0,0,0,0,0,4,0,0,0,0,0,0,0,0,0,0,0,0,0,0,0,0,0,0,0,0,0,0,4,0,0,1,0,0,1,0,1,0,1,0,1,0,0,1,0,0,0,0,0,2,0,1,0,1,0
235,235,0,0,1,0,0,0,0,0,0,0,0,0,0,0,0,0,0,0,0,0,0,0,0,0,0,0,0,0,0,0,0,0,0,0,0,0,0,0,0,0,0,0,0,0,0,0,3,0,0,0,0,0,0,0,0,0,0,0,0,0,0,0,0,0,2,0,0,0,0,0,0,0,0,0,0,0,0,0,0,0,0,0,0,0,0,0,0,0,0,0,0,0,0,0,0,0,0,0,1,0,0,0,0,0,0,0,0,0,0,0,0,0,0,1,0,0,0,0,0,0,0,0,0,0,0,0,0,0,0,1,0,1,0,0,0,0,0,0,0,0,0,0,0,0,0,0,0,0,0,0,0,1,0,0,1,0,0,0,0,0,0,0,0,0,0,0,0,0,0,0,0,0,0,0,1,0,0,0,0,0,0,0,2,0,0,0,0,0,0,0,0,0,0,0,0,0,0,0,0,0,0,0,0,0,0,0,2,0,0,0,0,0,0,0,0,0,0,0,0,0,0,0,0,0,0,0,0,1,0,1,0,0,0,0,0,0,2,0,0,0,0,0,0,0,0,0,0,0,0,0,0,0,0,0,0,0,0,0,0,0,0,0,0,0,0,0,0,0,0,0,0,0,0,0,1,0,0,0,0,0,0,0,0,0,0,0,0,0,0,3,1,0,0,0,0,0,0,0,2,0,1,0,0,0,0,0,0,1,0,0,0,0,0
236,236,0,14,1,1,1,0,0,0,0,0,0,0,1,0,0,2,0,0,0,0,0,0,0,3,0,0,0,0,0,0,0,0,0,0,5,1,0,0,0,0,0,8,1,0,0,0,0,0,0,0,0,0,0,0,0,0,0,0,0,0,0,0,1,0,0,0,0,0,0,0,0,0,0,0,0,0,0,0,0,0,0,0,1,0,0,2,0,0,1,1,4,0,0,0,0,0,0,0,0,0,0,3,0,0,0,2,0,0,0,0,0,2,0,3,0,0,0,1,0,0,2,2,0,0,0,0,1,2,0,0,0,0,0,0,0,0,0,0,0,0,0,0,0,1,0,0,0,0,0,3,0,0,0,0,3,0,1,1,0,0,0,0,0,0,0,0,0,0,0,0,0,0,0,0,3,0,1,0,0,0,0,0,0,6,0,0,0,0,1,0,0,0,0,0,0,0,0,0,0,0,0,0,0,11,0,0,0,0,0,0,0,0,0,0,0,0,0,0,0,0,0,5,1,1,0,0,0,0,0,4,6,3,0,0,0,0,0,2,0,0,2,0,0,1,0,0,4,1,0,0,0,0,0,1,3,0,0,0,0,0,0,0,0,0,0,0,0,0,1,0,0,1,0,0,1,0,0,0,0,0,0,3,0,0,1,0,0,0,0,1,0,0,1,0,3,0,0,0,0,0,0,0,2,0,0,0,0,1,0,0,3,6,0
237,237,0,0,0,0,0,0,0,0,0,0,0,0,0,0,0,0,0,0,0,1,0,0,0,0,0,1,1,0,0,0,0,0,0,0,0,0,1,0,0,0,0,1,0,1,0,0,0,0,0,0,0,0,0,1,0,0,1,2,1,0,0,0,0,0,0,0,0,0,0,0,0,0,0,0,0,0,0,0,0,0,0,0,0,0,0,0,0,0,0,1,9,0,1,0,1,0,0,0,0,0,0,0,0,0,0,0,0,0,0,0,0,0,0,1,0,0,0,2,2,0,0,0,0,0,0,1,1,0,0,0,0,0,0,1,0,1,0,0,0,0,0,0,0,0,0,0,0,0,0,0,0,0,0,0,3,0,0,0,0,0,0,0,0,0,0,0,0,0,0,0,0,0,0,1,0,0,0,0,0,0,0,0,3,0,0,0,0,0,0,0,0,0,0,0,0,0,0,0,0,5,0,0,0,0,0,2,1,0,0,0,0,0,0,0,0,0,0,0,0,0,0,0,0,1,0,0,0,0,0,0,0,0,2,0,0,0,2,0,0,1,0,0,0,0,0,0,1,1,0,1,0,0,0,1,2,1,0,0,0,0,0,0,0,1,0,0,0,1,0,0,0,0,1,0,0,0,0,0,0,0,0,0,0,0,0,0,6,0,0,0,0,0,1,0,2,0,0,0,0,0,0,0,0,0,0,0,0,0,0,0,0,2,1
238,238,2,0,1,1,0,0,0,0,0,0,0,0,0,0,0,0,4,0,0,0,0,0,1,0,0,0,2,0,0,0,1,0,1,0,0,0,1,0,0,0,0,8,0,0,0,0,0,0,0,0,0,3,0,0,0,0,0,0,0,0,0,0,0,0,0,0,0,2,0,0,0,0,0,0,0,0,0,0,0,0,0,0,0,0,0,2,0,0,0,0,1,0,0,0,0,0,0,0,0,1,2,2,0,0,0,0,0,0,0,0,0,0,9,13,1,0,0,0,1,2,0,0,0,0,0,0,1,11,0,0,0,7,0,0,0,1,0,0,0,0,0,2,0,0,0,0,0,0,1,0,0,0,0,0,0,1,1,0,0,0,0,0,0,0,0,0,6,5,0,0,0,0,0,2,0,0,1,0,0,0,0,0,0,0,0,0,0,0,1,0,0,3,0,0,0,0,0,0,0,0,0,0,0,0,0,0,0,0,0,0,0,0,0,0,0,0,0,0,0,0,0,0,0,0,0,0,0,0,0,4,0,0,0,0,0,0,0,0,1,0,0,0,0,1,0,0,0,0,0,4,4,0,1,0,2,0,0,0,0,0,0,0,0,0,0,0,0,1,1,0,0,0,0,0,2,0,1,0,0,1,0,0,2,0,10,0,1,1,0,0,0,0,1,0,6,0,0,0,0,0,0,0,0,0,0,0,0,0,0,1,0,0,0
239,239,0,3,0,0,1,0,0,0,0,0,0,0,0,0,2,0,1,0,0,0,0,0,0,0,1,0,0,0,0,0,0,0,0,0,2,0,2,0,0,0,0,1,2,0,0,0,0,0,0,0,0,0,0,0,0,0,0,0,0,0,0,0,0,0,0,0,0,0,0,0,0,0,0,0,0,0,0,0,0,0,1,0,0,0,0,0,0,0,1,1,0,0,0,1,0,0,0,1,0,0,0,0,0,0,0,0,0,1,0,0,0,2,1,3,0,0,0,0,0,0,0,3,0,0,0,0,1,1,0,0,0,0,0,0,0,0,0,0,0,0,0,0,0,0,0,0,0,0,0,0,0,0,0,0,0,0,1,0,0,0,0,0,0,0,0,0,1,0,0,0,0,0,0,1,2,0,0,0,0,1,1,1,0,12,0,0,0,0,2,3,1,0,0,2,0,0,0,0,0,0,0,0,0,0,0,0,0,0,0,0,0,0,0,0,0,0,0,0,0,0,2,7,0,0,1,0,0,0,0,1,25,0,0,0,0,0,0,0,1,0,0,0,0,0,0,0,3,0,0,0,1,0,1,0,2,0,0,0,0,0,0,0,0,0,0,0,0,0,0,0,0,0,0,0,0,0,0,2,0,0,0,2,0,0,0,0,0,0,0,0,0,1,0,0,2,0,0,0,0,0,0,0,0,0,0,0,0,0,2,0,0,0,0
240,240,0,0,0,0,0,0,0,0,0,0,0,0,0,0,0,0,0,0,0,0,0,0,0,0,0,6,0,1,0,0,0,0,0,0,0,0,2,0,0,0,0,0,0,0,0,1,0,0,0,0,0,0,0,1,0,0,0,1,0,0,1,1,0,0,0,0,0,0,0,0,0,0,0,0,0,0,1,0,0,0,0,0,0,0,0,0,0,0,0,0,5,0,2,0,0,0,0,0,0,0,0,0,0,0,0,0,0,0,0,0,0,0,0,0,0,0,0,0,0,0,0,0,0,0,0,0,0,0,0,0,0,0,0,0,0,0,0,0,0,0,0,1,0,0,0,0,0,0,0,2,0,0,0,0,5,0,0,0,0,0,0,0,0,0,0,0,0,0,0,0,0,0,0,1,0,0,0,0,0,0,1,0,0,0,0,0,0,1,0,0,0,0,0,0,0,0,0,0,0,7,0,0,0,0,0,1,0,0,0,0,0,0,0,0,0,0,0,0,0,0,0,0,0,0,0,0,0,0,0,1,0,0,0,0,0,0,0,0,0,1,0,0,0,2,0,0,0,0,0,0,0,0,0,1,0,4,0,0,1,0,0,0,0,1,0,0,0,1,1,0,0,0,1,1,0,0,0,0,0,0,0,0,0,0,0,0,1,0,0,0,0,0,0,0,1,0,1,0,0,0,0,0,1,0,0,0,0,1,0,0,0,0,0
241,241,3,1,1,1,0,0,0,0,0,1,0,0,0,0,0,0,0,0,0,8,0,0,1,0,0,0,0,0,1,1,0,0,0,0,0,0,1,0,0,0,0,9,1,0,0,0,0,0,0,0,0,1,0,0,0,3,0,0,0,0,0,0,0,0,0,0,0,1,0,0,0,0,0,0,0,0,0,0,0,0,0,0,0,0,0,3,0,0,0,2,2,0,0,0,0,0,0,0,0,0,1,2,0,0,0,0,0,0,1,0,0,2,3,26,0,0,0,0,0,7,0,0,0,4,1,0,1,5,0,0,0,12,0,0,0,0,0,0,0,1,0,2,0,0,0,0,0,0,0,0,0,0,0,1,0,2,2,0,0,0,0,0,0,0,0,0,8,4,0,0,0,0,0,0,1,0,0,0,0,0,0,0,0,0,0,0,7,0,4,0,0,2,0,0,0,0,0,0,2,0,0,0,0,0,1,0,3,0,0,0,0,0,0,0,0,0,0,0,0,0,0,0,5,1,3,0,0,0,0,4,0,0,0,0,0,0,2,2,2,0,0,0,0,4,0,0,0,0,0,2,6,0,1,0,2,0,2,0,0,0,0,1,0,0,0,0,0,0,1,0,0,0,1,1,2,0,0,1,0,2,0,0,0,0,0,0,1,0,1,0,0,0,1,0,6,1,3,0,0,3,2,0,0,0,0,0,0,2,0,2,0,3,0
242,242,1,1,2,0,0,0,0,1,0,0,0,0,0,0,0,0,1,0,0,0,0,0,0,0,2,0,0,0,0,0,0,0,1,0,0,0,2,0,4,0,1,1,1,0,0,1,8,2,0,6,1,0,0,0,0,1,0,0,0,0,0,0,0,0,2,0,0,2,1,0,0,0,0,0,0,0,0,0,0,0,0,0,0,0,0,0,0,0,0,0,2,0,4,0,0,0,0,0,0,0,0,1,0,0,0,0,0,0,0,1,1,3,3,3,0,0,0,0,1,2,0,0,0,0,0,0,0,7,0,0,0,1,0,0,0,0,3,0,0,0,1,2,0,0,0,0,0,0,0,6,0,1,0,0,3,1,0,0,0,0,1,0,1,1,0,0,7,2,0,0,0,0,0,2,1,0,0,0,0,0,4,0,1,0,0,0,0,0,1,0,0,2,0,0,0,0,0,0,0,0,0,0,0,0,0,0,2,0,0,2,0,0,0,0,0,0,0,0,0,1,0,0,0,1,0,0,0,0,0,1,0,0,0,0,0,0,4,0,0,0,0,0,0,3,0,0,1,4,0,2,4,0,0,1,1,0,0,2,1,0,0,2,0,0,0,1,0,0,1,0,0,0,0,0,0,0,0,1,0,6,0,0,1,0,2,0,1,0,0,1,0,0,0,0,2,0,1,0,4,0,1,2,3,0,0,0,0,2,0,0,1,2,0
243,243,0,2,2,8,0,0,0,2,0,1,0,0,0,0,0,0,20,0,1,0,0,0,4,0,6,0,1,0,0,1,1,0,2,0,0,0,3,0,1,0,0,21,2,0,0,0,0,0,0,2,0,1,0,0,0,0,0,0,0,0,0,0,0,0,0,0,0,9,16,0,0,0,4,0,0,0,0,0,0,0,1,0,0,0,0,11,0,0,0,2,3,0,0,0,0,0,0,0,0,3,2,1,0,3,0,0,0,1,0,2,1,5,21,43,4,0,0,0,0,8,0,0,0,0,1,0,3,20,0,0,0,8,1,0,0,0,0,0,0,0,3,4,0,0,0,0,0,1,0,1,0,0,0,0,0,0,1,0,0,1,0,0,0,0,0,1,34,15,0,0,0,0,0,2,0,0,0,0,1,0,0,0,0,0,0,5,0,3,2,0,0,7,0,0,1,0,0,0,0,0,0,0,0,0,0,0,3,0,0,0,0,0,2,0,0,0,0,0,0,2,0,0,0,0,0,0,0,0,0,8,0,0,0,0,0,0,0,2,4,0,1,0,0,0,0,0,3,2,0,11,43,0,0,3,4,0,1,19,1,0,0,1,0,0,0,2,0,0,5,0,0,0,0,1,0,0,0,0,0,18,0,0,0,0,12,0,4,1,0,2,0,0,5,0,7,0,9,0,0,3,4,1,1,1,0,0,3,0,0,1,0,1,4
244,244,0,0,0,0,0,0,0,0,0,0,0,0,0,0,0,0,0,0,0,0,0,0,0,0,0,0,0,0,0,0,0,0,0,0,0,0,0,0,0,0,0,0,0,1,0,1,2,1,1,0,0,0,0,0,0,0,1,0,0,0,0,0,0,0,0,0,0,0,0,0,0,0,0,0,0,0,0,0,0,0,0,0,0,1,0,1,0,0,0,0,0,0,0,0,0,0,0,0,0,0,0,0,0,0,0,0,0,0,0,0,0,0,0,0,0,0,0,0,1,0,0,0,0,0,0,0,0,0,0,0,0,0,0,0,0,0,0,0,0,0,0,0,0,0,0,0,0,0,0,0,0,0,0,0,0,0,0,0,0,0,0,0,0,0,0,0,0,0,0,0,0,0,0,0,1,0,0,0,0,0,1,0,1,0,0,0,1,0,1,0,0,0,0,0,0,0,0,0,0,0,0,0,0,0,0,0,0,0,0,0,0,0,0,0,0,0,0,0,0,0,0,0,1,0,1,0,0,0,0,1,0,0,1,0,1,0,4,0,0,0,0,0,1,0,0,0,2,1,0,0,0,0,0,0,0,0,0,0,0,0,0,0,1,0,0,0,0,1,1,0,0,0,0,0,0,0,0,0,0,0,0,0,0,0,0,0,0,0,0,0,0,0,0,0,1,0,0,0,5,0,0,0,3,0,0,0,0,0,0,0,0,0,0
245,245,4,0,0,1,0,0,0,0,0,1,0,0,0,0,0,0,15,0,0,3,0,0,0,0,0,0,1,0,1,1,0,0,0,0,0,0,1,0,0,0,0,8,2,0,0,0,0,0,3,0,0,0,0,0,0,1,0,0,0,0,0,0,0,3,0,0,0,1,0,0,0,0,1,0,0,0,0,0,0,0,0,0,0,0,0,3,0,0,2,1,3,0,1,0,0,0,0,0,0,1,3,1,0,0,0,0,0,0,0,0,0,2,5,29,0,0,0,0,0,2,0,0,0,2,2,0,1,4,0,0,0,9,0,3,0,1,0,0,0,2,0,0,0,0,0,0,0,0,0,1,0,0,0,1,1,0,0,0,0,2,0,0,0,0,0,0,8,3,0,0,0,0,0,2,0,0,0,0,0,0,0,0,0,0,0,1,7,2,1,0,0,4,0,0,0,0,0,0,0,0,0,0,0,0,1,0,1,0,0,0,0,0,1,0,0,3,0,0,0,0,0,0,7,0,0,0,0,0,0,4,0,0,0,0,0,0,3,0,2,0,0,0,0,1,0,1,0,0,0,2,3,0,0,1,0,0,3,0,1,0,0,1,0,0,0,0,0,0,1,0,0,0,0,0,2,0,0,0,0,1,0,0,0,0,7,0,0,0,0,0,0,0,2,0,4,0,2,0,0,0,3,0,1,0,0,0,3,0,0,0,0,0,0
246,246,6,0,0,0,0,0,0,0,0,0,0,0,0,0,0,0,6,0,0,0,0,0,0,0,0,0,1,0,0,0,0,0,1,0,0,0,1,0,0,0,0,16,0,0,0,0,0,0,0,0,0,1,0,0,0,0,0,0,0,0,0,0,0,0,0,0,0,3,0,0,0,0,0,0,0,0,0,0,0,0,1,0,0,0,0,5,0,0,0,0,0,0,0,0,0,0,0,0,0,0,0,3,0,0,0,0,0,0,0,1,0,2,11,17,0,0,0,0,0,9,0,0,0,0,0,0,1,20,0,0,0,31,0,0,0,0,0,0,0,0,1,1,0,0,0,0,0,0,0,0,0,0,0,0,0,0,0,0,0,0,0,0,0,0,0,0,10,3,0,0,0,0,0,2,0,0,1,0,0,0,0,0,0,0,0,2,0,0,1,0,0,4,0,0,0,0,0,0,0,0,0,0,0,1,4,0,3,0,0,0,0,0,1,0,0,0,0,0,0,0,0,0,0,0,0,0,0,0,0,7,0,0,0,0,0,0,0,1,2,0,0,1,0,0,0,1,0,0,0,0,2,0,0,0,0,0,3,0,1,0,0,0,0,0,0,2,0,0,1,0,0,0,0,1,2,0,0,0,0,4,0,0,0,0,4,0,2,0,0,0,0,0,1,0,1,0,4,0,0,3,0,0,1,0,0,0,1,1,0,0,1,0,0
247,247,0,3,2,0,0,0,0,0,0,0,0,0,0,0,1,0,0,0,0,0,10,0,0,0,0,0,0,0,0,0,0,0,0,0,6,1,0,0,0,0,0,5,4,0,0,0,0,0,0,0,0,2,0,0,0,0,0,0,0,0,0,0,7,0,0,0,0,0,0,0,0,0,0,0,0,9,0,0,0,0,0,0,0,0,0,4,0,0,4,0,0,0,1,0,0,0,0,1,0,0,0,1,0,1,0,2,2,0,0,1,0,0,0,8,2,0,0,1,0,0,1,2,0,0,0,0,3,1,0,0,0,0,0,0,0,0,0,0,0,0,0,0,0,2,1,0,0,0,0,0,2,0,0,0,0,4,0,5,0,1,0,0,0,0,0,0,0,0,0,0,0,0,0,2,2,0,0,0,0,0,0,0,0,2,0,0,0,0,1,0,0,0,0,4,0,0,0,0,0,0,0,0,0,1,0,0,0,0,0,1,6,0,0,0,0,4,1,0,0,0,3,0,2,9,0,0,0,0,0,5,4,0,2,0,0,2,0,0,1,0,13,0,0,1,0,0,0,0,0,1,2,0,1,1,0,0,0,0,0,0,0,0,0,0,0,0,3,0,1,1,0,0,0,3,1,0,0,2,0,2,0,4,0,0,3,0,0,0,0,1,0,0,2,0,1,1,0,0,0,1,3,2,2,0,0,0,0,1,5,2,0,0,1
248,248,0,1,4,1,1,0,0,0,0,1,0,0,0,0,1,0,1,0,0,0,0,0,0,0,0,0,5,0,0,0,0,0,0,3,0,0,1,0,0,0,0,1,0,4,0,1,6,3,0,7,0,1,0,0,0,0,0,0,0,2,4,0,0,0,0,0,1,0,3,0,2,0,0,0,0,0,1,0,0,0,0,0,0,1,0,0,0,0,0,1,2,0,3,0,0,1,0,0,0,0,1,1,0,8,0,0,0,0,0,0,0,0,1,2,0,0,0,1,1,1,0,0,0,0,0,0,2,1,0,0,0,0,0,0,0,0,2,0,0,1,1,0,0,0,0,0,0,0,0,10,0,2,0,0,0,0,0,0,0,0,0,1,2,0,0,0,1,0,0,0,0,0,0,0,2,0,0,0,0,0,0,0,0,1,0,0,1,2,0,0,1,0,0,0,0,0,1,0,0,0,0,0,0,1,0,0,0,0,0,0,0,0,0,0,0,0,0,0,0,0,0,0,0,0,0,0,0,0,0,2,0,1,2,1,0,0,4,1,1,1,0,0,0,0,0,0,0,2,0,0,1,0,0,1,0,0,1,3,8,2,0,0,1,4,0,0,0,1,1,0,0,0,0,1,0,0,0,0,0,1,0,0,0,0,1,0,0,0,0,0,1,0,0,0,3,6,0,0,4,1,0,1,2,0,0,0,0,6,0,0,2,1,0
249,249,3,1,1,1,0,0,0,0,0,0,0,0,0,0,0,0,5,0,0,1,0,0,2,0,0,0,1,0,0,1,0,0,1,0,0,0,3,0,0,0,0,6,0,0,0,0,0,0,2,0,0,6,0,0,0,1,0,0,0,0,1,0,0,1,0,0,0,1,0,0,2,0,1,0,0,0,0,0,0,0,0,0,0,0,0,4,0,0,0,0,0,0,0,0,0,0,0,0,0,1,0,0,0,2,0,0,0,0,0,3,0,1,10,29,0,0,0,0,0,5,0,0,0,1,0,0,0,11,0,0,0,6,0,0,0,0,0,0,0,0,1,0,0,1,0,0,0,1,0,0,0,0,1,0,0,0,0,0,0,0,0,2,0,0,0,0,8,5,0,0,0,0,0,0,0,0,0,0,0,0,0,0,0,0,1,4,0,0,4,0,0,2,0,0,0,0,0,0,0,0,0,0,0,1,0,0,4,0,0,0,0,0,0,0,0,0,0,0,0,0,0,0,0,0,0,0,0,0,0,5,0,0,0,0,0,0,0,0,1,0,0,0,0,0,0,0,0,0,0,4,1,0,0,3,1,0,2,0,1,0,0,2,0,0,0,1,0,0,5,0,0,0,0,1,2,0,1,0,0,2,0,0,0,0,4,0,3,0,0,0,0,0,1,0,1,5,3,0,0,1,1,0,1,0,0,0,0,1,0,0,0,2,4
250,250,1,2,4,2,2,0,0,0,0,0,0,0,0,0,0,0,4,0,0,0,0,0,0,0,3,0,0,0,0,0,0,0,0,0,1,0,1,0,13,0,0,4,0,0,0,2,7,4,0,11,3,1,0,0,0,0,0,0,0,0,0,0,0,0,2,0,0,3,3,0,1,0,0,0,0,0,0,0,0,0,0,0,0,0,0,2,0,0,0,0,5,0,2,0,0,0,0,0,0,1,1,2,0,0,0,0,0,0,0,0,0,0,2,20,1,0,0,0,2,0,0,0,0,0,0,0,0,4,0,0,0,0,0,1,0,0,6,0,0,0,1,1,0,0,0,1,0,0,0,1,0,6,0,0,2,3,0,0,0,0,5,2,1,0,4,0,3,2,5,1,2,0,0,0,1,0,0,0,0,0,0,0,0,0,0,0,1,0,1,0,0,0,0,0,0,1,0,0,0,0,0,0,0,4,0,0,3,0,0,1,0,0,0,0,0,0,0,0,0,0,1,0,0,0,0,0,0,0,0,3,0,0,0,1,0,0,8,1,0,0,1,0,0,2,0,0,2,2,0,5,6,0,0,0,0,0,0,3,0,5,0,1,3,2,0,1,1,2,0,0,0,0,0,1,1,0,0,2,0,1,0,0,0,0,5,0,3,1,0,1,0,0,1,0,2,0,3,0,3,0,0,0,1,0,0,0,0,1,0,0,0,0,3
251,251,0,0,0,1,0,0,0,0,0,0,0,0,0,0,0,0,0,0,0,0,3,0,0,0,0,0,0,2,0,0,0,0,0,0,0,0,0,0,0,0,0,0,0,0,0,0,0,0,0,0,0,0,0,0,0,0,0,0,0,0,0,0,2,0,0,0,0,0,0,0,0,0,0,0,0,4,0,0,0,0,0,0,0,0,0,1,0,0,0,0,0,0,0,0,0,0,0,0,0,0,0,0,0,0,1,0,0,0,0,0,0,0,0,1,0,1,0,0,0,0,2,0,0,0,0,0,1,0,0,0,0,0,0,0,0,0,0,0,0,0,0,0,0,0,0,0,0,0,0,0,0,0,0,0,0,2,0,1,0,0,0,0,0,0,0,0,0,0,0,0,0,0,0,0,1,0,0,0,0,0,0,0,0,0,0,0,0,0,0,0,0,0,0,1,0,0,0,0,0,0,0,0,0,2,0,0,0,0,0,0,0,0,1,0,0,0,0,0,0,0,0,1,1,3,0,0,0,0,0,0,0,1,0,0,0,0,0,0,0,0,0,0,0,0,0,0,0,0,0,0,0,0,0,0,0,0,0,0,0,0,0,1,0,0,0,0,0,0,0,0,0,0,0,0,0,0,0,0,0,0,0,0,0,0,1,0,0,0,0,0,0,0,2,0,0,0,0,0,0,0,1,0,0,0,0,0,0,0,1,0,0,4,0
252,252,0,0,1,0,0,0,0,0,0,2,1,0,0,0,0,0,0,0,0,0,0,0,0,0,0,3,0,0,1,3,0,0,0,0,0,0,0,0,0,0,0,0,2,0,1,0,0,0,2,0,0,0,0,0,0,3,0,1,0,0,0,0,0,1,0,0,0,0,0,0,0,0,0,0,0,0,2,0,0,0,0,0,0,0,0,0,0,0,1,1,4,0,1,0,0,0,0,0,0,0,0,0,0,0,0,0,0,0,0,0,0,0,0,0,0,0,0,0,1,0,0,0,0,3,0,0,0,0,0,0,0,0,0,0,0,0,0,0,0,0,0,0,0,0,0,0,1,1,0,0,0,1,0,0,0,0,0,0,0,0,0,0,0,2,0,0,0,0,0,0,0,0,0,0,0,0,0,0,0,0,0,0,0,0,0,0,3,0,1,0,0,0,0,0,0,0,0,0,3,2,0,0,0,0,0,0,0,0,0,0,0,0,0,0,0,0,0,0,0,0,0,0,0,0,0,0,0,0,0,1,0,0,0,0,0,0,1,0,0,0,0,0,0,0,0,0,0,0,0,0,0,0,0,0,1,2,0,0,0,0,0,0,0,0,0,0,0,2,0,0,0,0,0,0,0,0,0,0,0,1,0,1,0,0,0,0,0,0,1,0,0,0,0,0,1,0,1,0,0,1,0,0,0,0,2,0,0,0,0,0,2,1,0
253,253,0,0,0,0,0,0,0,0,0,0,0,0,0,0,0,0,13,0,0,0,0,0,5,0,0,0,0,0,0,0,0,0,0,0,0,0,3,0,0,0,0,10,0,0,0,0,0,0,0,0,0,1,0,0,0,0,0,0,0,0,0,0,0,0,0,0,0,0,0,0,0,0,0,0,0,0,0,0,0,0,0,0,0,0,0,7,1,0,0,0,1,0,0,0,0,0,0,0,0,0,2,2,0,0,0,0,0,0,0,0,0,5,6,14,0,0,0,0,0,2,0,0,0,1,0,0,1,6,0,0,0,6,0,0,0,0,0,0,0,0,0,1,1,0,0,2,0,0,0,0,0,0,0,0,0,0,0,0,0,1,0,0,0,1,0,0,8,2,0,0,0,0,0,1,0,0,0,0,0,0,0,0,0,0,0,5,0,0,0,0,0,6,0,0,0,0,0,0,0,0,0,0,0,0,1,0,1,0,0,0,0,0,0,0,0,1,0,0,0,0,0,0,0,0,0,0,0,0,0,9,0,0,0,0,0,0,0,0,2,0,0,0,0,3,0,1,1,1,0,1,3,0,0,0,0,0,0,0,0,0,0,0,0,0,0,0,1,1,1,0,0,0,0,1,2,0,0,0,0,2,0,0,0,0,5,0,2,0,0,0,0,0,1,0,1,0,2,0,0,1,0,0,0,0,0,0,0,0,0,2,0,0,1
254,254,2,0,0,2,0,0,0,0,0,0,0,0,0,0,0,0,2,0,0,0,0,0,0,0,0,0,1,0,0,0,0,0,1,0,0,0,0,0,0,0,0,2,0,0,0,0,0,0,0,0,0,5,0,0,0,0,0,0,0,0,0,0,0,0,0,0,0,3,0,0,1,0,0,0,0,0,0,0,0,0,0,0,0,0,0,3,0,0,0,0,0,0,0,0,0,0,0,0,0,0,1,0,0,0,0,0,0,0,0,0,0,1,9,14,0,0,0,0,0,1,0,0,0,0,0,0,0,4,0,0,0,3,0,0,0,0,0,0,0,0,0,1,0,0,0,0,0,0,0,0,0,0,0,0,0,1,0,0,0,0,0,0,0,0,0,0,7,1,0,0,0,0,0,0,1,0,0,0,0,0,0,0,0,1,0,1,0,0,0,0,0,2,0,0,0,0,0,0,0,0,0,0,0,0,0,0,2,0,0,0,0,0,0,0,0,2,0,0,0,0,0,0,0,0,0,0,0,0,0,1,0,0,0,0,0,0,0,0,2,0,0,0,0,0,0,0,0,0,0,0,3,0,0,0,2,0,1,0,0,0,0,2,0,0,0,1,0,0,1,0,0,0,0,0,1,0,0,0,0,3,0,0,0,0,3,0,1,2,1,0,0,0,0,0,3,1,0,0,0,0,1,0,0,0,0,0,0,2,0,0,0,0,1
255,255,0,0,1,0,0,1,0,0,0,0,0,0,0,0,0,0,0,0,0,0,0,0,0,0,0,0,0,0,0,0,0,0,0,0,0,0,0,3,0,0,0,1,1,0,0,0,0,0,0,0,0,0,0,0,0,0,0,0,0,0,0,0,0,0,0,0,0,0,0,0,0,0,0,0,0,0,0,0,0,0,0,0,0,0,0,1,0,0,2,0,0,0,0,0,0,0,0,0,0,0,0,0,0,0,0,0,0,0,0,0,0,0,0,0,0,0,0,0,0,0,0,0,0,0,0,0,1,0,0,0,0,0,0,0,0,0,0,0,0,0,0,0,0,0,0,0,1,0,0,0,0,0,0,0,0,0,0,0,0,0,0,0,0,0,0,0,0,0,0,0,0,0,0,0,0,0,0,0,0,1,0,0,0,7,0,0,0,0,1,0,0,0,0,0,0,0,0,0,0,0,0,0,0,0,0,0,0,0,0,0,0,0,0,0,0,0,0,0,0,0,0,1,0,0,0,0,0,0,0,0,5,0,0,0,0,0,0,0,0,1,0,0,0,0,0,0,1,0,0,0,0,0,0,0,0,0,0,0,0,0,7,0,0,0,0,0,0,0,0,0,0,0,0,0,0,0,0,0,0,0,0,0,0,0,0,0,0,0,0,0,0,0,0,0,0,0,0,0,0,0,1,0,0,0,0,0,0,0,0,0,0,1,0
256,256,0,0,0,0,0,0,0,0,0,0,0,0,0,0,0,0,0,0,0,0,0,0,0,0,0,0,3,0,0,0,0,0,0,0,0,0,1,0,0,0,0,12,0,0,0,1,0,1,2,0,0,0,0,0,0,0,0,0,0,2,1,1,0,0,0,0,0,0,1,0,0,0,0,0,0,0,0,0,0,0,0,0,0,0,0,0,0,0,0,0,1,0,2,0,0,0,0,0,0,0,0,0,0,0,0,0,0,0,0,0,0,0,0,1,0,0,0,0,0,0,0,0,0,0,0,7,0,0,0,0,0,0,0,0,0,0,0,0,0,0,0,0,0,0,0,0,0,2,0,0,0,0,0,0,0,0,1,0,0,0,0,0,0,0,0,0,0,0,0,0,0,0,0,1,0,0,0,0,0,0,0,0,1,0,0,0,0,0,0,0,0,0,0,0,0,0,0,0,0,0,0,0,0,0,0,0,0,0,0,0,0,0,0,0,0,0,0,0,0,0,0,0,0,0,0,0,0,0,0,1,0,0,0,0,0,0,0,0,0,0,0,0,0,0,0,0,0,0,0,0,0,0,0,1,1,0,0,0,0,0,0,0,0,2,0,0,0,1,1,0,0,0,0,1,0,0,0,0,0,0,0,0,0,0,0,0,0,0,0,0,0,0,0,0,2,0,0,0,0,0,0,0,1,0,0,0,0,1,0,0,0,2,0
257,257,0,0,0,0,0,0,0,0,0,0,0,0,0,0,0,0,0,0,0,0,0,0,0,0,0,0,0,0,0,0,0,0,0,0,0,0,0,0,0,0,0,0,0,1,0,0,6,0,3,0,0,0,0,0,0,0,1,0,0,0,0,0,0,0,0,0,0,0,0,0,0,0,0,0,0,0,0,0,0,0,0,0,0,1,0,0,0,0,0,0,8,0,3,0,0,0,0,0,0,0,0,0,0,0,0,0,0,0,0,0,0,0,0,0,1,0,0,0,1,0,0,0,0,0,0,0,0,0,0,0,0,0,0,0,0,2,0,0,0,0,0,0,0,0,0,0,0,0,0,1,0,10,0,0,0,0,0,0,0,0,0,0,0,0,0,0,0,0,0,0,0,0,0,0,4,0,0,0,0,0,1,0,1,0,0,0,0,0,0,0,0,0,0,0,0,0,0,0,0,0,0,0,0,0,0,0,0,0,0,0,0,0,0,0,0,0,0,0,0,0,0,0,0,0,1,0,0,0,0,3,0,0,1,0,0,0,8,1,1,0,0,0,0,0,0,0,0,4,0,0,0,0,0,0,0,1,0,0,3,0,0,0,1,0,0,0,0,1,0,0,0,0,0,0,0,0,0,0,0,0,0,0,1,0,0,0,0,0,0,1,0,0,0,0,1,0,0,0,6,0,0,0,0,0,0,0,0,1,0,0,0,0,0
258,258,12,3,6,1,0,0,0,0,0,1,0,0,0,0,0,0,41,0,0,0,1,0,5,0,1,0,3,0,0,0,0,0,0,0,0,0,8,0,0,0,0,22,0,0,0,0,0,0,0,0,0,8,0,0,0,0,0,0,0,0,0,0,0,0,0,0,0,8,5,0,0,0,1,0,0,0,0,0,0,0,0,0,0,0,0,11,0,0,0,1,0,0,0,0,0,0,0,1,0,2,4,6,0,0,0,0,0,0,0,3,0,2,30,55,2,0,0,0,1,14,0,0,0,0,0,0,10,35,0,0,0,28,2,0,0,0,0,0,0,0,4,0,0,3,0,0,0,0,0,0,0,0,0,0,0,6,2,0,0,1,0,0,0,0,0,0,15,4,0,0,0,0,0,3,0,0,0,0,0,0,0,0,0,1,0,2,0,0,9,0,0,21,0,0,0,0,0,0,0,1,0,0,0,0,2,0,8,0,0,0,0,0,1,0,0,0,0,0,0,0,0,0,0,0,2,0,0,0,0,13,8,0,0,0,0,0,0,0,4,0,0,1,0,4,0,0,3,0,0,5,16,0,2,2,1,0,3,0,0,0,0,3,0,0,0,0,1,1,4,0,0,0,0,1,3,0,0,0,0,2,0,0,0,0,25,0,2,3,1,1,0,0,3,0,11,0,3,0,0,2,2,1,1,0,0,0,3,8,0,0,0,0,7
259,259,0,0,0,0,0,0,0,0,0,0,0,0,0,0,0,0,0,0,1,0,0,1,0,0,0,0,0,0,0,0,0,0,0,0,0,0,0,0,0,0,0,0,2,0,0,0,0,0,0,0,0,0,0,0,1,0,0,2,0,0,0,0,0,0,0,0,0,0,0,0,0,0,0,0,0,0,1,0,0,0,0,0,0,0,0,0,0,0,0,0,6,0,0,0,0,0,0,0,0,0,0,0,0,0,0,0,0,0,0,0,0,0,0,1,0,0,0,1,0,0,0,0,0,0,0,0,0,0,0,0,0,0,0,0,0,0,0,0,0,0,1,0,0,0,0,0,0,0,0,3,0,0,0,0,8,0,0,0,0,0,0,0,0,0,0,0,0,0,0,0,0,0,0,0,0,0,0,0,0,0,0,0,0,0,0,0,1,0,0,0,0,0,0,0,0,0,0,0,0,0,0,0,0,0,0,1,1,0,0,0,0,0,0,0,0,0,0,0,0,0,0,0,0,0,1,0,0,0,0,1,0,0,3,0,0,0,1,0,1,0,0,0,0,0,0,0,0,0,0,0,0,0,0,2,0,0,0,0,1,0,0,0,1,4,0,0,0,1,0,0,0,0,0,0,0,0,0,0,0,0,0,0,0,0,0,0,1,0,0,1,0,0,1,1,1,0,5,0,0,0,1,0,0,0,0,0,0,1,0,1,0,0,0
260,260,1,1,2,2,0,0,0,0,0,0,0,0,0,0,0,0,27,0,0,0,0,0,1,0,0,0,0,0,0,1,0,0,1,0,0,0,3,0,0,0,0,13,0,0,0,0,0,0,0,0,0,5,0,0,0,0,0,0,0,0,0,0,0,0,0,0,0,2,2,0,0,0,0,0,0,0,0,0,0,0,0,0,0,0,0,11,0,0,0,0,1,0,0,0,0,0,0,0,0,0,2,1,0,0,0,0,0,0,0,1,0,2,7,27,0,0,0,0,0,8,0,0,0,0,0,0,1,9,0,0,0,14,0,0,0,0,0,0,0,0,2,0,0,2,0,1,0,0,0,0,0,0,0,0,0,1,0,0,0,0,0,0,0,0,0,0,21,10,0,0,0,0,0,2,0,0,0,0,0,0,0,0,0,0,0,3,0,1,3,0,0,14,0,0,0,0,0,0,0,0,0,0,0,0,2,1,2,0,0,0,0,0,0,0,0,0,0,0,0,0,0,0,0,1,0,0,0,0,0,8,0,0,0,0,0,0,0,0,3,0,0,0,1,0,0,0,0,0,0,2,5,0,1,1,0,0,6,0,0,0,0,1,0,0,1,1,1,0,0,1,0,0,0,0,0,0,0,2,0,5,0,0,0,0,11,0,1,0,0,0,0,0,0,0,3,0,2,0,0,4,2,1,1,0,0,0,0,0,0,1,0,0,4
261,261,3,0,0,3,0,0,0,0,0,0,0,0,0,0,0,0,8,0,1,0,0,0,1,0,2,0,0,0,0,0,0,0,1,0,0,0,1,0,0,0,0,1,0,0,0,0,0,0,0,0,0,0,0,0,0,0,0,0,0,0,0,0,0,0,0,0,0,0,5,1,0,0,0,0,0,0,0,0,0,0,0,0,0,0,0,2,0,0,0,0,0,0,0,0,0,1,0,0,0,0,1,0,0,0,0,0,0,0,0,0,0,1,5,9,0,0,0,0,0,0,0,0,0,0,0,0,2,4,0,0,0,1,0,0,0,0,0,0,0,0,0,1,0,0,0,0,0,0,0,0,0,0,0,0,0,1,0,0,0,1,0,0,0,0,0,0,3,0,0,0,0,0,0,0,0,0,0,0,0,0,0,0,0,0,0,3,0,1,0,0,0,7,0,0,0,0,0,0,0,0,0,0,0,0,0,0,0,0,0,0,0,1,0,0,0,0,0,0,0,0,0,0,0,0,0,0,0,0,0,3,0,0,0,0,0,0,0,0,1,0,0,0,0,0,1,0,1,0,0,2,1,0,0,0,1,0,0,6,0,0,0,0,0,0,0,3,0,0,0,0,0,0,0,0,0,0,0,1,0,5,0,0,0,0,4,0,0,0,0,0,0,0,0,0,2,0,0,0,0,1,0,1,0,0,0,0,0,3,0,0,0,0,0
262,262,0,1,0,1,0,0,0,0,0,0,0,0,0,0,0,1,1,0,0,0,14,0,0,0,0,0,1,2,2,2,1,0,0,0,4,0,2,3,0,0,0,1,3,0,0,0,0,0,0,0,0,0,1,0,0,1,0,1,0,0,0,0,4,0,0,0,0,0,0,0,0,0,0,0,0,10,1,0,0,0,0,0,0,0,0,1,0,0,10,0,0,0,0,0,0,0,0,0,0,0,0,1,0,0,0,0,2,0,0,0,0,0,0,4,0,0,0,2,1,0,0,3,0,0,0,1,6,0,0,0,0,0,0,1,0,0,0,0,0,0,1,0,1,2,2,0,0,0,0,1,0,0,0,0,4,1,0,1,3,0,0,0,0,0,0,0,0,0,1,0,0,0,0,3,3,0,0,0,0,0,0,0,0,7,0,0,0,0,0,0,0,0,0,5,0,0,0,0,2,0,0,0,0,2,0,0,0,0,0,0,0,0,1,0,0,0,0,0,0,0,1,1,2,11,1,0,0,0,0,2,3,2,1,0,0,2,1,0,1,1,1,0,0,0,0,0,0,1,0,2,3,0,0,1,1,1,0,0,0,0,1,0,0,2,0,1,1,0,0,0,3,0,0,0,1,0,0,0,0,0,0,3,0,0,3,0,6,0,0,0,0,0,0,1,4,0,3,0,0,0,1,1,1,0,1,0,0,1,5,0,2,4,1
263,263,0,1,0,0,1,0,0,0,0,0,0,0,0,0,0,0,0,0,0,0,0,1,0,0,0,0,0,0,0,0,0,0,0,0,1,0,0,1,0,0,0,0,0,0,0,0,0,0,0,0,0,0,0,0,0,0,0,0,0,0,0,0,0,0,0,0,0,0,0,0,0,0,0,0,0,0,0,0,0,0,0,0,0,0,0,0,0,0,0,0,4,0,0,0,0,0,0,0,0,0,0,0,0,3,0,0,0,0,0,0,0,0,0,0,0,0,0,0,0,0,0,0,0,0,0,0,0,0,0,0,0,0,0,1,0,0,0,0,0,0,0,1,0,0,0,0,0,0,0,0,0,0,0,0,3,0,0,0,0,0,0,0,0,0,0,0,0,0,0,0,0,0,0,0,0,0,0,0,0,0,0,0,0,0,0,0,0,0,0,0,0,0,0,0,0,0,0,0,0,0,0,0,0,0,0,0,1,0,0,0,0,0,0,0,0,0,0,0,0,0,0,0,0,1,1,0,0,0,0,1,0,0,3,0,0,0,0,0,0,1,0,0,0,0,0,0,0,0,0,0,0,0,0,1,1,0,0,0,0,0,0,0,0,3,0,0,0,0,0,0,0,0,0,0,0,0,0,0,0,0,0,1,0,0,0,0,6,0,0,0,0,0,1,0,0,0,0,0,0,0,0,1,1,0,2,0,0,0,0,1,0,0,0
264,264,0,0,0,0,1,0,0,0,0,0,0,0,0,0,1,0,0,0,0,0,0,0,0,0,0,2,3,0,0,0,0,0,0,0,0,0,0,0,0,0,0,1,0,0,0,0,0,0,0,0,0,0,0,1,1,0,0,2,0,0,0,0,0,0,0,0,0,0,0,0,0,0,0,0,0,0,0,0,0,0,0,0,0,0,0,0,0,0,1,0,3,0,0,0,0,0,0,0,0,0,0,0,0,0,0,0,0,0,0,0,0,0,0,0,0,0,0,0,2,0,0,0,0,0,0,0,1,0,0,0,0,0,0,0,0,1,0,0,0,0,0,0,0,0,0,0,0,0,0,0,0,0,0,0,0,0,0,0,0,0,0,0,0,0,0,0,0,0,0,0,0,0,0,0,0,0,0,0,0,0,0,1,0,3,0,0,0,0,0,0,0,0,0,0,0,0,0,0,0,4,0,0,0,0,0,2,1,0,0,0,0,0,0,0,0,0,0,0,0,0,2,2,0,0,0,0,0,1,0,0,4,0,0,0,0,0,1,0,0,0,0,0,0,0,0,0,0,0,0,0,0,0,0,3,1,0,0,0,0,0,0,0,1,0,0,0,1,1,0,1,0,0,0,0,1,0,0,0,0,0,0,0,0,0,0,1,1,0,0,0,0,0,0,1,0,0,2,1,0,0,0,0,0,0,0,0,0,0,0,0,0,4,0
265,265,1,0,5,10,0,0,0,0,0,4,0,0,0,0,0,0,27,0,2,1,0,0,3,0,1,0,2,0,0,2,0,0,1,8,0,2,6,1,0,0,0,17,0,0,0,0,0,0,4,1,0,2,6,0,0,6,0,0,0,1,0,3,0,3,0,0,0,6,3,0,0,0,2,0,0,0,0,0,0,0,0,0,0,0,0,9,0,0,0,3,2,0,1,1,0,1,1,1,0,2,1,1,0,1,0,0,0,0,1,2,0,4,16,40,1,0,1,0,1,2,0,0,0,14,0,4,3,21,0,0,0,5,0,0,0,4,0,0,0,3,2,1,0,1,0,0,0,5,0,1,0,1,3,5,0,1,2,0,0,0,0,0,0,0,0,0,14,12,0,0,0,0,0,3,1,0,0,0,0,0,1,0,0,0,0,6,17,3,7,0,0,11,0,0,0,0,1,0,2,0,0,0,0,0,1,1,2,0,0,1,2,0,2,0,0,0,0,0,0,0,0,0,0,1,1,0,0,0,0,11,1,2,1,0,0,0,6,2,2,0,0,0,0,0,0,0,8,6,1,11,26,0,1,3,7,2,0,22,0,0,0,2,0,1,0,4,0,2,2,0,0,0,0,1,3,0,0,1,0,20,0,0,0,0,23,0,3,1,0,0,0,1,6,0,6,0,4,0,0,3,2,3,1,0,1,0,3,2,0,6,0,7,4
266,266,1,2,3,6,0,0,0,10,0,0,0,0,0,0,5,0,25,0,2,0,0,0,5,0,1,0,0,0,0,0,0,0,1,0,0,0,7,0,0,0,0,13,0,0,0,0,0,0,0,0,0,5,0,0,0,0,0,0,0,0,0,0,0,0,0,0,0,3,18,2,0,0,2,0,0,0,0,0,0,0,0,0,0,0,0,9,0,0,1,1,2,0,0,1,0,1,1,1,0,2,0,2,0,0,0,0,0,0,1,3,0,8,10,35,0,0,0,0,2,3,0,0,0,1,0,0,4,12,0,0,0,12,0,0,0,0,0,0,0,0,0,0,3,0,0,1,0,0,0,0,0,0,0,0,0,1,0,0,0,0,0,0,0,0,0,0,14,9,0,0,0,0,0,4,0,0,0,0,0,0,0,0,0,0,0,4,1,2,4,0,0,13,0,0,0,0,0,0,0,0,0,0,1,1,3,0,3,0,0,0,1,0,0,0,0,0,0,0,0,1,0,0,0,0,2,0,0,0,0,4,1,0,0,0,0,0,0,0,2,0,0,0,0,1,0,0,10,0,0,7,22,0,0,0,3,0,1,11,1,0,0,1,0,0,0,5,0,0,2,0,0,0,0,2,1,0,0,1,0,23,0,0,0,0,14,0,3,0,0,0,0,0,3,0,5,1,3,0,0,4,3,3,0,0,0,0,0,3,0,1,0,0,4
267,267,0,0,3,0,0,0,0,0,0,0,0,0,0,0,0,0,0,0,0,0,0,0,0,0,0,0,0,0,0,0,0,0,0,0,0,0,0,0,0,0,0,0,0,0,0,0,0,0,0,0,0,1,0,0,0,0,0,0,0,0,0,0,0,0,0,0,0,4,0,0,0,0,0,0,0,0,0,0,0,0,0,0,0,0,0,0,0,0,0,0,1,0,0,0,0,0,0,0,0,1,2,2,0,1,0,0,0,2,0,0,0,3,0,0,0,0,0,0,0,0,0,0,0,0,0,0,0,0,0,0,0,1,0,0,0,0,0,0,0,0,1,0,0,0,0,0,0,0,0,0,0,0,0,0,0,0,0,0,0,0,0,0,0,0,3,0,3,1,2,0,0,0,0,1,0,0,0,0,0,0,0,0,0,0,0,0,0,0,0,0,0,0,0,0,0,0,0,0,0,0,0,0,1,5,0,0,0,0,0,0,0,0,0,0,0,0,0,0,0,0,1,0,0,0,0,0,0,0,0,4,0,0,1,0,0,4,0,0,0,0,0,0,0,0,0,0,4,1,0,1,1,0,0,0,0,0,1,6,0,7,0,0,0,0,0,1,0,0,0,0,0,0,0,0,0,0,0,1,0,3,0,0,0,0,0,0,0,0,0,0,0,0,0,0,0,0,0,0,0,0,0,2,0,0,0,0,0,1,0,1,0,0,1
268,268,0,9,2,1,1,0,0,0,0,0,0,0,0,0,0,0,0,0,0,0,0,0,0,0,0,0,1,0,0,0,0,0,0,1,3,0,0,0,0,0,0,0,0,0,0,0,0,0,2,1,0,0,0,0,0,0,0,0,0,0,1,0,0,0,0,0,0,0,0,0,0,0,0,0,0,0,0,0,0,0,1,0,0,0,0,1,0,0,0,0,2,0,0,0,0,0,0,0,0,0,0,3,0,0,0,0,0,0,0,0,0,0,0,0,0,0,0,1,0,0,1,0,0,0,0,0,0,0,1,0,0,0,0,0,0,1,0,0,0,0,0,0,0,0,0,0,0,0,0,0,0,0,0,0,2,0,0,0,0,0,0,0,0,0,0,0,0,0,0,0,0,0,0,0,1,0,0,0,0,0,0,0,0,0,0,0,2,0,1,0,0,0,0,0,0,0,1,0,0,0,0,0,0,3,0,0,0,0,0,0,0,0,0,0,0,0,0,0,0,0,0,6,1,1,0,0,0,0,0,6,1,0,0,0,0,0,1,0,0,1,0,0,0,0,0,0,1,0,0,0,0,0,0,0,1,0,0,0,2,0,0,0,0,0,0,0,0,0,0,0,0,0,0,0,0,1,0,0,0,0,0,0,0,0,0,0,0,0,0,0,0,0,0,0,0,0,0,0,1,0,0,1,1,0,0,0,0,1,0,0,0,3,0
269,269,0,1,0,1,0,0,0,0,0,1,0,0,0,0,0,0,0,0,0,0,0,0,0,0,0,0,0,0,2,3,0,0,0,0,0,0,0,0,0,0,0,0,0,0,1,0,0,0,9,0,0,0,0,0,0,6,0,0,0,0,0,0,1,3,0,1,0,0,0,0,0,0,0,0,0,0,0,0,0,0,0,0,0,0,0,0,0,0,5,1,1,0,0,0,0,0,0,0,0,1,0,2,0,0,0,0,0,0,0,0,0,0,0,0,0,0,0,0,0,0,0,0,0,6,0,2,0,0,0,0,0,0,0,1,0,0,0,0,0,1,1,0,0,0,0,0,2,0,1,1,0,0,0,1,0,0,1,0,0,0,0,0,0,0,0,0,0,0,0,0,0,0,0,0,0,0,0,0,0,0,2,0,1,0,1,1,1,0,0,0,0,0,0,0,0,0,0,0,7,0,0,0,0,0,1,0,0,0,0,0,0,0,0,0,0,0,0,0,0,0,0,0,9,0,0,0,0,0,0,1,0,0,1,0,0,0,2,0,0,0,0,0,0,0,0,0,2,0,0,0,0,0,0,1,1,0,0,0,0,0,0,0,0,0,0,0,0,2,0,0,0,0,0,0,0,0,0,0,0,0,0,1,0,0,0,0,0,0,1,0,0,0,0,0,0,0,0,0,0,0,0,0,1,0,0,0,0,0,0,0,0,4,1
270,270,2,1,2,1,0,0,0,3,0,0,0,0,0,0,0,0,19,0,1,0,1,0,3,0,2,0,0,0,0,0,0,0,0,0,0,0,0,0,0,0,0,16,0,0,0,0,0,0,0,1,0,4,0,0,0,0,0,0,0,0,0,0,0,0,0,0,0,2,8,0,1,0,1,0,0,0,0,0,0,0,0,0,0,0,0,10,0,0,0,1,0,0,0,1,0,0,0,0,0,0,4,1,1,1,0,0,1,0,1,3,0,5,11,36,0,0,0,0,0,7,0,0,0,0,0,1,5,7,0,0,0,11,0,0,0,0,0,0,0,0,1,2,0,1,0,0,0,0,0,0,0,0,0,0,0,3,2,0,0,1,0,0,0,0,0,0,16,6,0,0,0,0,0,2,0,0,0,0,0,0,0,0,0,0,0,5,1,1,5,0,0,16,0,0,0,0,0,0,0,0,0,0,0,0,5,1,3,0,0,0,0,0,0,0,0,3,0,0,0,0,0,0,1,0,1,0,0,0,0,9,0,0,0,0,0,0,1,1,5,1,0,0,1,1,1,0,4,0,0,11,26,0,2,1,1,0,2,7,0,0,0,2,0,0,0,0,0,1,3,0,0,0,0,1,1,0,0,0,0,9,0,0,0,0,10,0,1,1,1,1,0,0,8,0,6,1,8,0,0,2,1,1,0,0,0,0,1,0,0,2,0,0,2
271,271,0,0,1,0,1,0,0,0,0,0,0,0,0,0,0,0,3,0,0,0,0,0,1,0,0,0,0,0,0,0,1,0,1,0,0,0,1,0,0,0,0,2,0,0,0,2,4,2,0,7,5,0,0,0,0,0,1,0,0,0,0,0,0,0,0,0,0,2,1,0,0,0,1,0,0,0,0,0,0,0,0,0,0,0,0,2,0,0,0,0,4,0,3,0,0,0,0,0,0,0,2,2,0,0,0,0,0,0,0,0,0,0,2,12,0,1,0,0,0,0,0,0,0,2,0,0,0,2,0,0,0,2,0,1,0,1,2,0,0,1,1,0,0,0,0,0,0,0,0,2,0,1,0,0,0,0,0,0,0,0,0,5,2,0,0,0,2,0,0,0,0,0,0,1,1,0,0,0,0,0,0,0,0,0,0,0,1,0,0,0,1,0,0,0,0,0,0,0,0,0,0,0,0,0,2,0,0,0,0,1,0,0,0,0,0,0,0,0,0,0,0,0,0,0,0,0,0,1,0,3,0,0,0,0,0,0,7,0,1,0,0,0,0,0,0,0,1,1,0,0,5,0,0,0,1,0,0,2,1,0,0,0,0,0,0,2,1,1,0,0,0,0,0,2,0,0,0,0,0,2,1,0,0,0,0,0,1,0,0,0,0,0,0,0,1,0,4,0,1,1,1,0,1,0,0,0,0,2,0,0,0,0,0
272,272,0,3,0,0,0,0,0,0,0,0,0,0,0,0,0,0,0,0,0,0,14,0,0,1,0,0,0,0,0,0,0,0,0,0,3,0,0,1,3,0,0,0,2,0,0,1,4,2,0,6,3,1,0,0,0,0,2,0,0,0,0,0,5,0,0,0,0,0,0,0,0,0,0,0,0,6,0,0,0,0,0,0,0,0,0,0,0,0,1,0,1,0,0,0,0,0,0,0,0,0,0,1,0,1,0,2,0,0,0,0,0,1,1,2,0,0,0,0,0,0,0,0,0,0,0,0,0,0,0,0,0,0,0,1,0,2,0,0,0,0,0,0,0,0,1,0,0,0,0,0,1,2,0,0,2,1,0,5,0,0,0,0,0,0,0,0,0,0,0,0,0,0,0,1,0,0,0,0,0,0,0,0,0,0,0,0,0,0,0,0,0,0,0,1,0,1,0,0,0,0,0,0,0,1,0,0,1,0,0,0,1,0,0,0,0,0,0,0,0,0,0,0,0,7,0,0,0,0,0,3,1,0,0,0,0,0,2,0,0,0,1,0,0,1,0,0,0,2,0,0,0,0,0,1,0,0,0,0,2,1,0,0,0,1,0,0,0,1,0,0,1,0,0,1,0,0,4,4,0,0,0,3,0,0,1,0,0,0,0,1,0,0,1,0,1,0,0,0,2,0,0,0,2,1,0,0,0,0,4,1,2,0,0
273,273,0,1,0,1,0,0,0,0,0,1,0,0,0,0,0,0,0,0,1,0,0,0,0,0,0,0,1,0,0,0,0,0,0,0,0,0,0,0,0,0,0,0,0,0,0,1,2,0,0,0,0,0,0,0,0,0,1,0,0,0,0,0,0,0,1,0,0,0,0,0,0,0,0,0,0,0,0,0,0,0,2,0,0,0,0,0,0,0,0,0,2,0,2,0,0,0,0,0,0,0,0,0,0,1,0,0,0,0,0,0,0,0,0,0,0,0,0,0,0,0,0,0,0,1,0,0,0,0,0,0,0,0,0,0,0,0,0,0,0,0,0,1,0,0,0,0,0,0,0,0,0,0,0,0,0,0,0,0,0,0,2,0,0,0,0,0,0,0,0,0,0,0,0,0,0,0,0,0,0,0,0,0,0,2,0,0,0,0,0,0,0,0,0,0,0,0,0,0,0,0,0,0,0,0,0,0,0,0,0,0,0,0,0,0,0,0,0,0,0,0,0,1,0,0,0,0,0,0,0,1,0,0,2,0,0,0,2,0,0,0,0,0,0,0,0,0,0,1,0,0,0,0,0,0,0,0,0,0,1,0,0,0,0,0,0,0,0,0,0,0,0,0,0,1,0,0,0,0,0,0,0,0,0,0,0,0,0,0,0,0,0,0,0,0,0,0,1,0,0,0,0,0,0,0,0,0,0,0,0,0,0,0,0
274,274,9,2,5,2,0,0,0,0,0,0,0,0,0,0,1,0,14,0,0,2,0,0,6,0,0,0,4,0,0,0,0,0,0,0,0,0,7,0,0,0,0,22,2,0,0,0,0,0,0,1,0,5,0,0,0,0,0,0,0,0,0,0,0,0,0,0,0,4,5,1,0,0,0,0,0,0,0,0,0,0,0,0,0,0,0,4,0,0,0,0,1,0,1,0,0,1,0,1,0,0,4,2,0,0,0,0,0,0,2,4,0,7,26,45,0,0,0,0,0,17,0,0,0,0,0,0,2,28,0,1,0,24,0,0,0,0,0,0,0,0,0,0,0,1,0,1,0,1,0,0,0,0,0,0,0,0,2,0,0,0,0,0,0,0,0,0,23,10,0,0,0,0,1,5,0,0,0,0,0,0,0,0,0,0,0,7,0,0,8,0,0,16,0,0,0,0,0,0,0,0,0,0,0,0,1,0,10,0,0,0,0,0,1,0,0,2,0,0,0,2,0,0,0,0,0,0,0,0,0,12,3,1,0,0,0,0,0,0,3,0,0,1,0,2,1,0,0,0,0,3,6,0,2,2,1,0,6,1,2,0,0,0,0,0,0,3,1,0,3,0,0,0,0,1,0,0,1,0,0,5,0,0,0,0,9,0,1,3,3,1,0,0,1,0,6,0,3,0,0,3,3,0,0,0,0,0,4,9,0,0,0,0,2
275,275,3,0,1,2,0,0,0,0,0,0,0,0,0,0,0,0,8,0,0,0,0,0,1,0,0,0,1,0,0,0,0,0,0,0,0,0,2,0,0,0,0,17,0,0,0,0,0,0,0,0,0,5,0,0,0,0,0,0,0,0,0,0,0,0,0,0,0,5,1,0,0,0,1,0,0,0,0,0,0,0,0,0,0,0,0,2,0,0,0,0,0,0,0,1,0,0,0,0,0,0,6,2,0,0,0,0,0,0,0,1,0,3,16,29,0,0,0,0,1,4,0,0,0,0,0,0,2,14,0,0,0,14,0,0,0,0,0,0,0,0,0,0,0,2,0,0,0,0,0,0,0,0,0,0,0,0,0,0,0,1,0,0,0,0,0,0,20,9,0,0,0,0,0,1,0,0,0,0,0,0,0,0,0,0,0,1,0,0,3,0,0,3,0,0,0,0,0,0,0,0,0,0,0,0,3,0,3,0,0,0,0,0,1,0,0,0,0,0,0,0,0,0,1,0,0,0,0,0,0,1,0,0,0,0,0,0,0,0,1,0,0,0,0,2,0,0,0,0,0,1,2,0,0,0,1,0,2,0,0,0,0,0,0,0,0,1,0,0,2,0,0,0,0,0,1,0,0,0,0,2,0,0,0,0,5,0,1,0,2,0,0,0,0,0,1,0,3,0,0,3,0,0,0,0,0,0,0,1,0,1,0,0,2
276,276,10,2,0,1,0,0,0,0,0,0,0,0,0,0,0,0,14,0,0,0,0,0,4,0,0,0,3,0,0,0,0,0,0,0,0,0,2,0,0,0,0,23,0,0,0,0,0,0,0,0,0,6,0,0,0,0,0,0,0,0,0,0,0,0,0,0,0,6,0,0,0,0,0,0,0,0,0,0,0,0,0,0,0,0,0,5,0,0,0,1,2,0,0,0,0,0,0,1,0,5,3,0,0,1,0,0,0,0,1,2,0,3,17,41,0,0,0,0,0,12,0,0,0,0,0,0,1,26,0,0,0,25,0,0,0,0,0,0,0,0,1,2,0,0,0,0,0,0,0,0,0,0,0,0,1,2,0,0,0,0,0,0,0,0,0,0,28,13,0,0,0,0,0,2,0,0,0,0,0,0,0,0,0,0,0,4,0,0,7,0,0,13,0,0,0,0,0,0,0,0,0,0,0,1,3,1,2,0,0,0,0,0,1,0,0,0,0,0,0,2,0,0,0,1,1,0,0,0,0,9,0,0,0,0,0,0,0,1,0,0,0,0,0,0,0,0,0,0,0,7,1,0,2,5,0,0,3,0,0,0,0,4,0,0,0,0,0,1,0,0,0,0,0,3,1,0,1,0,0,14,0,0,0,0,10,0,2,1,1,0,0,0,3,0,6,0,4,0,0,1,0,1,0,0,0,0,2,1,0,0,0,0,0
277,277,1,0,2,5,0,0,0,0,0,0,0,0,0,0,2,0,13,0,0,0,0,1,1,0,2,0,0,0,0,0,0,0,1,0,0,0,4,0,0,0,0,2,1,0,0,0,0,0,0,0,0,0,0,0,0,1,0,0,0,0,0,0,0,0,0,0,0,4,4,0,0,0,3,0,0,0,0,0,0,0,0,0,0,0,0,9,0,0,0,1,1,0,0,0,0,0,0,1,0,0,1,1,0,0,0,0,0,1,0,1,0,2,8,15,0,0,0,0,0,3,0,0,0,0,0,0,0,6,0,0,0,2,0,0,0,0,0,0,0,0,1,1,2,0,0,0,0,0,0,0,0,0,0,0,0,1,0,0,0,0,0,0,0,0,0,0,4,0,0,0,0,0,0,0,0,0,0,0,0,0,0,0,0,0,0,0,0,1,6,0,0,7,0,0,0,0,0,0,0,0,0,0,0,0,1,0,2,0,0,0,0,0,0,0,0,0,0,0,0,0,0,0,0,0,0,0,0,0,0,2,0,0,0,0,0,0,0,1,1,0,0,0,0,1,0,0,1,0,0,6,20,0,0,0,1,0,0,10,0,0,0,1,0,0,0,1,0,0,0,0,0,0,0,2,2,0,0,0,0,9,0,0,0,0,8,0,4,0,0,0,0,0,1,0,3,0,5,0,0,2,1,2,0,0,0,0,1,0,0,2,0,0,0
278,278,0,0,1,1,1,0,0,0,0,0,0,0,0,0,1,0,0,0,0,0,0,0,0,0,0,3,2,0,1,1,0,0,0,0,0,0,0,0,0,0,0,0,0,0,2,0,0,0,0,0,0,0,1,0,0,4,0,0,0,0,0,1,0,0,3,0,0,0,0,0,0,0,0,0,0,0,2,0,0,0,0,0,0,0,0,0,0,0,2,0,2,0,0,0,0,0,0,0,0,0,0,0,0,0,0,0,0,0,0,0,0,0,0,2,0,0,0,0,3,0,0,0,0,4,0,1,1,0,0,0,0,0,0,1,0,1,0,0,0,0,1,0,0,0,0,0,0,0,0,1,0,0,1,1,0,0,0,0,0,0,0,0,0,0,0,0,0,0,0,0,0,0,0,0,1,0,0,0,0,0,0,0,1,0,0,0,0,0,0,0,0,0,0,0,0,0,0,0,1,3,0,0,0,0,0,1,1,0,0,0,0,0,1,0,0,0,0,0,0,0,0,0,1,0,0,0,0,0,0,3,2,0,0,0,0,0,4,0,0,0,0,0,0,1,0,0,1,3,0,0,0,0,0,0,0,1,0,0,0,0,0,1,0,1,0,0,0,1,0,0,0,0,1,0,1,0,0,0,0,0,0,0,0,0,0,0,0,0,0,0,0,0,0,0,0,0,0,0,1,0,0,0,3,0,0,0,0,0,0,1,0,0,0
279,279,0,0,0,0,1,0,0,0,0,1,0,0,0,0,0,0,0,0,0,0,0,0,0,0,0,0,0,0,0,0,0,0,0,0,0,0,0,0,4,0,0,1,0,0,0,0,2,0,0,2,3,0,0,0,0,0,0,0,0,0,0,0,0,0,0,0,0,0,0,0,0,0,0,0,0,0,0,0,0,0,0,0,0,0,0,0,0,0,0,0,5,0,2,0,0,0,0,0,0,0,0,0,0,0,0,0,0,0,0,0,0,0,0,0,1,0,0,0,1,0,0,0,0,0,0,1,1,1,0,0,0,1,0,0,0,2,0,0,0,0,0,0,0,0,0,0,0,0,0,1,0,2,0,0,2,0,0,0,0,0,2,2,1,0,0,0,0,0,0,0,0,0,0,0,0,0,0,0,0,0,0,0,0,0,0,0,0,0,1,0,0,0,0,0,0,0,0,0,0,0,0,0,0,0,0,0,0,0,0,0,0,0,0,0,0,0,0,0,0,0,0,0,0,0,0,0,0,0,0,2,0,0,1,0,0,0,0,0,0,0,0,0,0,0,0,0,1,1,0,0,0,0,0,0,0,0,0,0,4,0,0,0,0,0,0,0,0,1,0,0,0,0,0,0,1,0,0,0,0,0,0,0,0,0,1,0,0,0,0,0,0,0,0,0,0,0,0,0,4,0,0,0,0,0,0,0,0,0,0,0,1,0,0
280,280,12,1,3,2,0,0,0,0,0,0,0,0,0,0,0,0,23,0,0,1,0,0,0,0,0,0,0,0,1,0,0,0,0,0,0,0,1,1,0,0,0,13,2,0,0,0,0,0,0,0,0,5,0,0,1,0,0,0,0,0,0,1,0,4,0,0,0,2,5,0,0,0,3,0,0,0,0,0,0,0,0,0,0,0,0,7,1,0,1,1,3,0,0,0,0,0,0,0,1,1,2,2,0,0,0,0,0,0,0,2,0,6,16,50,0,0,1,0,1,8,0,1,0,0,2,3,2,11,0,0,0,15,0,0,0,0,0,0,0,0,0,0,0,0,0,0,0,0,0,0,0,0,0,0,4,3,0,0,0,3,0,0,0,0,1,0,16,3,0,0,0,0,0,4,0,0,0,0,1,0,1,0,0,0,0,3,0,1,5,0,0,13,0,0,0,0,1,0,0,0,0,0,0,1,4,1,3,0,0,0,0,0,1,0,0,0,0,0,0,0,0,0,5,0,0,0,0,0,0,12,0,0,4,0,1,0,1,0,1,0,0,0,0,1,0,2,0,0,0,2,4,0,0,3,3,0,4,0,0,0,0,0,1,0,0,0,0,1,2,0,0,0,0,0,0,0,0,0,0,6,0,0,0,0,15,0,2,2,0,0,0,0,0,0,5,0,1,0,0,2,1,3,0,1,3,0,5,0,1,0,0,4,1
281,281,0,1,0,0,1,0,0,0,0,0,0,0,0,2,0,0,0,0,0,0,7,0,0,0,0,0,0,0,0,0,0,0,0,0,5,0,0,1,0,0,0,4,0,0,0,0,0,0,1,0,0,0,0,0,0,0,0,0,0,0,0,0,1,0,0,0,0,0,0,0,0,0,0,0,0,3,0,0,0,0,0,0,0,0,0,2,0,0,0,0,0,0,0,0,0,0,0,0,0,0,0,1,0,1,0,0,1,0,0,0,0,1,0,0,0,0,0,0,0,0,0,0,0,0,0,0,3,0,0,0,0,0,0,1,0,0,0,0,0,0,0,0,0,0,0,0,0,0,0,0,1,0,0,0,0,0,0,2,0,0,0,0,0,0,0,0,0,0,0,0,0,0,0,1,1,0,0,0,0,0,0,0,0,0,0,0,0,0,0,0,0,0,0,0,0,2,0,0,0,0,0,0,0,2,0,0,0,0,0,0,0,0,0,0,0,0,0,0,0,0,0,0,1,5,0,0,0,0,0,0,0,0,0,0,0,0,0,0,0,0,2,0,0,0,0,0,0,0,0,0,0,0,0,0,0,0,0,0,0,0,0,0,0,0,0,0,0,0,0,0,0,0,0,0,0,0,2,0,0,0,0,1,0,0,0,0,0,0,0,0,0,0,0,0,4,1,0,0,0,0,0,0,0,0,0,0,0,0,7,0,0,1,0
282,282,0,0,1,0,0,0,0,0,0,5,0,0,0,0,0,0,0,0,0,1,0,0,0,0,1,0,0,0,0,1,0,0,0,0,0,0,1,0,0,1,0,0,1,0,1,0,0,0,4,0,0,0,1,0,0,4,0,0,0,0,3,5,1,3,0,0,0,0,0,0,0,0,1,0,0,0,0,0,0,0,0,0,0,0,0,0,0,0,0,0,1,0,2,0,0,0,0,1,0,0,0,0,0,0,0,0,0,0,0,0,0,0,0,1,0,0,0,0,0,1,0,0,0,5,2,4,0,0,0,0,0,0,0,1,0,4,0,0,0,3,1,0,0,0,0,0,0,3,0,2,0,1,0,3,0,0,0,0,0,0,0,0,0,0,0,0,0,0,0,0,0,0,0,2,0,0,0,0,0,0,1,0,0,0,1,0,17,0,0,0,0,0,0,0,5,0,2,0,0,0,0,0,0,0,0,0,1,0,0,1,0,0,0,0,0,0,0,0,0,0,0,0,0,1,0,0,0,0,0,0,0,0,0,0,0,0,0,0,0,0,0,0,0,0,0,0,1,0,0,1,0,0,0,0,0,0,0,0,5,0,0,0,0,0,0,0,0,0,2,0,0,0,0,0,0,0,0,0,0,0,0,0,0,0,0,0,0,0,0,0,0,0,0,0,2,0,0,2,0,0,1,0,0,0,1,0,1,1,0,2,0,4,0
283,283,1,1,2,2,0,0,0,1,0,2,0,0,0,0,2,0,22,0,0,1,0,0,2,0,0,0,0,0,0,0,0,0,1,1,0,0,3,0,0,0,0,8,0,0,0,0,0,0,0,0,0,6,0,0,0,2,0,0,0,1,0,0,1,0,0,0,0,3,6,0,0,0,1,0,0,0,0,0,0,0,0,0,0,0,0,11,0,0,0,1,0,0,0,0,0,0,0,0,0,4,3,5,0,1,0,0,0,0,2,2,0,6,11,40,0,0,0,0,4,7,0,0,0,7,1,0,2,13,0,0,0,5,0,0,0,0,1,0,0,0,1,5,0,0,0,0,0,2,0,0,0,0,0,1,0,2,1,0,0,0,0,1,0,0,0,0,13,9,0,0,0,0,0,1,0,0,0,0,0,1,1,0,0,0,0,3,2,2,5,0,1,13,5,0,13,0,2,0,1,0,0,0,0,0,1,0,4,0,0,0,0,0,1,0,0,0,0,0,0,0,0,0,0,0,1,0,0,0,0,6,0,0,1,0,0,0,0,2,5,1,0,0,0,2,2,0,2,3,0,10,23,0,0,3,4,0,1,43,1,0,0,4,0,0,0,5,0,1,2,0,0,0,0,0,0,0,0,0,0,11,0,0,0,0,17,0,1,2,0,0,0,1,6,0,13,1,4,0,0,3,3,2,1,0,0,0,3,2,0,13,0,5,0
284,284,0,1,1,0,1,0,0,0,0,0,0,0,0,0,0,0,1,0,0,0,0,0,0,0,0,0,1,0,0,0,0,0,0,2,0,0,3,0,1,0,0,0,1,0,0,2,2,1,3,2,0,0,0,0,1,0,0,0,0,1,0,0,1,0,0,0,0,0,0,0,0,0,0,0,0,0,0,0,0,0,0,0,0,3,0,2,0,0,0,1,2,0,0,0,0,0,0,0,0,0,0,8,0,0,0,0,0,0,0,0,0,0,0,2,0,0,0,0,2,0,0,0,0,1,0,0,1,0,0,0,0,2,0,2,0,4,0,0,0,1,0,0,0,0,0,0,0,1,0,3,0,2,0,2,0,0,0,0,0,0,0,1,0,0,3,1,3,1,2,0,0,0,0,0,0,0,0,0,0,0,3,0,0,0,1,0,3,0,1,0,0,0,0,0,0,0,1,0,0,0,0,0,0,7,0,0,0,0,0,0,0,0,0,0,0,0,0,0,0,0,0,1,0,0,0,0,0,1,0,6,0,0,4,0,0,1,5,0,0,0,0,0,0,1,0,0,6,6,0,0,0,0,0,0,2,0,0,3,1,3,0,0,2,0,0,1,1,1,0,0,0,0,0,0,1,0,0,0,0,0,0,2,0,0,0,0,0,1,1,0,0,0,0,0,2,0,0,0,10,0,0,0,1,0,0,0,1,1,0,1,0,0,0
285,285,0,0,0,0,0,0,0,0,0,0,0,0,0,0,0,0,0,0,0,0,0,0,0,0,0,0,0,0,0,0,0,0,0,0,0,0,0,0,0,0,0,0,1,2,0,0,1,1,3,0,0,0,2,0,2,0,0,0,1,1,0,0,0,0,2,0,0,0,0,0,0,0,0,0,0,0,0,0,0,0,0,0,0,0,0,0,0,0,0,0,6,0,0,0,0,0,0,0,0,0,0,1,0,0,0,0,0,0,0,0,0,0,1,0,0,0,0,0,1,0,0,0,0,0,0,0,0,0,0,0,0,0,0,0,0,2,4,0,0,0,0,0,0,0,0,0,0,0,0,0,0,1,0,0,1,0,0,0,0,0,0,0,0,0,0,0,0,0,0,0,0,0,0,0,1,0,0,0,0,0,1,0,0,1,0,0,0,0,0,0,0,0,0,0,0,0,0,0,1,0,0,0,0,0,0,0,0,0,0,0,0,0,0,0,0,0,0,0,0,0,0,0,0,0,0,0,0,0,0,3,0,0,0,0,0,0,3,0,0,0,0,0,0,1,0,0,2,2,0,0,0,0,0,2,0,1,0,0,2,0,0,1,0,0,0,0,0,0,0,0,0,0,0,0,0,0,0,0,0,0,0,0,1,0,0,0,0,0,0,0,0,0,0,0,2,0,2,0,5,0,0,0,0,0,0,0,0,0,0,0,0,1,0
286,286,0,0,0,0,0,0,0,0,0,0,0,0,0,0,0,0,0,0,0,0,0,0,0,0,0,0,0,0,0,2,0,0,0,0,0,0,1,0,0,0,0,1,2,0,0,0,0,0,0,0,0,0,1,1,0,2,0,0,0,0,0,0,0,0,0,0,0,0,1,0,0,0,0,0,0,0,0,0,0,0,0,0,0,0,0,0,0,0,0,0,3,0,2,0,0,0,0,0,0,0,0,0,0,0,0,0,0,0,0,0,0,1,0,3,0,0,0,0,0,5,0,0,0,0,0,1,0,0,0,0,0,1,0,0,0,0,0,0,0,0,0,0,0,0,0,0,0,0,0,1,0,0,0,0,5,0,1,0,0,0,0,0,0,0,0,0,2,1,0,0,0,0,0,0,1,0,0,0,0,0,0,0,0,1,0,0,0,0,0,0,0,1,0,0,0,0,0,0,0,0,0,0,0,0,0,1,0,0,0,0,0,0,0,0,0,0,0,0,0,0,0,1,0,0,0,0,0,0,0,0,1,0,4,0,0,0,0,0,0,0,0,0,0,1,0,0,0,0,0,1,0,0,0,4,1,0,0,0,1,0,0,0,0,2,0,0,0,1,0,0,0,0,0,0,0,0,0,0,0,0,0,1,0,0,0,0,6,0,0,0,0,0,0,2,1,0,1,0,0,0,0,0,0,0,0,0,0,2,0,1,0,1,0
287,287,0,0,0,0,0,0,0,0,0,0,0,0,0,0,0,0,1,0,1,0,0,0,0,0,0,0,0,0,0,0,0,0,0,0,0,0,0,0,0,0,0,0,0,0,0,0,1,0,0,2,0,0,0,0,0,0,0,0,0,0,0,0,0,0,1,0,0,0,0,0,0,0,0,0,0,0,0,0,0,0,0,0,1,0,0,0,0,0,0,0,2,0,0,0,0,0,0,0,0,0,0,0,0,0,0,0,0,0,0,0,0,0,0,3,0,1,0,0,0,0,0,0,0,0,0,0,0,0,0,0,0,0,0,0,0,0,0,0,0,0,0,0,0,0,0,0,0,0,0,1,0,5,0,0,0,0,1,0,0,0,0,0,0,0,0,0,0,0,0,0,0,0,0,0,0,0,0,0,0,0,1,0,0,0,0,0,0,0,0,0,0,0,0,0,0,0,0,0,0,0,0,0,0,0,0,0,0,0,0,0,0,0,0,0,0,0,0,0,0,0,0,0,0,0,0,0,0,0,0,3,0,0,1,0,0,0,0,0,0,0,0,0,0,0,0,0,1,1,0,0,0,0,0,0,0,0,0,0,1,0,0,0,0,1,0,0,0,0,1,0,0,0,0,0,0,0,0,0,0,0,0,0,0,0,0,0,0,0,0,0,0,0,0,0,0,0,0,0,0,0,1,0,1,0,0,0,0,0,0,1,1,0,1
288,288,0,0,0,0,0,0,0,1,0,1,1,0,0,0,0,0,0,0,0,0,0,0,0,0,0,0,0,0,0,0,0,0,0,0,0,0,0,0,0,0,0,2,0,0,0,1,0,0,1,0,0,0,0,0,0,0,2,0,0,1,0,0,0,0,0,0,0,0,1,0,0,0,0,0,0,0,0,0,0,0,0,0,0,0,0,0,1,0,0,0,3,0,1,0,0,0,0,1,0,0,0,0,0,0,0,0,0,0,0,1,0,0,1,7,0,0,0,0,0,1,0,0,0,0,0,2,0,1,0,0,0,1,0,0,0,0,0,0,0,2,0,2,0,0,0,0,0,1,0,0,0,0,0,0,1,0,0,0,0,0,0,0,0,0,0,0,1,1,0,0,0,0,0,0,0,0,0,0,0,0,0,0,0,0,0,0,3,0,1,0,2,0,0,0,0,0,2,0,0,0,0,0,0,0,0,0,1,0,0,0,0,0,0,0,0,2,0,0,0,0,0,0,0,0,0,0,0,0,0,0,0,0,0,0,0,0,2,0,2,0,0,0,0,0,0,0,0,0,0,0,1,0,0,0,0,0,0,6,0,0,0,1,0,0,0,0,0,0,1,0,0,0,0,1,0,0,0,0,0,1,0,1,0,0,1,0,1,0,0,0,0,0,0,0,0,1,2,0,0,0,0,0,0,0,0,0,0,0,0,0,0,0,0
289,289,0,5,2,0,0,0,0,0,0,0,0,0,0,0,0,0,0,0,0,0,0,0,0,0,0,0,0,0,0,0,0,0,0,0,0,0,0,0,1,0,0,0,0,1,0,1,3,2,2,0,0,0,0,0,0,0,0,0,0,0,0,0,0,0,1,0,0,0,0,0,0,0,0,0,0,0,0,0,0,0,0,0,0,0,0,0,0,0,0,0,3,0,1,0,0,0,0,0,0,0,0,0,0,0,0,0,0,0,0,0,0,0,0,1,1,0,0,2,1,0,0,0,0,0,0,0,2,0,0,0,0,0,0,0,0,1,1,0,0,0,0,0,0,0,0,0,0,0,0,0,0,3,0,0,0,0,0,0,0,0,1,0,0,0,0,0,0,0,0,0,0,0,0,0,1,0,0,0,0,0,0,0,0,0,0,0,0,0,0,0,0,0,0,0,0,0,0,0,0,0,0,0,0,1,0,0,0,0,0,0,0,0,0,0,0,0,0,0,0,0,0,1,0,0,0,0,0,0,1,4,0,0,0,0,0,0,2,0,0,0,0,0,0,0,0,0,0,3,0,0,0,0,0,0,0,0,0,0,3,0,0,0,3,0,0,0,0,0,2,0,0,0,0,0,0,0,0,0,0,0,0,0,1,0,0,0,0,0,0,0,0,0,0,0,3,0,0,0,3,0,2,0,1,0,0,0,1,2,0,2,0,0,0
290,290,0,0,0,0,0,0,0,0,0,0,0,0,0,0,0,0,0,0,2,0,0,0,0,0,0,0,0,0,0,0,0,0,0,0,0,0,0,0,3,0,1,1,0,0,0,0,2,0,0,1,0,1,0,0,1,0,0,0,0,0,0,0,0,0,0,0,0,0,0,0,0,0,0,0,0,0,0,0,0,0,0,0,0,1,0,0,0,0,0,0,8,0,2,0,0,0,0,0,0,0,0,0,0,0,0,0,0,0,0,0,0,0,0,0,3,0,0,0,1,1,0,0,0,0,0,0,0,0,0,0,0,0,0,0,0,0,1,0,0,0,0,0,0,0,0,0,0,0,0,0,0,5,0,0,0,0,0,0,0,0,1,0,0,0,0,0,0,0,0,0,0,0,1,0,1,0,0,0,0,0,0,0,0,1,0,0,0,0,1,0,0,0,0,0,0,0,0,0,0,0,0,0,0,0,0,0,0,0,0,0,0,0,0,0,0,0,0,0,0,0,0,0,0,0,0,0,0,1,0,2,0,0,1,1,0,0,4,0,0,0,0,0,0,0,0,0,0,2,0,0,0,0,0,0,0,0,0,0,0,0,0,0,0,0,0,0,0,0,0,0,0,0,0,0,1,0,0,0,0,0,0,0,0,0,0,0,0,0,0,0,0,0,0,0,1,0,0,0,4,0,1,0,0,0,0,0,0,0,0,0,0,0,1
291,291,0,0,1,1,1,0,0,0,0,0,0,0,0,0,0,0,0,0,0,2,0,0,0,0,0,0,0,0,0,0,0,0,0,0,0,0,0,0,0,0,0,0,0,0,0,0,0,0,0,0,0,0,1,0,0,2,0,0,0,0,2,0,0,0,0,0,0,0,0,0,0,0,0,0,0,0,0,0,0,0,0,0,0,0,0,0,0,0,0,2,2,0,0,0,0,0,0,0,0,0,0,0,0,0,0,0,0,0,0,0,0,0,1,2,0,0,0,0,0,0,0,0,0,6,0,3,0,0,0,0,0,0,0,0,0,1,0,0,0,1,0,1,0,0,0,0,0,7,0,0,1,0,1,4,0,0,0,0,0,0,0,0,0,0,0,0,2,1,0,0,0,0,0,2,0,0,0,0,0,2,0,0,0,0,0,0,8,0,0,0,0,0,0,0,0,0,0,0,6,0,0,0,0,0,0,0,2,0,0,0,0,0,0,0,0,0,0,0,0,1,0,0,0,0,0,0,0,0,0,0,0,0,1,0,0,0,5,0,0,0,0,0,0,0,0,0,1,2,0,0,0,0,0,1,0,0,0,1,1,0,0,0,0,1,0,1,0,0,0,0,0,0,0,0,0,0,0,0,0,1,0,0,0,0,1,0,0,0,0,0,0,0,0,0,1,0,0,0,0,0,0,0,0,0,0,0,0,0,0,4,0,5,0
292,292,0,0,0,0,0,0,0,0,0,0,1,0,0,0,0,0,0,0,0,0,1,2,0,0,0,0,0,0,1,0,0,0,0,0,0,0,0,0,0,0,0,1,1,0,0,0,0,0,0,0,0,0,0,0,0,1,0,0,0,0,0,0,0,0,0,0,0,0,0,0,0,0,0,0,0,0,0,0,0,0,0,0,0,0,0,0,0,0,1,0,0,0,0,0,0,0,0,0,0,0,0,0,0,0,0,0,0,0,0,0,0,0,0,0,1,0,0,0,0,0,0,0,0,1,0,1,0,0,0,0,0,0,0,0,0,0,0,0,0,0,0,0,0,0,0,0,0,0,0,0,0,0,0,0,2,0,0,0,0,0,0,0,0,0,0,0,0,1,0,0,0,0,0,0,0,0,0,0,0,0,0,0,0,0,0,0,0,0,0,0,0,0,0,0,0,0,0,0,2,0,0,0,0,1,0,3,0,0,0,0,0,0,0,0,0,0,0,0,0,0,0,0,0,0,1,0,0,0,0,2,0,0,1,0,0,0,0,0,0,0,1,0,0,0,0,0,0,1,0,0,0,0,0,3,3,0,0,0,0,0,0,0,0,0,0,0,0,0,0,0,0,0,0,0,0,0,0,0,0,0,0,0,0,0,0,0,1,0,0,0,0,0,1,1,1,0,1,0,0,0,0,0,0,0,0,0,0,0,0,0,0,0,0
293,293,1,2,6,3,0,0,0,0,0,0,0,0,0,0,0,0,22,0,0,0,0,0,6,0,1,0,0,0,0,1,1,0,0,1,0,0,4,0,2,0,0,7,0,0,0,2,0,0,0,0,1,3,0,0,0,0,0,0,0,0,1,0,1,0,0,0,0,7,6,0,1,0,2,0,0,0,0,0,0,0,0,0,0,0,0,1,0,0,0,0,0,0,0,0,0,2,0,0,0,0,7,3,0,0,0,0,0,0,0,4,0,1,15,44,1,0,0,1,2,4,0,0,0,1,1,4,5,11,0,0,0,3,0,0,0,1,0,0,0,0,3,0,0,1,0,0,0,1,0,0,0,0,0,0,2,1,0,0,0,0,0,0,0,0,0,0,16,9,3,2,0,0,0,1,0,0,0,0,0,0,0,0,0,1,1,4,4,0,1,0,1,15,0,0,0,1,0,0,0,0,0,0,1,0,1,1,1,0,0,0,0,0,1,0,0,1,0,0,0,0,2,0,0,0,0,0,0,0,0,7,0,0,0,0,0,0,0,1,0,0,0,0,0,0,3,0,9,2,0,7,18,0,0,0,3,0,0,13,0,0,0,3,0,0,0,0,0,0,1,0,0,1,0,4,0,0,0,1,0,21,0,0,0,0,12,0,3,1,0,0,0,0,2,0,8,1,2,0,0,0,3,0,1,0,0,0,2,2,0,1,0,0,1
294,294,6,1,1,2,1,0,0,0,0,0,0,0,0,0,2,0,13,0,1,0,0,0,0,0,0,0,0,0,0,0,2,0,0,0,0,0,3,0,0,0,0,6,0,0,0,0,0,0,0,0,0,7,0,0,0,0,0,0,0,0,0,0,0,0,0,0,0,5,4,0,0,0,0,0,0,0,0,0,0,0,0,0,0,0,0,4,0,0,0,0,0,0,0,0,0,0,1,0,0,1,0,0,0,0,0,0,0,0,0,2,0,5,7,32,0,0,0,0,0,4,0,0,0,0,0,0,1,11,1,0,0,11,0,0,0,0,0,0,0,0,0,0,1,0,0,0,0,0,0,0,0,0,0,0,0,1,1,0,0,1,0,0,0,0,0,0,13,3,0,0,0,0,0,2,0,0,0,0,0,0,0,0,0,0,0,1,0,1,1,0,0,8,0,0,0,0,0,0,0,0,0,0,0,0,2,0,3,0,0,0,0,0,0,0,0,0,0,0,0,0,0,0,0,0,0,0,0,0,0,9,1,0,0,0,0,0,0,0,0,0,0,0,0,0,0,0,1,0,0,0,2,0,2,0,0,0,6,0,1,0,0,0,0,0,0,0,0,0,1,0,0,0,0,2,1,0,0,2,0,3,0,0,0,0,8,0,1,1,1,0,0,0,1,0,3,0,3,1,0,0,1,0,1,0,0,0,3,1,0,1,0,0,3
295,295,0,0,0,1,0,0,0,0,0,0,0,0,0,0,0,0,19,0,0,0,0,0,2,0,1,0,1,0,0,0,0,0,0,0,0,0,3,0,0,0,0,18,2,0,0,0,0,0,0,0,0,4,0,0,0,0,0,0,0,0,0,0,0,0,0,0,0,8,11,0,0,0,1,0,0,0,0,0,0,0,0,0,0,0,0,3,1,0,0,1,0,0,0,0,0,1,0,0,0,1,3,0,0,0,0,0,0,0,0,1,0,3,8,21,0,0,4,0,1,3,0,0,0,2,0,0,5,7,0,0,1,13,0,0,0,1,0,0,0,0,0,0,0,0,0,0,0,0,0,0,0,0,0,0,0,1,1,0,0,0,0,0,0,0,0,0,4,8,0,0,0,0,0,1,0,0,0,0,0,0,0,0,0,0,0,2,0,4,2,1,0,6,0,0,0,0,0,0,0,0,0,0,0,0,1,0,3,0,0,0,0,0,1,0,0,0,0,0,0,0,0,0,0,0,0,0,0,0,0,8,0,0,0,0,0,0,0,0,3,0,0,0,0,1,0,0,5,0,0,3,16,0,1,3,4,0,0,8,0,0,0,3,0,0,0,0,1,0,1,0,0,0,0,1,2,0,0,0,0,14,0,0,0,0,14,0,2,1,1,0,0,0,0,0,4,1,2,0,0,4,0,2,1,0,0,0,1,3,0,3,0,0,1
296,296,0,0,0,0,0,0,0,0,0,0,0,0,0,0,1,0,0,0,0,0,0,0,0,0,0,1,0,0,0,0,0,0,0,0,0,0,1,0,1,0,0,0,0,0,0,1,1,0,1,0,0,0,0,0,0,0,0,0,0,0,0,0,0,0,0,0,0,0,0,0,0,0,0,0,0,0,0,0,0,0,0,0,0,0,0,0,0,0,0,0,6,0,0,0,0,0,0,0,0,0,0,0,0,0,0,0,0,0,0,0,0,0,0,0,3,0,0,0,3,0,0,0,0,0,0,1,0,0,0,0,0,1,0,1,0,0,0,0,0,0,0,0,0,0,0,0,0,0,0,1,0,6,0,0,0,0,0,0,0,0,0,0,0,0,0,0,0,0,0,0,0,0,0,0,1,0,0,0,0,0,0,0,1,1,0,0,0,0,0,0,0,0,0,0,0,0,0,0,0,0,0,0,0,0,0,0,1,0,0,0,0,0,0,0,0,0,0,0,0,0,0,0,0,0,1,0,0,0,0,1,0,0,0,0,0,0,1,0,0,0,0,0,0,0,0,0,1,2,0,0,0,0,0,0,1,1,0,0,0,0,0,0,0,0,0,0,0,1,0,0,0,0,0,0,0,0,0,1,0,0,0,0,0,0,0,0,0,0,0,0,0,0,0,0,1,0,0,0,0,0,0,0,0,0,0,0,0,0,0,0,0,1,0
297,297,0,0,0,1,1,0,0,0,0,0,0,0,0,0,1,0,0,0,0,0,0,0,0,0,0,3,2,0,0,0,0,0,0,0,0,0,2,0,0,0,0,1,1,0,0,0,0,0,0,0,0,0,0,1,0,0,0,1,0,0,0,1,0,0,0,0,0,0,0,0,0,0,0,0,0,0,0,0,0,0,0,0,0,0,0,0,0,0,0,0,2,0,1,0,0,0,0,0,0,0,0,0,0,0,0,0,0,0,0,0,0,0,0,2,0,0,0,0,0,0,0,0,0,0,0,0,0,0,0,0,0,0,0,1,0,2,0,0,0,0,0,0,0,0,0,0,0,0,0,1,0,0,0,1,0,0,0,0,0,0,0,0,0,0,0,0,0,0,0,0,0,0,0,0,1,0,0,0,0,0,1,0,0,0,0,0,0,0,0,0,0,0,1,0,0,0,1,0,1,1,0,0,0,0,0,0,0,0,0,0,0,0,0,0,0,0,0,0,0,0,0,0,1,0,0,0,0,0,0,3,0,0,0,0,0,0,2,0,0,0,0,0,0,0,0,0,0,0,0,0,0,0,0,0,0,1,0,0,0,0,0,0,0,1,0,1,0,1,1,0,0,0,1,0,0,0,0,0,0,0,0,2,0,0,0,0,0,0,0,0,0,0,0,0,1,0,0,0,0,0,0,0,0,0,0,0,0,1,0,0,0,0,0
298,298,7,0,1,0,0,0,0,0,0,0,0,0,0,0,0,0,14,0,0,0,0,0,4,0,0,0,2,0,0,0,0,0,1,0,0,0,5,1,0,0,0,22,0,0,0,0,0,0,0,0,0,7,0,0,0,0,0,0,0,0,0,1,0,0,0,0,0,1,2,0,1,0,0,0,0,0,0,0,0,0,0,0,0,0,0,8,0,0,0,1,1,0,0,0,0,2,0,0,0,2,3,3,0,0,0,0,0,0,0,1,0,5,17,36,0,0,0,0,2,9,0,0,0,0,0,0,2,15,0,0,1,21,0,0,0,0,0,0,0,0,0,1,0,0,0,1,0,0,0,0,0,0,0,0,0,0,1,0,0,1,0,0,0,0,0,0,26,7,0,0,0,0,0,1,0,0,0,0,0,0,0,0,0,0,0,0,0,0,1,0,0,5,0,0,0,0,0,0,0,0,0,0,0,0,4,0,3,0,0,0,0,0,1,0,0,0,0,0,0,0,0,0,1,0,1,0,0,0,0,9,0,0,0,0,0,0,1,0,2,0,0,0,0,0,0,1,1,0,0,4,5,0,0,1,3,0,4,0,0,0,0,2,0,0,0,1,0,0,2,0,0,0,0,1,3,0,1,1,0,10,0,0,0,0,4,0,2,2,0,1,0,0,5,0,11,0,6,0,0,3,1,0,0,0,0,0,0,0,0,0,0,0,1
299,299,0,0,0,1,0,0,0,4,0,0,0,0,0,0,0,0,1,0,0,0,0,0,0,0,0,0,0,0,0,0,0,0,1,0,0,0,1,0,0,0,0,7,0,0,0,0,0,0,0,0,0,1,0,0,0,1,0,0,0,0,0,1,0,0,0,0,1,3,4,0,0,0,0,0,0,0,0,0,0,0,0,0,1,0,0,2,0,0,0,0,0,0,0,1,0,0,0,0,0,0,1,0,0,0,0,0,0,0,0,1,0,1,5,7,0,0,0,0,2,1,0,0,0,0,1,0,1,3,0,0,0,2,0,0,0,0,0,0,0,0,0,0,0,0,0,0,0,0,0,0,0,0,1,0,0,0,0,0,0,0,0,0,0,0,0,0,4,2,0,0,0,0,0,1,0,0,1,0,0,0,0,0,0,0,0,4,0,0,0,0,0,6,0,0,0,0,0,0,0,0,0,0,0,0,3,0,4,0,0,0,0,0,0,0,0,0,0,0,0,0,0,0,0,0,1,0,0,0,0,3,0,0,0,0,0,0,0,0,0,0,0,0,0,0,0,0,1,0,1,1,13,0,0,0,0,0,0,5,0,0,0,0,0,0,0,0,1,0,0,0,0,0,0,2,1,0,0,0,0,2,0,0,0,0,3,0,0,0,0,0,0,0,0,0,3,0,0,0,0,0,1,0,0,0,0,0,0,0,0,1,0,0,0
300,300,0,0,2,4,0,0,0,1,0,0,0,0,0,0,0,1,26,0,2,0,0,0,1,0,0,0,0,0,0,0,1,0,4,0,0,0,6,0,0,0,0,14,1,0,0,0,0,0,0,0,0,6,0,0,0,0,0,0,0,0,0,0,0,0,0,0,0,6,12,0,0,0,3,0,0,0,0,0,0,0,0,0,0,0,0,14,0,0,0,2,0,0,0,1,0,1,0,0,0,0,4,6,0,1,0,0,0,1,0,4,1,9,17,36,1,0,2,0,1,7,0,0,0,0,0,0,3,16,0,0,0,10,0,0,0,0,0,0,0,0,0,4,1,1,0,0,0,0,0,0,0,0,1,0,0,2,1,0,0,1,0,0,0,0,0,0,24,12,0,1,0,0,0,6,0,0,0,0,0,0,0,0,0,1,0,6,0,2,8,0,0,17,0,0,0,0,0,0,0,0,0,0,0,0,6,0,2,0,0,0,1,0,2,0,0,1,0,0,0,1,0,0,0,0,2,0,0,0,0,12,0,0,0,0,0,0,0,1,2,0,0,1,0,0,0,1,5,0,0,12,31,0,0,1,2,0,1,20,0,0,0,2,0,0,0,2,1,0,3,0,0,0,0,3,7,0,0,0,0,34,0,0,0,0,17,0,9,1,1,0,0,0,5,0,11,0,17,0,0,0,1,0,4,1,0,0,1,4,0,4,0,0,2
301,301,0,2,1,0,2,0,0,0,0,3,0,0,0,0,1,0,0,0,0,0,0,1,0,0,0,0,0,0,0,1,0,0,0,0,0,0,1,0,5,0,0,0,0,0,0,2,4,0,0,9,0,0,2,0,0,0,1,0,0,0,0,0,0,0,1,0,0,1,1,0,0,0,1,0,0,0,0,1,0,0,0,0,0,0,0,0,0,0,0,0,7,0,2,0,0,0,0,0,0,0,0,1,3,0,0,0,0,1,0,0,0,0,0,1,0,0,0,0,1,0,0,0,0,1,0,1,1,2,0,0,0,0,0,1,0,1,2,0,0,0,0,0,0,0,0,0,0,0,0,0,0,1,0,0,2,1,0,0,0,0,0,0,3,0,0,1,0,0,1,0,0,0,0,1,3,0,0,0,0,0,1,0,0,0,0,1,2,0,1,0,0,0,0,0,0,0,0,0,0,0,0,0,0,0,0,0,0,0,0,0,0,0,0,0,0,0,0,0,0,1,0,0,0,0,0,0,0,0,0,1,0,0,0,0,0,0,4,0,0,0,0,0,1,0,0,0,0,4,0,0,0,0,0,0,0,0,0,1,1,0,0,0,0,0,0,0,0,2,0,0,0,0,0,0,1,0,0,0,0,1,0,0,1,0,0,0,0,0,0,0,0,0,0,0,0,0,0,0,4,0,1,0,0,0,0,0,0,2,0,0,0,0,0
302,302,7,0,2,0,0,0,0,0,0,2,0,0,0,0,0,0,11,0,0,2,0,0,2,0,1,0,2,0,0,0,0,0,1,0,0,0,3,0,0,0,0,24,3,0,0,0,0,0,0,0,0,5,0,0,0,0,0,0,0,0,0,0,0,0,0,0,0,7,4,0,1,0,0,0,0,0,0,0,0,0,0,0,0,0,0,7,0,0,0,0,2,0,0,0,0,0,0,0,0,0,3,4,0,0,0,0,0,1,2,1,0,2,20,31,3,0,0,0,0,8,0,0,0,0,0,0,2,13,0,0,0,13,0,0,0,0,0,0,0,0,0,3,1,0,0,1,0,0,0,0,0,0,0,0,0,2,1,0,0,1,0,0,0,0,0,0,10,8,0,0,0,0,0,3,0,0,0,0,0,0,0,0,0,1,0,9,0,0,5,0,1,11,0,0,0,0,0,0,0,0,0,0,0,0,1,0,4,0,0,0,0,0,3,0,2,2,0,0,0,0,0,0,0,0,0,0,0,0,0,8,3,0,0,0,0,0,0,0,1,0,0,0,0,5,0,1,1,1,0,5,4,0,0,1,0,0,5,0,0,0,0,5,0,0,0,3,2,0,4,0,0,0,0,0,1,0,1,0,0,6,0,0,0,0,14,0,1,1,0,0,0,0,5,0,5,2,1,0,0,3,0,0,0,0,0,0,2,5,0,1,0,0,4
303,303,0,0,2,0,0,0,0,0,0,3,0,0,0,0,0,0,0,0,0,3,0,0,0,0,0,0,0,0,1,1,0,0,0,3,0,0,2,0,0,0,0,0,0,0,2,0,0,1,10,0,0,2,5,0,0,3,1,0,0,0,2,3,1,2,0,0,0,0,0,0,0,0,0,0,0,0,0,0,0,0,0,0,0,0,0,0,2,0,0,1,3,0,0,0,0,0,0,0,0,0,0,1,0,0,0,0,0,0,0,0,0,0,0,0,0,0,0,0,0,0,0,0,0,7,1,6,0,0,0,0,0,0,0,0,0,1,0,0,0,2,1,1,0,0,0,0,0,8,0,3,0,2,2,4,0,0,1,0,0,0,0,0,0,0,0,0,0,1,0,0,0,0,0,0,0,0,0,0,0,0,2,0,0,0,0,0,8,1,0,0,0,0,0,0,1,0,2,0,0,0,0,0,0,0,0,0,4,0,0,0,0,1,0,0,0,0,0,0,0,0,0,0,0,1,0,0,2,1,0,2,0,0,1,0,0,0,5,0,0,0,0,0,0,0,0,0,0,9,0,0,1,0,0,0,0,0,0,0,3,0,0,0,0,0,0,0,0,0,2,0,0,0,0,0,0,0,0,0,0,0,0,1,0,0,1,0,0,0,0,1,0,0,2,0,4,1,0,0,0,0,3,0,0,0,0,0,0,1,0,2,0,8,0
304,304,0,2,0,0,0,0,0,0,0,2,0,0,0,0,0,0,0,0,0,1,0,0,0,0,0,0,0,0,0,0,0,0,0,5,0,0,0,0,0,0,0,0,0,0,0,0,0,0,0,0,0,0,0,0,0,5,0,0,0,0,2,1,0,2,0,0,0,0,0,0,0,0,0,0,0,0,0,0,0,0,0,0,0,0,0,0,1,0,0,0,1,0,0,0,0,0,0,0,0,0,0,1,0,0,0,0,0,0,0,0,0,0,0,0,0,0,0,0,3,0,0,0,0,6,0,0,0,1,0,0,0,0,0,0,0,2,0,0,0,5,0,2,0,0,0,0,0,2,0,1,0,0,2,4,0,0,0,0,0,0,0,0,0,0,0,0,0,0,0,0,0,0,0,1,1,0,0,0,0,1,1,0,0,1,1,0,9,0,0,0,0,0,0,0,1,0,4,0,2,0,0,0,0,0,0,0,1,0,0,0,0,0,0,0,0,0,0,0,0,0,0,0,0,1,0,0,0,0,0,0,0,1,0,0,0,0,0,0,0,0,0,0,0,0,0,0,0,4,1,0,2,0,0,0,0,0,0,0,1,0,0,0,0,1,0,0,0,0,1,0,0,0,0,0,0,0,0,0,0,0,0,0,0,0,0,0,0,0,0,0,0,0,1,0,1,0,0,0,0,0,0,0,0,0,1,0,0,0,0,2,0,5,0
305,305,0,0,2,0,2,0,0,0,0,0,0,0,0,0,0,0,0,0,0,0,2,4,0,0,0,0,3,0,0,2,0,0,0,0,1,0,0,5,0,0,0,1,5,0,0,0,0,0,2,0,0,0,2,0,2,0,0,2,0,0,0,1,2,1,0,0,0,0,0,0,0,0,0,0,0,0,1,0,0,0,1,0,0,0,0,0,0,0,1,0,4,0,2,0,1,0,0,0,0,1,0,2,0,1,0,0,0,0,0,0,0,0,0,0,1,0,0,1,1,0,0,3,0,1,0,0,0,1,0,0,0,0,0,0,0,0,0,0,0,1,0,0,0,0,0,0,0,0,0,3,0,0,0,0,18,0,0,0,0,0,0,0,0,0,0,0,0,0,0,0,0,0,0,0,3,0,0,0,0,0,1,0,0,9,0,0,0,0,4,0,0,0,0,1,1,0,0,0,2,0,0,0,0,0,0,9,0,0,0,0,0,0,0,0,0,0,0,0,0,0,1,0,0,3,1,0,0,0,0,3,1,0,2,0,0,0,0,0,0,1,0,0,0,0,0,0,0,0,0,0,2,0,0,10,1,0,0,0,1,0,3,0,3,13,0,0,0,1,0,0,0,0,0,0,0,0,0,0,0,0,0,0,0,0,0,0,12,0,0,0,0,0,2,3,5,0,3,0,0,0,3,0,1,0,0,0,1,3,0,2,0,0,1
306,306,0,1,0,0,1,0,0,0,0,1,0,0,0,0,0,0,0,0,0,2,0,0,0,0,0,0,0,0,0,2,0,0,0,1,0,0,0,0,1,0,0,0,0,0,0,0,4,0,0,10,2,0,0,0,0,0,0,0,0,0,0,0,0,1,0,0,0,0,0,0,0,0,0,0,0,0,0,0,0,0,0,0,0,0,0,0,0,0,0,1,6,0,0,0,0,0,0,1,0,0,0,0,0,0,0,0,0,0,0,0,0,0,0,1,1,0,0,0,1,0,0,0,0,0,0,0,0,0,0,0,0,1,0,1,0,0,2,0,0,0,0,0,0,0,0,0,0,0,0,4,0,0,0,0,1,0,1,0,0,0,0,8,3,0,0,0,0,0,0,0,0,0,2,0,0,0,0,0,0,0,1,0,0,0,1,0,2,0,0,0,0,0,0,0,1,0,0,0,0,0,0,0,0,0,0,0,0,0,0,0,0,0,0,0,0,0,0,0,0,1,0,0,0,3,0,0,0,0,0,2,0,0,0,0,0,0,4,1,2,0,0,0,0,0,1,0,0,1,0,0,0,0,0,1,1,0,0,0,1,0,0,0,0,2,0,0,0,2,0,0,0,0,0,0,1,0,0,0,0,0,0,0,0,0,0,0,0,0,0,0,0,0,0,0,0,0,0,0,2,0,1,0,1,0,1,0,0,2,0,0,0,1,1
307,307,0,0,0,3,1,0,0,0,0,0,0,0,0,0,0,0,0,0,0,0,0,0,0,0,0,0,3,0,0,0,2,0,0,0,2,0,0,1,0,0,0,3,5,0,0,0,0,1,0,0,0,1,0,1,1,0,0,3,0,0,0,0,0,0,0,0,0,2,0,0,0,0,0,0,0,0,0,0,0,0,1,0,0,0,0,1,0,0,0,0,1,0,1,1,2,0,0,0,0,1,2,2,0,2,0,0,0,0,0,0,0,0,2,17,4,0,0,0,0,3,0,0,0,0,0,0,0,2,0,1,0,1,0,0,0,2,0,0,0,0,0,1,0,0,0,0,0,0,0,2,0,0,0,0,9,1,0,0,0,0,0,0,0,0,0,0,1,2,0,0,0,0,0,1,0,0,0,0,0,0,0,0,0,1,0,0,0,0,3,0,1,1,0,1,0,0,0,0,0,0,0,0,0,1,0,3,1,0,0,0,0,0,0,0,0,1,0,0,0,0,0,0,0,2,1,0,0,0,0,3,3,0,1,0,0,0,0,0,3,0,0,0,0,1,0,0,1,1,0,1,0,0,0,6,6,0,1,0,0,0,0,1,0,4,0,0,0,1,0,0,0,0,0,1,2,0,0,0,0,2,0,0,0,0,0,0,12,0,0,4,0,0,1,0,3,0,13,0,0,0,0,1,3,0,0,0,1,2,0,2,1,0,2
308,308,0,1,0,2,0,0,0,0,0,0,0,0,0,0,2,0,14,0,0,1,0,0,6,0,1,0,2,0,0,0,0,0,0,0,0,0,2,0,0,0,0,17,2,0,0,0,0,0,0,0,0,2,0,0,0,0,0,0,0,0,0,0,0,0,0,0,0,6,5,0,0,0,0,0,0,0,0,0,0,0,1,0,0,0,0,5,0,0,0,1,0,0,0,0,0,0,0,1,0,2,2,1,0,0,0,0,0,0,2,1,0,6,13,33,0,0,0,0,0,5,0,0,0,0,0,0,3,10,0,0,0,10,0,0,0,0,0,0,0,0,1,1,2,0,0,0,0,0,0,0,0,0,0,0,0,0,0,0,0,0,0,0,0,0,0,0,14,12,0,0,0,0,0,2,0,0,0,0,0,0,0,0,0,0,0,6,0,0,5,0,0,8,0,0,0,0,0,0,0,0,0,0,0,0,3,0,6,0,0,0,0,0,0,0,0,2,0,0,0,1,0,0,0,0,0,0,1,0,0,9,0,0,0,0,0,0,0,0,1,0,0,0,0,0,1,0,1,0,0,11,27,0,0,1,1,0,3,21,0,0,0,2,0,0,0,2,2,1,4,0,0,0,0,3,2,0,0,3,0,21,0,1,0,0,8,0,1,2,0,0,0,0,1,0,5,3,3,0,0,0,0,2,2,0,0,0,0,1,0,2,0,0,2
309,309,0,1,0,0,0,0,0,0,0,1,0,0,0,1,1,1,0,0,0,0,2,0,0,0,0,0,0,2,0,0,0,0,0,0,2,0,0,0,0,0,0,0,1,0,0,0,0,0,2,0,0,0,0,0,0,0,0,0,0,0,0,0,0,0,0,0,0,0,0,0,0,0,0,0,0,2,0,0,0,0,1,0,0,0,0,1,0,0,0,0,1,0,0,0,0,0,0,0,0,0,0,1,0,0,0,1,0,0,0,0,0,0,0,2,0,0,0,0,0,0,0,0,0,0,0,0,0,0,0,0,0,0,0,0,0,1,0,0,0,0,0,0,0,0,0,0,0,0,0,1,0,0,0,0,6,0,0,0,0,0,0,0,0,0,0,0,0,0,0,0,0,0,0,0,0,0,0,0,0,0,0,0,0,0,0,0,0,0,1,0,1,0,0,0,0,0,0,0,0,0,0,0,0,0,0,0,0,0,0,0,0,0,0,0,0,0,0,0,0,0,0,1,4,5,1,0,0,0,0,0,0,1,0,0,0,0,0,0,1,0,0,0,0,0,0,0,1,0,0,0,1,0,0,2,1,0,0,0,1,0,0,0,0,2,0,0,0,0,1,0,0,0,0,0,0,0,1,2,0,0,0,2,0,0,0,0,1,0,0,0,0,0,1,0,0,0,2,0,0,0,0,0,1,0,0,0,1,1,0,0,2,5,0
310,310,0,0,1,3,0,0,0,0,0,3,0,0,0,0,0,0,0,0,0,0,4,0,0,0,0,0,2,0,2,3,0,0,0,0,1,0,0,6,0,0,0,2,3,2,0,0,3,0,3,0,0,0,6,0,2,3,0,0,0,0,0,0,0,6,0,0,0,0,0,0,0,0,0,0,0,0,0,0,0,0,2,0,0,0,0,0,0,0,7,0,4,0,1,0,0,0,0,0,0,0,0,0,0,0,0,0,0,0,0,0,0,0,0,1,1,0,0,0,2,0,1,4,0,3,0,6,1,1,0,0,0,0,0,2,0,0,0,0,0,0,0,0,0,0,0,0,0,0,0,0,0,0,0,0,6,0,1,0,0,0,0,0,0,0,0,0,0,0,0,2,0,0,0,0,1,0,0,0,0,0,1,0,0,26,0,0,1,0,1,0,0,0,0,2,0,0,0,0,8,0,0,0,0,0,0,0,0,0,0,0,0,0,0,0,0,0,0,0,0,0,2,0,3,3,0,0,0,0,0,0,9,0,0,0,0,1,1,0,0,0,0,0,0,0,0,0,0,3,0,0,1,0,0,3,0,1,0,0,1,0,8,0,0,2,0,0,0,1,0,0,0,0,0,0,0,0,0,1,0,0,0,1,0,0,0,0,5,0,0,1,1,0,0,1,2,0,3,0,2,0,0,0,1,0,0,0,0,0,0,1,0,1,0
311,311,0,1,0,0,0,0,0,0,0,0,0,0,0,0,0,1,1,0,0,0,0,0,0,0,0,0,0,0,0,0,0,1,0,0,2,0,0,0,0,0,0,1,1,0,0,0,1,0,0,0,0,1,0,0,0,0,0,0,0,0,0,0,0,0,0,0,0,0,0,0,0,0,0,0,0,0,0,0,0,0,1,0,0,0,0,0,0,0,1,0,0,0,0,0,0,1,0,0,0,1,1,8,0,0,0,0,0,2,0,0,0,0,1,3,0,0,0,0,0,0,0,1,0,0,0,0,0,0,0,0,1,1,0,0,0,0,0,0,0,0,0,0,0,0,0,0,0,0,0,0,0,0,0,0,0,1,0,0,0,0,0,0,0,0,3,0,9,1,6,0,0,0,0,0,1,0,0,0,0,0,0,0,0,0,0,0,0,0,0,0,0,0,0,0,0,0,0,0,0,0,0,0,1,7,0,0,0,0,0,0,0,0,0,0,1,0,0,0,0,0,2,0,1,0,0,0,0,0,0,0,0,0,0,0,0,0,0,2,2,0,0,0,0,0,0,0,4,0,0,1,2,0,0,0,0,0,0,5,0,8,0,0,0,0,0,0,1,0,0,0,0,0,0,0,0,0,0,1,0,1,0,0,0,0,1,0,0,0,0,0,0,0,0,0,2,0,0,0,1,0,0,1,1,0,0,0,0,0,0,1,0,1,0
312,312,0,0,2,0,2,0,0,0,0,1,0,0,0,1,0,0,0,0,0,0,2,0,0,0,0,0,0,0,0,0,0,0,0,0,2,0,0,1,0,0,1,0,0,0,0,0,2,1,1,7,1,0,0,0,0,0,0,0,0,0,0,0,0,0,0,0,0,0,0,0,0,0,0,0,1,0,0,0,0,0,0,0,0,0,0,0,0,0,0,0,0,0,1,0,0,0,0,0,0,0,0,0,0,0,0,0,0,0,2,0,0,0,0,1,0,0,0,0,0,0,0,0,0,0,0,0,0,0,0,0,0,0,0,1,0,0,0,0,0,0,0,2,0,0,0,0,0,0,0,0,0,2,0,0,0,1,1,0,0,0,0,0,0,0,0,0,0,0,0,0,0,0,0,0,1,0,0,0,0,0,0,0,0,0,0,0,2,1,0,0,0,0,0,1,0,0,0,0,0,0,0,0,0,0,0,0,0,0,0,0,1,0,0,0,0,0,0,0,0,0,0,0,0,2,0,0,0,1,0,2,0,0,0,0,0,0,1,0,0,0,0,0,0,0,0,0,1,0,0,0,0,0,0,0,0,0,0,0,0,0,0,0,1,1,0,0,0,0,0,0,0,0,0,0,0,0,0,1,0,0,0,0,1,0,0,0,0,0,0,0,0,0,0,0,0,0,0,0,1,0,0,0,2,0,0,0,1,0,2,2,0,2,0
313,313,15,1,6,5,0,0,0,0,0,0,0,0,0,0,0,0,12,0,1,1,0,0,6,0,1,0,3,0,0,0,1,0,0,0,0,0,7,0,0,0,0,27,3,0,0,0,0,0,0,0,0,12,0,0,0,0,0,0,1,0,1,0,0,0,0,0,0,10,4,1,2,0,1,0,0,0,0,0,0,0,0,0,0,0,0,12,0,0,0,2,0,0,0,0,0,0,0,0,0,1,2,8,0,0,0,0,0,0,2,4,0,9,41,80,1,0,0,0,1,11,0,0,0,0,0,0,8,26,0,0,0,33,0,0,0,0,0,0,0,0,2,8,0,1,0,0,0,0,0,0,0,0,0,0,4,2,5,0,0,3,0,0,0,0,0,0,31,14,0,0,0,0,0,4,0,0,0,0,0,0,0,0,0,0,0,9,0,0,15,0,2,14,0,0,0,0,0,0,0,0,0,0,0,0,2,0,7,0,0,0,0,0,1,0,0,1,0,0,0,0,0,0,0,0,0,0,0,0,0,10,0,1,0,0,0,0,0,0,3,1,0,0,0,1,0,1,2,0,0,14,3,0,2,6,1,0,8,0,1,0,0,7,0,0,0,1,1,0,3,0,0,0,0,0,1,0,0,0,0,18,0,0,0,0,20,0,1,2,1,0,0,0,7,0,16,3,4,0,0,4,2,2,1,1,0,0,8,3,0,2,0,0,3
314,314,0,0,0,0,1,0,0,0,0,0,0,0,0,0,0,0,0,0,0,0,6,0,0,0,0,0,1,1,0,0,0,0,0,0,0,0,0,0,2,0,0,2,0,0,0,0,1,0,1,0,0,0,0,0,0,1,0,0,0,0,0,0,2,0,0,0,0,0,0,0,0,0,0,0,1,1,0,0,0,0,0,0,0,1,0,0,0,0,0,0,3,0,2,0,0,0,0,1,0,0,0,0,1,1,1,4,0,0,0,0,0,0,0,0,1,0,0,0,1,1,1,0,0,0,0,1,0,0,0,0,0,0,0,0,0,1,0,0,0,1,0,0,0,1,0,0,0,0,0,0,2,7,0,0,0,0,0,3,0,0,4,0,0,0,0,0,0,0,0,0,0,0,0,0,0,0,0,0,0,0,0,0,0,0,0,0,5,0,1,0,0,0,0,1,0,0,1,0,0,0,0,0,0,0,0,0,0,0,0,0,0,0,0,0,0,0,0,0,0,0,0,0,0,4,0,0,0,2,0,2,0,0,0,0,0,0,3,0,0,1,2,0,0,0,0,0,0,2,0,0,0,0,0,0,0,0,0,0,0,0,0,0,2,0,0,0,0,0,2,0,0,0,0,1,0,0,2,1,0,0,0,1,0,0,0,0,0,0,0,0,0,0,0,0,1,0,0,0,0,0,0,0,0,0,0,0,0,0,1,0,1,0,0
315,315,0,0,0,0,0,0,0,0,0,0,0,0,0,0,0,0,0,0,0,0,0,1,0,0,0,0,0,0,0,0,0,0,0,0,0,0,0,0,0,0,0,0,0,2,0,0,4,1,0,0,0,0,0,0,0,0,0,0,0,0,0,0,0,1,1,0,0,0,0,0,0,0,0,0,0,0,0,0,0,0,0,0,0,1,0,0,0,0,0,0,6,0,0,0,0,0,0,0,0,0,0,0,0,0,0,0,0,0,0,0,0,0,0,0,0,0,0,0,0,0,0,0,0,0,0,1,0,0,0,0,0,0,0,1,0,4,0,0,0,0,0,0,0,0,0,0,0,0,0,0,0,7,0,0,0,0,0,0,0,0,0,0,0,0,0,0,0,0,0,0,0,0,0,0,1,0,0,0,0,0,0,0,0,0,0,0,0,0,1,0,0,0,0,0,0,0,0,0,0,0,0,0,0,0,0,0,0,0,0,0,0,0,0,0,0,0,0,0,0,0,0,0,0,0,0,0,0,0,0,4,0,0,0,0,0,0,3,0,1,0,0,0,0,0,0,0,0,1,0,0,0,0,0,0,0,0,0,0,0,0,0,0,2,0,0,0,0,2,0,0,0,0,0,0,0,0,0,0,0,0,0,0,1,0,0,0,0,0,0,0,1,0,0,0,1,0,0,0,1,0,1,0,0,0,0,0,1,1,0,0,0,0,0
316,316,2,1,2,0,0,0,0,0,0,4,0,0,0,0,0,0,3,0,0,1,0,0,1,0,0,0,1,0,0,2,0,0,0,0,0,0,3,0,0,0,0,5,0,0,0,0,0,0,3,0,0,1,0,0,0,3,0,0,0,0,0,1,1,4,0,0,0,0,1,0,1,0,0,0,0,0,0,0,0,0,0,0,0,0,0,3,0,0,1,1,2,0,0,0,0,0,0,2,0,0,1,4,0,0,0,0,0,0,0,0,0,0,5,17,1,0,0,0,1,7,0,0,1,4,1,1,1,5,0,0,0,9,0,5,0,5,0,0,0,0,0,0,0,0,0,0,0,0,0,0,0,0,0,2,0,0,1,0,0,0,0,0,0,0,0,0,7,4,0,0,0,0,0,1,0,0,0,0,0,0,0,0,0,6,1,1,10,0,2,0,0,1,0,1,0,0,0,0,0,0,0,0,0,0,0,0,1,0,0,0,0,0,0,0,0,0,0,0,0,0,0,0,1,0,0,0,0,0,0,3,1,0,0,0,0,0,2,1,0,0,0,0,0,0,0,0,0,0,0,1,1,0,0,1,0,0,3,0,0,0,0,1,0,0,0,0,0,1,0,0,0,0,0,0,0,0,0,0,0,1,0,0,0,0,2,0,0,1,0,0,0,0,1,0,3,0,1,0,0,1,1,0,0,0,0,0,0,1,0,0,0,0,1
317,317,0,2,1,5,0,0,0,3,0,0,0,0,0,0,2,0,16,0,0,1,0,0,1,0,0,0,1,0,0,0,0,1,0,0,2,0,4,0,0,0,0,14,1,0,0,0,2,0,1,2,0,3,0,0,0,0,0,0,0,0,0,0,0,0,0,0,0,8,3,1,0,0,0,0,0,0,0,0,0,0,0,0,0,0,0,16,0,0,1,0,4,0,0,0,0,1,0,0,0,0,6,8,0,0,0,0,0,2,0,0,0,3,9,40,0,0,3,0,0,7,0,0,0,0,0,0,3,6,0,0,1,13,0,0,0,0,1,0,0,0,2,2,0,0,0,0,0,0,0,0,0,0,0,0,0,0,1,0,0,1,0,0,2,0,3,1,18,8,7,1,0,0,0,3,0,0,0,0,0,0,0,0,0,0,0,1,0,0,2,0,0,5,1,1,4,0,0,0,0,0,0,0,1,2,2,0,3,0,0,0,1,1,1,0,0,0,0,0,0,0,0,0,0,0,1,0,0,0,0,6,0,0,0,0,0,1,0,2,2,0,0,0,0,1,0,0,4,0,0,8,14,0,0,0,0,0,0,15,1,8,0,1,0,0,0,2,0,0,2,0,1,0,0,1,1,0,0,1,0,8,0,0,0,0,13,0,7,0,0,1,0,0,6,0,10,0,4,0,1,2,2,2,0,0,0,0,2,0,0,3,0,0,1
318,318,0,1,0,0,0,0,0,0,0,1,0,0,0,0,0,1,0,0,0,0,0,0,0,0,0,0,0,0,0,0,0,0,0,0,0,0,0,0,0,0,0,0,0,0,0,0,0,0,0,0,0,0,0,0,2,0,0,0,0,0,0,0,0,1,0,0,0,0,0,0,0,0,0,0,0,0,0,0,0,0,0,0,0,0,0,0,0,0,1,0,1,0,0,0,0,0,0,0,0,0,0,0,0,0,0,0,0,0,0,0,0,0,0,3,1,0,1,0,0,0,0,0,0,1,0,0,0,1,0,0,0,0,0,0,0,0,0,0,0,0,0,0,0,0,0,0,0,0,0,0,0,0,0,0,3,0,0,0,0,0,0,0,0,0,0,0,0,0,0,0,0,0,0,0,0,0,0,0,0,0,1,0,0,1,0,0,0,0,0,0,0,0,0,0,0,0,0,0,1,0,0,0,0,0,0,3,2,0,0,0,0,0,0,0,0,0,0,0,0,1,0,0,1,0,0,0,0,0,0,1,1,0,4,0,0,0,0,0,0,0,0,0,0,1,0,0,0,0,0,0,0,0,0,4,3,0,0,0,0,0,0,0,2,3,0,0,0,1,0,0,0,0,0,0,1,0,0,0,0,0,0,0,0,0,0,0,3,0,0,0,0,0,0,0,1,0,2,0,0,0,0,1,0,0,0,0,0,0,0,1,0,0,0
319,319,0,0,0,0,0,0,0,0,0,0,0,0,0,0,0,0,0,0,1,0,0,0,0,0,0,0,0,0,0,0,0,0,0,0,0,0,0,0,4,0,0,1,2,0,0,0,2,4,0,7,4,0,0,0,1,0,1,0,0,0,1,0,0,0,0,0,0,0,0,0,1,0,0,0,0,0,0,0,0,0,0,0,0,0,0,0,0,0,0,0,1,0,1,0,0,0,0,0,0,0,0,0,0,0,0,0,0,0,0,0,0,0,0,2,0,0,0,0,2,0,0,0,0,0,0,0,0,0,0,0,0,0,0,2,0,1,3,0,0,0,0,0,0,0,0,0,0,0,0,2,0,1,0,0,0,0,0,0,0,0,1,0,0,0,0,0,0,0,0,0,0,0,0,0,0,0,0,0,0,0,1,0,0,2,0,0,0,0,0,0,0,0,0,0,0,0,0,0,0,0,0,0,0,0,0,0,0,0,0,0,0,0,1,0,0,0,0,0,0,0,0,0,0,0,0,0,0,0,0,1,0,0,0,0,0,0,3,0,0,0,0,0,0,0,0,0,0,0,0,0,2,0,0,1,0,0,0,0,1,0,0,0,1,0,0,0,0,0,1,0,1,0,0,0,1,0,0,0,0,0,0,0,0,0,0,0,1,0,0,0,0,0,0,0,2,0,1,0,1,0,0,0,1,0,0,0,0,0,0,0,0,0,0
320,320,8,0,1,1,0,0,0,0,0,0,0,0,0,1,0,0,14,0,0,0,0,0,6,0,0,0,1,0,0,0,0,0,0,0,0,0,3,0,0,0,0,10,0,0,0,0,0,0,0,0,0,2,1,0,0,0,0,0,0,0,0,0,0,0,0,0,0,5,1,0,0,0,0,0,0,0,0,0,0,0,1,0,0,0,0,5,0,0,0,0,0,0,0,0,0,0,0,0,0,1,0,5,0,0,0,0,0,2,0,1,0,3,13,41,1,0,0,0,0,2,0,0,0,0,0,1,1,5,0,0,0,12,0,0,1,0,0,0,0,0,1,1,1,0,0,0,0,0,0,0,0,0,0,0,1,0,1,0,0,0,0,0,0,0,0,0,11,5,0,1,0,0,0,0,0,0,0,0,0,0,0,0,0,1,0,0,0,0,4,0,0,8,0,0,0,0,0,0,0,0,0,0,0,0,4,0,2,0,0,0,0,0,1,0,1,0,0,0,0,3,0,0,0,0,0,0,0,0,0,3,3,0,0,0,0,0,0,0,7,0,0,0,0,0,0,1,2,0,0,5,0,0,0,1,0,0,2,0,0,0,0,3,0,0,0,3,0,1,1,0,0,0,0,0,0,0,0,0,0,4,0,0,0,0,19,0,3,0,0,0,0,0,2,0,3,1,1,0,0,2,1,0,1,1,0,0,3,4,0,0,0,0,2
321,321,0,0,3,3,0,0,0,0,0,7,0,0,0,0,1,0,0,1,0,4,0,0,0,0,0,1,0,0,0,0,0,0,0,3,0,0,1,0,0,0,0,0,1,0,0,0,0,0,0,0,0,3,3,0,0,2,0,0,0,0,3,2,1,1,0,0,0,0,0,0,0,0,0,0,0,0,0,0,0,0,0,0,0,0,0,0,0,0,0,3,3,0,0,0,0,0,0,0,0,0,0,0,0,0,0,0,0,0,0,0,0,0,0,4,0,0,0,0,0,0,0,0,0,12,0,3,0,0,0,0,0,0,0,3,0,7,0,0,0,3,0,5,0,0,0,0,0,3,0,0,0,0,0,2,0,0,0,0,0,0,0,0,0,0,0,0,0,0,0,0,0,0,0,1,0,0,0,0,0,3,3,0,0,0,0,0,14,2,1,0,0,0,0,1,3,0,0,0,3,0,0,0,0,0,0,0,3,0,0,0,0,0,0,0,0,0,0,0,0,1,0,0,0,0,0,0,0,0,0,2,0,1,0,0,0,0,1,0,0,0,0,0,0,0,0,0,1,3,3,0,1,1,0,3,0,0,0,0,3,0,0,0,0,1,0,0,0,0,0,1,0,0,0,0,0,0,0,0,0,0,0,0,0,0,0,0,0,0,0,1,0,0,0,0,0,0,0,0,0,0,3,0,0,0,0,0,0,1,0,3,0,6,0
322,322,0,1,4,4,0,0,0,2,0,0,1,0,0,0,0,0,9,0,0,0,0,0,4,0,1,0,2,0,0,0,0,0,0,0,0,0,4,0,0,0,0,22,3,0,0,0,0,2,0,0,0,3,0,0,0,0,0,0,0,0,0,0,0,0,0,0,0,6,4,0,0,0,2,0,0,0,0,0,0,0,0,0,0,0,0,8,0,0,0,5,0,0,0,0,0,0,0,0,0,2,5,0,0,0,0,0,0,0,0,2,0,8,11,23,1,0,1,0,0,6,0,0,0,0,0,0,2,10,0,0,1,9,0,0,0,0,0,0,0,0,2,4,0,0,0,0,0,0,0,0,0,0,0,0,0,1,1,0,0,1,0,0,0,1,0,0,16,11,0,0,0,0,0,4,0,0,0,0,0,0,0,0,0,1,0,2,0,0,3,0,0,8,0,0,0,0,0,0,0,0,0,0,0,0,4,0,4,0,0,0,0,0,0,0,0,0,0,0,0,0,0,0,0,0,2,0,0,0,0,5,1,0,0,0,0,0,1,1,2,0,0,0,0,0,0,0,1,0,0,4,20,0,1,2,3,0,2,19,1,0,0,1,0,0,0,2,1,0,2,0,0,0,0,1,3,0,0,0,0,12,0,0,0,0,3,0,1,3,1,0,0,0,1,0,4,2,2,0,0,0,2,0,2,2,0,0,0,2,1,0,0,0,1
323,323,0,0,0,0,0,1,0,0,0,0,0,0,1,0,0,0,0,0,0,0,0,0,0,0,0,0,4,0,0,0,0,0,0,0,1,0,0,2,0,0,0,0,0,0,0,0,0,0,0,0,0,0,0,0,0,0,0,0,0,0,0,0,0,0,0,0,0,0,0,0,0,0,0,0,0,0,0,0,0,0,1,0,0,0,0,0,0,0,0,0,0,0,0,0,0,0,0,0,0,0,0,2,0,0,0,0,0,0,0,0,0,0,0,0,0,0,0,0,1,0,0,2,0,0,0,1,0,0,0,0,1,0,0,0,0,0,0,0,0,0,0,0,0,0,0,0,0,0,0,0,0,0,0,0,0,0,0,0,0,0,0,0,0,0,0,0,0,0,0,0,0,0,0,0,0,0,0,0,0,0,0,0,0,9,0,0,0,0,0,0,0,0,0,1,0,0,0,0,0,0,0,0,0,0,0,0,0,0,0,0,0,0,0,0,0,0,1,0,0,0,2,1,0,0,0,1,0,0,0,0,8,0,0,0,0,0,0,0,0,0,0,0,0,0,0,0,1,0,0,0,0,0,0,0,0,0,0,0,0,0,1,0,0,0,0,0,0,0,0,0,0,0,0,0,0,0,0,0,0,0,0,1,0,0,1,0,0,0,0,0,0,0,0,0,2,0,0,0,0,0,0,0,0,0,0,0,0,0,0,0,0,2,0
324,324,0,2,1,0,1,0,0,0,0,0,0,0,0,0,0,0,0,0,0,0,0,2,0,0,0,0,0,0,0,0,0,0,0,0,0,0,0,1,0,0,0,0,1,0,0,0,0,0,2,0,0,0,0,0,3,0,0,2,0,0,0,0,0,0,0,0,0,0,0,0,0,0,0,0,0,0,0,0,0,0,0,0,0,0,0,1,1,0,0,0,0,0,2,0,2,0,0,0,0,1,0,0,0,2,0,0,0,0,1,0,0,1,1,4,3,0,0,1,1,0,0,0,0,3,0,0,0,0,0,0,0,0,0,0,0,2,0,0,0,0,0,0,1,0,0,0,0,0,0,2,0,0,0,0,12,1,0,0,0,0,0,0,0,0,0,0,0,1,0,0,0,0,0,2,2,0,0,0,0,0,1,0,0,7,0,0,2,0,1,0,0,0,0,1,0,0,0,0,0,0,0,0,0,0,0,4,1,0,0,0,0,0,0,0,0,1,0,0,0,0,0,1,0,0,0,0,0,2,0,2,5,0,5,0,1,0,2,0,0,0,0,0,0,1,0,0,0,0,0,0,2,0,0,8,3,1,0,0,0,0,0,0,0,6,0,0,0,1,0,0,0,0,0,1,1,0,0,0,0,1,0,0,0,0,0,0,6,0,0,2,0,0,3,2,3,1,3,0,0,0,1,2,0,0,0,0,0,2,0,0,0,1,0
325,325,0,0,2,0,0,0,0,8,0,0,0,0,0,0,0,0,8,0,0,0,0,0,0,0,0,0,3,0,0,0,0,0,0,0,0,0,4,0,0,0,0,4,0,0,0,0,0,0,0,0,0,0,0,0,0,0,0,0,0,0,0,0,0,0,0,0,0,3,4,0,0,0,2,0,0,0,0,0,0,0,1,0,0,0,0,9,0,0,0,1,0,0,0,0,0,1,0,0,0,2,2,0,0,0,0,0,0,0,0,1,0,2,7,12,0,0,0,0,1,6,0,0,0,0,0,0,0,8,0,0,0,6,0,0,0,0,0,0,0,0,1,2,0,0,0,0,0,0,0,0,0,0,0,0,0,0,0,0,0,0,0,0,0,0,0,0,7,3,0,0,0,0,0,0,0,0,0,0,0,0,0,0,0,0,0,4,0,0,0,0,0,15,0,0,0,0,0,0,0,0,0,0,0,0,1,0,4,0,0,0,0,0,0,0,0,0,0,0,0,0,0,0,0,0,0,0,0,0,0,3,0,0,1,0,0,0,0,2,1,0,0,0,0,0,0,0,0,0,0,0,8,0,0,0,2,0,0,3,0,0,0,2,0,0,0,0,0,0,1,0,0,0,0,1,0,0,0,0,0,6,0,0,0,0,3,0,1,0,0,0,0,0,0,0,5,0,2,0,0,3,0,1,0,0,0,0,0,0,0,3,0,0,0
326,326,0,0,0,7,0,0,0,2,0,0,0,0,0,0,0,0,16,0,0,0,0,0,2,0,2,0,0,0,0,0,0,0,0,0,0,0,3,0,0,0,0,16,0,0,0,0,0,0,0,0,0,2,0,0,0,0,0,0,0,0,0,0,0,0,0,0,0,0,8,0,0,0,2,0,0,0,0,0,0,0,0,0,0,0,0,6,0,0,0,0,2,0,0,0,0,1,0,1,0,0,6,3,0,1,0,0,0,0,0,0,0,4,18,51,1,0,1,0,0,3,0,0,0,0,0,0,5,19,0,0,0,12,0,0,0,0,0,0,0,0,1,0,0,0,0,0,0,0,0,0,0,1,0,0,0,3,2,0,0,1,0,0,0,0,0,0,15,8,0,0,0,0,0,1,0,0,0,0,0,0,0,0,0,0,0,6,1,0,6,0,0,10,0,0,0,0,0,0,0,0,0,0,0,0,1,0,2,0,0,0,1,0,2,0,0,0,0,0,0,0,0,0,0,0,0,0,0,0,0,4,0,0,0,0,0,0,0,2,3,1,0,0,0,1,0,0,1,0,0,6,15,0,0,3,5,0,0,9,0,0,0,3,0,0,0,2,0,1,1,0,0,0,0,1,0,0,0,1,0,8,0,0,0,0,12,0,9,0,2,0,0,0,6,0,3,1,9,0,0,0,0,0,0,0,0,0,0,0,0,0,0,0,0
327,327,0,0,1,0,1,0,0,0,0,1,0,0,0,0,0,0,0,0,0,0,2,1,0,0,0,0,0,0,0,0,0,0,0,0,0,0,1,0,0,0,0,0,0,0,0,0,3,2,3,0,0,0,0,0,0,0,0,0,0,0,0,0,1,2,0,0,0,0,0,0,0,0,0,0,0,1,0,0,0,0,0,0,0,0,0,0,0,0,0,0,1,0,2,0,0,0,0,0,0,2,0,0,0,0,0,1,0,0,0,0,0,0,0,0,0,0,0,0,0,0,0,0,0,1,0,1,1,0,0,0,0,0,0,1,0,1,0,0,0,0,0,0,0,0,0,0,0,0,0,0,0,6,2,0,2,0,0,0,0,0,0,0,0,0,0,0,0,0,0,0,0,0,0,0,0,0,0,0,0,0,2,0,0,0,0,0,0,0,2,0,0,0,0,1,0,1,0,0,1,0,0,0,0,0,0,0,0,0,0,0,1,0,0,0,0,0,0,0,0,0,0,0,1,4,0,0,0,0,0,2,0,1,0,0,0,0,1,0,0,0,1,0,0,3,0,0,0,2,0,0,0,0,0,0,1,0,0,0,0,0,0,0,0,0,0,0,0,1,0,0,0,0,0,1,0,0,0,1,0,0,0,0,1,0,0,0,3,0,0,1,0,0,0,0,0,0,0,0,2,0,2,0,1,0,0,0,0,1,1,1,0,0,0
328,328,0,0,0,4,1,0,0,0,0,2,0,0,0,0,0,0,0,0,0,4,0,0,0,0,0,0,0,0,0,0,0,0,0,3,0,0,0,0,0,0,0,3,0,0,0,0,0,0,3,0,0,2,1,0,0,8,0,0,0,1,2,3,0,4,0,0,0,0,0,0,0,0,0,0,0,0,0,0,0,0,0,0,0,0,0,0,0,0,0,0,1,0,0,0,0,0,0,0,0,0,0,0,0,0,0,0,0,0,0,0,0,0,0,4,0,0,0,0,3,0,0,0,0,8,0,1,1,0,0,0,0,0,0,0,0,0,0,0,0,6,0,2,0,0,0,0,0,2,0,0,0,0,3,6,0,0,0,0,0,0,0,0,0,0,0,0,0,2,0,0,0,0,1,0,1,0,0,0,0,4,2,0,0,0,0,0,4,0,0,0,0,1,0,0,21,0,1,0,1,0,0,0,0,0,0,0,3,0,0,0,0,0,0,0,0,0,0,0,0,0,0,0,0,2,0,0,0,0,0,3,0,3,0,0,0,0,2,0,2,0,0,0,0,0,0,0,6,2,2,0,0,0,0,1,0,0,0,0,2,0,0,0,0,4,0,0,0,0,3,0,0,0,0,0,1,0,0,0,0,0,0,0,0,0,0,0,0,0,0,0,0,0,0,0,0,0,0,0,0,0,0,0,0,1,1,0,0,0,0,5,0,5,1
329,329,0,0,0,0,0,0,0,1,0,0,0,0,0,0,0,0,0,0,0,0,0,0,0,0,0,0,0,0,0,0,0,0,0,0,0,0,0,1,0,0,0,1,2,0,0,0,0,0,0,0,0,0,0,0,0,0,0,0,0,0,0,0,0,1,0,0,0,0,0,0,0,0,0,0,0,0,0,0,0,0,0,0,0,0,0,0,0,0,0,0,0,0,0,1,2,0,0,0,0,0,0,0,0,1,0,0,0,0,0,0,0,0,0,0,2,0,0,0,1,0,0,0,0,0,0,0,0,0,0,0,0,0,0,0,0,0,0,0,0,0,0,1,1,0,0,0,0,0,0,1,0,0,0,0,7,0,1,0,0,0,0,0,0,0,0,0,0,0,0,0,0,0,0,0,0,0,0,0,0,0,1,0,0,3,0,0,0,0,0,0,0,0,0,0,0,0,0,0,0,0,0,0,0,0,0,5,0,0,0,0,0,0,0,0,0,0,0,0,0,0,0,0,0,6,0,0,0,0,0,4,1,0,4,0,0,0,0,0,1,2,0,0,0,0,0,0,0,0,0,0,0,0,0,10,1,0,0,0,0,0,0,0,0,8,0,0,0,0,0,0,0,0,0,0,1,0,0,0,0,0,0,1,0,0,0,0,3,0,0,0,0,0,2,0,2,0,2,0,0,0,0,2,0,0,0,0,0,1,1,0,0,0,1
330,330,1,2,4,2,1,0,0,0,0,3,0,0,0,0,1,0,33,0,0,9,0,0,1,0,2,0,1,0,0,0,0,0,3,3,0,0,5,0,0,0,0,15,0,0,0,0,0,0,1,0,0,4,3,0,0,10,0,0,0,0,0,0,0,1,0,0,0,5,4,1,2,0,3,0,0,0,0,0,0,0,0,0,0,0,0,24,0,0,0,4,2,0,0,1,0,1,0,0,0,0,3,5,0,2,0,0,0,0,2,3,0,6,19,42,2,0,2,0,4,8,0,0,0,4,1,1,5,10,0,0,0,14,0,5,0,2,0,0,0,3,0,2,3,0,0,0,1,1,0,0,0,0,2,1,1,2,1,0,0,0,0,0,0,0,0,0,32,13,3,0,0,0,0,7,2,0,1,0,0,2,0,0,0,0,0,6,11,1,5,0,1,27,0,0,0,0,0,0,2,0,0,0,0,2,3,4,8,0,0,0,0,0,0,0,0,0,0,0,0,1,0,0,1,0,1,0,0,0,0,16,0,0,0,0,0,0,2,0,6,0,0,0,0,2,0,1,4,3,2,8,44,0,1,2,1,0,1,29,2,1,0,4,0,3,0,4,1,1,8,0,1,0,0,5,2,0,0,0,0,14,0,0,0,0,14,0,6,2,1,0,0,0,5,0,17,1,6,0,0,1,5,0,2,2,0,0,1,1,0,11,0,3,4
331,331,0,0,0,0,0,0,0,0,0,2,0,0,0,0,0,0,0,0,1,0,13,0,0,0,1,0,0,6,0,1,0,0,0,0,1,1,0,0,0,0,1,1,1,0,0,2,4,0,1,1,0,3,0,0,0,0,1,0,0,0,0,0,3,0,0,0,0,0,0,0,0,0,0,0,0,9,0,0,3,0,0,0,0,0,3,1,3,0,2,0,4,0,1,0,0,0,0,0,0,0,1,0,0,0,1,4,0,0,0,0,0,1,0,2,1,0,0,0,0,0,0,0,0,5,1,3,0,0,0,0,0,2,0,1,0,1,2,0,0,0,3,0,1,1,2,0,0,1,0,2,1,2,0,0,0,3,1,5,1,0,2,0,0,0,0,0,0,0,0,0,0,0,0,1,4,0,0,1,0,0,2,0,0,1,0,0,5,0,1,0,0,0,0,3,0,1,0,0,0,0,0,0,0,1,0,0,0,0,0,0,0,0,0,0,0,0,0,0,0,1,0,0,1,4,0,0,0,0,0,4,0,0,4,0,0,0,0,0,1,0,3,0,0,0,0,0,0,3,0,0,0,0,0,0,2,1,0,0,0,0,0,0,0,0,0,1,0,2,0,0,2,1,0,0,0,0,1,1,0,0,0,9,0,0,4,0,0,0,0,0,1,0,0,0,4,0,0,3,0,1,4,0,0,0,0,0,0,2,5,2,4,3,0
332,332,0,0,0,0,0,0,0,0,0,0,0,0,0,0,0,0,0,0,0,0,0,0,0,0,0,0,0,0,0,0,0,0,0,0,0,0,0,0,2,0,0,0,0,0,0,0,0,1,0,6,1,0,1,0,0,0,0,0,0,0,0,0,0,0,0,0,0,0,0,0,0,0,0,0,0,0,0,0,0,0,0,0,0,0,0,0,0,0,0,0,0,0,0,0,0,0,0,0,0,0,0,0,0,0,0,0,0,0,0,0,0,0,0,0,0,0,0,0,0,0,0,0,0,0,0,0,0,0,0,0,0,0,0,0,0,0,2,1,0,0,0,1,0,0,0,0,0,0,0,0,0,0,0,0,1,0,0,0,0,0,0,0,1,0,0,0,0,0,0,0,0,0,0,0,0,0,0,0,0,0,0,0,0,0,0,0,0,0,0,0,0,0,0,0,0,0,0,0,0,0,0,0,0,0,0,0,0,0,0,1,0,0,0,0,0,0,0,0,0,0,0,0,0,1,0,0,0,0,0,0,0,0,0,0,0,0,2,0,0,0,0,0,0,0,0,0,1,0,0,0,0,0,0,0,0,0,0,0,1,0,0,0,0,2,0,0,0,0,0,0,0,0,0,0,1,0,0,0,0,0,0,0,0,0,0,0,0,0,0,0,0,0,0,0,1,0,0,0,2,0,0,0,0,0,0,0,0,1,0,0,1,0,0
333,333,0,0,0,0,0,0,0,0,0,0,0,1,0,0,0,0,0,0,0,0,1,0,0,0,0,0,1,0,0,1,0,0,0,0,1,0,0,3,0,0,0,0,1,0,0,0,0,0,0,0,0,0,0,0,0,1,0,0,0,0,0,0,0,0,0,0,0,0,0,0,0,0,0,0,0,0,0,0,0,0,0,0,0,0,0,0,0,0,5,0,0,0,0,0,0,2,0,0,2,0,0,0,0,0,0,0,0,0,0,0,0,0,0,0,1,0,0,0,0,0,0,0,0,0,0,0,1,0,0,0,0,0,0,1,0,0,0,0,0,0,0,0,0,0,0,0,1,0,0,0,0,0,0,0,0,0,0,0,0,0,0,0,0,0,0,0,1,0,0,0,0,0,0,0,0,0,0,0,0,0,0,0,0,11,0,0,0,0,3,0,0,0,0,3,0,0,1,0,0,0,0,0,0,0,0,0,1,0,0,0,0,0,0,0,0,0,0,0,0,0,1,4,2,0,0,0,0,1,0,2,14,0,0,0,0,0,0,0,1,0,0,0,0,0,0,0,3,0,0,0,0,0,0,0,0,1,0,0,0,0,0,0,0,0,0,0,0,0,0,0,0,0,0,0,0,0,0,4,0,1,0,0,0,0,3,0,0,0,0,0,0,0,0,0,2,0,0,0,0,0,0,0,0,0,0,0,1,1,0,0,0,0,0
334,334,0,0,0,0,0,0,0,0,0,0,0,0,0,0,0,0,0,0,0,0,0,1,0,0,0,0,1,0,0,0,0,0,0,0,0,0,0,0,3,0,0,0,0,0,0,0,0,0,0,0,1,0,0,0,1,0,0,1,0,0,0,0,0,0,0,0,0,0,0,0,0,0,0,0,0,0,0,0,0,0,0,0,0,0,0,0,0,0,0,0,1,0,0,0,0,0,0,0,0,0,0,0,0,0,0,0,0,0,0,0,0,0,0,0,0,0,0,0,0,1,0,0,0,0,0,0,0,1,0,0,0,0,0,0,0,0,0,0,0,0,0,0,0,0,0,0,0,0,0,0,0,0,0,0,0,0,0,0,0,0,0,0,0,0,0,0,0,0,0,0,0,0,0,0,1,0,0,0,0,0,0,0,1,1,0,0,0,0,0,0,0,0,0,0,0,0,0,0,0,2,0,0,0,0,0,0,0,0,0,1,0,0,1,0,0,0,0,0,0,0,0,0,0,0,1,0,0,0,0,0,0,0,1,0,0,0,0,0,0,0,0,0,0,0,0,0,0,0,0,0,0,0,0,0,0,0,0,0,0,0,0,0,0,0,0,0,0,1,0,0,0,0,0,0,0,0,0,0,0,0,0,0,0,0,0,0,0,0,0,0,0,0,0,0,0,0,0,0,0,0,0,0,0,0,0,0,0,1,0,0,0,0,1
335,335,0,0,2,2,0,0,0,0,0,3,0,0,0,0,0,0,0,0,1,7,0,0,0,0,0,0,1,0,0,0,0,0,0,3,0,0,3,0,0,1,0,3,1,0,0,1,0,0,4,0,0,3,2,0,0,9,0,0,0,1,4,4,0,4,0,0,0,0,0,0,0,0,0,0,0,0,0,0,0,0,0,0,0,0,0,0,0,0,0,3,0,0,0,0,0,0,0,1,0,0,0,1,0,0,0,0,0,0,0,0,0,1,0,3,1,0,0,0,2,0,0,0,0,8,1,0,1,0,0,0,0,0,0,3,0,3,0,0,0,4,0,3,0,0,0,0,0,5,0,0,0,0,3,4,0,1,0,0,0,0,0,0,0,0,0,0,2,0,0,0,0,0,0,1,0,0,0,0,0,7,2,1,0,0,0,0,10,0,1,0,0,0,0,0,13,0,2,0,1,0,0,0,0,0,0,0,3,0,0,0,0,0,0,0,0,0,0,0,0,1,0,0,0,0,0,0,0,0,0,1,0,1,0,0,0,0,1,0,1,0,0,0,0,0,0,0,2,2,0,0,1,0,0,1,0,0,0,0,2,0,0,1,0,3,0,2,0,1,0,0,0,0,0,0,0,0,1,0,0,0,0,0,0,0,0,0,0,0,0,0,0,0,2,0,1,0,0,0,0,0,2,0,0,0,1,0,0,2,0,2,0,6,0
336,336,1,1,2,2,0,0,0,2,0,0,0,0,0,0,1,0,13,0,0,0,0,0,0,0,2,0,1,0,0,0,0,0,0,0,0,0,2,0,1,0,0,13,1,0,0,0,0,0,0,1,0,1,0,0,0,0,0,0,0,0,0,0,0,0,0,0,0,4,2,2,0,0,1,0,0,0,0,0,0,0,0,0,0,0,0,10,0,0,0,1,0,0,0,0,0,0,0,0,0,1,4,2,0,0,0,0,0,0,0,3,0,5,6,23,0,0,1,0,0,5,0,0,0,1,0,0,2,16,0,0,0,5,0,0,0,0,0,0,0,0,2,2,1,0,0,0,0,0,0,0,0,0,0,0,0,2,0,0,0,0,0,0,0,0,0,0,10,5,0,0,0,0,0,7,0,0,0,0,0,0,0,0,0,0,0,4,0,0,3,0,0,1,0,0,0,0,0,0,0,0,0,0,0,0,1,0,5,0,0,0,0,0,0,0,0,0,0,0,0,0,0,0,0,0,2,0,0,0,0,4,1,0,0,0,0,0,2,0,0,0,0,0,0,0,0,0,4,0,0,4,16,0,0,0,1,0,2,6,1,0,0,3,0,1,0,1,0,0,2,0,0,0,0,1,0,0,0,6,0,4,0,0,0,0,2,0,3,1,0,0,0,0,5,0,4,0,3,0,0,3,4,1,2,1,0,0,0,0,0,2,1,0,0
337,337,4,0,5,5,0,0,0,0,0,1,0,0,0,0,0,0,11,0,1,1,0,0,1,0,0,0,0,0,0,0,0,0,0,0,0,0,3,0,0,0,0,16,1,0,0,0,0,0,0,0,0,1,0,0,0,0,0,0,0,0,0,0,0,0,0,0,0,4,1,0,0,0,0,0,0,0,0,0,0,0,0,0,0,0,0,2,0,0,0,0,1,0,0,0,0,0,0,1,0,0,5,1,0,0,0,0,0,0,1,1,0,6,5,31,0,0,0,0,0,3,0,0,0,0,0,0,2,7,0,0,0,4,0,0,0,0,0,0,0,0,2,3,0,1,0,0,0,0,0,0,0,0,0,0,0,0,0,0,0,0,0,1,1,0,0,0,7,5,0,0,0,0,0,1,0,0,0,0,0,0,1,0,0,0,0,2,1,0,1,0,0,12,0,0,0,1,0,0,0,0,0,0,0,0,0,0,4,0,0,0,0,0,0,0,0,1,0,0,0,0,0,0,0,0,1,0,0,0,0,6,0,0,0,0,0,0,0,0,4,0,0,0,0,0,1,0,2,0,0,2,6,0,2,0,2,1,4,5,0,0,0,4,0,0,0,1,0,1,5,0,0,0,0,0,0,0,0,0,0,6,0,0,0,0,14,0,2,0,1,0,0,0,1,0,3,2,1,0,1,4,0,1,1,0,0,0,2,0,0,0,0,0,1
338,338,0,1,1,0,0,0,0,0,0,0,0,0,0,0,0,0,0,0,0,1,0,0,1,0,0,0,0,0,0,1,0,0,0,0,1,0,1,1,0,0,0,0,0,0,0,0,1,0,0,0,0,0,1,0,0,0,0,0,0,0,0,0,0,0,0,0,0,0,0,0,0,0,0,0,0,0,0,0,0,0,0,0,0,1,0,0,0,0,0,0,3,0,1,0,0,0,0,0,0,0,1,0,0,0,0,0,0,0,0,0,0,0,0,1,0,0,1,0,1,0,0,0,0,0,0,0,0,0,0,0,0,0,0,1,0,1,0,0,0,0,0,0,0,0,0,0,0,0,0,0,0,2,0,0,1,0,0,0,0,0,0,0,0,0,0,0,0,1,0,0,0,0,0,0,2,0,0,0,0,0,1,0,0,2,0,0,2,1,1,0,1,0,0,0,0,0,0,0,0,0,0,0,0,0,0,0,0,0,0,0,0,0,0,0,0,0,0,0,0,0,0,0,2,0,0,0,0,1,0,1,3,0,3,0,0,0,3,0,1,0,0,0,0,0,0,2,0,0,0,0,1,0,0,1,0,1,0,0,0,0,0,0,0,1,0,0,1,0,3,0,0,0,0,1,0,0,0,1,0,0,0,0,0,0,0,0,0,0,0,0,1,0,0,0,0,0,0,0,1,0,0,0,0,0,0,0,0,0,0,0,0,0,0
339,339,1,1,1,5,0,0,0,5,0,0,0,0,0,0,1,0,17,0,0,0,0,0,4,0,0,0,1,0,0,0,0,0,1,0,0,0,9,1,0,0,0,22,3,0,0,0,1,0,0,0,0,4,1,0,0,0,0,0,0,0,0,0,0,0,0,0,0,9,12,1,0,0,3,0,0,0,0,0,0,0,0,0,0,0,0,7,0,0,0,3,2,0,0,0,0,0,0,3,0,1,4,7,0,1,0,0,0,2,0,2,0,6,22,47,0,0,1,0,0,12,0,0,0,1,0,0,8,34,0,0,0,15,0,0,0,0,0,0,0,0,1,5,0,0,0,0,1,0,0,0,0,0,0,0,1,0,1,0,0,0,0,0,0,0,0,0,24,16,0,0,0,0,0,2,1,0,0,0,0,0,0,0,0,0,0,3,0,0,4,0,0,18,0,0,0,0,0,0,0,0,0,0,0,0,9,4,6,0,0,0,0,0,1,0,0,0,0,0,0,0,0,0,0,0,0,0,0,0,0,3,1,0,0,0,0,0,0,2,4,0,0,0,0,1,0,0,4,2,0,9,32,0,1,0,2,0,2,43,1,2,0,5,0,0,0,3,0,3,3,0,0,0,0,3,2,0,0,2,0,23,0,0,0,0,9,0,8,2,1,0,0,0,3,0,4,0,6,0,1,2,1,1,1,1,0,0,0,2,0,0,0,0,2
340,340,0,0,0,0,1,0,0,0,0,1,0,0,0,0,0,0,0,0,1,0,0,0,0,0,0,2,2,0,3,2,0,0,0,0,0,0,2,0,1,0,0,0,0,0,0,0,0,0,3,0,0,0,0,1,0,5,1,0,0,0,0,1,2,3,0,0,0,0,0,0,0,0,0,0,0,0,0,0,0,0,0,0,0,0,0,0,0,0,1,0,1,0,0,0,0,0,0,0,0,1,0,1,0,0,0,0,0,0,0,0,0,0,0,0,1,0,0,3,1,0,0,0,0,1,0,3,0,0,0,0,0,0,0,2,0,0,0,0,0,0,0,1,0,0,0,0,0,1,0,0,0,0,1,0,0,0,0,0,0,0,1,0,0,0,0,0,2,0,0,0,0,0,0,0,1,0,0,0,0,0,1,0,1,0,0,0,0,0,0,0,1,0,0,0,0,0,0,0,2,5,0,0,0,0,0,0,1,0,0,0,0,0,0,0,0,0,0,0,0,0,0,0,3,2,0,0,0,0,0,6,0,0,1,0,0,0,5,0,0,0,0,0,0,0,0,0,0,0,0,0,0,0,0,3,0,0,0,0,0,0,0,0,0,0,0,0,0,1,0,0,0,0,0,0,0,0,0,0,0,0,0,0,0,0,0,0,0,0,1,0,0,0,1,0,2,0,1,0,0,0,0,0,1,0,0,0,0,1,0,0,0,1,0
341,341,6,1,2,0,0,0,0,0,0,0,0,0,0,0,0,0,10,0,0,0,1,0,3,0,0,0,1,0,0,0,0,0,0,0,0,0,6,0,0,0,0,13,1,0,0,0,0,0,0,0,0,8,0,0,0,1,0,0,0,1,1,0,0,0,0,0,1,9,1,0,1,0,1,0,0,0,0,0,0,0,0,0,0,0,0,4,0,0,0,1,0,0,0,0,0,0,0,1,0,1,6,8,0,0,0,0,0,0,0,3,0,4,30,47,0,0,0,0,2,14,0,0,0,0,0,0,5,20,0,0,2,23,0,0,0,0,0,0,0,0,1,4,0,0,0,0,0,0,0,0,0,1,0,0,0,2,1,0,0,1,0,0,0,0,0,0,23,12,0,1,0,0,0,3,1,0,0,0,0,0,0,0,0,0,0,3,0,0,8,0,1,4,0,0,0,0,0,0,0,0,0,0,0,0,0,1,5,0,0,0,0,0,2,0,0,10,0,0,0,0,0,0,1,0,2,0,0,0,0,15,0,0,0,0,0,0,0,2,2,0,0,0,0,2,0,1,0,0,0,6,5,0,1,3,4,0,2,0,0,0,0,7,0,0,0,3,1,0,3,0,0,0,0,2,0,0,1,0,0,6,0,0,0,0,9,0,3,0,0,0,0,0,5,0,12,3,5,0,0,2,0,0,3,0,0,0,3,1,0,2,0,0,6
342,342,0,0,1,7,3,0,0,0,0,3,0,0,0,0,4,0,0,0,1,9,0,0,0,0,0,0,2,0,0,2,0,0,0,9,0,0,3,0,0,0,0,8,0,0,0,0,0,0,10,0,0,10,2,0,0,25,0,0,0,2,6,5,0,3,0,0,0,0,0,0,0,0,0,0,0,0,0,0,0,0,0,0,0,0,0,2,0,0,0,8,8,0,1,0,0,0,0,2,0,0,0,7,0,0,0,0,0,0,0,0,0,0,1,5,3,0,0,0,3,1,0,0,0,30,6,0,2,0,0,0,0,0,0,2,0,7,0,0,0,5,1,0,0,0,0,0,0,2,0,10,0,1,6,17,1,0,0,0,0,0,0,1,0,0,0,0,2,1,0,0,0,0,0,1,2,0,0,0,0,21,11,0,0,0,0,0,5,3,3,0,0,0,0,0,64,0,2,0,2,0,0,0,0,0,1,0,3,0,0,0,0,0,0,0,0,2,0,0,0,2,0,0,0,5,0,0,0,0,0,9,0,1,1,0,0,0,10,0,3,2,0,0,0,0,1,0,4,9,1,0,6,0,3,0,1,0,0,1,7,0,0,1,0,2,0,0,1,2,4,0,0,0,0,0,1,0,0,0,0,1,0,0,0,0,0,0,0,0,0,0,0,1,2,0,3,0,2,1,0,0,2,1,1,0,0,0,1,1,0,4,0,2,3
343,343,0,0,1,0,0,0,0,1,0,0,0,0,0,0,0,0,23,0,0,0,0,0,1,0,0,0,0,0,0,0,0,0,0,0,0,0,0,0,0,0,0,9,0,0,0,0,0,0,0,0,0,3,0,0,0,0,0,0,0,0,0,0,0,0,0,0,0,0,3,0,5,0,0,0,0,0,0,0,0,0,0,0,0,0,0,10,1,0,0,0,2,0,0,0,0,1,0,0,0,0,1,4,0,0,0,0,0,0,0,1,0,3,4,30,0,0,0,0,2,2,0,0,0,0,0,0,1,13,0,0,0,7,0,0,0,0,0,0,0,0,0,0,0,0,0,0,0,0,0,0,0,0,0,0,0,1,0,0,0,2,0,0,0,0,0,0,4,2,1,1,0,0,1,4,0,0,0,0,0,0,0,0,0,1,0,1,0,1,6,0,1,9,0,0,0,0,0,0,0,0,0,0,0,1,1,0,0,0,0,0,0,0,0,0,0,2,0,0,0,0,0,0,0,0,0,0,0,1,0,7,0,0,2,0,0,0,0,0,2,0,0,0,0,1,0,0,0,0,0,3,2,0,0,0,4,0,1,4,0,0,0,1,0,0,0,2,0,1,4,0,0,0,0,0,1,0,0,1,0,5,0,0,0,0,5,0,5,1,1,0,0,0,0,0,2,4,5,0,0,0,0,1,1,0,0,0,1,1,0,0,0,0,0
344,344,0,0,0,0,2,0,0,0,0,3,0,0,1,0,0,0,0,0,0,0,0,1,0,0,0,1,2,0,0,0,0,0,0,0,2,0,0,3,0,0,0,0,2,0,0,0,0,0,1,0,0,0,0,0,0,0,0,1,0,0,0,1,0,0,0,0,0,0,0,0,0,0,0,0,1,0,0,0,0,0,0,0,0,0,0,0,0,0,3,0,0,0,1,0,1,0,0,0,0,0,0,0,0,0,0,2,0,0,0,0,0,0,0,0,0,0,0,0,0,0,0,3,0,2,0,3,2,2,0,0,2,0,0,1,0,0,0,0,0,1,1,1,0,0,0,0,0,0,0,1,0,0,0,0,5,0,1,0,0,0,0,0,0,0,0,0,0,0,0,0,0,0,2,0,2,0,0,0,0,0,1,1,0,7,0,0,4,0,2,0,0,0,0,1,0,0,0,0,0,0,0,0,0,0,0,2,1,0,0,0,0,0,0,0,0,0,0,0,0,1,1,1,0,1,0,0,0,1,0,8,2,0,4,0,0,0,3,0,0,0,0,0,0,0,0,1,5,0,0,0,0,0,0,4,3,0,0,0,0,0,0,0,1,4,0,0,0,0,0,0,0,0,0,1,0,0,0,0,0,0,0,0,0,0,2,0,7,1,0,0,0,1,1,0,1,0,1,0,1,0,0,0,1,0,0,0,0,3,0,2,0,0,1
345,345,0,4,2,0,1,0,0,0,0,1,0,0,0,0,0,0,0,0,1,0,0,2,0,0,0,0,0,0,0,0,0,0,0,0,0,0,0,0,4,0,0,1,1,2,0,2,8,1,1,0,0,0,0,0,0,0,0,0,0,0,0,0,0,0,0,0,0,0,0,0,0,0,1,0,0,0,0,0,0,0,1,0,0,0,0,0,0,0,0,0,8,0,2,0,0,0,0,0,0,0,0,0,0,0,0,0,0,0,0,0,0,0,0,0,0,0,0,0,2,0,0,0,0,0,2,1,0,0,0,0,0,1,0,1,0,0,0,0,0,0,1,0,0,0,0,0,0,0,0,3,0,8,0,0,6,0,0,0,0,1,0,0,0,0,0,0,0,0,0,0,0,0,0,1,0,0,0,0,0,0,4,0,3,1,0,0,0,0,1,0,0,0,0,1,0,0,0,0,1,0,0,0,0,0,0,4,0,0,0,0,0,0,0,0,0,0,0,0,0,0,0,0,0,1,0,0,0,1,0,2,0,0,2,0,0,0,2,0,0,3,0,0,0,2,0,0,1,1,0,0,1,0,0,7,3,1,0,0,2,1,0,0,1,4,0,0,0,2,0,0,0,0,0,0,0,0,0,0,0,0,0,1,0,0,0,0,12,0,1,1,0,0,0,0,7,0,4,0,4,0,1,1,0,0,0,0,0,0,0,1,0,0,1
346,346,0,1,1,1,2,0,0,0,0,3,0,0,0,0,0,0,0,0,0,11,0,0,0,0,0,0,0,0,0,11,0,0,0,0,0,0,2,0,0,0,0,1,1,0,0,0,2,0,15,0,0,0,7,0,0,16,0,0,0,0,0,1,0,9,1,0,0,0,0,1,0,0,0,0,0,0,0,0,0,0,0,0,0,0,0,0,0,0,5,4,6,0,1,0,0,0,0,0,0,2,0,2,0,0,0,4,0,0,1,0,0,0,0,11,1,0,0,0,0,0,0,0,0,12,1,2,0,0,0,0,0,0,0,1,0,2,0,0,0,1,0,0,0,0,0,0,3,0,0,0,0,0,1,0,0,0,0,0,0,0,0,0,0,0,0,0,0,1,0,0,0,0,0,0,2,0,0,0,1,0,1,0,0,1,0,0,11,1,0,0,0,0,0,0,0,0,2,0,4,0,0,0,0,0,1,0,2,0,0,0,0,0,1,0,0,0,0,0,0,1,0,0,6,1,0,0,0,1,0,0,1,0,0,0,0,0,1,0,0,0,0,0,0,0,0,0,3,1,0,2,4,0,0,0,0,1,0,0,0,0,0,1,0,0,0,0,0,2,0,0,0,0,0,0,1,0,0,0,0,0,0,0,0,0,4,0,0,0,1,1,0,0,1,0,1,0,0,1,0,0,0,1,3,0,1,0,0,0,0,0,0,4,0
347,347,0,0,0,0,4,0,0,0,0,0,0,0,0,0,0,0,0,0,0,0,0,0,0,0,0,0,0,0,0,0,0,0,0,0,0,0,0,0,0,0,0,1,0,0,0,1,4,0,2,0,0,0,0,1,0,0,1,0,0,0,0,0,2,0,1,0,0,0,0,0,0,0,0,0,0,2,0,0,0,0,0,0,0,3,2,0,0,0,0,0,3,0,1,0,0,0,0,0,0,0,0,0,0,0,0,1,0,0,0,0,0,0,0,0,0,0,0,0,0,0,0,0,0,0,0,0,0,0,0,0,0,0,0,1,0,6,7,0,0,0,0,0,0,0,0,0,0,0,0,1,0,3,0,0,0,0,0,1,0,0,0,0,0,0,0,0,0,0,0,0,0,0,0,0,1,0,0,0,0,0,1,0,0,0,0,0,0,0,1,0,0,0,0,0,0,0,0,0,0,0,0,0,0,0,0,0,1,0,0,0,0,0,0,0,0,0,0,1,0,0,0,0,0,2,0,0,0,0,0,5,0,0,1,0,0,0,4,0,0,0,0,0,0,0,0,0,1,2,0,0,0,0,0,0,0,0,0,0,0,0,0,0,1,0,0,0,0,2,0,0,0,0,0,0,0,0,0,0,0,0,0,0,0,0,0,0,1,0,0,0,2,0,0,0,3,0,0,0,3,0,1,0,0,0,0,0,0,1,1,0,1,2,0
348,348,0,0,0,2,2,0,0,0,0,3,0,0,0,0,0,0,0,0,0,0,0,1,0,0,0,0,0,0,3,1,0,0,0,0,0,0,0,0,1,0,0,0,0,0,0,0,1,0,1,3,2,0,1,0,0,2,1,0,0,0,0,1,0,6,1,0,0,0,0,0,0,0,0,0,0,0,0,0,0,0,0,0,0,0,0,0,0,0,0,0,4,0,2,0,0,0,0,0,0,0,0,1,0,0,0,0,0,0,0,0,0,0,0,2,0,0,0,0,0,0,0,0,0,2,0,2,0,0,0,0,0,0,0,2,0,0,0,0,0,0,0,0,0,0,0,0,0,1,0,3,0,0,1,1,2,0,0,0,0,0,0,0,0,0,0,0,0,0,0,0,0,0,0,0,0,0,0,0,0,0,0,0,0,0,0,0,3,0,0,0,0,0,0,0,0,0,0,0,4,0,0,0,0,0,0,0,0,0,0,0,0,0,1,0,0,0,0,0,0,0,0,0,3,1,0,0,0,1,0,4,0,0,0,1,0,0,4,0,0,0,0,0,0,1,0,0,1,2,0,0,0,0,0,0,0,0,0,0,0,0,0,0,0,0,0,0,0,0,1,0,0,0,0,1,0,0,0,0,0,1,0,0,0,0,0,0,0,0,0,0,0,0,0,0,2,0,0,0,0,0,0,0,0,0,0,0,1,0,0,0,1,2,1
349,349,0,0,1,0,0,0,0,0,0,0,0,0,0,0,0,0,1,0,0,0,0,0,0,0,0,0,1,0,0,0,0,0,0,0,1,0,0,0,0,0,0,5,4,0,0,0,0,0,0,0,0,0,0,0,0,0,0,0,1,0,0,0,0,0,0,0,0,0,0,0,0,0,0,0,0,0,0,0,0,0,0,0,0,0,0,2,0,0,0,0,0,0,1,0,2,0,0,0,0,0,0,1,0,0,0,0,0,0,1,0,0,0,1,7,0,0,0,0,0,4,0,0,0,0,0,0,0,2,0,0,0,6,0,0,0,0,0,0,0,0,1,0,0,0,0,0,0,0,0,2,0,0,0,0,6,0,1,0,0,1,0,0,0,0,0,0,4,3,0,0,0,0,0,0,0,0,0,0,0,0,0,0,0,1,0,0,0,0,0,0,0,0,0,0,0,0,0,0,0,0,0,0,0,0,1,1,2,0,0,0,0,0,0,0,0,0,0,0,0,0,0,0,0,1,0,0,0,0,0,2,0,0,1,0,0,0,0,0,1,0,0,0,0,0,0,0,0,0,0,1,0,0,0,2,0,0,1,0,2,0,0,1,0,2,0,0,0,0,3,0,0,0,0,0,0,0,1,0,0,0,0,0,0,0,0,0,4,1,0,0,0,0,1,0,3,0,5,0,0,0,0,0,0,0,0,0,0,0,0,1,0,0,0
350,350,1,8,1,4,0,0,0,0,0,4,0,0,0,0,0,2,6,1,0,1,0,0,1,0,2,0,0,0,1,2,0,0,0,2,0,0,3,2,0,0,0,7,2,0,0,0,0,0,5,0,0,6,2,0,0,3,0,0,0,0,0,0,1,0,0,0,0,5,0,0,6,0,0,0,0,0,0,0,0,0,0,0,0,0,0,1,0,0,1,1,0,0,0,0,1,0,0,1,0,2,7,26,0,0,0,1,0,2,0,0,0,1,6,15,0,0,0,1,1,1,0,0,0,5,2,5,3,4,0,0,0,8,0,2,0,1,0,0,0,3,0,0,2,0,0,0,0,2,0,1,0,0,0,1,1,3,0,0,0,0,1,0,0,0,12,1,15,4,19,5,8,0,0,1,4,0,0,0,0,0,1,0,0,0,0,1,7,1,6,0,1,2,0,0,0,0,0,0,0,0,0,0,2,27,2,0,1,0,0,0,1,0,0,0,0,0,0,0,0,0,4,0,2,1,0,0,0,0,0,4,1,1,1,0,0,0,0,0,2,0,0,0,1,1,0,0,7,1,0,3,5,0,0,2,1,0,0,20,0,10,0,1,0,0,0,0,3,1,0,0,1,0,0,1,0,0,0,1,0,3,0,0,2,0,6,0,3,1,1,0,0,0,4,0,11,2,2,2,0,2,3,1,0,0,0,0,0,2,2,5,1,0,0
351,351,19,1,0,1,0,0,0,0,0,0,0,0,0,0,0,0,13,0,0,0,0,0,5,0,0,1,2,0,0,0,0,0,0,0,0,0,3,1,0,0,0,15,0,0,0,0,0,0,0,0,0,7,0,0,0,0,0,0,0,0,0,0,0,0,1,0,0,3,2,0,0,0,1,0,0,0,0,0,0,0,0,0,0,0,0,8,0,0,1,0,0,0,0,0,0,0,0,1,0,1,2,3,0,0,0,0,0,0,1,2,0,9,18,63,0,0,0,0,0,21,0,0,0,0,0,0,2,25,0,0,0,27,0,0,0,0,0,0,0,0,0,1,0,1,0,0,0,0,0,0,0,0,0,0,1,1,0,1,0,1,0,0,0,0,0,0,23,17,0,1,0,0,0,4,0,0,0,0,0,0,0,0,0,0,0,4,0,0,3,0,0,2,0,0,0,0,0,0,0,0,0,0,0,0,6,1,3,0,0,0,0,0,1,0,0,2,0,0,0,0,0,0,0,0,0,0,0,0,0,7,2,0,0,0,0,0,0,0,0,0,0,1,0,1,0,1,2,0,0,5,9,0,1,4,2,0,8,0,2,0,0,0,0,0,0,2,0,0,4,0,0,0,0,3,2,0,1,0,0,15,0,0,0,0,2,0,4,1,0,0,0,0,5,0,6,0,2,0,0,2,1,1,1,1,0,0,6,3,0,2,0,0,5
352,352,0,0,0,0,0,0,0,0,0,2,0,0,0,0,0,0,0,0,0,0,0,0,0,0,0,0,1,0,0,0,0,0,0,0,0,0,0,0,0,0,0,0,1,0,0,0,0,0,2,0,0,0,0,0,0,3,0,0,0,0,0,2,1,1,0,0,0,0,0,0,0,0,0,0,0,0,1,0,0,0,0,0,1,0,0,0,0,0,0,0,0,0,2,0,0,0,0,0,0,1,0,0,0,0,0,0,0,0,0,0,0,0,0,0,0,0,0,0,0,0,0,0,0,1,1,0,0,0,0,0,0,1,0,0,0,0,0,0,0,1,0,0,0,0,0,0,1,1,0,0,0,0,0,1,2,0,0,0,0,0,0,0,0,0,0,0,0,0,0,0,0,0,0,1,0,0,0,0,0,0,1,0,0,2,0,0,1,0,0,0,0,0,0,0,0,0,0,0,1,0,0,0,0,0,0,0,0,0,0,0,0,0,0,0,0,0,0,0,0,1,0,0,3,1,0,0,0,0,0,1,0,0,2,0,0,0,1,0,0,0,0,0,0,0,0,0,0,0,0,0,0,0,0,2,0,0,0,0,0,0,0,0,0,1,0,0,0,1,1,0,0,0,0,0,0,0,0,0,0,0,0,0,0,0,0,0,1,0,0,0,0,0,0,0,0,0,1,0,0,0,0,0,1,0,0,0,0,2,0,0,0,0,1
353,353,0,0,0,0,0,0,0,0,0,0,0,0,0,0,0,0,0,0,0,0,0,0,0,0,0,0,1,0,0,0,0,0,0,0,2,0,0,0,0,0,0,0,2,0,0,0,0,0,0,0,0,0,0,0,0,0,0,0,0,0,0,0,0,0,0,0,0,0,0,0,0,0,0,0,0,0,0,0,0,0,0,0,0,0,0,1,0,0,0,0,2,0,1,0,0,0,0,0,0,0,0,0,0,0,0,0,0,0,0,0,0,0,0,0,0,0,0,0,0,0,0,0,0,0,0,0,0,0,0,0,0,0,0,0,0,0,0,0,0,0,0,0,0,0,0,0,0,0,0,0,0,0,0,0,3,0,0,0,0,0,0,0,0,0,0,0,0,0,0,0,0,0,0,0,0,0,0,0,0,0,1,0,0,0,0,0,0,0,4,0,0,0,0,0,0,0,0,0,0,0,0,0,0,0,1,1,1,0,0,0,0,0,0,0,0,0,0,0,0,0,0,0,0,1,0,0,0,0,0,1,0,0,1,0,0,0,0,0,0,0,0,0,0,0,0,0,0,0,0,0,0,0,0,3,1,0,0,0,0,0,0,0,0,2,0,0,0,0,0,0,0,0,0,0,0,0,0,0,0,0,0,0,0,0,0,0,2,0,0,0,0,0,0,0,1,0,2,0,0,0,1,1,0,0,0,0,1,0,0,0,0,0,0
354,354,0,7,0,1,0,0,0,0,0,0,1,0,0,0,0,0,0,0,0,0,1,0,0,0,0,0,1,0,0,0,0,0,0,0,0,0,1,7,0,0,0,2,0,0,0,0,1,0,0,0,0,0,0,0,0,0,0,0,0,0,0,0,0,2,0,0,0,0,1,0,0,0,0,0,0,0,0,0,0,0,1,0,0,0,0,0,0,0,6,0,0,0,0,0,0,0,0,0,0,0,0,1,0,0,0,0,0,1,0,0,0,0,0,7,0,0,0,0,0,0,1,0,0,0,0,1,0,1,0,0,0,0,0,0,0,0,0,0,0,0,2,0,0,0,0,0,0,0,0,0,0,0,0,0,1,0,0,0,0,0,0,0,0,0,0,0,0,0,0,0,0,0,0,0,0,0,0,0,0,0,0,0,0,16,0,0,0,0,0,0,0,0,0,1,0,0,0,0,0,0,0,0,0,0,0,0,0,0,0,0,0,0,0,0,0,0,0,0,0,0,6,2,1,0,0,0,0,0,0,1,29,0,0,0,0,0,0,0,2,0,0,0,0,0,0,0,3,0,0,0,0,0,0,1,1,0,0,0,0,0,0,1,0,0,0,0,0,0,0,0,0,0,0,0,1,0,0,2,0,0,0,0,0,0,3,0,0,0,0,0,0,0,0,0,1,0,0,0,0,0,0,0,0,0,0,0,0,0,0,0,0,1,0
355,355,0,0,0,0,0,0,0,0,0,0,0,0,0,0,1,0,0,0,0,0,0,1,0,0,0,0,1,0,0,0,1,0,0,0,0,0,2,1,0,0,0,0,2,0,0,0,0,0,0,0,0,0,0,2,0,0,0,0,1,0,0,0,0,0,0,0,0,0,0,0,0,0,0,0,0,0,0,0,0,0,0,0,1,0,0,0,0,0,0,0,2,0,1,0,1,0,0,0,0,0,0,1,0,1,0,0,0,0,0,0,0,0,0,3,0,0,0,0,0,0,0,0,0,0,0,2,0,0,0,0,0,0,0,0,0,1,0,0,0,0,0,0,0,0,0,0,0,0,0,2,0,0,0,0,7,0,0,0,0,0,0,0,0,0,0,0,0,0,0,0,0,0,0,0,0,0,0,0,0,0,1,0,0,5,0,0,2,0,0,0,0,0,0,0,0,0,0,0,0,0,0,0,0,0,0,5,0,0,0,0,0,0,0,0,0,0,0,0,0,1,0,0,0,1,1,0,0,1,0,0,2,0,6,0,0,0,0,0,1,2,0,0,0,0,0,0,0,0,0,0,0,0,0,9,5,0,0,0,0,0,0,0,0,7,0,0,1,0,0,0,0,0,0,1,2,0,0,0,0,0,0,0,0,0,0,0,11,0,0,0,0,0,2,1,0,0,1,0,0,0,0,1,1,0,0,0,0,1,0,0,0,0,0
356,356,3,1,0,0,0,0,0,0,0,0,0,0,0,0,0,0,4,0,0,0,0,2,1,0,0,0,2,0,0,0,0,0,0,0,0,0,4,0,0,0,0,5,0,1,0,2,3,2,0,0,0,0,0,0,1,1,0,0,0,0,0,0,0,0,0,0,0,1,1,0,0,0,0,0,0,0,0,0,0,0,1,0,0,0,0,1,1,0,2,0,3,0,1,0,0,0,0,0,0,0,0,0,0,0,0,0,0,0,1,0,0,1,8,22,2,0,0,0,4,5,0,0,0,1,0,0,2,7,0,0,0,6,0,0,0,2,0,0,0,0,1,0,0,0,0,0,0,0,0,1,0,12,0,0,0,0,0,0,0,1,5,0,0,0,0,0,11,5,0,0,0,0,0,0,1,0,0,0,0,0,0,0,1,1,1,3,0,0,3,0,0,1,0,0,0,0,0,0,0,0,0,0,0,0,3,0,6,0,0,0,0,0,0,0,0,0,0,0,0,0,1,0,2,0,0,0,0,0,0,4,4,0,1,0,0,0,8,0,1,0,0,0,1,1,0,0,0,0,0,1,2,0,0,0,0,0,1,0,1,0,0,0,0,0,0,1,0,1,0,0,0,0,0,0,0,0,0,1,0,2,0,0,0,0,1,0,0,1,0,1,0,0,1,0,7,0,1,0,7,1,1,0,0,0,0,0,0,1,0,2,1,0,0
357,357,1,0,3,2,0,0,0,1,0,0,0,0,0,0,0,0,17,0,0,0,0,0,3,0,1,0,0,0,0,0,0,0,0,0,0,0,2,0,0,0,0,17,1,0,0,0,0,0,4,0,0,5,1,0,0,2,0,0,0,0,0,1,0,0,0,1,0,7,4,0,0,0,5,0,0,0,0,0,0,0,0,0,0,0,0,5,0,0,0,2,0,0,0,0,0,0,0,1,0,2,6,3,0,1,0,1,2,0,1,2,0,5,16,46,1,0,0,0,0,4,0,0,0,2,0,0,4,16,0,0,0,2,0,0,0,0,0,0,0,2,1,1,0,0,0,0,0,1,0,0,2,0,3,0,1,0,1,0,0,0,0,0,0,0,0,0,16,8,0,0,0,0,0,3,0,0,1,0,0,0,1,0,0,0,0,4,3,0,2,0,0,11,0,0,1,0,1,0,0,0,0,0,0,0,2,0,4,0,0,0,0,0,0,0,0,3,0,0,0,0,0,0,1,0,0,0,0,0,0,7,0,0,0,0,0,0,0,0,1,0,0,0,1,3,1,0,2,1,1,10,28,0,0,6,2,0,0,31,1,1,0,3,0,1,0,2,0,0,0,0,0,0,0,3,1,0,2,2,0,16,0,0,0,0,7,0,4,3,0,0,0,0,3,0,6,0,4,0,0,1,3,1,1,0,0,0,0,3,1,6,0,0,0
358,358,2,0,0,3,0,0,0,3,0,0,0,1,0,0,1,0,15,0,0,0,0,0,0,0,0,0,1,0,0,0,0,0,1,0,0,0,3,0,0,0,0,8,0,0,0,1,0,0,0,0,0,1,0,0,0,0,0,0,0,0,0,0,0,0,0,0,1,2,3,0,0,0,1,0,0,0,0,0,0,0,0,0,0,0,0,4,0,0,0,0,0,0,0,1,0,0,0,1,0,0,3,0,0,0,0,0,0,0,0,1,0,1,7,25,0,0,1,0,0,4,0,0,0,0,0,0,2,5,0,0,0,8,0,1,0,0,0,0,0,0,2,1,0,1,0,0,0,0,0,1,0,0,0,0,0,1,0,0,0,0,0,0,0,0,0,0,9,2,0,0,0,0,0,0,0,0,0,0,0,0,0,0,0,0,0,1,0,0,4,0,0,6,0,0,0,0,0,0,0,0,0,0,0,0,2,0,3,0,0,0,0,0,2,0,0,0,0,0,0,0,0,0,0,0,0,0,0,0,0,2,0,0,1,0,0,0,0,0,0,0,0,0,0,2,0,0,0,2,0,8,15,0,1,0,4,0,1,1,0,0,1,1,0,0,0,1,0,1,0,0,0,0,0,0,1,0,0,0,0,3,0,0,0,0,1,0,3,0,0,0,0,0,0,0,5,0,6,0,1,1,2,0,0,0,0,0,2,0,0,1,0,0,0
359,359,4,1,3,3,0,0,0,0,0,1,0,0,0,0,0,0,19,0,0,0,1,0,2,0,2,0,0,0,0,1,0,0,1,0,0,0,1,0,0,1,0,8,0,0,0,0,0,0,0,1,0,5,0,0,0,0,0,0,0,0,0,0,0,0,0,0,0,1,9,1,0,0,1,0,0,0,0,0,0,0,0,0,0,0,0,6,0,0,0,1,0,0,0,0,0,0,0,0,0,1,3,3,0,0,0,0,0,2,1,8,0,3,10,23,3,0,2,0,0,5,0,0,0,1,0,0,0,14,0,0,0,6,0,0,0,0,0,0,0,0,0,0,1,1,0,0,0,0,0,0,0,0,0,0,0,0,0,0,0,0,0,0,0,0,0,0,14,7,0,0,0,0,0,1,0,0,0,0,0,0,0,0,0,0,0,3,0,0,3,0,2,19,0,0,0,0,0,0,0,0,0,0,0,0,0,2,2,0,0,0,1,0,0,0,0,0,0,0,0,0,0,0,0,0,0,0,0,0,0,7,0,0,0,0,0,0,0,0,3,0,0,0,0,2,0,1,1,2,0,9,16,0,0,2,3,0,0,4,2,0,0,1,0,0,0,1,0,0,0,0,0,0,0,0,2,0,0,2,0,13,0,0,0,0,7,0,4,3,0,0,0,0,2,0,9,0,5,0,0,1,4,0,1,0,0,0,1,0,0,3,0,0,3
360,360,1,1,1,4,0,0,0,1,0,0,0,0,0,0,0,0,15,0,0,0,0,0,1,0,0,0,0,0,0,0,0,0,0,0,0,0,0,0,0,0,0,18,1,0,0,0,0,0,0,0,0,3,0,0,0,0,0,0,0,0,0,0,0,0,0,0,0,0,6,0,0,0,0,0,0,0,0,0,0,0,0,0,0,0,0,5,0,0,0,1,0,0,0,1,0,3,0,0,0,2,3,0,0,1,0,0,0,0,1,1,0,2,16,27,0,0,1,0,1,3,0,0,0,0,0,0,3,7,0,0,0,8,0,0,0,0,0,0,0,0,0,1,2,0,0,0,0,0,0,0,0,0,0,0,0,1,0,0,0,0,1,0,0,0,0,0,8,5,0,0,0,0,0,1,0,0,0,0,0,0,0,0,0,0,0,2,1,0,2,0,0,4,0,1,0,0,0,0,0,0,0,0,0,0,2,1,1,0,0,0,0,1,1,0,1,0,0,0,0,0,0,0,0,0,0,0,0,0,0,3,0,0,0,0,0,0,0,0,2,0,0,0,0,4,0,1,0,0,1,2,13,0,1,0,0,0,0,8,0,0,0,5,0,0,0,0,0,0,4,0,0,0,0,2,1,0,0,1,0,12,0,0,0,0,2,0,6,3,1,0,0,0,2,0,8,0,5,0,0,2,0,0,1,1,0,0,1,1,0,2,0,0,2
361,361,0,0,0,0,0,0,0,0,0,2,0,0,0,0,0,0,0,0,0,0,0,1,0,0,0,0,0,0,0,0,0,0,0,0,0,0,0,3,0,0,0,0,1,0,0,0,0,0,0,0,0,0,0,0,1,1,0,2,0,0,0,0,0,1,0,0,0,1,0,1,0,0,0,0,0,0,0,0,0,0,0,0,0,0,0,0,1,0,1,0,0,0,1,0,1,0,0,0,0,1,0,1,0,1,0,0,0,0,0,0,0,0,0,4,3,0,0,2,1,0,0,1,0,0,0,0,0,1,0,0,0,0,0,0,0,0,0,0,0,1,0,0,0,0,0,0,1,0,0,0,0,0,2,0,6,1,0,0,0,0,0,0,0,0,0,0,0,0,0,0,0,0,0,0,1,0,0,0,0,0,1,0,0,2,2,0,0,1,2,0,0,0,0,0,0,0,0,0,3,0,0,0,0,0,0,3,0,0,0,0,0,0,0,0,0,0,0,0,0,0,0,1,8,0,1,0,0,0,0,2,0,0,6,0,0,0,0,0,0,1,0,0,0,2,0,0,0,0,0,0,1,0,0,1,3,0,0,0,0,0,0,3,0,4,0,0,0,0,0,0,0,0,0,0,0,0,0,0,0,0,0,1,0,0,0,0,7,0,0,0,0,0,0,0,0,0,2,0,0,0,1,0,0,0,0,0,0,2,0,0,1,0,1
362,362,0,0,0,0,0,0,0,0,0,0,0,0,0,0,0,0,1,0,0,0,0,0,0,0,0,0,0,0,0,0,0,0,0,0,1,0,0,1,0,0,0,0,0,1,0,0,1,0,0,0,0,0,0,0,0,0,0,0,0,0,0,0,0,0,0,0,0,0,0,0,0,0,0,0,0,0,0,0,0,0,0,0,0,1,0,0,0,0,2,0,1,0,1,0,0,0,0,0,3,0,0,0,0,0,0,0,0,0,0,0,0,0,0,0,0,0,0,0,0,1,0,1,0,0,0,0,0,0,0,0,0,0,0,1,0,0,0,0,0,0,0,0,0,0,0,0,0,0,0,0,0,0,0,0,0,0,0,0,0,0,0,0,0,0,0,0,0,3,0,0,0,0,0,1,1,0,0,0,0,0,0,0,2,6,0,0,0,0,0,0,0,0,0,2,0,0,0,0,0,0,0,0,0,0,1,0,0,0,0,0,0,0,0,0,0,0,0,0,0,0,1,0,0,0,0,0,0,1,0,0,1,0,1,0,0,0,1,0,0,0,0,0,0,0,0,0,0,0,0,0,0,0,0,0,0,1,0,0,0,0,0,0,0,0,0,0,0,0,0,0,0,0,0,0,0,0,0,0,0,0,0,0,0,0,1,0,0,0,0,0,0,0,0,0,0,0,0,0,2,0,0,0,0,0,0,0,0,0,0,0,0,0,0
363,363,0,1,0,2,4,0,0,3,0,0,1,0,0,0,0,0,5,0,1,0,0,0,1,0,0,0,1,0,0,0,0,0,0,1,0,0,1,0,0,0,1,8,0,0,0,1,7,2,0,0,0,3,0,0,0,0,0,0,0,0,0,0,1,0,3,0,0,3,3,0,0,0,0,0,0,0,1,0,0,0,0,0,0,12,0,5,0,0,0,0,0,0,0,0,0,0,0,0,0,1,2,1,0,1,0,0,0,0,0,0,0,0,7,28,0,0,1,0,0,5,0,0,0,1,0,0,3,11,0,1,1,6,0,1,0,1,1,0,0,4,0,3,0,0,0,0,0,0,4,2,0,0,0,0,0,2,0,0,0,0,0,0,0,0,0,0,10,4,0,0,0,0,0,1,0,0,1,0,0,0,0,0,0,0,0,3,1,0,3,0,0,5,0,0,0,0,0,0,0,0,0,0,0,0,2,0,4,0,0,0,0,0,1,0,0,0,0,0,0,2,0,0,1,0,0,0,0,1,0,4,0,0,0,0,0,0,4,0,0,1,0,0,0,1,0,0,6,4,0,6,20,0,2,1,0,0,0,17,1,0,0,2,4,0,0,1,0,0,4,0,0,0,0,1,4,0,1,0,0,6,0,0,0,0,2,0,1,1,0,1,1,0,3,0,7,0,4,0,5,4,5,1,0,0,0,0,1,2,0,1,0,0,0
364,364,0,1,0,0,2,0,0,2,0,0,2,0,0,0,1,0,4,0,0,0,0,0,0,0,2,0,0,0,0,0,0,0,0,0,0,0,2,0,0,0,0,6,1,0,0,4,3,1,4,0,0,0,0,0,1,0,0,0,0,0,0,0,0,0,0,0,0,5,1,0,4,0,0,0,0,0,0,0,0,0,0,0,0,0,0,1,0,0,0,0,2,0,2,0,0,0,0,0,0,0,0,2,0,0,0,0,0,2,0,0,0,0,4,8,1,0,0,0,2,1,0,0,0,0,0,0,1,3,0,1,0,2,0,1,0,0,0,0,0,1,0,1,0,0,0,0,0,0,0,0,0,0,0,0,0,0,0,0,0,0,0,0,0,0,4,0,9,1,1,3,2,0,0,0,2,0,0,0,0,0,0,0,1,0,0,0,0,0,0,0,0,1,0,1,0,0,0,0,0,0,0,0,5,7,0,0,1,0,0,0,1,2,0,0,0,3,0,0,0,0,1,1,0,0,0,0,0,0,0,4,1,0,0,0,0,1,1,3,0,0,0,0,0,1,0,1,3,2,0,0,2,0,0,1,0,0,0,4,0,3,0,0,4,0,0,1,0,0,0,0,0,0,0,0,1,0,0,2,0,4,0,0,0,0,1,0,7,0,0,0,0,0,2,0,4,2,1,0,3,0,1,0,0,0,0,0,0,0,0,0,0,0,0
365,365,0,2,0,1,0,0,0,0,0,1,0,0,0,0,0,0,1,0,0,0,8,0,0,0,1,0,0,2,0,0,0,0,0,0,1,0,0,0,0,0,0,0,1,0,0,0,0,1,0,0,0,2,0,0,0,1,0,0,0,0,0,0,1,0,0,0,0,0,0,0,0,0,0,0,0,2,0,0,0,0,0,0,0,0,0,0,0,0,4,0,1,0,0,0,0,0,0,0,0,0,0,1,0,0,0,4,0,0,0,0,0,0,0,0,0,0,0,0,0,0,0,0,0,0,0,1,1,0,0,0,0,0,0,0,1,0,0,0,0,0,0,0,0,1,0,0,0,0,0,0,1,2,0,0,0,1,0,3,0,0,0,0,0,0,0,0,1,1,2,0,0,0,0,0,1,0,0,0,0,0,1,0,0,2,0,0,0,0,0,0,0,0,0,0,0,1,0,0,0,0,0,0,0,2,0,0,0,0,0,0,2,0,0,0,0,0,0,0,0,0,0,0,0,3,0,0,0,0,0,1,1,0,0,0,1,0,0,0,2,1,4,0,0,0,0,0,0,3,0,0,0,0,0,0,0,0,0,0,0,0,0,0,0,1,0,0,0,0,0,0,0,0,0,1,0,0,0,0,0,0,0,2,0,0,0,0,0,0,0,0,0,0,0,0,1,0,0,0,1,0,0,0,0,0,0,0,0,0,1,0,2,0,1
366,366,0,0,0,0,0,0,0,0,0,0,0,0,0,0,0,0,0,0,0,0,0,0,0,0,0,0,0,0,0,0,0,0,0,0,0,0,0,0,0,0,0,0,0,0,0,1,0,0,2,0,0,0,0,0,1,0,0,0,0,0,0,0,0,0,1,0,0,0,0,0,0,0,0,0,0,0,0,0,0,0,0,0,0,1,0,0,0,0,0,0,3,0,1,0,0,0,0,0,0,0,0,0,0,0,0,0,0,0,0,0,0,0,0,0,0,0,0,0,2,1,0,0,0,0,0,0,0,0,0,0,0,0,0,0,0,2,0,0,0,0,0,0,0,0,0,0,0,0,0,2,0,6,0,0,0,0,0,0,0,0,0,0,0,1,0,0,0,1,0,0,0,0,0,0,0,0,0,0,0,0,0,0,2,0,0,0,0,0,0,0,0,0,0,0,0,0,0,0,0,0,0,0,0,0,0,0,1,0,0,0,0,0,0,0,0,0,0,0,0,0,0,0,0,0,0,0,0,0,0,2,0,0,0,0,0,0,4,0,0,0,0,0,0,1,0,0,0,0,0,0,0,0,0,0,0,0,0,0,0,0,0,0,0,0,0,2,0,1,0,0,0,0,0,0,0,0,0,0,0,0,0,0,0,0,0,0,0,0,0,0,0,0,1,0,2,0,0,0,4,0,0,0,1,0,0,0,0,0,0,0,1,2,0
367,367,0,0,0,0,1,0,0,0,0,0,0,0,0,0,0,0,0,0,0,0,0,0,0,0,0,0,1,0,0,0,0,1,0,0,0,0,0,4,0,0,0,2,0,0,0,0,0,0,0,0,0,0,0,0,0,0,0,0,0,0,0,0,0,0,0,0,0,0,0,0,0,0,0,0,0,0,0,0,0,0,0,0,0,0,0,0,0,0,0,0,0,0,0,0,0,0,0,0,0,0,0,1,0,0,0,0,0,0,0,0,0,1,0,0,0,0,0,0,1,0,0,0,0,0,0,0,1,0,0,0,0,0,0,0,0,0,0,0,0,0,0,0,0,0,0,0,0,0,0,0,0,0,0,0,1,0,0,0,0,0,0,0,0,0,0,0,0,0,0,0,0,0,0,0,0,0,0,0,0,0,0,2,0,11,0,0,0,0,0,0,0,0,0,0,0,0,0,0,0,0,0,0,0,0,0,0,0,0,0,0,0,0,0,0,0,0,0,0,0,1,0,1,0,0,0,0,0,0,0,1,3,0,0,0,0,0,0,0,0,0,0,0,0,0,0,0,0,0,0,0,0,0,0,0,0,0,0,0,0,0,1,0,0,0,0,0,0,0,0,0,0,0,0,0,0,0,0,0,0,1,0,0,0,0,0,0,0,0,1,0,0,0,1,0,0,0,0,0,0,0,1,0,0,0,0,0,0,0,0,0,0,2,0
368,368,0,0,0,0,0,0,0,0,0,0,0,0,0,0,0,0,0,0,0,1,0,0,0,0,0,0,1,0,0,0,0,0,0,0,0,0,0,0,1,0,0,0,0,0,0,0,3,0,2,0,0,0,0,0,1,0,0,0,0,0,0,0,0,0,0,0,0,0,0,0,0,0,0,0,0,0,0,0,0,0,0,0,0,0,0,0,0,0,0,0,0,0,1,0,0,0,0,0,0,0,0,0,0,0,0,0,0,0,0,0,0,1,0,2,0,0,0,0,1,0,0,0,0,0,0,0,0,0,0,0,0,0,0,0,0,1,0,0,0,0,0,0,0,0,0,0,0,0,0,1,0,2,0,0,0,0,0,0,0,0,0,0,0,0,0,0,0,0,0,0,0,0,1,0,1,0,0,0,0,0,0,0,1,0,0,0,0,0,1,0,0,0,0,0,0,0,0,0,0,0,0,0,0,1,0,0,0,0,0,0,0,0,0,0,0,0,0,0,0,0,0,0,0,0,0,0,0,2,0,0,0,0,0,0,0,0,2,0,0,0,0,0,0,0,0,0,0,0,0,0,0,0,0,0,0,0,0,0,0,0,0,0,0,0,0,0,0,0,0,0,0,0,0,0,1,0,0,0,0,0,0,0,2,0,0,0,0,0,0,0,0,0,1,0,2,0,0,0,0,0,0,0,1,0,0,0,0,0,0,0,0,0,0
369,369,0,0,0,2,0,0,0,0,0,0,0,0,0,0,0,0,0,0,0,0,0,0,0,0,0,0,1,0,2,1,0,0,0,1,0,0,0,0,0,0,0,0,1,0,1,0,0,0,4,0,0,0,1,0,0,2,0,0,0,0,0,1,1,1,0,0,0,0,0,0,0,0,0,0,0,0,0,0,0,0,0,0,0,0,0,1,0,0,0,0,0,0,0,0,0,0,0,0,0,0,1,0,0,0,0,0,0,0,0,0,0,0,1,2,0,0,0,0,0,0,0,0,0,4,0,3,0,0,0,0,0,0,0,0,0,1,0,0,0,2,0,0,0,0,0,0,0,1,0,0,0,0,0,3,0,0,0,0,0,0,0,0,0,0,0,0,0,1,0,0,0,0,0,1,0,0,0,0,0,0,1,0,0,0,0,0,6,1,1,0,0,0,0,0,0,0,0,0,1,0,0,0,0,0,0,0,1,0,0,0,0,0,0,0,0,0,0,0,0,0,0,0,0,1,0,0,0,0,0,1,0,0,0,0,0,0,0,0,0,0,0,0,0,0,0,0,0,2,0,1,1,0,0,0,0,0,0,2,0,0,0,0,0,0,0,1,1,0,2,0,0,0,0,0,0,0,0,0,0,1,0,0,0,0,0,0,0,1,0,0,0,0,0,0,1,0,1,0,0,0,0,0,0,0,0,0,0,0,0,0,0,4,1
370,370,0,0,0,0,0,0,0,0,0,0,0,0,0,0,0,0,0,0,0,0,0,1,0,0,0,0,0,0,1,0,0,0,0,0,1,0,0,0,0,0,0,0,3,0,0,0,0,0,0,0,0,0,0,0,0,0,0,0,0,0,0,0,0,0,0,0,0,0,0,0,0,0,0,0,0,0,0,0,0,0,0,0,0,0,0,0,0,0,0,0,0,0,0,0,0,0,0,0,0,0,0,1,0,0,0,0,0,0,1,0,0,0,0,0,3,0,0,0,0,0,0,0,0,1,0,0,0,0,0,0,0,0,0,0,0,0,0,0,0,0,0,0,0,0,0,0,0,0,0,2,0,0,0,0,1,0,0,0,0,0,0,0,0,1,0,0,0,0,0,0,0,0,0,1,0,0,0,0,0,0,0,0,0,0,1,0,0,0,0,0,0,0,0,0,0,0,0,0,0,0,0,0,0,0,0,1,1,0,0,0,0,1,0,0,0,0,0,0,0,0,0,0,0,0,0,0,0,0,0,0,0,0,1,0,0,0,0,0,0,0,0,0,0,0,0,0,0,0,0,0,0,0,0,0,0,0,0,0,0,0,0,1,0,1,0,0,0,0,0,0,0,0,0,0,0,0,0,0,0,0,0,0,0,0,0,0,1,0,0,1,0,0,0,2,0,0,1,0,0,0,0,1,0,0,0,0,0,0,0,0,0,0,0
371,371,0,0,0,1,0,0,0,0,0,0,0,0,0,0,0,0,1,0,0,0,0,1,0,0,0,0,0,0,0,0,0,0,0,0,0,0,1,0,0,0,0,0,1,0,0,0,0,0,2,0,0,0,0,0,0,1,0,0,0,0,0,1,1,0,0,0,0,0,0,0,0,0,0,0,0,0,0,0,0,0,0,0,0,0,0,0,0,0,1,1,1,0,1,0,0,0,0,1,0,0,0,1,0,0,0,0,0,0,0,0,0,0,0,0,0,0,0,0,1,0,0,0,0,1,0,1,0,0,0,0,0,0,0,0,0,0,0,0,0,1,0,0,1,0,0,0,0,0,0,0,0,0,1,0,2,0,0,0,0,0,0,0,0,0,0,0,0,0,0,0,0,0,0,0,0,0,0,0,0,0,0,0,0,2,1,0,0,0,1,0,0,0,0,0,0,0,0,0,2,0,0,0,0,0,0,2,0,0,0,0,0,0,0,0,0,0,0,0,0,0,0,0,4,0,1,0,0,0,0,1,0,0,2,0,0,0,0,0,0,1,0,0,0,0,0,0,0,0,0,0,0,0,0,1,0,0,0,0,0,0,0,1,0,2,0,0,0,0,0,0,0,0,0,0,0,0,0,0,0,0,0,0,0,0,0,0,1,0,0,0,0,0,0,0,0,0,0,0,0,0,1,0,0,0,0,0,0,0,0,0,0,1,0
372,372,0,2,0,0,0,0,0,3,0,1,0,0,0,0,0,0,13,0,0,0,0,1,2,0,0,0,0,0,0,0,0,0,1,1,0,0,3,0,3,0,0,4,2,0,0,0,5,3,4,7,2,2,0,0,0,0,3,0,0,0,0,0,0,0,2,2,0,1,1,0,0,0,0,0,0,0,0,0,0,0,0,0,0,0,0,12,0,0,0,1,4,0,1,0,0,0,0,0,0,2,2,1,0,0,0,0,0,0,0,1,0,3,5,27,1,0,0,1,1,3,0,0,0,0,0,1,0,6,0,0,0,2,0,1,0,1,3,0,0,0,0,1,0,1,0,0,0,0,0,3,0,4,0,0,0,2,3,0,0,0,2,2,1,0,0,0,9,2,0,0,0,0,0,1,0,0,0,0,0,0,1,0,1,0,0,3,3,0,1,0,0,10,0,0,1,0,1,0,0,0,0,0,0,1,2,3,2,0,0,1,0,0,0,0,0,0,0,0,0,0,0,0,2,0,0,0,0,0,0,7,1,1,2,0,0,0,6,0,0,0,0,0,1,1,1,0,1,4,0,5,13,0,0,1,1,0,0,13,0,0,0,4,0,1,0,1,3,2,1,2,0,0,0,1,1,0,0,1,0,5,0,0,1,0,1,0,0,1,0,0,1,0,1,0,1,1,3,1,5,3,2,1,0,0,0,0,1,1,0,2,1,0,2
373,373,1,0,3,2,0,0,0,3,0,1,0,0,0,0,0,0,6,0,0,0,0,0,1,0,0,0,0,0,0,0,0,0,1,1,0,0,2,0,0,0,0,7,1,0,0,0,0,0,0,0,0,2,0,0,0,0,0,0,0,0,0,1,0,0,0,0,0,1,7,1,0,0,1,0,0,0,0,0,0,0,0,0,1,0,0,6,0,0,0,2,0,0,0,0,0,0,0,0,0,1,3,1,0,0,0,0,0,0,0,0,0,3,5,15,1,0,1,0,0,2,0,0,0,0,0,0,4,5,0,0,1,4,0,0,0,2,0,0,0,0,1,0,0,0,0,0,0,0,0,1,0,0,0,0,0,0,0,0,0,0,0,0,0,0,1,0,8,3,1,0,0,0,0,0,0,0,0,0,0,0,0,0,0,0,0,2,4,0,1,0,0,5,1,0,0,0,0,0,0,0,0,0,0,0,2,0,0,0,0,0,4,0,1,0,0,2,0,0,0,0,0,0,0,0,0,0,0,0,0,5,0,0,0,0,0,0,0,0,0,0,0,0,0,3,0,0,1,1,0,3,3,0,0,0,0,1,1,26,1,0,0,1,1,0,0,5,0,0,1,0,0,0,0,0,2,0,0,0,0,2,0,0,0,0,8,0,6,1,0,0,0,0,0,0,2,0,1,0,1,2,0,0,0,0,0,0,0,2,0,0,0,0,2
374,374,0,0,1,2,0,0,0,0,0,1,0,0,0,0,0,0,5,0,0,0,0,0,1,0,0,0,0,0,0,0,0,0,0,0,0,0,2,0,0,0,0,6,0,0,0,0,0,0,0,0,0,2,0,0,0,1,0,0,0,0,0,0,0,0,0,0,0,1,6,0,2,0,1,0,0,0,0,0,0,0,0,0,0,0,0,4,0,0,0,0,1,0,0,0,0,0,0,0,0,0,2,0,0,0,0,0,0,1,0,2,0,3,2,7,0,0,1,0,0,0,0,0,0,0,0,0,0,6,0,0,0,0,0,0,0,1,0,0,0,0,0,0,0,0,0,0,0,0,0,0,0,0,0,0,0,1,0,0,0,2,0,0,0,0,0,0,3,1,0,1,0,0,0,1,0,0,0,0,0,0,0,0,0,0,0,1,2,0,0,0,1,2,0,0,0,0,1,0,0,0,0,0,0,0,0,0,3,0,0,0,0,0,0,0,0,1,0,0,0,0,0,0,0,0,0,0,0,0,0,3,1,0,0,0,0,0,0,0,1,0,0,0,0,0,0,0,1,0,0,2,1,0,0,0,0,0,0,12,0,0,0,1,0,0,0,0,0,0,0,0,0,0,0,0,0,0,0,0,0,3,0,0,0,0,4,0,4,3,0,0,0,0,1,0,1,1,0,1,0,0,0,2,1,0,0,0,0,0,0,0,0,0,0
375,375,0,3,0,0,0,0,0,0,0,0,0,0,0,0,0,0,0,0,0,0,7,0,0,0,2,0,0,4,0,0,0,0,0,0,1,0,0,0,0,0,0,4,1,0,0,0,2,0,0,0,0,2,0,0,0,1,0,0,0,0,0,0,0,0,0,0,0,1,0,0,0,0,0,0,0,3,0,0,0,0,0,0,0,0,0,2,0,0,1,0,1,0,0,0,0,0,0,0,0,0,3,1,0,0,2,5,0,0,2,0,0,1,4,3,0,4,0,0,0,0,1,0,0,0,0,0,2,0,0,0,0,1,0,0,0,0,0,0,0,0,0,1,0,0,1,0,0,0,0,0,0,0,0,0,0,0,1,1,0,0,0,0,0,0,0,0,6,1,0,0,0,0,0,0,0,0,0,0,0,0,0,0,0,3,0,0,0,0,2,0,1,1,0,1,0,0,0,0,0,0,0,0,0,6,0,0,0,0,0,0,2,0,1,0,0,2,0,0,0,0,0,1,1,4,2,0,0,0,0,5,5,3,0,0,0,0,0,0,0,1,5,1,0,1,0,0,1,0,0,4,3,0,0,0,0,0,0,2,0,2,0,0,0,0,0,0,1,0,1,0,1,0,0,1,1,0,0,3,0,1,0,4,0,0,2,0,0,1,0,0,0,0,0,0,0,0,1,0,0,0,0,0,1,0,0,0,1,3,6,1,2,0,0
376,376,0,1,0,0,0,0,0,0,0,0,0,0,0,0,1,0,0,0,0,0,0,0,0,0,0,0,2,0,0,0,0,0,0,0,1,0,0,0,0,0,0,0,0,0,0,1,0,0,0,0,0,0,0,0,0,0,0,0,1,0,0,0,0,0,0,0,0,0,0,0,0,0,0,0,0,0,0,0,0,0,0,0,0,0,0,0,0,0,0,0,3,0,1,0,1,0,0,0,0,0,0,2,0,0,0,0,0,0,0,0,0,0,0,1,2,0,0,0,2,0,0,0,0,0,0,0,0,0,0,0,0,0,0,0,0,0,0,0,0,0,0,0,1,0,0,0,0,0,0,0,0,0,0,0,4,0,0,0,0,0,0,0,0,0,0,0,0,0,0,0,0,0,0,0,1,0,0,0,0,0,0,0,0,2,0,0,3,0,0,0,0,0,0,0,0,0,0,0,0,0,0,0,0,0,0,5,0,0,0,0,0,0,0,0,0,0,0,0,0,0,0,0,0,2,0,0,0,1,0,1,4,0,2,0,0,0,2,0,0,3,0,0,0,1,0,0,0,0,0,0,0,0,0,4,2,2,0,0,0,0,1,0,1,5,0,0,0,0,0,0,0,0,0,0,1,0,0,0,0,0,0,1,0,0,0,0,6,0,0,0,0,0,1,0,3,0,2,0,1,0,0,0,0,0,0,0,0,1,0,0,0,0,0
377,377,0,0,0,0,2,0,0,0,0,1,0,0,0,0,0,0,0,0,0,0,0,0,0,0,1,0,2,0,0,0,0,0,0,0,0,0,0,8,0,0,0,2,2,0,0,0,0,0,0,0,0,0,0,1,2,2,0,2,0,0,0,0,0,1,0,0,0,1,0,0,0,0,0,0,0,0,0,0,0,0,0,0,0,0,0,0,0,0,5,0,0,0,2,0,2,0,0,0,4,0,0,0,0,5,0,0,0,0,1,0,0,1,0,0,4,0,0,0,1,0,1,1,0,1,0,0,0,1,0,0,0,0,0,0,0,0,0,0,0,0,1,0,0,0,0,0,2,1,1,2,0,0,0,0,13,0,1,0,0,0,0,0,0,0,0,0,0,0,0,0,0,0,0,0,1,0,0,0,0,0,0,0,0,13,0,0,0,0,0,0,1,0,0,5,0,0,0,0,1,0,0,0,0,0,0,5,1,0,0,0,0,0,0,0,0,0,0,0,0,0,0,0,0,0,1,0,0,0,0,3,4,0,9,0,1,0,0,0,0,1,1,0,0,0,0,0,0,0,0,0,0,0,0,4,5,0,1,0,2,1,3,0,1,15,0,0,0,3,0,0,0,0,0,0,0,0,0,1,0,0,0,0,0,0,0,0,4,1,1,3,0,0,0,4,3,0,2,0,0,0,0,1,0,0,0,0,1,2,0,2,0,1,0
378,378,0,0,0,0,0,0,0,0,0,0,0,0,0,0,0,0,0,0,0,0,0,0,0,0,0,0,0,0,0,0,0,0,0,0,0,0,0,0,1,0,0,0,0,0,0,0,3,1,0,2,1,0,0,0,0,1,0,0,0,0,0,0,0,1,0,0,0,0,0,0,0,0,0,0,0,0,0,0,0,0,0,0,0,0,0,0,0,0,0,2,2,0,2,0,0,0,0,0,0,0,0,0,0,0,0,0,0,0,0,0,0,0,0,1,1,0,0,0,1,0,0,0,0,2,0,0,0,0,0,0,0,0,0,1,0,0,2,0,0,0,0,1,0,0,0,0,1,0,0,0,0,5,0,0,0,0,0,0,0,0,2,1,1,0,0,0,0,0,0,0,0,0,0,0,0,0,0,0,0,0,1,0,0,2,0,0,0,0,0,0,0,0,0,0,0,0,0,0,1,0,0,0,0,0,0,0,0,0,0,0,0,0,0,0,0,1,0,0,0,0,0,0,2,0,0,0,0,1,0,3,1,0,1,0,0,0,2,0,2,0,0,0,0,0,0,0,1,0,0,0,0,0,0,0,0,0,0,0,0,0,0,0,0,1,0,1,0,0,1,0,0,0,0,0,1,0,0,0,0,0,0,0,0,0,0,0,0,0,0,0,0,0,0,0,3,0,0,0,0,0,0,0,2,0,0,0,0,1,0,0,0,1,0
379,379,0,0,0,0,0,0,0,0,0,0,0,0,0,0,0,0,0,0,0,1,0,0,0,0,0,0,0,0,0,1,0,0,0,0,0,0,0,0,0,0,0,0,1,0,0,0,0,0,1,0,0,0,1,0,0,0,0,0,0,0,0,0,0,0,0,0,0,0,0,0,0,0,0,0,0,0,0,0,0,0,0,0,0,0,0,0,0,0,0,0,0,0,0,0,0,0,0,1,0,1,0,1,0,0,0,0,0,0,0,0,0,0,0,0,0,0,0,0,0,0,0,0,0,3,0,1,0,0,0,0,0,2,0,0,0,0,0,0,0,0,0,0,0,0,0,0,0,1,0,0,0,0,0,0,0,0,0,0,0,0,0,0,0,0,0,0,0,1,0,0,1,0,0,0,1,0,0,0,0,0,0,0,0,0,0,0,1,0,0,0,1,0,0,0,3,0,1,0,0,0,0,0,0,0,0,0,0,0,0,0,0,0,0,0,0,1,0,0,0,0,0,0,0,0,0,0,0,0,0,0,0,0,0,0,0,0,0,0,0,0,0,0,0,0,0,0,1,1,0,0,0,0,0,1,0,0,0,0,0,0,0,0,0,1,0,0,0,0,0,0,0,0,0,0,0,0,0,1,0,1,0,0,0,0,0,0,1,0,0,0,0,0,0,0,0,0,0,1,1,0,1,0,0,0,0,0,0,0,0,0,0,1,0
380,380,0,2,1,3,0,0,0,2,0,1,0,0,0,0,0,1,9,2,0,0,0,0,0,0,0,0,0,0,0,0,0,1,1,0,1,0,1,0,0,0,0,11,2,0,0,0,0,0,0,0,0,3,0,0,0,0,0,0,0,0,1,0,0,0,0,0,0,2,3,0,2,0,0,0,0,0,0,0,0,0,0,0,0,0,0,5,0,0,0,1,1,0,0,0,0,0,0,0,0,1,10,4,0,1,0,0,0,0,0,1,0,2,7,28,0,0,0,0,3,2,0,1,0,0,0,0,2,13,0,0,0,12,0,0,0,0,0,0,0,0,0,1,0,0,0,0,0,0,0,0,0,0,0,0,0,0,0,0,0,0,0,0,0,0,1,0,11,5,4,1,1,0,0,1,1,0,0,0,0,0,0,0,0,0,0,3,0,1,3,0,0,6,0,0,0,0,0,0,0,0,0,0,0,9,2,0,5,0,0,0,0,1,2,0,2,5,0,0,0,0,3,0,0,1,0,0,0,0,0,6,0,0,1,0,0,0,0,1,1,1,0,0,0,3,1,1,5,0,0,7,10,0,0,0,1,0,0,10,0,10,0,6,0,0,0,2,0,0,5,0,0,0,0,1,0,0,0,1,0,15,0,0,0,0,8,0,7,0,0,0,0,0,1,0,8,9,8,0,0,0,0,0,1,0,0,0,1,2,0,1,0,0,3
381,381,0,4,0,1,0,0,0,0,0,0,0,0,0,0,0,0,0,0,0,0,5,0,0,0,0,0,2,0,0,0,0,0,0,0,0,0,0,6,0,0,0,0,2,0,0,0,0,0,0,0,0,0,0,0,0,0,0,0,0,0,1,0,0,0,0,0,0,0,0,0,0,0,0,0,0,0,0,0,0,0,1,0,0,0,0,1,0,0,12,0,0,0,0,0,1,0,0,0,0,0,1,0,0,1,0,0,0,0,0,0,0,2,0,2,1,0,0,0,0,0,1,1,0,0,0,0,0,1,0,0,0,0,0,1,0,0,0,0,0,0,1,0,0,0,0,0,1,0,0,0,0,0,0,0,0,0,0,0,0,0,0,0,0,0,0,0,0,0,0,0,0,0,0,1,0,0,0,0,0,0,0,3,0,14,0,0,0,2,2,0,0,0,1,4,0,0,0,0,0,0,0,0,0,1,0,0,0,0,0,0,0,0,0,0,0,0,0,0,0,0,6,2,1,0,0,0,0,0,0,1,10,0,0,0,0,0,0,0,0,1,0,0,0,0,0,0,3,1,0,0,0,0,0,0,0,0,0,0,0,0,3,0,0,0,0,0,0,0,0,0,0,0,0,0,0,0,0,4,2,1,0,1,0,0,0,0,0,0,0,0,0,0,1,0,0,0,0,0,0,0,2,0,0,0,0,0,0,0,1,0,2,0,0
382,382,0,1,2,2,1,0,0,0,0,4,0,0,0,0,0,0,0,0,0,3,0,0,0,0,0,0,0,0,1,3,0,0,0,3,0,0,2,0,0,0,0,1,0,0,1,0,0,0,8,0,0,0,1,0,0,4,0,0,0,1,0,3,0,0,0,0,0,0,0,0,0,0,2,0,0,0,1,0,0,0,0,0,0,0,0,0,0,0,0,0,0,0,0,0,0,0,0,1,0,1,0,3,0,0,0,0,0,0,0,0,0,0,0,4,0,0,0,1,1,1,0,0,0,7,0,8,0,1,0,0,0,1,0,0,0,3,0,0,0,1,0,0,0,0,0,0,0,3,0,1,0,0,3,4,0,0,0,0,0,0,0,0,0,0,0,0,3,0,0,0,0,0,0,0,1,0,0,0,0,0,4,0,0,0,0,0,12,0,2,0,1,1,0,0,12,0,0,0,0,0,0,0,0,0,0,0,3,0,0,0,0,0,0,0,0,3,0,0,0,0,0,0,0,0,0,0,1,0,0,6,0,0,1,0,0,0,5,0,2,0,0,0,0,1,0,0,0,0,0,4,0,0,0,0,0,0,0,1,3,0,0,1,0,2,0,0,0,2,1,0,0,0,0,1,1,0,0,0,0,5,0,2,0,0,0,0,1,1,0,0,0,0,0,0,4,4,0,3,0,0,0,0,0,0,0,0,0,1,0,2,0,4,0
383,383,1,0,1,4,0,0,0,1,0,0,0,0,0,0,0,0,26,0,0,0,1,0,1,0,0,0,1,0,0,0,1,0,1,0,0,0,6,0,0,0,0,21,0,0,0,0,0,0,0,0,0,2,0,0,0,0,0,0,0,0,0,0,0,0,0,0,0,3,7,1,0,0,0,0,0,0,0,0,1,0,0,0,0,0,0,6,0,0,0,0,0,0,0,0,0,1,0,1,0,1,3,8,0,0,0,0,0,0,0,0,1,2,13,41,0,0,0,0,2,5,0,0,0,0,0,0,3,15,0,0,0,11,0,0,0,0,0,0,0,0,1,1,0,0,0,0,0,0,0,0,0,0,0,0,1,1,1,0,0,0,0,0,0,0,0,0,22,5,0,1,0,0,0,3,0,0,0,0,0,0,0,0,0,0,0,2,0,1,8,0,0,12,0,0,0,0,0,0,0,0,0,0,0,1,1,2,2,0,0,0,4,0,0,0,0,0,0,0,0,2,0,0,0,0,2,0,0,0,0,16,0,0,0,0,0,0,0,2,3,1,0,0,0,1,1,0,0,0,0,4,24,0,0,0,1,0,1,27,0,0,0,1,0,0,1,1,0,0,0,0,0,0,0,1,1,0,0,1,0,10,0,0,0,0,7,0,6,5,0,1,0,0,1,0,4,0,4,0,0,1,3,0,0,0,0,0,3,1,0,0,0,1,1
384,384,0,0,0,0,0,0,0,0,0,1,0,0,0,0,0,0,0,0,0,0,0,0,0,0,0,0,0,0,0,0,0,0,0,0,0,0,0,1,0,0,0,0,0,0,0,1,3,0,0,0,0,0,0,0,1,0,1,0,1,0,0,0,0,0,0,0,0,0,0,0,0,0,0,0,0,0,0,0,0,0,0,0,0,0,0,0,0,0,0,0,2,0,1,0,0,0,0,0,0,0,0,0,0,0,0,0,0,0,0,0,0,0,0,0,1,0,0,0,2,0,0,0,0,0,0,0,1,0,0,0,0,0,0,0,0,0,0,0,0,0,0,0,0,0,0,0,0,0,0,1,0,7,0,0,0,0,0,0,0,0,0,0,0,0,0,0,0,0,0,0,0,0,0,0,0,0,0,1,0,0,0,0,0,2,1,0,0,1,1,0,0,0,0,0,0,0,1,0,0,0,0,0,0,0,0,0,0,0,0,0,0,0,0,0,0,0,0,0,0,0,0,0,0,1,0,0,0,1,0,1,3,0,0,0,0,0,4,0,0,0,0,0,0,0,0,0,0,0,0,0,1,0,0,1,1,0,0,0,0,0,0,0,0,1,0,0,0,1,1,0,0,0,0,0,0,0,0,0,0,0,0,0,0,0,0,0,0,0,0,0,1,0,0,0,0,0,0,0,5,0,0,0,0,0,0,0,0,0,0,0,0,0,1
385,385,0,1,0,0,0,0,0,0,0,0,0,0,0,0,1,0,0,0,0,0,1,0,0,0,0,0,0,0,0,0,0,0,0,0,1,0,0,2,0,0,0,0,2,0,0,0,0,0,0,0,0,0,0,0,1,0,0,0,0,0,0,0,0,0,0,0,0,0,0,0,0,0,0,0,0,0,0,0,0,0,1,0,0,0,0,1,0,0,2,0,0,0,1,0,3,0,0,0,1,0,0,0,0,3,0,0,0,0,0,0,0,0,0,0,0,0,1,0,0,0,0,0,0,0,0,0,1,0,0,0,0,0,0,0,0,0,0,0,0,0,0,0,1,0,0,0,0,0,0,1,0,0,0,0,2,0,0,0,0,0,0,0,0,0,0,0,0,0,0,0,0,0,0,0,0,0,0,0,0,0,0,1,0,5,0,0,0,0,0,0,0,0,0,1,0,0,0,0,0,0,0,0,0,0,0,2,0,0,0,0,0,0,0,0,0,0,0,0,0,0,2,3,0,0,0,0,0,0,0,3,7,0,4,0,0,0,0,0,2,0,0,0,0,0,0,0,2,0,0,0,0,0,0,2,1,0,0,0,0,0,2,0,0,3,0,0,0,0,1,0,0,0,0,0,0,0,0,0,0,1,0,0,0,0,1,0,4,0,0,1,0,0,0,2,0,0,1,0,0,0,0,0,0,0,0,0,1,1,0,0,0,0,0
386,386,4,2,3,5,0,0,0,5,0,0,0,0,0,0,0,0,43,0,0,0,0,0,2,0,1,0,1,0,0,0,0,0,0,0,0,0,9,0,0,0,0,21,2,0,0,0,0,1,0,0,0,3,1,0,0,0,0,0,0,0,0,0,0,0,1,0,0,11,10,3,2,0,9,0,0,0,0,0,0,0,0,0,0,1,0,16,0,0,0,1,0,0,0,0,0,1,0,0,0,2,6,4,0,0,0,0,0,1,1,3,0,7,23,55,0,0,3,0,0,10,0,0,0,0,0,0,11,29,0,1,1,19,0,0,0,0,0,0,0,1,2,1,1,0,0,0,0,0,0,0,0,0,0,0,0,1,3,0,0,0,0,0,0,0,0,0,25,11,0,1,0,0,0,4,0,0,0,0,1,0,0,0,0,0,0,4,1,0,6,0,0,23,0,0,1,0,0,0,0,0,0,0,0,2,3,3,3,0,0,0,1,0,1,0,1,4,0,0,0,0,0,0,1,0,0,0,0,0,0,13,1,0,0,0,0,0,0,0,4,0,0,0,0,4,3,0,4,0,0,9,47,0,2,4,1,0,1,41,0,0,0,4,0,0,0,3,2,2,5,0,0,0,0,4,1,0,1,0,1,22,0,0,0,0,15,0,10,1,0,0,0,0,4,0,10,2,9,0,1,6,2,2,0,2,0,0,0,0,0,2,0,0,1
387,387,0,0,0,1,0,0,0,0,0,2,0,0,0,0,1,0,2,0,0,0,0,0,1,0,0,0,1,0,1,1,0,0,0,0,0,1,0,0,4,0,0,8,0,2,0,1,4,4,4,0,0,0,2,0,1,7,1,0,0,0,0,0,0,2,2,0,0,0,0,0,0,0,0,0,0,0,0,0,0,0,0,0,0,0,0,1,0,0,0,1,3,0,2,0,0,0,0,0,0,0,0,0,0,0,0,0,0,0,0,0,0,0,0,14,1,0,0,0,5,0,0,0,0,1,1,0,0,5,0,0,0,1,0,3,0,2,0,0,0,0,1,0,0,0,0,0,0,1,0,0,0,13,0,1,2,0,2,0,0,0,0,0,0,0,0,0,7,0,0,0,0,0,0,1,1,0,0,0,0,0,1,0,0,0,0,0,1,0,2,0,0,2,0,0,0,0,0,0,3,0,0,0,0,0,0,0,5,0,0,0,0,1,0,0,1,0,0,0,0,0,0,0,3,1,1,0,0,0,0,1,1,1,2,0,0,0,5,0,0,0,0,0,0,0,0,0,1,4,1,0,2,0,0,1,0,4,0,0,0,0,0,1,1,0,0,0,0,0,1,0,0,0,0,0,0,0,0,1,0,2,0,1,0,0,6,0,0,0,0,0,0,0,1,0,7,0,0,0,2,1,0,0,0,0,0,0,2,1,0,0,0,0,1
388,388,0,0,1,1,2,0,0,0,0,0,0,0,0,0,0,0,0,0,0,4,0,0,0,0,0,0,0,0,0,0,0,0,0,0,0,0,0,0,0,1,0,0,0,0,0,0,0,0,1,0,0,2,0,0,0,4,0,0,0,0,0,0,0,1,0,0,0,0,0,0,0,0,0,0,0,0,0,0,0,0,0,0,0,0,0,0,0,0,0,0,0,0,0,0,0,0,0,0,0,0,0,0,0,0,0,0,1,0,0,0,0,0,0,0,0,0,0,0,1,0,0,0,1,6,1,0,0,0,0,0,0,0,0,0,0,2,0,0,0,3,0,0,0,0,0,0,0,0,0,0,0,3,3,4,0,0,1,0,0,0,0,0,0,0,0,0,1,1,0,0,0,0,0,1,0,0,0,0,0,0,0,0,0,0,1,0,2,0,0,0,0,0,0,0,12,0,1,0,2,0,0,0,0,0,0,0,1,0,0,0,0,0,0,0,0,0,0,0,0,0,0,0,0,2,0,0,0,0,0,3,0,3,0,0,0,0,0,0,3,0,0,0,0,0,0,0,3,0,1,0,0,0,1,0,0,0,0,0,1,0,0,0,0,0,0,0,0,0,3,0,0,0,0,0,0,0,0,0,0,0,0,0,0,0,0,0,0,0,0,0,0,0,0,0,0,0,0,0,0,0,0,0,1,0,0,0,0,0,0,2,0,3,0
389,389,1,1,1,2,0,0,0,1,0,0,0,0,0,2,0,0,4,0,0,0,0,0,1,0,0,0,1,0,0,0,0,0,1,0,2,0,1,0,0,0,0,7,2,0,0,0,0,0,1,0,0,0,0,0,0,0,0,0,0,0,0,0,0,1,0,0,1,3,2,0,0,0,1,0,0,0,0,0,0,0,0,0,0,0,0,2,0,0,0,0,1,0,0,0,0,0,0,0,0,0,2,2,0,0,0,0,0,0,0,0,0,4,4,16,0,0,2,0,1,2,0,0,0,0,0,0,0,5,0,0,0,7,0,0,0,0,0,0,0,0,0,1,0,1,0,0,0,0,0,0,0,0,0,0,0,1,1,0,0,0,0,0,0,0,2,0,6,2,1,1,0,0,0,0,1,0,0,0,0,0,0,0,0,8,0,0,0,0,2,0,0,0,0,1,0,0,0,0,0,0,0,0,0,3,0,0,2,0,0,0,0,0,1,0,1,3,0,0,0,0,0,4,0,0,0,1,0,0,0,2,11,0,2,0,0,0,0,0,1,2,0,0,0,1,0,0,2,0,0,1,15,0,1,0,3,0,0,3,0,0,0,2,0,0,0,0,0,0,1,0,0,0,0,0,0,0,0,1,0,2,0,3,0,0,1,0,0,2,0,0,0,0,1,0,4,0,5,0,0,1,1,0,0,0,0,0,1,1,0,0,0,0,4
390,390,0,1,0,1,0,0,0,0,0,0,0,0,0,0,0,0,0,0,0,0,13,0,0,0,0,0,0,0,0,0,0,0,0,0,0,0,0,1,0,0,0,1,0,0,0,0,0,0,0,0,0,0,0,0,0,0,0,0,0,0,0,0,5,0,0,0,0,0,0,0,0,0,0,0,0,6,0,0,0,0,0,0,0,0,0,1,0,0,0,0,0,0,0,0,0,0,0,0,0,0,0,1,0,0,1,0,1,0,0,0,0,0,0,2,0,0,0,0,0,0,0,0,0,0,0,0,5,0,0,0,0,0,0,0,0,0,0,0,0,0,1,0,0,0,1,0,0,0,0,0,0,0,0,0,0,0,0,1,0,0,0,0,0,0,0,0,0,0,0,0,0,0,0,3,0,0,0,0,0,0,0,0,0,0,0,0,0,0,0,0,0,0,0,0,0,4,0,0,1,0,0,0,0,0,0,0,0,0,0,0,2,0,1,0,0,0,0,0,0,0,0,0,3,4,0,0,0,0,0,1,0,4,0,0,0,0,0,0,0,0,2,0,1,0,0,0,0,0,0,0,0,0,0,0,0,1,0,0,1,0,0,0,0,0,0,0,0,0,0,1,0,0,0,0,2,0,1,0,0,0,0,2,0,0,2,0,0,0,0,0,0,0,1,0,0,0,0,0,0,0,0,0,1,0,0,0,0,0,11,0,4,0,1
391,391,0,0,0,3,0,0,0,0,0,0,0,0,0,0,0,0,9,0,0,0,0,0,1,0,0,0,0,0,0,0,0,0,1,0,0,0,1,0,0,0,0,6,3,0,0,0,0,0,0,0,0,3,0,0,0,0,0,0,0,0,0,0,0,0,0,0,1,4,9,1,0,0,0,0,0,0,0,0,0,0,1,0,0,0,0,9,0,0,0,1,0,0,0,0,0,2,0,0,0,0,4,7,0,1,0,0,0,1,0,0,0,5,13,21,0,0,1,0,0,2,0,0,0,0,0,0,3,11,0,0,0,3,0,0,0,0,0,0,0,0,0,1,0,0,0,0,0,0,0,0,0,0,0,0,0,0,0,0,0,0,0,0,0,0,0,0,15,5,0,0,0,0,0,2,0,0,0,0,0,0,0,0,0,0,0,1,0,0,2,0,0,6,0,0,0,0,0,0,0,0,0,0,0,1,3,0,2,0,0,0,0,0,0,0,0,1,0,0,0,0,0,0,0,0,1,0,0,0,0,5,0,0,0,0,0,0,0,1,6,2,0,0,0,2,0,0,2,0,0,10,15,0,0,1,2,0,0,22,0,1,0,0,0,0,0,0,1,0,2,0,0,0,0,1,1,0,0,0,0,7,0,0,0,0,2,0,7,0,0,0,0,0,3,0,2,0,0,0,0,0,1,0,0,1,0,0,0,1,0,1,0,0,5
392,392,0,5,0,0,1,0,0,0,0,0,0,0,0,2,0,0,1,0,0,0,6,0,0,0,0,0,0,2,0,0,0,0,0,0,4,1,1,0,0,0,0,0,2,0,0,0,0,0,1,0,0,1,0,0,0,2,0,0,0,0,0,0,1,1,0,0,0,0,0,0,0,0,0,0,0,7,0,0,0,0,0,0,0,0,0,2,0,0,0,1,0,0,0,0,1,0,0,0,0,0,0,1,0,0,0,1,0,0,0,0,0,0,0,1,0,0,0,0,0,0,1,0,0,0,1,0,0,0,0,0,0,0,0,0,0,0,0,0,0,0,0,0,0,2,1,0,0,0,0,0,2,0,0,0,1,0,0,1,0,0,0,0,0,0,0,0,0,0,0,0,0,0,0,0,0,0,0,0,0,1,0,0,0,1,0,0,0,0,0,0,0,0,0,0,0,0,0,0,0,0,0,0,0,1,0,0,0,0,0,0,1,0,2,0,0,0,0,0,0,0,0,3,0,3,0,0,0,0,0,2,0,1,1,0,0,0,1,0,0,0,2,1,0,0,0,0,1,0,0,0,0,0,0,0,0,0,0,0,0,0,0,0,0,0,0,0,0,0,1,0,1,0,0,0,1,0,0,0,0,0,0,1,0,0,1,0,0,0,0,0,0,0,0,0,0,0,0,1,0,0,2,0,0,0,0,0,0,0,3,1,4,1,1
393,393,0,0,3,2,1,0,0,0,1,1,0,0,0,0,1,1,0,0,0,9,0,0,0,0,0,0,2,0,0,5,0,0,0,5,0,0,0,0,0,0,0,0,0,0,0,0,1,0,1,0,0,4,2,0,0,8,0,0,0,1,6,3,0,1,0,0,0,0,0,0,0,0,0,0,0,0,0,0,0,0,0,0,0,0,0,0,0,0,0,5,1,0,0,0,0,0,0,1,0,0,0,1,0,0,0,0,0,0,0,0,0,0,0,3,0,0,1,0,0,0,0,0,0,16,0,3,0,0,0,0,0,0,0,0,0,4,0,0,0,5,1,1,0,0,0,0,0,6,0,0,0,0,2,10,1,0,1,0,0,0,0,0,0,0,0,0,2,0,0,0,0,0,0,0,2,0,0,0,0,3,4,0,0,0,0,0,7,1,1,0,0,0,0,0,30,0,2,0,5,0,0,0,0,0,0,0,2,0,0,0,0,0,0,0,0,0,0,0,0,0,0,0,0,0,0,0,0,0,0,8,0,4,0,0,0,0,4,0,2,0,0,0,0,0,0,0,3,0,0,0,4,0,3,1,1,0,0,3,1,0,0,0,0,5,0,0,0,0,2,0,0,0,0,0,2,0,0,0,0,0,0,2,0,0,0,0,0,0,0,0,0,1,0,0,2,0,1,1,0,0,0,0,0,1,1,0,0,0,0,5,0,2,0
394,394,4,0,1,1,0,0,0,1,0,0,0,0,0,0,0,0,13,0,0,0,0,0,1,0,0,0,0,0,0,0,0,0,0,0,0,0,1,0,0,0,0,4,2,0,0,0,0,0,0,0,0,1,0,0,0,0,0,0,0,0,0,0,0,0,0,0,0,2,0,0,0,0,0,0,0,0,0,0,0,0,0,0,1,0,0,1,0,0,0,0,1,0,0,0,0,0,0,0,0,0,0,1,0,0,0,0,0,0,0,0,0,0,6,17,0,0,2,0,0,1,0,0,0,0,0,0,3,6,0,1,0,0,0,0,0,0,0,0,0,0,1,0,1,0,0,0,0,0,0,0,0,0,0,0,0,0,0,0,0,0,0,0,0,0,0,0,3,4,0,0,0,0,0,0,0,0,0,0,0,0,0,0,0,0,0,1,1,0,2,0,0,16,0,0,0,0,0,0,0,0,0,0,0,0,0,0,0,0,0,0,0,0,1,0,0,0,0,0,0,0,0,0,0,0,0,0,0,0,0,3,0,0,0,0,0,0,0,0,2,0,0,1,0,0,1,0,1,0,0,3,2,0,0,0,2,0,0,7,1,0,0,1,0,0,0,0,0,0,0,0,0,0,0,2,1,0,0,0,0,2,0,0,0,0,6,0,4,0,0,0,0,0,0,2,1,0,4,0,0,0,2,0,0,0,0,0,0,0,0,0,0,0,0
395,395,0,1,1,1,1,0,0,0,0,0,0,0,1,0,1,0,0,0,0,1,2,0,0,0,1,0,3,0,0,1,0,0,0,0,0,0,0,2,3,0,0,0,2,0,0,0,2,1,0,2,0,0,0,0,0,0,0,0,0,0,0,0,0,2,0,1,0,1,1,0,0,0,0,0,0,0,0,0,0,0,1,0,0,0,0,1,0,0,1,0,4,0,1,0,0,0,0,0,0,0,0,0,0,0,0,0,0,0,0,0,0,1,0,1,2,0,0,0,2,0,0,0,0,1,1,0,0,0,0,0,2,0,0,0,0,0,0,0,0,0,1,0,0,0,0,0,0,1,0,1,0,2,0,0,0,0,0,0,0,0,0,1,1,0,0,0,1,0,0,0,0,0,0,2,0,0,0,0,0,0,0,0,0,9,0,0,1,2,2,0,0,0,0,1,0,0,0,0,0,0,0,0,0,0,0,0,1,0,0,0,0,0,0,0,0,0,0,0,0,1,1,5,0,0,0,0,0,1,0,4,15,0,2,0,0,0,3,0,2,0,0,0,0,0,0,1,3,0,0,0,0,0,0,0,1,1,0,0,1,0,1,0,0,1,0,0,0,0,0,0,0,0,0,0,0,0,0,1,0,0,0,0,0,0,2,0,0,0,0,0,3,0,2,0,6,0,0,0,4,0,2,0,1,0,0,0,0,1,0,1,1,1,0
396,396,0,0,0,0,1,0,0,0,0,0,0,0,0,0,0,0,0,0,0,0,0,0,0,0,0,0,0,0,0,0,0,0,0,0,0,0,0,0,0,0,0,0,0,0,0,0,2,0,0,0,0,0,0,0,3,0,1,0,1,0,0,0,0,0,0,0,0,0,0,0,0,0,0,0,0,0,0,0,0,0,0,0,0,1,0,0,0,0,0,0,0,0,0,0,0,0,0,0,0,0,0,0,0,0,0,0,0,0,0,0,0,0,0,0,0,0,0,0,1,0,0,0,0,0,0,0,0,0,0,1,0,0,0,0,0,1,0,0,0,0,0,0,0,0,0,0,0,0,1,2,0,2,0,0,0,0,0,0,0,0,0,0,0,0,0,0,0,0,0,0,0,0,0,0,0,0,0,0,0,0,0,0,1,0,0,0,0,0,0,0,0,0,0,0,0,0,0,0,0,0,0,0,0,0,0,0,0,0,0,0,0,0,0,0,0,0,0,0,0,0,0,0,0,0,0,0,0,0,0,1,0,0,2,2,0,0,4,0,5,0,0,0,0,0,0,1,1,0,0,0,0,0,0,0,0,1,0,0,0,0,0,0,0,0,0,0,0,1,1,0,0,0,0,0,0,0,0,0,0,0,0,0,0,0,0,0,0,0,0,1,3,0,0,0,1,0,0,0,0,0,0,0,0,0,0,0,0,0,0,0,0,0,0
397,397,0,0,2,0,0,0,0,0,0,1,0,0,0,0,0,0,0,0,0,0,0,0,0,0,0,0,4,0,0,0,0,0,0,0,0,0,0,0,0,0,0,1,0,0,0,0,0,0,1,0,0,0,0,0,0,0,0,0,0,0,0,0,1,0,0,0,0,0,0,0,0,0,0,0,2,0,0,0,0,0,0,0,0,0,0,1,0,0,0,0,1,0,0,0,1,0,0,1,0,0,0,1,0,0,0,0,0,0,0,0,0,1,0,1,0,0,0,0,0,0,0,0,0,0,0,4,0,0,0,0,1,0,0,0,0,0,0,0,0,2,0,0,0,0,0,0,0,0,0,0,0,1,0,0,1,0,0,0,0,0,0,0,0,0,0,0,0,0,0,0,0,0,0,0,1,0,0,0,0,0,0,1,0,6,0,0,2,0,1,0,0,0,0,1,0,0,0,0,0,0,0,0,0,0,0,0,1,0,0,0,0,0,0,0,0,0,0,0,0,0,2,1,0,0,0,0,0,0,0,1,7,0,1,0,0,0,1,0,0,0,0,0,0,0,0,0,1,0,0,0,0,0,0,2,0,1,0,0,0,0,0,1,0,4,0,0,0,0,0,0,0,0,0,0,0,0,0,0,0,0,0,0,0,0,0,0,2,0,0,0,0,0,0,0,2,0,2,0,1,0,0,0,0,0,0,0,0,0,0,0,2,3,1
398,398,0,0,0,0,0,0,0,0,0,0,0,0,0,0,2,0,0,0,0,0,0,0,0,0,0,0,4,0,0,1,0,0,0,0,0,0,0,0,0,0,0,0,0,0,0,0,0,0,0,0,0,0,1,0,0,0,0,3,0,0,0,0,1,0,0,0,0,0,0,0,0,0,0,0,0,0,0,0,0,0,0,0,0,0,0,0,0,0,0,0,1,0,0,0,0,0,0,0,0,0,0,0,0,0,0,0,0,0,0,0,0,0,0,0,0,0,0,0,0,0,0,0,0,0,0,0,0,0,0,0,0,0,0,1,0,1,0,0,0,0,0,0,0,0,0,0,0,0,0,2,0,0,1,0,5,0,0,0,0,0,0,0,0,0,0,0,0,0,0,0,0,0,0,0,0,0,0,0,0,0,0,0,0,0,0,0,0,0,0,0,0,0,0,0,0,0,0,0,0,0,0,0,0,0,1,2,0,0,0,0,0,0,0,0,0,0,0,0,0,0,0,0,0,1,1,0,0,2,0,1,0,0,11,0,0,0,0,0,0,0,0,0,0,0,0,0,1,0,0,0,0,0,0,10,1,0,0,0,0,0,0,0,0,6,0,0,0,0,0,0,0,0,0,2,0,0,0,1,0,0,0,0,0,0,0,0,8,0,1,0,0,0,0,0,0,0,5,0,0,0,0,0,2,0,0,0,0,1,0,0,0,2,0
399,399,0,0,0,0,0,0,0,1,0,0,0,0,0,0,1,0,0,0,0,0,0,0,0,0,0,0,0,0,0,0,0,0,0,0,0,0,1,0,0,0,0,2,0,0,0,1,3,1,2,0,0,0,0,0,0,0,0,0,0,0,0,0,0,0,1,0,0,0,0,0,0,0,0,0,0,0,0,0,0,0,0,0,0,0,0,1,0,0,1,0,5,0,4,0,0,0,0,0,0,0,0,0,0,0,0,0,0,0,0,0,0,0,0,8,1,0,0,0,3,3,0,0,0,0,0,0,3,0,0,0,0,4,0,1,0,2,0,0,0,0,1,1,0,0,0,0,0,0,0,1,0,11,0,0,0,0,0,0,0,0,2,0,0,0,0,0,4,0,0,0,0,0,0,0,1,0,0,0,0,0,2,0,1,0,0,0,0,0,2,0,0,0,0,0,0,0,0,0,0,0,0,0,0,0,0,0,1,0,0,0,0,0,1,0,0,0,0,0,0,0,0,0,0,0,0,0,0,0,0,4,2,0,0,0,0,0,3,0,0,0,0,0,0,0,0,0,0,3,0,0,0,0,0,2,0,2,1,0,0,0,0,0,2,0,0,0,0,2,2,0,0,0,0,0,2,0,0,0,0,0,0,0,1,0,0,0,0,0,0,0,1,0,0,0,1,1,0,0,3,0,0,0,0,0,0,0,0,0,0,0,0,0,0
400,400,0,3,0,1,2,0,0,0,0,0,0,0,0,0,0,0,0,0,0,0,0,0,0,0,0,0,0,0,0,0,0,0,0,0,3,0,0,1,0,0,0,1,0,0,0,0,0,0,0,0,0,0,0,0,0,0,0,0,0,0,0,0,0,0,0,0,0,0,0,0,0,0,0,0,0,0,0,0,0,0,1,0,0,0,0,0,0,0,0,0,1,0,1,0,0,0,0,0,0,0,0,0,0,0,0,1,0,0,0,0,0,0,0,0,0,0,0,0,0,0,0,1,0,0,0,1,0,0,0,0,0,0,0,0,0,0,0,0,0,0,0,0,0,1,0,0,0,0,0,0,0,0,0,0,1,1,1,0,0,0,0,0,0,0,0,0,0,0,0,0,0,0,0,0,1,0,0,0,0,0,0,0,0,0,0,0,0,0,1,0,0,0,0,0,0,0,3,0,0,0,0,0,0,3,0,0,0,0,0,0,0,0,0,0,0,0,1,0,0,0,0,2,1,0,0,0,0,0,0,1,0,2,0,0,0,0,1,0,0,0,0,0,0,0,0,0,0,1,3,0,0,0,0,0,0,0,0,0,0,0,0,0,0,0,0,0,2,0,0,0,1,0,0,0,0,0,0,0,0,0,0,0,0,0,2,0,0,0,0,0,0,0,0,0,0,0,0,0,0,0,0,0,0,0,0,0,0,0,3,0,1,1,0
401,401,0,2,0,2,1,0,0,0,0,0,0,0,0,0,0,0,1,0,0,0,0,0,0,0,0,0,0,0,1,2,0,0,0,0,0,0,0,0,3,0,1,0,1,4,0,5,4,1,3,0,0,0,1,0,1,5,1,0,0,0,0,1,0,3,3,0,0,0,0,0,0,0,0,0,0,0,0,0,0,0,0,0,0,2,0,1,0,0,1,0,12,0,2,0,0,0,0,0,1,0,0,0,0,0,0,0,0,0,0,0,0,0,3,10,3,1,0,0,1,0,0,0,0,2,0,1,2,2,0,0,0,1,0,2,0,3,2,0,0,0,0,1,0,0,0,0,0,0,0,1,0,12,1,0,1,0,0,0,0,1,7,0,0,0,0,0,1,0,1,0,0,0,0,2,0,0,0,0,0,0,2,0,2,2,0,0,0,0,1,0,0,0,0,0,0,0,2,0,0,0,0,0,0,0,2,0,0,0,0,0,0,0,0,0,0,1,0,0,0,0,0,0,0,0,0,0,0,0,0,1,0,0,1,1,0,0,8,0,0,0,0,0,0,0,0,0,0,5,0,0,1,0,0,0,0,0,0,0,0,0,0,1,0,0,0,0,1,1,0,0,0,0,0,1,0,0,0,1,0,1,0,0,1,0,0,0,0,0,1,0,0,0,0,0,2,0,0,0,5,0,0,0,0,0,0,0,0,2,0,0,1,0,0
402,402,0,1,0,0,0,0,0,0,0,3,0,0,0,0,0,0,0,0,0,0,0,0,0,0,1,0,1,0,1,1,0,0,0,0,0,0,1,0,0,0,0,1,1,0,0,0,0,0,5,0,0,0,1,0,0,3,0,0,0,0,0,0,1,0,0,0,0,0,1,0,0,0,0,0,0,1,0,0,0,0,0,0,0,0,0,0,2,0,0,1,6,0,2,0,0,0,0,0,0,0,0,1,0,0,0,0,1,0,0,0,0,1,0,2,0,0,0,0,1,1,0,0,1,5,1,5,0,1,0,0,0,0,0,3,0,2,0,0,0,2,0,0,0,0,0,0,0,1,0,0,0,0,0,4,0,0,0,0,0,0,0,0,0,0,0,0,0,1,5,0,0,0,0,1,0,0,1,0,1,0,0,0,0,1,0,0,8,1,1,0,0,0,0,0,0,0,2,0,0,0,0,0,0,1,0,0,2,0,0,0,0,0,0,0,0,0,0,0,0,0,0,0,5,0,0,1,0,0,0,2,1,0,1,0,0,0,1,0,0,0,1,0,0,0,0,0,1,0,0,2,1,0,0,0,0,0,0,0,0,0,0,0,0,0,0,0,0,3,0,0,0,0,0,0,0,0,2,0,0,0,0,2,1,0,1,0,0,0,0,0,0,0,0,0,4,0,0,0,0,0,0,1,0,0,0,0,0,0,1,0,0,3,1
403,403,0,3,0,2,0,0,0,0,0,0,0,0,0,0,0,0,0,0,1,0,1,0,0,0,0,0,0,0,0,0,0,0,0,0,0,0,0,4,0,0,0,1,0,0,0,0,0,0,1,0,0,0,0,0,0,2,0,0,0,0,0,0,2,0,0,0,0,0,0,0,0,0,0,0,0,0,0,0,0,0,0,0,0,0,0,1,0,0,5,0,0,0,0,0,0,0,0,0,0,0,0,0,0,0,0,0,0,0,0,0,0,0,0,2,0,0,0,0,1,0,2,2,0,0,0,0,0,0,0,0,1,0,0,0,0,0,0,0,0,0,0,0,0,0,0,0,2,0,0,0,0,0,0,0,0,0,0,0,0,0,0,0,0,0,0,0,2,0,0,0,0,0,0,3,0,0,0,0,0,2,0,0,0,9,0,0,0,1,2,0,0,0,0,1,0,0,0,0,0,0,0,0,0,0,0,0,0,0,0,0,0,0,1,0,0,0,0,0,0,0,6,1,0,0,0,0,0,0,0,1,14,0,0,0,0,0,0,0,2,1,0,0,0,0,0,0,3,1,0,1,0,0,0,0,0,0,0,0,0,0,0,0,0,0,0,1,0,0,0,0,0,0,0,0,0,0,0,3,0,1,0,0,0,0,0,0,0,0,1,0,0,1,1,0,2,0,0,0,0,0,0,0,0,0,0,0,0,2,0,1,0,1,0
404,404,0,2,1,3,0,0,0,0,0,0,0,0,0,0,0,0,0,0,0,0,1,1,0,0,0,0,0,0,0,0,0,0,0,0,1,0,0,1,0,0,0,0,1,0,0,2,1,1,0,0,0,0,0,0,1,0,2,0,0,0,0,0,0,0,1,0,0,0,0,0,0,0,0,0,0,0,0,0,0,0,0,0,0,0,1,2,0,0,3,0,2,1,1,0,0,0,0,1,0,0,0,3,0,0,0,0,0,0,0,0,0,0,0,1,0,0,0,0,0,0,2,2,0,0,0,0,0,0,0,0,0,1,0,0,0,0,0,0,0,0,0,0,0,1,0,0,0,0,0,0,0,4,0,0,0,0,0,0,0,0,3,0,0,0,0,0,0,2,0,0,0,0,0,1,0,0,0,0,0,0,0,1,2,14,0,0,0,0,2,0,0,0,0,1,0,0,0,0,0,0,0,0,0,0,0,0,0,0,0,0,0,0,0,0,0,0,0,0,0,0,0,1,0,0,0,0,0,0,0,3,13,0,1,0,0,0,3,0,0,0,0,0,0,0,0,0,4,0,0,0,0,0,0,0,1,0,0,0,0,0,0,1,0,0,0,0,0,0,0,0,0,0,0,0,0,0,0,1,0,0,1,0,0,0,1,0,0,1,0,0,0,0,0,0,1,0,1,0,4,0,0,0,1,0,0,0,0,0,0,0,1,1,1
405,405,0,0,1,1,0,0,0,0,0,0,0,0,0,0,1,0,0,0,1,0,0,0,0,0,0,0,2,0,0,0,0,0,0,0,1,0,1,1,0,0,0,0,1,0,0,0,0,0,0,0,0,0,0,0,1,0,0,2,0,0,0,0,0,0,0,0,1,0,0,0,0,0,0,0,0,0,0,0,0,0,2,0,0,0,0,3,0,0,3,0,1,0,1,0,5,0,0,0,0,0,0,2,0,2,0,0,0,0,0,0,0,0,0,2,2,0,0,0,0,0,0,0,0,0,0,0,0,0,0,0,0,0,0,0,0,1,0,0,0,0,1,0,0,0,0,0,0,0,0,0,1,0,0,0,6,0,0,0,0,0,0,0,0,0,0,0,0,0,0,0,0,0,0,2,2,0,0,0,0,0,2,0,0,9,1,0,1,0,0,0,0,0,0,0,0,0,0,0,0,0,0,0,0,0,0,4,0,0,0,0,0,0,0,0,0,0,0,0,0,0,1,0,0,4,1,0,0,0,0,3,9,0,0,0,0,0,1,0,1,0,0,0,0,0,0,0,1,0,0,0,0,0,0,1,1,0,0,0,0,0,0,0,0,5,0,0,0,2,2,0,0,0,0,1,0,0,0,1,0,1,0,1,0,0,0,0,10,0,0,0,0,0,0,0,1,0,5,0,0,0,3,0,0,0,0,0,0,0,0,0,1,3,0
406,406,0,1,1,3,2,0,0,0,0,0,0,0,0,0,1,0,0,0,0,0,0,0,0,0,0,0,0,0,5,9,0,0,0,0,0,0,0,1,4,0,0,0,0,0,0,0,2,0,2,7,1,0,0,0,0,10,3,0,0,0,0,2,3,12,3,0,0,0,0,0,0,0,0,0,0,0,0,0,0,0,0,0,0,0,0,1,0,0,2,4,5,0,2,0,0,0,0,0,0,0,0,1,0,0,0,0,0,0,1,0,0,1,0,8,1,0,0,0,0,0,0,1,1,7,1,6,0,0,0,0,0,2,0,2,0,2,1,0,0,1,0,0,0,0,0,0,0,1,0,0,0,9,1,0,0,0,0,0,0,0,1,3,0,0,0,0,0,0,0,0,0,0,0,0,0,0,0,0,0,0,0,0,1,6,0,0,1,0,1,0,0,0,0,2,0,0,1,0,5,0,0,0,0,0,0,0,0,0,0,0,0,0,0,0,0,0,0,0,0,0,0,0,3,1,0,0,0,0,0,2,1,0,0,1,0,0,5,0,2,0,0,0,1,0,0,0,1,2,0,0,1,0,0,0,2,0,0,0,2,0,0,1,0,1,0,0,0,1,0,0,0,0,0,0,1,0,0,2,0,1,0,0,0,0,0,0,0,0,0,0,0,0,1,0,1,0,0,0,2,0,0,0,1,0,0,0,0,1,0,0,0,4,0
407,407,3,5,3,5,0,0,0,6,0,0,0,0,0,0,0,0,19,0,0,0,0,0,3,0,0,0,1,0,0,0,0,0,1,0,0,0,6,0,0,0,0,16,1,0,0,0,0,0,0,0,0,2,0,0,0,0,0,0,0,0,0,0,0,0,0,0,0,11,6,2,0,0,1,0,0,0,0,0,0,0,0,0,0,0,0,2,0,0,0,0,0,0,0,0,0,1,0,0,0,2,9,4,0,0,0,0,0,0,1,1,0,1,19,25,0,0,1,0,0,2,0,0,0,0,0,0,4,11,0,0,2,14,0,0,0,0,0,0,0,0,4,1,0,0,0,0,0,0,0,0,0,0,0,0,2,0,1,0,0,0,0,0,0,0,1,1,16,6,2,0,0,0,0,3,0,0,1,0,0,0,0,0,0,1,0,1,0,1,0,0,1,7,0,0,0,0,0,0,0,0,0,0,1,3,3,0,4,0,0,0,0,0,1,0,1,3,0,0,0,0,1,0,1,0,1,0,0,0,0,4,1,0,0,0,0,0,0,0,1,0,0,0,0,4,0,0,6,0,0,5,11,0,0,0,1,0,0,5,0,0,0,4,0,0,0,0,0,0,3,0,0,0,0,2,1,0,2,1,0,5,0,0,0,0,3,0,7,0,0,0,0,0,1,0,11,1,7,0,0,3,1,0,1,1,0,0,0,1,0,1,0,0,1
408,408,0,1,0,4,0,1,0,0,0,1,0,0,0,0,0,0,0,0,0,4,0,0,0,0,0,0,1,0,1,0,0,0,0,1,0,0,2,0,0,1,0,1,0,0,0,0,0,0,2,0,0,0,2,0,0,10,0,0,0,0,2,1,0,0,0,0,0,0,0,0,0,0,0,0,0,0,0,0,0,0,0,0,0,0,0,0,0,0,0,2,1,0,0,0,0,0,0,0,0,0,0,1,0,0,0,0,0,0,0,0,0,0,0,5,1,0,0,0,0,0,0,0,0,7,1,3,0,0,0,0,0,0,0,0,0,2,0,0,0,7,1,1,0,0,0,0,0,6,0,0,0,2,6,3,0,0,1,0,0,1,0,0,0,0,0,0,0,0,0,0,0,0,0,1,1,0,0,1,0,9,3,0,0,0,0,0,7,0,1,0,0,1,0,1,18,0,0,0,2,0,0,0,0,0,0,0,1,0,0,0,0,0,0,0,0,0,0,0,0,1,0,0,0,2,0,0,0,0,0,1,0,1,0,0,0,0,1,0,0,0,0,0,0,0,0,0,2,1,0,0,1,0,1,0,0,0,0,1,1,0,0,0,0,2,0,0,0,0,2,0,0,0,0,0,0,0,0,0,0,0,0,0,0,0,0,0,0,0,0,0,0,1,1,0,1,0,0,1,0,0,1,0,0,0,0,0,0,0,0,3,0,0,1
409,409,1,1,6,5,0,0,0,6,0,0,0,0,0,0,1,0,34,0,0,0,0,0,4,0,2,0,0,0,1,1,1,0,1,0,0,0,7,0,0,0,0,34,3,0,0,0,0,0,0,0,0,4,0,0,0,0,0,0,0,1,0,0,0,0,0,0,1,8,7,0,1,0,1,0,0,0,0,0,1,0,0,0,0,0,0,18,1,0,0,0,0,0,0,3,0,2,0,0,0,1,9,12,0,0,0,0,0,0,0,5,0,5,27,64,0,0,1,0,1,4,0,0,0,0,0,0,8,17,0,0,1,16,0,0,0,0,0,0,0,0,2,2,3,0,0,0,0,0,0,0,0,0,0,0,0,2,1,0,0,0,0,0,0,0,1,1,19,20,0,1,0,1,0,2,0,0,1,0,0,0,0,0,0,0,0,11,0,3,6,0,1,21,0,0,0,0,1,0,0,0,0,0,0,0,1,4,5,0,0,0,1,0,0,0,0,0,0,0,0,0,0,0,0,0,1,0,0,0,0,10,0,0,0,0,0,0,0,2,2,0,0,0,0,4,0,0,8,0,0,15,33,0,0,1,2,0,0,24,1,0,0,4,0,0,0,3,0,2,3,0,0,0,0,4,3,0,0,0,0,21,0,0,0,0,16,0,18,2,1,0,0,0,9,0,8,0,12,0,0,2,0,1,3,0,0,0,1,3,0,3,0,0,3
410,410,0,0,1,0,0,0,0,1,0,0,0,1,0,0,0,0,0,0,0,0,0,0,0,0,0,0,0,0,0,0,0,0,0,0,0,0,0,0,0,0,0,0,0,0,0,0,0,1,0,0,0,0,0,1,0,0,1,0,0,0,0,0,0,2,0,0,0,0,0,0,0,0,0,0,0,0,0,0,0,0,0,0,0,0,0,0,0,0,2,0,0,0,0,0,0,0,0,0,0,0,0,0,0,0,0,0,0,0,0,0,0,0,0,1,0,0,0,0,0,1,0,0,0,0,0,0,0,0,0,0,0,0,0,0,0,0,0,0,0,0,0,0,0,0,0,0,1,0,0,0,0,0,0,0,0,0,0,0,0,0,0,0,0,0,0,0,0,1,0,0,0,0,0,1,0,0,0,0,0,1,0,1,0,5,0,0,0,1,0,0,0,0,0,0,0,0,0,0,0,0,0,0,0,1,0,0,1,0,0,0,0,0,0,0,0,0,0,0,0,0,3,1,0,0,0,1,0,1,0,0,10,0,0,0,0,0,0,0,0,0,0,0,0,0,0,0,1,0,0,1,0,0,0,0,0,0,0,0,1,0,0,0,0,0,0,0,0,0,0,0,0,0,0,1,0,0,0,0,0,0,2,0,0,0,1,0,0,0,1,0,0,0,1,0,1,0,0,0,1,0,0,0,0,0,0,0,0,1,0,0,0,0,1
411,411,0,5,3,0,0,0,0,0,0,0,0,0,0,0,0,0,3,0,0,0,4,0,0,0,0,0,0,0,0,0,0,0,0,0,7,3,0,0,0,0,0,3,1,0,0,0,0,0,0,0,0,0,1,0,0,0,0,0,0,0,0,0,4,0,0,0,0,0,0,0,0,0,0,0,0,3,0,0,0,0,0,0,0,0,0,1,0,0,0,0,0,1,0,0,0,0,0,0,0,0,0,1,0,0,0,0,0,0,0,0,0,0,0,6,0,0,0,0,0,1,0,0,0,0,0,0,2,0,0,0,0,0,0,0,0,0,0,0,0,0,0,0,0,0,0,0,0,0,0,0,2,0,0,1,0,0,0,3,0,0,0,0,0,0,0,0,0,0,0,0,0,0,0,2,1,0,0,0,0,1,0,0,0,0,0,0,0,0,1,0,0,0,0,0,0,3,1,0,0,0,0,0,0,1,0,0,0,0,0,0,1,1,0,0,0,0,0,0,0,0,0,0,3,9,0,0,0,1,0,1,1,1,0,0,0,0,0,0,1,0,1,0,0,0,0,0,0,4,2,0,0,0,0,0,0,0,0,1,0,0,0,0,0,0,0,0,0,0,1,0,0,0,0,0,0,0,1,0,0,0,0,1,0,0,2,0,0,0,0,0,1,0,1,0,1,0,0,0,0,0,0,0,1,0,0,0,1,0,8,1,0,2,1
412,412,0,0,3,0,2,0,0,0,0,0,0,0,0,0,0,0,1,0,0,2,0,1,1,0,0,0,2,0,1,0,1,0,0,4,0,0,0,0,0,0,0,4,0,0,7,0,0,0,4,0,0,1,1,0,0,1,0,0,0,2,3,1,2,1,0,0,0,0,0,0,0,0,0,0,0,0,0,0,0,0,0,0,0,0,0,0,5,0,0,3,7,0,1,0,0,0,0,0,0,0,0,2,0,0,0,0,0,0,0,0,0,0,1,9,0,0,3,1,0,2,0,0,0,6,0,3,2,2,0,0,0,0,0,0,0,8,0,0,0,3,1,1,0,0,0,0,0,1,0,1,0,0,0,1,0,0,1,0,0,0,0,0,0,0,0,0,2,1,1,0,0,0,0,1,0,0,0,0,0,1,1,0,0,0,0,0,16,2,0,0,0,1,0,0,0,0,1,0,1,0,0,0,0,0,0,0,3,0,0,0,0,0,0,0,0,0,0,0,0,1,0,0,0,1,1,0,0,0,1,1,0,0,1,0,0,0,1,1,0,0,0,0,0,0,0,0,3,0,0,3,5,0,0,0,0,0,0,2,13,0,0,0,0,1,0,0,0,2,0,1,0,0,1,0,0,0,0,0,0,1,0,0,0,0,1,0,1,1,0,2,0,0,0,0,0,0,1,0,0,1,0,3,1,0,2,0,1,1,0,5,0,5,1
413,413,0,0,0,0,0,0,0,0,0,2,0,0,0,0,1,0,0,0,0,0,0,0,0,0,0,0,1,0,0,0,0,0,0,0,0,0,0,0,0,0,0,1,2,0,0,0,0,0,0,0,0,0,0,1,3,1,0,0,0,0,0,0,0,0,0,0,0,0,0,0,0,0,0,0,0,0,0,0,0,0,0,0,1,0,0,1,0,0,0,0,4,0,0,0,0,0,0,0,0,0,0,0,0,0,0,0,0,0,0,0,0,1,0,1,0,0,0,0,0,0,0,0,0,0,3,0,0,0,0,0,0,0,0,0,0,0,0,0,0,0,0,0,0,0,0,0,0,0,0,0,0,0,0,0,4,0,0,0,0,0,0,0,0,0,0,0,0,0,0,0,0,0,0,1,2,0,0,0,0,0,0,0,0,2,0,0,0,0,0,0,0,0,0,0,0,0,0,0,1,0,0,0,0,0,0,1,2,0,0,0,0,0,0,0,0,0,0,0,0,0,0,0,1,5,0,0,0,0,0,2,1,0,2,0,0,0,0,0,0,0,0,0,0,0,0,0,1,0,0,0,0,0,0,6,1,1,0,0,0,0,0,0,2,2,0,0,0,1,0,0,0,0,0,0,1,0,0,0,0,1,0,0,0,0,0,0,4,0,0,0,0,0,0,0,0,0,4,0,0,0,1,1,0,0,0,0,0,2,0,0,0,0,0
414,414,0,2,0,1,0,0,0,1,0,3,0,0,0,0,1,0,16,0,0,0,0,0,0,0,0,0,0,0,0,0,2,0,1,0,0,0,0,0,0,0,0,16,1,0,0,0,0,0,0,0,0,2,1,0,0,2,0,0,0,0,0,0,0,0,0,0,0,8,4,0,0,0,1,0,0,0,0,0,1,0,0,0,0,0,0,7,0,0,0,1,0,0,0,0,0,0,0,0,0,1,3,3,0,1,0,0,0,0,0,1,0,4,6,45,1,0,0,0,4,4,0,0,0,1,0,0,0,12,0,0,0,9,0,1,0,0,0,0,0,0,1,0,0,0,0,0,0,1,0,0,0,0,0,0,0,0,0,0,0,0,0,0,0,0,0,0,22,10,0,0,0,0,0,1,0,0,0,0,0,0,0,0,0,2,0,5,0,0,4,0,1,8,0,0,0,0,0,0,0,0,0,0,0,0,1,0,3,0,0,0,0,0,0,0,0,3,0,0,0,0,0,0,0,0,1,0,0,0,0,2,0,0,0,0,0,0,1,2,2,0,0,0,0,3,0,0,4,0,0,8,16,0,0,0,3,0,1,12,0,0,0,1,0,0,0,1,2,2,2,0,0,0,0,1,2,0,0,0,0,3,0,0,0,0,3,0,10,0,0,0,0,0,2,0,4,4,4,0,0,3,1,0,0,0,1,0,2,3,0,0,0,1,1
415,415,0,0,1,0,0,0,0,0,0,0,0,0,0,0,0,0,16,0,0,0,0,0,2,0,0,0,1,0,0,0,0,0,1,0,0,0,3,0,0,0,0,17,0,0,0,0,0,0,0,0,0,2,0,0,0,0,0,0,0,0,0,0,0,0,0,0,0,4,1,0,0,0,1,0,0,0,0,0,0,0,0,0,0,0,0,6,0,0,0,0,0,0,0,0,0,0,0,0,0,0,10,2,0,0,0,0,0,0,0,1,0,2,9,27,0,0,2,0,1,5,0,0,0,0,0,0,0,12,1,0,0,4,0,0,0,0,0,0,0,0,0,1,1,0,0,0,0,0,0,0,0,0,0,0,0,0,0,0,0,0,0,0,0,0,0,0,11,8,0,1,0,0,0,3,0,0,0,0,0,0,0,0,0,0,0,1,0,0,5,0,0,8,0,0,0,0,0,0,0,0,0,0,0,2,3,1,6,0,0,0,0,0,1,0,0,6,0,0,0,0,0,0,0,0,0,0,0,0,0,3,0,0,0,0,0,0,0,0,1,0,0,0,1,4,0,1,2,0,0,2,10,0,0,0,2,0,0,9,0,0,0,0,0,0,0,2,0,0,1,0,0,0,0,0,2,0,0,2,0,1,0,0,0,0,2,0,4,0,1,0,0,0,4,0,2,0,6,0,0,2,0,0,1,0,0,0,0,2,0,3,0,0,0
416,416,0,3,5,0,0,0,0,0,0,0,0,0,0,0,0,0,8,0,0,0,0,0,1,0,1,0,0,0,0,0,0,0,0,1,1,0,6,0,0,0,0,12,0,0,0,0,0,0,0,0,0,0,0,0,0,0,0,0,0,0,0,1,1,0,0,0,0,0,0,0,0,0,0,0,0,0,0,0,0,0,0,0,0,0,0,3,0,0,0,2,2,0,1,0,0,0,0,1,0,1,3,14,0,0,0,0,0,3,0,0,0,2,7,20,0,0,0,0,1,4,0,0,0,0,0,0,3,7,0,1,1,6,0,2,0,0,0,0,0,0,0,0,0,0,0,0,0,2,0,0,0,0,0,1,0,0,0,0,0,0,0,0,0,0,2,0,17,5,4,1,1,0,0,0,1,0,0,0,0,0,0,0,0,0,0,0,0,2,2,0,0,0,0,0,0,0,0,0,0,0,0,0,2,13,3,1,2,0,0,0,0,0,1,0,0,0,0,0,0,0,0,0,1,0,0,0,0,0,0,4,0,0,0,0,0,0,0,0,0,0,0,0,0,0,0,0,10,0,0,2,6,0,0,0,0,0,0,3,0,3,0,1,0,0,0,1,0,0,5,0,0,0,0,0,0,0,1,0,0,1,0,0,0,0,2,0,7,0,0,0,0,0,2,0,5,0,0,0,0,0,1,0,0,0,0,0,0,1,0,2,0,1,1
417,417,0,1,0,0,0,0,0,0,0,2,0,0,0,0,0,0,0,0,0,0,0,0,0,0,0,0,1,0,0,0,0,0,0,0,0,0,0,0,0,0,0,0,0,0,0,0,0,0,1,0,0,0,1,0,0,0,0,1,0,0,0,1,4,5,0,0,0,0,0,0,0,0,0,0,0,0,0,0,0,0,0,0,0,0,0,0,0,0,1,0,0,0,4,0,0,0,0,1,0,0,1,1,0,0,0,0,0,0,0,0,0,0,1,1,0,0,0,0,0,0,0,0,0,3,2,3,0,0,0,0,0,0,0,2,0,0,0,0,0,3,0,0,0,0,0,0,1,1,0,0,0,0,3,0,7,0,0,0,0,0,0,0,0,0,0,0,0,0,0,0,0,0,0,0,0,0,0,0,0,0,0,0,0,1,0,0,0,2,1,0,0,0,0,0,0,0,0,0,1,1,0,0,0,0,0,5,0,0,0,0,0,0,0,0,0,0,0,0,1,0,0,0,4,6,0,0,0,0,0,2,1,0,0,0,0,0,5,0,0,0,0,0,0,1,0,0,2,0,0,0,0,0,0,4,1,1,0,0,0,0,0,0,0,4,0,0,0,1,0,0,0,0,0,0,0,0,0,0,1,1,0,0,0,0,0,0,3,0,0,2,0,0,0,0,1,0,2,0,0,0,0,1,1,0,0,0,0,5,0,0,0,6,0
418,418,0,0,0,0,0,0,0,0,0,1,0,0,0,0,0,0,0,0,0,0,0,0,0,0,0,0,0,0,0,3,0,0,0,0,0,0,0,0,0,0,0,0,3,0,0,0,0,0,1,0,0,0,2,0,2,1,0,2,0,0,0,0,1,1,0,0,0,0,0,0,0,0,0,0,0,0,0,0,0,0,0,0,0,0,0,0,0,0,0,1,6,0,4,0,1,0,0,0,0,0,0,0,0,0,0,0,0,0,1,0,0,0,0,3,2,0,0,0,0,0,0,0,2,1,0,7,0,0,0,0,0,2,0,1,0,2,0,0,0,2,0,0,0,0,0,0,0,0,0,0,0,0,0,2,6,0,0,0,0,0,0,1,0,0,0,0,0,0,0,0,0,0,0,0,4,0,0,0,0,0,0,1,0,1,1,0,18,1,1,0,0,0,0,0,0,0,3,0,4,0,0,0,0,0,0,6,2,0,0,0,0,0,0,0,0,0,0,0,0,0,0,0,3,5,1,0,0,0,0,3,2,0,7,0,0,0,7,0,0,0,0,0,0,0,0,0,4,1,0,0,3,0,0,3,0,0,0,0,0,0,0,0,0,9,0,0,1,1,0,0,0,0,0,0,0,0,0,0,0,0,0,1,0,0,0,0,3,0,0,0,0,0,1,1,2,0,2,0,0,0,1,0,0,0,0,0,1,0,0,3,0,7,2
419,419,0,2,1,0,1,0,0,0,0,0,0,0,0,0,0,0,0,0,0,0,0,0,0,0,0,0,1,0,0,0,0,0,0,0,0,0,0,0,1,0,0,0,1,0,0,0,0,0,3,4,0,0,0,0,0,0,0,0,0,0,0,0,0,0,0,0,0,0,1,0,0,0,0,0,2,0,0,0,0,0,0,0,0,0,0,0,0,0,1,0,1,0,2,0,0,0,0,0,0,0,0,1,0,0,0,0,0,0,0,0,0,0,0,0,1,0,0,0,0,0,0,0,0,0,0,2,0,0,0,0,0,0,0,2,0,2,2,0,0,0,0,0,0,0,0,0,0,0,0,3,0,1,0,0,2,0,0,0,0,0,0,0,0,1,0,0,0,0,0,0,0,0,0,1,0,0,0,0,0,0,0,1,0,5,0,0,4,0,1,0,0,0,0,0,0,0,0,0,0,0,0,0,0,0,0,0,1,0,0,0,0,0,0,0,0,0,0,0,0,0,1,0,1,0,0,0,0,0,0,3,4,0,1,0,0,0,3,0,0,1,0,0,1,0,0,0,1,3,0,0,0,0,0,1,1,1,0,0,2,0,0,0,0,1,0,0,0,1,1,0,0,0,0,1,0,0,0,0,0,0,0,0,0,0,0,0,4,0,0,0,0,0,1,0,1,0,0,0,2,0,0,0,2,0,0,0,0,1,0,0,2,0,0
420,420,0,1,4,4,1,0,0,0,0,2,0,0,0,0,0,0,6,0,0,4,0,0,0,0,1,0,4,0,0,0,0,0,0,10,0,0,2,0,0,0,0,7,2,0,1,0,0,0,1,0,0,4,5,0,0,9,0,0,0,0,15,1,0,0,0,1,0,1,3,1,0,0,2,0,0,0,0,0,0,0,0,0,0,0,0,1,0,0,0,6,14,0,0,0,0,0,0,0,0,1,2,1,0,0,0,0,1,1,0,0,0,3,2,11,2,0,0,0,0,2,0,0,0,25,1,7,0,4,0,0,1,0,0,0,1,9,0,0,0,2,0,2,0,0,0,0,0,9,0,1,3,0,1,13,0,1,1,0,0,0,0,0,0,0,0,1,2,0,0,0,0,0,1,1,1,0,0,0,0,3,4,0,0,0,0,0,14,1,2,0,0,2,0,0,3,0,1,0,3,0,0,0,0,0,1,0,3,0,0,0,0,0,2,0,0,0,0,0,0,0,0,0,0,3,0,0,0,0,0,6,0,4,0,0,0,0,6,1,0,0,0,0,0,0,0,0,1,1,0,5,5,0,4,0,1,0,1,4,5,0,0,0,0,6,0,0,1,2,1,1,0,0,0,2,1,1,0,0,0,3,0,0,0,0,0,0,2,0,0,0,0,0,2,0,7,1,4,1,0,0,3,1,0,0,1,0,0,0,0,4,0,12,2
421,421,0,0,0,0,1,0,0,0,0,0,0,0,0,0,0,0,0,0,0,0,0,0,0,0,1,0,0,0,0,0,0,0,0,0,0,0,0,1,8,0,0,0,0,0,0,2,1,1,0,9,0,0,0,0,0,0,1,0,0,0,0,0,0,0,2,0,0,0,0,0,0,0,0,0,0,0,0,0,0,0,0,0,0,0,0,0,0,0,0,0,1,0,1,0,0,0,0,0,0,0,0,0,0,0,0,0,0,0,0,0,0,0,1,0,0,0,0,0,1,0,0,0,0,0,0,0,0,1,0,0,0,0,0,2,0,0,1,0,0,0,1,0,0,0,0,0,0,0,0,0,0,1,0,0,4,0,0,0,0,0,0,0,2,0,0,0,0,0,0,0,0,0,0,0,0,0,0,0,0,0,2,0,0,1,0,0,0,0,0,0,0,0,0,0,0,0,0,0,0,0,0,0,0,0,0,0,0,0,0,0,0,0,0,0,0,0,0,0,0,0,0,0,0,0,0,0,0,0,0,1,0,0,0,0,0,0,6,1,1,0,0,0,0,0,0,0,0,2,0,0,0,0,0,0,0,0,0,0,1,0,0,0,0,0,0,0,0,1,0,0,0,0,0,0,1,0,0,0,0,0,0,0,2,0,0,0,0,0,0,0,0,0,0,0,1,0,1,0,0,0,0,0,1,0,0,0,0,3,0,0,0,2,0
422,422,0,0,0,1,0,0,0,0,0,0,0,0,0,0,0,0,5,0,0,0,0,0,1,0,0,0,0,0,0,0,0,0,0,0,0,0,0,0,0,0,0,1,0,0,0,0,0,0,0,0,0,0,0,0,0,0,0,0,0,0,0,0,0,0,0,0,0,0,0,0,0,0,0,0,0,0,0,0,0,0,0,0,0,0,0,1,0,0,0,0,0,0,0,0,0,1,0,0,0,0,3,6,0,0,0,0,0,0,0,1,0,0,4,3,0,0,2,0,0,2,0,0,0,0,0,0,1,6,0,0,0,0,0,0,0,0,0,0,0,0,0,0,0,0,0,0,0,0,0,0,0,0,0,0,0,0,0,0,0,0,0,0,0,0,0,0,1,1,1,0,0,0,0,1,0,0,0,0,0,0,0,0,0,0,0,0,0,0,2,0,0,8,0,0,0,0,0,0,0,0,0,0,0,0,0,0,1,0,0,0,0,0,0,0,0,4,0,0,0,0,0,0,0,0,0,0,0,0,0,3,0,0,0,0,0,0,0,0,0,0,0,0,0,2,0,0,1,0,0,1,1,0,0,0,0,0,0,2,0,0,0,2,0,0,0,0,0,0,0,0,0,0,0,1,0,0,0,0,0,0,0,0,0,0,0,0,2,1,0,0,0,0,1,0,1,0,2,0,0,0,3,0,0,0,0,0,0,0,0,2,0,0,0
423,423,0,1,0,1,0,1,0,0,0,0,0,0,0,0,0,0,0,0,0,0,0,0,0,0,0,0,1,0,0,0,0,0,0,0,0,0,0,1,0,0,0,0,0,0,0,0,0,0,0,0,0,0,0,0,0,0,0,0,0,0,0,0,0,0,0,0,0,0,0,0,0,0,0,0,0,0,0,0,0,0,0,0,0,0,0,0,0,0,0,0,0,0,0,0,0,0,0,0,0,0,0,0,1,0,0,0,0,0,0,0,0,0,0,0,0,0,0,0,0,0,0,0,0,0,0,0,0,0,0,0,0,0,0,0,4,0,1,0,0,1,0,0,0,0,0,0,0,0,0,2,0,0,0,2,2,0,0,0,0,0,0,5,5,1,0,0,1,0,0,0,0,0,0,1,0,0,0,1,0,0,0,0,0,3,0,0,0,0,0,0,0,0,0,0,0,0,0,0,0,0,0,0,0,0,0,0,0,0,0,1,0,0,0,0,0,0,0,0,0,0,0,0,0,0,0,0,0,0,0,2,0,0,0,1,0,0,3,0,0,0,0,0,0,1,0,0,0,1,0,0,0,0,0,0,1,1,0,0,0,0,0,0,0,0,0,0,0,0,0,0,0,0,0,0,0,0,0,0,0,0,0,0,3,0,0,0,0,0,1,0,0,0,0,0,0,0,0,0,0,0,0,0,0,0,1,0,0,0,0,0,0,0,0
424,424,0,6,1,0,1,0,0,1,0,3,0,0,0,0,0,0,1,0,0,0,4,0,0,0,0,0,0,0,0,3,0,0,0,0,1,0,0,1,0,0,0,5,1,0,0,0,0,0,4,0,0,0,2,0,0,2,0,0,0,0,0,1,1,0,0,0,0,0,0,0,0,0,0,0,0,0,1,0,0,0,0,0,0,0,0,1,1,0,2,1,1,0,0,0,0,0,0,0,0,1,0,0,0,0,0,2,0,0,0,0,0,0,0,5,0,0,0,0,1,0,0,0,0,5,1,3,3,0,0,2,0,0,0,2,0,0,0,0,0,0,0,0,0,0,0,0,2,1,0,0,0,0,0,0,0,0,0,0,0,0,0,0,0,0,0,0,0,0,0,0,0,0,0,1,0,0,0,0,0,1,0,0,0,5,1,0,12,2,0,0,1,0,0,3,0,0,0,0,4,0,0,0,0,0,0,0,0,0,0,0,0,0,0,0,0,0,0,0,0,0,1,0,8,1,0,0,0,0,0,1,7,0,0,0,0,0,1,0,1,1,0,0,0,0,0,0,2,1,0,0,3,0,0,0,0,0,1,0,0,0,0,0,0,0,0,0,0,0,1,0,0,0,0,2,0,0,0,3,0,0,1,2,0,0,2,0,0,0,0,0,0,0,1,0,2,1,1,0,1,0,0,0,0,0,0,0,0,1,0,0,0,0,0
425,425,0,4,1,0,0,0,0,0,0,0,0,0,0,0,0,0,1,0,0,0,0,0,0,0,0,0,0,0,0,0,0,1,0,0,1,0,1,1,0,0,0,1,1,0,0,0,3,0,0,0,0,1,0,0,0,0,0,0,0,0,0,0,0,0,0,0,0,0,0,0,0,0,0,0,0,0,0,0,0,0,0,0,0,0,0,0,0,0,0,0,0,0,1,0,0,0,0,0,0,0,5,11,0,0,0,0,0,0,0,0,0,0,1,2,0,0,0,0,2,0,0,0,0,0,0,1,0,0,0,0,1,1,0,0,0,1,1,0,0,0,0,0,0,0,0,0,0,0,0,0,0,0,0,0,0,0,0,0,0,0,0,0,0,0,3,0,8,0,9,2,1,0,0,0,1,0,0,0,0,0,0,0,0,1,0,0,1,0,1,0,1,1,0,0,0,1,0,0,0,0,0,0,0,7,0,0,0,0,0,0,0,0,1,0,1,0,0,0,0,0,1,0,0,0,0,0,0,0,0,1,0,0,1,0,0,2,3,0,0,0,0,0,1,0,1,0,4,0,0,3,1,0,1,1,0,0,0,1,0,4,0,0,1,0,0,0,0,0,1,0,0,0,0,0,0,0,0,3,0,1,2,0,0,0,0,0,0,0,0,0,0,0,0,0,4,0,1,0,2,0,0,1,0,0,0,0,0,0,0,0,0,0,0
426,426,0,0,0,0,0,0,0,0,0,4,0,0,0,0,2,0,0,0,0,1,0,0,0,0,0,0,0,2,1,0,0,0,0,0,2,0,2,1,0,0,0,3,0,1,2,0,0,0,5,0,0,1,2,0,0,2,0,0,0,0,0,1,1,1,0,0,0,0,0,0,0,0,0,0,0,0,0,0,0,0,0,0,0,1,0,1,1,0,0,2,5,0,1,0,0,0,0,0,0,0,0,3,0,0,0,1,0,0,0,0,0,1,1,0,1,0,0,0,0,1,0,0,1,5,2,3,0,0,0,0,0,0,0,0,0,1,1,0,0,2,0,0,0,0,0,0,0,1,0,0,0,0,1,2,1,0,0,0,0,0,0,0,0,0,1,0,1,0,0,0,0,0,0,0,3,0,0,0,0,0,2,0,0,1,0,0,4,2,0,0,0,0,0,0,0,0,2,0,2,0,0,0,2,1,0,0,0,0,0,0,0,0,0,0,0,0,0,0,0,0,0,0,6,0,0,0,0,0,0,0,0,1,0,0,0,1,3,0,1,0,0,0,0,0,0,0,1,1,0,0,1,0,1,2,0,0,0,1,1,1,1,0,0,0,0,0,0,3,0,0,0,0,0,0,1,0,0,0,0,1,0,2,0,0,0,0,0,0,0,1,0,0,1,0,3,0,0,2,0,0,1,0,0,0,2,0,0,2,0,0,0,3,0
427,427,1,0,0,1,1,0,0,0,0,5,0,0,0,0,0,0,0,0,0,5,0,0,0,0,0,0,0,0,0,0,0,0,0,0,0,0,0,0,0,3,0,0,1,0,0,0,0,0,2,0,0,1,4,0,0,6,0,0,0,0,2,3,0,5,0,1,0,0,0,0,0,0,0,0,0,0,0,0,0,0,0,0,0,0,0,0,0,0,0,3,0,0,0,0,0,0,0,0,0,0,0,0,0,0,0,0,0,0,0,0,0,0,0,0,0,0,1,0,0,1,0,0,0,5,1,0,0,2,0,0,0,0,1,0,0,1,0,0,0,1,0,0,0,0,0,0,0,2,0,0,0,0,1,5,0,0,0,0,0,0,0,0,0,0,0,0,0,0,0,0,0,0,0,0,0,0,0,0,0,1,1,0,0,0,0,0,13,0,2,0,0,0,1,0,9,0,1,0,3,0,0,0,0,0,0,0,0,0,0,0,0,0,0,0,0,0,0,0,0,0,0,0,1,1,0,0,0,0,0,3,0,0,0,0,0,0,2,0,1,0,0,0,0,0,0,0,1,1,0,0,1,0,0,0,0,0,0,0,1,0,0,0,0,0,0,0,0,0,0,0,0,0,0,0,0,0,0,0,0,0,0,0,0,0,0,0,0,0,0,0,0,0,0,0,0,0,0,1,0,0,1,0,0,0,0,0,0,0,0,5,0,0,0
428,428,0,0,0,0,0,0,0,0,0,0,0,0,0,0,0,0,0,0,0,0,0,0,0,0,1,0,1,0,0,0,1,0,0,0,0,1,0,0,0,0,0,0,0,0,0,0,0,0,0,0,0,0,0,0,0,0,0,2,0,0,0,0,0,0,0,0,0,0,0,0,0,0,0,0,0,0,0,0,0,0,0,0,0,0,0,0,0,0,2,0,0,0,5,1,4,0,0,0,0,0,0,0,0,4,0,0,0,0,0,0,0,0,0,1,8,0,0,0,0,0,0,1,0,0,0,0,0,0,0,0,0,0,0,0,0,0,0,0,0,0,0,0,0,0,0,0,0,0,0,0,0,0,0,0,18,0,0,0,0,0,0,0,0,0,0,0,0,0,0,0,0,0,0,0,1,0,0,0,0,0,0,0,0,1,0,0,0,0,2,0,0,0,0,0,0,0,0,0,0,0,0,0,0,0,0,8,1,0,0,0,0,0,0,0,0,0,0,0,0,0,0,0,0,1,2,0,0,0,0,3,7,0,1,0,0,0,0,0,0,3,0,0,0,0,0,0,0,0,0,0,0,0,0,10,2,0,0,0,0,0,0,0,0,9,0,0,0,2,0,0,0,0,0,1,3,0,0,0,0,0,0,0,0,0,0,0,3,0,0,1,0,0,0,0,0,0,6,0,0,0,0,1,1,0,0,0,0,1,0,0,0,2,0
429,429,0,0,3,1,0,0,0,1,0,0,0,0,0,0,1,0,20,0,0,0,0,0,0,0,2,0,0,0,0,0,3,0,0,0,0,0,3,0,0,0,0,20,1,0,0,0,0,0,0,0,0,4,0,0,0,1,0,0,0,0,0,1,0,0,0,0,0,3,6,0,0,0,1,0,0,0,1,0,0,0,0,0,0,0,0,5,0,0,0,1,0,0,0,3,0,1,0,0,0,1,2,5,0,0,0,0,0,0,1,2,0,5,17,46,0,0,1,0,1,7,0,0,0,1,0,0,1,14,0,0,0,11,0,0,0,1,0,0,0,0,2,1,0,0,0,0,0,0,0,0,0,0,0,0,0,0,3,0,0,0,0,0,0,1,0,0,11,14,0,0,0,0,0,4,2,0,0,0,0,0,0,0,0,1,0,7,3,1,3,0,0,8,0,0,0,0,0,0,0,0,0,0,0,0,1,1,2,0,0,0,0,0,3,0,0,1,0,0,0,0,0,0,0,0,0,0,0,0,0,10,0,0,0,0,0,0,0,1,1,0,0,0,0,8,0,0,1,0,0,4,40,0,0,2,3,1,3,17,2,0,0,1,0,0,0,7,1,0,2,0,0,0,1,1,0,0,1,0,0,5,0,0,0,0,8,0,2,2,1,0,0,0,1,0,6,1,3,0,0,1,2,0,1,0,0,0,1,1,0,3,0,0,2
430,430,1,4,3,7,0,0,0,6,0,1,0,0,0,0,0,0,10,0,0,0,0,0,0,0,0,0,0,0,0,0,0,0,1,1,0,0,4,0,0,0,0,16,1,0,0,0,0,0,0,0,0,5,0,0,0,0,0,0,0,1,0,1,0,0,0,0,0,8,3,0,4,0,1,0,0,0,0,0,0,0,1,0,0,0,0,9,0,0,0,1,0,0,0,0,0,0,0,0,0,0,5,4,0,0,0,0,0,0,0,5,0,4,11,34,0,0,0,0,1,6,0,0,0,2,0,0,2,9,0,0,1,8,0,0,0,0,0,0,0,0,2,1,0,0,0,0,0,1,0,0,0,0,0,0,0,2,0,0,0,0,0,0,0,0,0,0,13,7,0,0,0,0,0,0,1,0,0,0,0,0,0,0,0,0,0,3,0,2,2,0,0,8,0,0,2,0,2,0,0,0,0,0,0,0,1,1,5,0,0,0,0,0,0,0,0,12,1,0,0,0,0,0,1,0,0,0,1,1,0,3,0,0,0,0,0,0,1,0,3,0,0,0,0,3,0,0,1,0,0,2,8,0,0,1,1,0,0,9,2,0,0,0,0,0,0,2,0,0,2,0,0,0,0,2,0,0,0,1,0,5,0,1,1,0,3,0,7,0,0,1,0,0,2,0,2,4,1,0,0,2,3,1,2,0,0,0,2,2,0,3,0,0,2
431,431,0,0,0,0,0,0,0,0,0,0,0,0,0,0,0,0,0,0,0,0,0,0,0,0,0,0,0,0,0,0,0,0,0,0,1,0,0,0,0,0,0,0,5,0,0,0,0,0,0,0,0,0,0,0,2,0,0,0,0,0,0,0,0,1,0,0,0,0,0,0,0,0,0,0,0,0,0,0,0,0,0,0,0,0,0,0,0,0,0,0,1,0,3,0,1,0,0,0,0,0,0,1,0,0,0,0,0,0,0,0,0,0,0,0,5,0,0,0,0,0,0,0,0,0,0,0,0,0,0,0,0,0,0,0,0,0,0,0,0,0,0,0,0,0,0,0,0,0,0,1,0,0,0,0,9,0,0,0,0,0,0,0,0,0,0,0,0,0,0,0,0,0,0,1,2,0,0,0,0,0,0,0,0,0,0,0,0,1,1,0,0,0,0,0,2,0,0,0,0,0,0,0,0,0,0,5,0,0,0,0,0,0,0,0,0,0,0,0,0,0,0,0,0,1,0,0,0,1,0,5,0,0,5,0,0,0,0,0,2,3,0,0,0,0,0,1,4,0,0,0,0,0,0,5,2,0,0,0,1,0,0,0,0,5,0,0,0,0,0,0,0,0,0,0,0,0,0,0,0,0,0,0,0,0,0,0,6,0,1,0,0,0,2,0,0,0,3,0,0,0,0,2,1,0,0,0,0,5,0,3,1,0,0
432,432,0,4,2,0,0,0,0,1,0,0,0,0,0,0,0,0,11,0,0,0,0,0,0,0,0,0,0,0,0,0,0,0,0,0,1,0,0,0,0,0,0,3,0,0,0,0,0,0,0,0,0,0,0,0,0,0,0,0,0,0,0,0,0,0,0,0,1,1,0,0,0,0,0,0,0,0,0,0,0,0,0,0,0,0,0,4,0,0,0,0,0,0,0,0,0,1,0,0,0,1,0,8,0,0,0,0,0,0,0,0,0,0,3,5,1,0,0,0,0,0,0,0,0,0,0,0,2,3,0,1,0,2,0,0,0,2,0,0,0,0,1,0,0,0,0,0,0,0,0,0,0,0,0,0,0,0,1,0,0,0,0,0,0,0,2,1,9,0,8,0,0,0,0,0,1,0,0,0,0,0,0,0,0,0,0,0,0,0,1,0,0,1,0,0,0,0,0,0,0,0,0,0,0,4,0,0,0,0,0,0,0,1,0,0,2,0,0,0,0,0,2,0,0,0,0,0,0,0,0,4,0,0,0,0,0,0,0,1,0,0,0,0,0,2,0,0,6,0,0,2,2,0,0,0,0,0,1,2,0,3,0,1,0,0,0,0,1,0,0,0,0,0,0,0,1,0,0,1,0,3,0,0,0,0,0,0,1,0,0,1,0,0,0,0,1,0,0,0,0,1,0,0,0,0,0,0,0,0,0,0,0,0,0
433,433,0,1,3,1,0,0,0,1,0,2,0,0,0,0,0,2,28,0,0,0,0,0,2,0,0,0,0,0,0,2,0,0,0,1,0,0,2,0,0,0,0,19,1,0,0,0,0,0,1,1,0,1,0,0,0,1,0,0,0,0,0,1,0,0,0,0,0,4,3,1,1,0,0,0,0,0,0,0,0,0,0,0,0,0,0,6,0,0,0,0,0,0,0,0,0,0,0,1,0,1,3,6,0,1,0,0,0,0,2,0,0,1,6,36,0,0,1,0,0,7,0,0,0,3,0,1,1,6,0,0,1,6,0,0,0,0,0,0,0,0,0,0,0,0,0,0,0,1,0,0,0,0,1,0,0,1,1,0,0,1,0,0,0,0,0,0,14,3,1,2,0,0,0,3,0,0,2,0,0,0,0,0,0,1,0,3,1,3,4,0,1,9,0,0,0,0,2,0,0,0,0,0,0,1,2,2,3,0,0,0,0,0,2,0,0,0,0,0,0,1,0,0,1,0,0,0,0,0,0,14,0,0,0,0,0,0,0,0,1,0,0,1,0,1,0,0,1,0,0,14,17,0,0,0,0,0,4,7,0,0,0,3,0,0,0,2,0,2,2,0,0,0,0,2,0,0,0,1,0,9,0,0,0,0,10,0,8,0,1,1,0,0,1,0,6,3,4,0,0,3,1,0,0,1,1,0,2,3,0,1,0,0,2
434,434,3,0,0,2,0,0,0,1,0,0,0,0,0,0,0,0,5,0,0,0,0,0,0,0,0,0,0,0,0,0,0,0,0,0,0,0,3,0,0,0,0,10,0,0,0,0,0,0,0,0,0,3,0,0,0,0,0,0,0,0,0,0,0,0,0,0,0,3,0,0,1,0,0,0,0,0,0,0,0,0,0,0,0,0,0,5,0,0,0,0,0,0,0,0,0,0,0,0,0,0,1,4,0,0,0,0,0,0,0,0,0,1,5,7,0,0,0,0,0,2,0,0,0,0,0,0,0,5,0,0,0,2,0,0,0,0,0,0,0,0,1,0,0,0,0,0,0,0,0,0,0,0,0,0,1,1,0,0,0,0,0,0,0,0,0,0,5,7,0,1,0,0,0,1,0,0,0,0,0,0,0,0,0,0,0,2,0,0,0,0,0,7,0,0,0,0,0,0,0,0,0,0,0,0,0,0,1,0,0,0,0,0,0,0,0,1,0,0,0,0,0,0,0,0,0,0,0,0,0,3,0,0,0,0,0,0,0,0,1,0,0,0,0,0,0,0,1,0,0,5,6,0,0,0,1,0,2,1,0,1,0,2,0,0,0,1,0,0,0,0,0,0,0,1,0,0,0,0,0,7,0,0,0,0,1,0,9,0,0,0,0,0,1,0,3,0,2,0,0,1,2,0,1,0,0,0,0,0,0,0,0,0,2
435,435,0,0,5,2,1,0,0,0,0,2,0,0,0,0,0,0,0,0,0,5,0,0,0,0,0,0,0,0,0,0,0,0,0,0,0,0,0,0,0,5,0,0,0,0,0,0,0,0,3,0,0,0,3,0,0,8,0,0,0,0,1,2,0,3,0,0,0,1,0,0,0,0,0,0,0,0,0,0,0,0,0,0,0,0,0,0,0,0,0,2,4,0,2,0,0,0,0,0,0,0,0,1,0,0,0,0,0,0,0,0,0,0,0,1,1,0,0,1,2,0,0,0,0,10,5,0,0,0,0,0,0,0,0,1,0,4,0,0,0,0,0,0,0,0,0,0,0,0,0,0,0,0,2,2,0,0,0,0,0,0,0,0,0,0,0,0,0,0,0,0,0,0,0,0,0,0,0,0,0,0,1,0,0,0,0,1,15,2,0,0,0,0,0,0,2,0,4,0,4,0,1,0,0,0,0,0,2,0,0,0,0,0,0,0,0,0,0,0,0,0,0,0,0,2,0,0,0,0,0,2,0,1,0,0,0,0,2,0,0,0,0,0,0,0,0,0,2,1,1,0,1,0,0,0,0,0,0,0,0,0,0,0,0,0,0,0,0,0,4,0,0,0,0,0,0,0,0,0,0,0,0,0,0,0,0,0,0,0,0,0,0,0,0,0,3,0,0,0,0,0,1,1,1,0,0,0,0,0,0,0,0,4,0
436,436,0,0,0,0,0,0,0,0,0,0,0,0,0,0,0,0,0,0,1,0,0,0,0,0,0,0,0,0,0,0,0,0,0,0,0,0,0,0,2,0,0,1,0,0,0,0,4,1,0,4,0,0,0,0,0,0,0,0,0,0,0,0,0,0,0,0,0,0,0,0,0,0,0,0,0,0,0,0,0,0,0,0,0,0,0,0,0,0,0,0,5,0,0,0,0,0,0,0,0,0,0,0,0,0,0,0,0,0,0,0,0,0,0,0,1,0,0,0,0,0,0,0,0,0,0,0,0,0,0,0,0,0,0,1,0,1,3,0,0,0,0,1,0,0,0,0,0,0,0,1,0,0,0,0,1,0,0,0,0,0,0,0,0,0,0,0,0,0,0,0,0,0,0,0,0,0,0,0,0,0,0,0,2,0,0,0,0,0,1,0,0,0,0,0,0,0,0,0,0,0,0,0,0,0,0,0,1,0,0,0,0,0,0,0,0,0,0,0,0,1,0,0,0,0,0,0,0,0,0,3,0,0,1,0,0,0,2,0,0,0,0,0,0,0,0,0,0,0,0,0,0,0,0,0,0,0,0,0,0,0,0,0,1,0,0,0,0,0,0,0,0,0,0,0,0,0,0,0,0,0,0,0,0,0,0,0,0,0,0,0,0,0,0,0,0,0,0,0,2,0,0,0,0,0,0,0,0,1,0,0,0,0,0
437,437,0,2,0,1,0,0,0,0,0,0,0,0,0,0,0,0,0,0,0,0,0,0,0,0,0,0,1,0,0,1,0,1,0,0,2,0,1,0,0,0,0,1,3,0,0,0,0,0,0,0,0,0,0,0,0,2,0,0,0,0,0,0,0,0,0,0,0,0,0,0,0,0,0,0,0,0,0,0,0,0,1,0,0,0,0,1,0,0,2,0,0,0,0,0,0,0,0,0,0,0,0,0,0,0,0,0,0,1,0,1,0,0,0,0,0,0,0,0,0,0,0,0,0,2,0,1,0,0,0,0,1,0,0,0,0,0,0,0,0,0,0,0,0,0,0,0,1,1,1,0,0,0,0,0,0,0,1,0,0,0,1,0,0,0,0,0,0,0,0,0,0,0,0,0,0,0,0,0,0,0,0,3,0,15,0,0,0,0,0,0,0,0,0,6,0,0,0,0,0,0,0,0,0,0,0,0,0,0,0,0,0,0,0,0,0,0,0,0,0,0,4,2,2,2,0,0,0,0,0,1,23,0,0,0,0,0,0,0,1,0,0,0,0,0,0,0,0,1,0,0,0,0,0,0,2,0,0,0,0,0,1,0,0,0,0,0,0,0,0,0,0,0,0,0,0,0,0,1,0,0,0,0,0,0,0,0,0,0,0,0,0,0,0,0,3,0,0,0,0,0,0,0,0,0,0,0,0,1,0,0,2,1,0
438,438,1,12,0,0,0,0,0,0,0,0,0,0,0,0,0,0,0,0,0,0,2,0,0,0,0,0,0,0,0,0,0,0,0,0,4,2,3,3,0,0,0,4,0,0,0,0,0,0,0,0,0,0,1,0,0,0,0,0,0,0,0,0,1,0,0,0,0,0,0,0,0,0,0,0,0,3,0,0,0,0,0,0,0,0,0,3,0,0,6,1,0,0,0,0,0,0,0,0,1,0,0,1,0,1,0,4,1,1,0,0,0,0,0,5,0,0,0,0,0,0,0,0,0,0,0,0,1,3,0,0,2,0,0,0,0,0,0,0,0,0,0,0,0,1,0,0,0,0,0,0,0,0,0,0,0,0,1,0,0,1,0,0,0,0,0,0,1,0,0,0,0,0,0,0,1,0,0,0,0,0,0,0,0,15,0,0,1,0,3,1,0,0,0,2,0,0,0,0,0,0,0,0,0,1,0,0,2,0,0,0,0,0,0,0,0,0,1,0,0,0,1,2,1,1,0,0,0,0,0,1,21,0,0,0,0,0,0,1,2,0,0,0,0,0,0,0,2,1,0,0,0,0,0,0,3,0,0,1,0,0,0,0,0,0,0,0,0,0,0,0,0,0,0,0,0,0,0,2,0,1,0,1,0,0,1,0,0,0,0,0,0,0,1,0,0,0,0,0,0,0,0,0,0,0,0,0,0,0,2,1,1,1,0
439,439,0,2,0,4,4,0,1,3,0,6,0,0,0,0,0,0,4,0,0,0,0,0,2,0,0,0,0,0,3,5,0,0,0,1,0,0,2,0,0,1,0,10,1,0,0,0,0,0,2,0,0,4,2,0,0,4,1,0,0,3,7,5,0,0,0,4,0,4,2,0,2,0,1,0,0,0,3,0,0,0,1,0,0,0,0,3,0,0,0,1,3,0,1,1,0,1,0,1,0,1,3,2,0,0,0,0,0,0,0,2,0,0,6,24,0,0,1,2,5,2,0,0,0,6,0,10,1,6,0,0,0,4,0,0,0,2,0,0,0,2,0,1,0,1,0,0,0,6,0,1,0,0,0,3,0,1,2,0,0,0,0,0,0,0,0,0,7,5,1,0,1,0,0,1,3,0,0,0,0,0,1,0,0,0,0,0,1,1,6,0,2,4,0,0,0,0,4,0,0,0,0,0,0,0,3,0,2,0,0,0,0,0,0,0,0,2,0,0,1,0,0,0,0,3,0,0,0,0,0,5,0,0,2,0,0,0,2,0,4,0,0,1,0,2,0,0,1,1,0,2,15,0,0,0,0,0,1,3,2,0,0,0,0,3,0,0,1,0,4,0,0,0,0,1,0,0,0,0,0,3,0,0,0,0,1,0,4,1,1,0,0,0,3,0,9,9,4,1,0,1,3,0,1,0,0,0,1,4,0,6,0,4,0
440,440,0,1,1,2,2,0,0,0,0,0,0,0,0,2,0,0,0,0,0,0,7,0,1,0,0,0,1,3,0,0,0,0,0,0,3,0,2,0,0,0,0,2,2,0,0,0,0,0,1,0,0,1,0,0,0,1,0,0,0,0,1,0,5,0,0,0,1,0,0,0,0,0,0,0,0,3,0,0,0,0,0,0,0,0,0,1,1,0,0,1,2,0,0,0,0,0,0,1,0,0,0,1,0,0,0,2,2,0,0,0,0,0,0,2,0,1,0,1,0,0,2,2,1,3,2,2,1,0,1,0,0,0,0,0,0,0,0,0,0,0,0,0,0,3,0,0,0,0,0,0,1,0,3,1,0,0,0,5,0,0,0,0,0,0,0,0,0,0,0,0,0,0,0,3,2,0,0,0,0,0,0,0,0,9,0,0,1,0,0,0,0,0,0,1,0,1,1,0,0,0,0,0,0,3,0,0,1,0,0,0,2,0,0,0,0,0,0,0,0,0,0,2,7,2,0,0,0,0,0,6,2,1,1,0,0,0,1,0,2,0,4,2,1,0,0,0,1,0,0,0,1,0,0,0,0,0,0,0,0,0,0,1,0,0,0,0,1,1,0,4,0,0,0,0,0,0,4,0,0,0,0,5,0,0,1,0,0,1,0,0,0,0,0,0,4,0,1,0,0,0,0,1,3,0,2,0,0,7,10,0,4,4,2
441,441,0,0,0,1,0,0,0,0,0,0,0,0,0,0,0,0,0,0,0,0,0,0,0,0,0,2,1,0,0,0,0,0,0,0,0,0,0,0,0,0,0,0,1,0,0,0,0,0,1,0,0,0,0,0,0,1,0,0,0,0,1,2,0,0,0,0,0,1,0,0,0,0,1,0,0,0,1,0,0,0,0,0,0,0,0,0,0,0,0,0,5,0,0,0,0,0,0,0,0,0,0,0,0,0,0,0,0,0,0,0,0,1,0,4,1,0,0,0,2,1,0,0,0,0,0,0,0,1,0,0,0,4,0,3,0,0,0,0,0,0,0,0,0,1,0,0,0,0,0,0,0,0,2,0,0,0,1,0,0,1,0,0,0,0,0,0,0,0,0,0,0,0,0,0,0,0,0,0,0,0,0,0,0,0,2,0,2,2,2,0,0,0,0,0,0,0,0,0,3,5,0,0,0,0,0,0,0,0,0,0,0,0,0,0,0,0,0,0,0,0,0,0,0,0,0,0,0,1,0,5,0,0,0,0,0,0,5,0,0,0,0,0,0,0,0,0,0,1,0,0,0,0,0,0,0,0,0,0,3,0,0,0,0,0,0,1,0,3,0,0,0,0,0,1,0,0,0,0,0,0,0,1,0,0,1,0,0,1,0,1,0,1,1,0,2,0,0,0,0,0,1,0,0,0,0,0,0,1,0,2,0,0,1
442,442,4,4,6,3,0,0,0,3,0,0,0,0,0,0,2,0,47,0,1,0,0,0,3,0,0,0,1,0,0,0,0,0,2,0,0,0,8,0,0,0,0,13,0,0,0,0,0,0,0,0,0,6,2,0,0,0,0,0,0,0,0,0,0,0,0,0,0,10,4,0,4,0,5,0,0,0,0,0,0,0,0,0,0,0,0,10,0,0,0,0,0,0,0,0,0,2,0,0,0,1,7,3,0,0,0,0,0,0,1,2,0,5,13,35,0,0,4,0,3,8,0,0,0,0,0,0,6,12,0,0,0,16,0,0,0,0,0,0,0,1,3,2,0,1,0,0,0,0,0,0,0,0,0,0,1,2,2,0,0,2,0,0,0,0,0,0,23,7,2,1,1,0,0,2,0,0,0,0,0,0,0,0,0,0,0,2,0,0,6,0,0,13,0,0,0,0,0,0,0,0,0,0,0,2,3,3,3,0,0,0,1,0,0,0,0,2,0,0,0,0,3,0,4,0,0,0,0,0,0,10,0,0,0,0,0,0,0,1,4,0,0,0,0,2,1,5,13,0,0,9,23,0,0,2,2,0,3,7,0,1,0,2,0,0,0,1,0,0,2,0,0,0,0,1,2,0,1,2,0,13,0,0,0,0,9,0,12,0,1,2,0,0,2,0,6,5,8,0,0,3,3,0,2,0,0,0,0,5,0,3,0,0,2
443,443,0,8,0,0,0,0,0,0,0,2,0,0,0,0,0,0,0,0,0,0,0,0,0,0,0,0,0,0,0,0,1,0,0,0,0,0,0,3,0,0,0,1,0,0,0,0,0,0,0,0,0,0,0,0,3,0,0,0,0,0,0,0,0,0,0,0,0,0,0,0,0,0,0,0,0,0,0,0,0,0,0,0,0,0,0,1,0,0,0,0,1,0,1,0,3,0,0,0,0,0,0,0,0,1,0,0,0,0,0,0,0,0,0,1,8,0,1,0,0,0,0,0,0,0,0,0,0,0,0,0,0,0,0,0,0,0,0,0,0,0,0,0,0,0,0,0,0,0,0,1,0,0,0,0,13,0,0,0,0,0,0,0,0,0,0,0,0,0,0,0,0,0,0,0,3,0,0,0,0,0,0,0,0,4,0,0,0,0,0,0,0,0,0,0,0,0,0,0,0,0,0,0,0,0,0,1,2,0,0,0,0,0,0,0,0,0,0,0,0,0,0,0,0,5,0,0,0,0,0,2,0,0,0,0,0,0,0,0,1,2,0,0,0,0,0,0,0,0,0,0,0,0,0,4,4,0,0,0,0,0,0,0,0,1,0,0,0,0,0,0,0,0,0,0,0,0,0,0,0,1,0,2,0,0,0,0,4,0,0,0,0,0,1,1,1,0,2,0,0,0,3,0,1,0,0,0,0,2,0,0,0,0,0
444,444,1,0,2,2,0,2,0,0,0,0,0,0,0,0,0,0,20,0,0,1,0,0,0,0,2,0,0,0,0,0,0,0,0,0,0,0,0,0,0,0,0,10,0,0,0,0,0,0,0,0,0,1,0,0,0,0,0,0,0,0,1,0,0,0,1,0,0,3,2,1,1,0,3,0,0,0,0,0,0,0,0,0,0,0,0,15,0,0,0,0,0,0,0,1,0,1,0,0,0,0,2,3,0,0,0,0,0,0,0,0,0,1,18,34,0,0,0,0,0,4,0,0,0,0,1,0,2,13,0,0,0,16,0,0,0,1,0,0,0,0,1,0,0,0,0,0,0,0,0,0,0,0,0,0,2,2,0,0,0,1,0,0,0,0,0,1,10,3,0,0,0,0,0,1,0,0,1,0,0,0,0,0,0,1,0,2,2,0,3,0,2,9,0,0,0,0,0,0,0,0,0,0,0,1,0,0,2,0,0,0,1,1,0,0,1,0,0,0,0,0,0,0,0,0,0,0,0,0,0,4,0,0,0,0,0,0,1,0,3,0,0,0,0,1,0,0,4,1,0,2,21,0,0,0,2,1,0,5,1,0,1,1,0,0,0,1,0,0,5,0,0,0,0,0,1,0,0,3,0,10,0,0,0,0,8,0,2,1,1,0,0,0,1,0,5,1,6,0,0,2,2,0,1,1,0,0,0,1,0,1,0,0,0
445,445,0,1,1,4,1,0,0,0,0,4,0,0,0,0,0,0,0,0,0,2,0,0,0,0,1,0,1,0,0,3,0,0,0,5,0,0,0,0,0,1,0,0,0,0,0,0,0,0,2,0,0,1,4,0,0,4,0,0,0,0,4,0,0,1,0,0,0,0,1,0,1,0,3,0,0,0,0,0,0,0,1,0,0,0,0,1,0,0,0,1,0,0,0,0,0,0,0,1,0,0,0,0,0,0,0,0,0,1,0,0,0,0,0,5,0,0,0,0,1,2,0,0,0,11,2,1,0,0,0,0,0,1,0,1,0,1,0,0,0,8,0,2,0,0,0,0,0,2,0,1,0,0,0,2,0,0,0,0,0,0,0,0,0,0,0,0,0,1,0,0,0,0,0,1,0,0,0,0,0,3,0,0,0,1,0,1,8,0,0,0,0,0,0,0,21,0,2,0,3,0,0,0,0,0,0,0,5,0,0,0,0,0,0,0,0,0,0,0,0,0,0,0,0,1,0,0,0,2,0,0,0,1,0,0,0,0,1,0,1,0,0,0,0,0,0,0,0,3,0,2,3,0,1,0,1,0,0,1,1,0,0,0,0,1,0,1,0,0,0,0,0,0,0,0,0,0,0,0,0,0,0,0,0,0,0,0,0,0,0,0,0,0,0,0,1,1,1,0,0,0,1,0,1,0,1,0,0,1,0,6,0,2,0
446,446,0,5,1,3,1,0,0,0,0,0,0,1,0,0,4,2,0,0,1,0,7,1,0,0,1,0,6,0,0,0,0,0,0,0,2,0,2,3,0,0,0,1,4,0,0,0,0,0,0,2,0,0,0,1,3,1,0,0,0,0,0,0,1,0,0,0,0,0,0,0,0,0,2,0,0,0,0,0,0,0,1,0,0,0,0,0,0,0,11,1,3,0,2,0,1,0,0,0,0,0,0,2,0,4,0,2,0,2,0,0,0,0,0,4,2,0,0,0,2,1,1,0,0,0,0,0,0,0,0,0,1,0,0,0,0,0,0,0,0,0,1,0,0,1,0,0,2,0,0,3,1,2,0,0,13,0,1,1,0,0,0,0,0,1,0,0,1,1,0,0,0,0,0,3,3,0,0,0,0,1,4,0,0,49,0,0,0,0,8,0,0,0,0,6,0,1,0,0,0,0,0,0,0,1,0,10,2,0,0,0,1,0,1,0,0,0,0,0,0,0,5,5,3,1,2,3,0,0,0,5,47,0,8,0,4,0,5,1,0,1,1,0,0,0,0,0,11,1,0,0,0,0,0,4,4,0,0,0,1,0,1,1,0,5,0,1,0,0,0,0,0,0,0,0,1,0,0,6,3,0,0,2,0,0,2,0,9,0,0,2,0,0,4,0,6,0,6,0,0,0,3,0,1,0,0,0,0,5,0,3,3,10,0
447,447,0,1,0,2,0,2,0,0,0,0,1,1,0,1,0,0,0,0,0,0,3,0,0,0,0,0,0,0,0,0,0,0,0,0,1,3,0,1,0,0,0,1,0,0,0,0,0,0,0,0,0,0,0,0,0,0,0,0,0,0,0,0,3,0,0,0,0,0,0,0,0,0,0,0,0,1,0,0,0,0,0,0,0,0,0,0,0,0,0,0,0,0,0,1,0,0,0,0,0,0,0,2,0,0,0,1,1,0,0,0,0,1,0,1,0,0,0,0,0,0,1,0,0,0,0,3,2,0,0,0,0,0,0,0,0,0,0,0,0,0,0,0,0,2,0,0,0,0,0,0,0,0,0,0,0,0,0,0,0,0,0,0,0,0,0,0,1,0,0,0,0,0,0,1,1,0,0,0,0,0,0,0,0,0,0,0,0,0,0,0,0,0,0,0,0,3,0,0,0,0,0,0,0,0,0,0,1,0,1,0,2,0,0,0,0,0,0,0,0,0,0,0,4,6,0,0,0,0,0,1,3,4,1,0,0,0,0,0,2,0,0,1,0,0,0,0,0,0,0,0,0,0,0,0,0,0,0,0,0,0,0,0,0,0,0,0,0,0,0,0,0,0,0,0,0,0,0,0,0,0,0,0,0,0,0,0,0,0,0,0,0,0,0,0,2,0,0,0,0,0,1,0,0,0,0,0,0,0,4,0,1,3,1
448,448,1,0,4,0,1,0,0,2,0,3,0,0,0,0,0,0,5,0,0,1,0,0,0,0,0,0,1,0,0,0,1,0,0,1,0,0,3,0,0,0,0,18,0,0,0,0,0,0,3,1,0,2,1,0,0,0,1,0,0,0,0,1,0,0,0,1,0,1,4,0,0,0,1,0,0,0,0,0,1,0,0,0,0,0,0,1,0,0,0,0,0,0,0,0,0,0,0,2,0,2,3,1,0,3,0,0,0,1,0,1,0,2,11,25,0,0,0,0,0,3,0,0,0,0,1,2,0,8,0,0,0,4,0,0,0,1,0,0,0,1,0,0,0,0,0,0,0,2,0,0,0,0,0,0,0,1,1,0,0,1,0,0,0,0,0,0,9,9,0,0,0,0,0,0,1,0,1,0,0,0,0,0,0,0,0,6,4,0,0,0,1,6,0,0,0,0,1,0,0,0,0,0,0,0,1,1,1,0,0,0,1,0,0,0,0,0,0,0,0,0,0,1,0,0,1,0,0,1,0,2,1,1,0,0,0,0,0,0,2,0,0,0,0,4,1,0,4,1,1,3,11,0,0,0,2,0,1,2,3,0,0,3,0,0,0,0,0,0,3,0,0,0,0,0,1,0,0,0,0,2,0,0,0,0,2,0,6,3,0,0,0,0,1,0,4,1,1,0,0,2,1,0,3,1,0,0,0,0,1,3,0,0,1
449,449,0,2,3,0,1,0,0,0,0,3,0,0,0,0,0,0,1,0,0,0,3,0,1,0,0,0,1,0,0,4,0,0,0,0,1,0,1,0,0,0,0,0,3,0,0,0,0,0,3,0,0,0,0,0,0,6,0,0,0,0,0,0,3,1,0,0,0,0,0,0,0,0,0,0,0,1,0,0,0,0,1,0,0,0,0,1,2,0,2,0,0,0,0,0,0,0,0,0,0,0,0,1,0,0,0,0,1,0,0,0,0,1,0,1,1,0,0,0,0,1,1,0,0,6,2,5,0,0,0,0,0,0,0,0,0,0,0,0,0,2,0,1,1,2,0,0,2,1,0,0,1,0,3,0,3,0,0,2,0,0,0,0,0,0,0,0,0,0,0,0,0,0,0,0,2,0,0,0,0,0,0,3,0,13,2,0,1,0,1,0,0,0,0,1,0,0,1,0,5,0,0,0,0,0,0,0,0,0,0,0,1,0,0,0,0,0,1,0,0,1,0,13,2,0,2,0,0,0,0,0,16,2,3,0,2,0,2,0,0,0,1,0,0,0,0,0,1,1,0,0,0,0,0,3,1,1,0,0,0,0,0,0,0,2,0,1,0,0,1,0,0,0,0,0,2,0,0,0,0,0,0,3,0,0,5,0,1,0,0,1,0,0,2,0,3,0,1,0,0,0,1,0,0,0,0,0,0,3,1,0,2,6,0
450,450,0,2,0,0,0,0,0,0,0,0,0,0,0,0,0,0,0,0,0,0,4,0,0,0,2,0,0,0,0,0,0,0,0,0,1,0,0,2,3,0,0,1,0,0,0,2,1,1,0,9,0,1,0,0,0,0,0,0,0,0,0,0,0,0,1,0,0,0,0,0,0,0,0,0,0,0,0,0,1,0,2,0,0,0,0,0,0,0,0,0,2,0,1,0,0,0,0,0,0,0,0,0,0,0,0,0,0,0,0,0,0,0,0,2,0,0,1,0,1,0,0,0,0,0,0,0,0,3,0,0,0,0,0,1,0,0,0,0,0,0,1,0,0,0,0,0,0,1,0,1,0,3,0,0,4,0,0,0,2,0,1,1,0,0,0,0,0,0,0,0,0,0,0,1,0,0,0,1,0,0,1,0,0,6,0,0,0,0,0,0,0,0,0,0,0,0,0,0,0,0,0,0,0,0,0,1,0,0,0,0,0,0,0,0,0,0,0,0,0,0,1,1,0,0,0,0,0,2,0,1,5,0,1,0,1,0,3,0,0,0,0,0,1,2,0,0,0,1,0,1,1,0,0,0,0,0,0,0,0,0,1,0,1,1,0,0,0,0,1,0,0,0,0,0,0,0,0,0,0,0,0,0,0,0,0,0,0,0,0,0,0,0,1,0,1,0,2,2,4,0,1,0,0,0,0,0,0,1,0,0,0,1,0
451,451,0,0,0,0,0,0,0,0,0,0,0,0,0,0,0,1,0,0,0,0,12,0,0,0,0,0,0,3,0,0,0,0,0,0,3,0,1,0,0,0,0,0,0,0,0,0,0,0,0,0,0,0,0,0,0,0,0,0,0,0,0,0,3,0,0,0,1,0,0,0,0,0,0,0,0,3,0,0,2,0,0,0,0,0,0,0,0,0,3,0,0,0,0,0,0,0,0,0,0,0,0,0,0,0,0,1,0,0,1,0,0,0,0,1,0,0,0,0,0,0,0,0,0,0,0,0,1,0,0,0,0,1,0,0,0,0,0,0,0,0,0,0,0,3,0,0,0,0,0,0,0,0,0,0,0,0,0,6,0,0,0,0,0,0,0,0,0,0,0,0,0,0,0,0,1,0,0,0,0,0,0,0,0,1,0,0,0,1,0,0,0,0,0,0,0,1,0,0,0,0,0,0,0,0,0,0,0,0,1,0,1,0,0,0,0,0,0,0,0,0,0,1,1,2,0,0,0,0,0,1,0,0,2,0,0,0,0,0,0,1,1,0,0,0,0,0,0,0,0,0,0,0,0,1,0,0,0,0,0,0,0,0,0,0,0,0,0,0,0,0,1,0,0,0,0,0,0,0,0,0,0,2,0,0,1,0,0,0,1,0,0,0,0,0,1,0,0,0,0,0,0,0,0,0,0,0,0,0,4,1,1,1,0
452,452,1,2,4,3,0,0,0,3,0,2,0,0,0,0,0,0,22,0,0,0,0,0,2,0,2,0,0,0,0,0,0,0,0,0,0,0,3,0,1,0,0,7,1,0,0,0,0,0,0,0,0,1,0,0,0,0,0,0,0,0,0,0,0,0,0,0,0,6,0,0,0,0,1,0,0,0,0,0,0,0,0,0,0,0,0,6,0,0,0,0,0,0,0,1,0,0,0,0,0,0,3,3,0,0,0,0,0,0,1,2,1,2,10,18,0,0,2,0,2,2,0,0,0,0,0,1,3,4,0,0,0,10,0,0,0,0,0,0,0,0,1,0,0,0,0,0,0,0,0,0,0,0,0,0,0,0,1,0,0,0,0,0,0,0,0,0,12,11,1,0,0,0,0,0,0,0,0,0,0,0,0,0,0,0,0,2,0,0,1,0,0,10,0,0,0,0,0,0,0,0,0,0,0,0,2,0,3,0,0,0,0,0,0,0,0,0,0,0,0,0,0,0,0,0,0,0,0,0,0,8,0,0,0,0,0,0,1,2,1,0,0,0,0,1,0,0,0,0,0,3,7,0,0,0,1,0,0,4,0,0,0,1,0,0,0,0,0,0,1,0,0,0,0,0,0,0,0,0,0,3,0,0,0,0,10,0,5,0,0,1,0,0,2,0,2,0,5,0,0,2,1,1,1,0,0,0,2,1,0,1,0,0,3
453,453,1,9,2,0,0,0,0,0,0,1,0,0,0,0,0,0,0,0,0,0,0,0,1,0,0,0,0,0,0,0,0,0,0,0,2,0,2,1,0,0,0,5,1,0,0,0,0,0,0,0,0,0,0,0,0,0,0,0,0,0,0,0,0,0,0,0,0,1,0,0,0,0,0,0,0,0,0,0,0,0,0,0,0,0,0,3,0,0,0,0,0,0,0,0,0,1,0,1,0,0,3,15,0,0,0,0,0,1,0,0,0,0,3,8,0,0,0,0,0,1,0,0,0,3,0,0,2,0,0,0,0,1,0,0,0,0,0,0,0,0,1,0,0,0,0,0,0,0,0,0,0,0,0,0,0,0,2,0,1,0,0,0,1,0,2,1,9,1,10,5,0,0,0,1,4,0,0,0,0,0,0,0,0,7,0,0,0,0,0,0,0,0,0,1,0,0,0,0,0,0,0,0,4,7,0,0,2,0,0,0,0,0,0,0,0,2,0,0,0,0,5,0,0,0,0,0,0,0,0,1,3,0,0,0,0,2,0,1,1,0,0,0,0,0,0,0,3,2,0,3,1,0,1,0,0,0,0,1,0,5,0,2,0,0,0,0,1,0,1,0,0,0,0,0,0,1,0,2,0,12,1,0,0,0,2,0,1,1,0,0,0,0,2,0,2,0,2,0,0,1,0,1,0,0,0,0,0,0,0,0,2,0,0
454,454,0,1,0,0,2,0,0,0,0,0,0,0,0,0,0,0,0,0,0,0,4,0,0,0,0,0,0,0,0,0,0,0,0,0,1,0,0,0,0,0,0,0,0,0,0,0,0,0,0,0,0,0,0,0,0,0,0,0,0,0,0,0,0,0,0,0,0,0,0,0,0,0,0,0,0,0,0,0,0,0,1,0,0,0,0,0,0,0,2,0,0,0,0,0,0,0,0,0,0,0,0,0,0,0,0,0,0,0,0,0,0,0,0,0,0,0,0,0,1,0,2,1,0,0,0,0,0,0,0,0,0,0,0,1,0,1,0,0,0,0,1,0,0,0,0,0,0,0,0,0,0,0,0,0,0,1,0,3,0,0,0,0,0,0,0,0,0,0,0,0,0,0,0,0,0,0,0,0,0,1,0,0,0,1,0,0,0,0,0,0,0,0,0,0,0,0,0,0,0,0,0,0,0,4,0,0,0,0,0,0,0,0,0,0,0,0,0,0,0,0,0,6,1,0,0,0,0,0,0,0,0,0,1,0,0,0,0,0,0,0,0,0,0,0,0,0,1,0,0,0,0,0,0,0,0,0,0,0,2,0,0,0,0,0,0,0,0,0,0,0,0,0,0,0,0,0,0,1,0,0,0,0,0,0,0,0,0,0,0,0,0,0,0,0,0,0,0,0,0,0,0,0,0,0,0,0,0,0,2,0,0,1,0
455,455,0,0,0,0,1,0,0,0,0,0,0,0,0,0,0,0,0,0,1,0,0,0,0,0,0,0,0,0,0,0,0,0,0,0,1,0,0,0,0,0,0,0,3,0,0,0,0,0,0,0,0,0,0,0,2,0,0,0,0,0,0,0,0,0,0,0,0,0,0,0,0,0,0,0,0,0,0,0,0,0,0,0,0,0,0,0,0,0,0,1,0,0,0,0,0,0,0,0,0,0,0,0,0,0,0,0,0,0,0,0,0,0,0,0,7,0,0,0,0,0,0,0,0,0,0,1,0,0,0,0,0,0,1,1,0,0,0,0,0,0,0,0,0,0,0,0,0,0,0,2,0,0,0,0,13,0,0,0,0,0,0,0,0,0,0,0,0,0,0,0,0,0,0,1,1,0,0,0,0,0,1,0,0,0,0,0,0,0,0,0,0,0,0,0,0,0,0,0,1,0,0,0,0,0,0,1,0,0,0,0,0,0,0,0,0,2,0,0,0,0,0,0,0,3,0,0,0,0,0,0,0,0,0,0,0,0,0,0,0,0,0,0,0,0,0,0,0,1,0,0,2,0,0,10,3,0,0,0,0,0,0,0,0,6,0,0,0,0,0,0,0,0,0,0,0,0,0,0,0,0,0,0,0,0,0,0,10,0,0,5,0,0,7,0,3,0,12,0,0,0,1,0,0,0,0,0,0,3,0,5,0,0,0
456,456,0,0,1,0,0,0,0,0,0,0,0,0,0,0,1,0,0,0,0,0,3,0,0,0,1,0,0,0,0,0,0,0,0,0,1,0,0,1,0,0,0,0,0,0,0,0,0,0,0,0,0,0,0,0,0,0,0,0,0,0,0,0,1,0,0,0,0,0,0,0,0,0,0,0,0,2,0,0,0,0,0,0,0,0,0,0,0,0,0,0,0,0,0,0,0,0,0,1,0,0,0,0,0,0,0,0,0,0,0,0,0,1,0,0,0,0,0,0,0,0,0,0,0,0,1,0,1,0,0,0,0,0,0,0,0,0,0,0,0,0,0,0,0,0,1,0,0,0,0,0,0,0,0,0,0,0,0,1,0,0,0,0,0,0,0,0,0,1,0,0,0,0,0,0,0,0,0,0,0,0,0,0,0,0,0,0,0,0,0,0,0,0,0,1,0,0,0,0,0,0,0,0,0,0,0,0,0,0,0,0,1,0,0,0,0,0,0,0,0,0,0,0,1,1,0,0,0,0,0,0,0,3,0,0,0,0,0,0,0,0,2,0,0,0,0,0,0,0,0,0,0,0,0,1,0,0,0,0,0,0,0,0,0,0,0,0,0,0,0,0,0,0,0,0,0,0,0,0,0,1,0,1,0,0,0,0,0,0,0,0,0,0,1,0,1,0,0,0,0,0,0,0,0,0,0,0,1,0,4,0,0,2,0
457,457,0,0,3,0,0,0,0,0,0,0,0,0,0,0,0,0,6,0,0,0,0,0,0,0,0,0,0,0,0,0,0,0,0,0,0,0,1,0,0,0,0,5,0,0,0,0,0,0,0,0,0,4,0,0,0,0,0,0,0,0,0,0,0,0,0,0,0,2,1,0,0,0,1,0,0,0,0,0,0,0,0,0,0,0,0,0,0,0,0,0,0,0,0,0,0,0,0,0,0,1,1,2,0,0,0,0,0,0,0,1,0,1,3,18,0,0,0,0,1,2,0,0,0,0,0,0,0,3,0,0,0,3,0,0,0,0,0,0,0,0,3,0,0,0,0,1,0,0,0,0,0,0,0,0,1,1,0,0,0,2,0,0,0,0,0,0,9,3,0,0,0,0,0,0,0,1,0,0,0,0,0,0,0,0,0,0,0,0,0,0,0,3,0,0,0,0,0,0,0,0,0,1,0,0,1,0,2,0,0,0,0,0,0,0,0,0,0,0,0,0,0,0,0,0,0,0,0,0,0,6,0,0,0,0,0,0,0,0,0,0,0,0,0,0,0,0,0,0,0,2,5,0,1,0,0,0,1,0,0,0,0,1,0,0,0,5,0,0,1,0,0,0,0,0,0,0,0,0,0,3,0,0,0,0,6,0,0,0,2,0,0,0,0,0,1,0,1,0,0,0,0,0,0,0,0,0,1,0,0,0,0,0,0
458,458,0,0,0,0,0,0,0,0,0,2,0,0,0,0,0,0,0,0,0,0,0,0,0,0,0,0,0,0,1,0,0,0,0,0,0,0,0,0,0,0,0,0,0,0,0,0,0,0,0,0,0,0,0,0,2,1,0,0,1,0,0,0,0,1,0,0,0,0,0,0,0,0,0,0,0,0,0,0,0,0,0,0,0,0,0,0,0,0,0,0,1,0,0,0,0,0,0,0,0,0,0,0,0,0,0,0,0,0,0,0,0,0,0,0,1,0,0,0,0,0,0,0,0,2,0,0,0,0,0,0,0,0,0,1,0,1,0,0,0,0,0,0,0,0,0,0,0,0,0,0,0,2,0,0,3,0,0,0,0,0,0,0,0,0,0,0,0,0,0,0,0,0,0,0,0,0,0,0,0,0,0,0,0,1,0,0,0,0,0,0,0,0,0,0,0,0,0,0,0,0,0,0,0,0,0,3,0,0,0,0,0,0,0,0,0,0,0,0,0,0,0,0,0,0,0,0,0,0,0,0,0,0,1,0,0,0,0,1,0,0,0,0,0,0,0,0,0,0,0,0,0,0,0,1,1,0,0,0,0,0,0,0,0,1,0,0,0,0,0,0,0,0,0,0,0,0,0,0,0,0,0,0,0,0,0,0,2,0,0,0,0,0,0,0,0,0,1,0,1,0,0,1,0,0,1,0,0,0,0,0,0,0,1
459,459,0,0,1,0,1,0,0,0,0,3,0,0,0,0,0,0,0,0,0,3,0,0,0,0,0,0,2,0,0,2,0,0,0,3,0,0,2,0,0,0,0,1,0,0,0,0,0,0,3,0,0,1,4,0,0,5,0,0,0,0,1,0,2,1,0,0,0,0,0,0,0,0,1,0,0,0,0,0,1,0,0,0,0,0,0,0,0,0,0,2,1,0,0,0,0,2,0,1,0,0,0,0,0,0,0,0,0,1,0,0,0,0,0,2,0,0,0,0,5,0,0,0,0,16,1,1,0,0,0,0,0,0,0,1,0,0,0,0,0,7,0,0,0,0,0,0,0,0,0,1,0,0,2,4,0,0,1,0,0,0,0,0,0,0,0,0,0,0,0,0,0,0,0,4,0,0,0,0,0,4,2,0,0,0,0,0,14,1,2,0,0,0,0,0,2,0,1,0,7,0,0,0,0,0,0,0,5,0,0,0,0,0,0,0,0,2,0,0,0,0,0,0,0,2,0,0,0,0,0,1,0,0,0,0,0,0,1,0,1,0,0,0,0,1,0,0,1,1,0,0,0,0,0,1,0,0,0,0,0,0,0,0,0,1,0,1,0,0,1,0,0,0,0,0,1,1,0,0,0,0,0,1,0,0,0,0,0,0,0,1,0,0,0,0,1,0,0,0,0,0,0,1,0,0,1,0,0,1,0,1,0,9,0
460,460,0,3,2,3,1,0,0,0,0,0,0,0,0,0,0,0,1,0,0,0,3,0,0,1,2,0,0,1,0,0,0,0,0,0,1,0,0,1,0,0,0,0,1,0,0,0,0,0,0,0,0,0,0,0,0,0,0,0,0,1,0,0,1,0,0,0,1,0,0,0,0,0,0,0,0,3,0,0,0,0,1,0,0,0,0,2,0,0,2,0,0,0,0,0,0,1,0,0,0,0,0,3,0,0,1,2,1,0,1,0,0,1,0,2,1,2,0,0,0,0,3,0,0,0,0,0,0,0,0,0,0,0,0,1,0,0,0,0,0,0,0,0,0,0,1,0,0,0,0,1,0,0,0,0,1,1,0,5,0,0,0,0,0,0,0,0,0,0,0,0,0,0,0,1,2,0,0,0,0,0,0,0,0,0,0,0,0,0,3,0,1,0,0,0,0,2,0,0,0,0,0,0,0,3,0,0,0,0,0,0,0,0,0,0,0,0,0,0,0,0,0,9,3,2,1,0,0,0,0,2,0,0,1,0,0,0,0,0,2,1,2,0,0,0,0,0,4,1,0,0,0,0,0,0,0,0,0,0,4,0,0,1,0,0,0,1,0,0,0,0,0,1,0,1,1,0,0,0,0,0,0,2,0,0,3,0,0,0,0,0,0,0,0,0,3,0,0,0,0,1,3,0,0,0,0,0,0,0,7,0,1,6,0
461,461,0,2,2,0,0,0,0,0,0,0,0,0,0,0,1,0,16,0,0,0,0,0,3,0,0,0,0,0,0,0,0,0,0,0,0,0,1,0,0,0,0,12,0,0,0,0,0,0,0,0,0,3,0,0,0,0,0,0,0,0,0,0,0,0,0,0,0,2,2,0,2,0,1,0,0,0,0,1,0,0,0,0,0,0,0,5,0,0,0,2,1,0,0,1,0,1,0,0,0,0,6,4,0,1,0,0,0,1,2,1,0,1,11,27,1,0,2,1,1,7,0,0,0,0,0,0,2,14,0,0,0,8,0,0,0,0,0,0,0,0,1,1,0,0,0,0,0,1,0,0,0,1,0,0,0,2,0,0,0,0,0,0,0,0,0,0,11,11,1,0,0,0,0,3,0,0,1,0,0,0,0,0,0,0,0,2,0,1,4,0,0,9,0,0,0,0,0,0,0,0,0,0,0,0,1,0,4,0,0,0,0,0,1,0,0,2,0,0,1,0,0,0,0,0,1,0,0,0,0,9,0,0,0,0,0,0,0,0,1,0,0,0,0,1,0,1,1,0,0,1,15,0,0,0,1,0,0,12,0,0,0,1,0,0,0,3,0,0,4,0,0,0,0,1,2,0,0,0,0,5,0,0,0,0,6,0,1,0,0,0,0,0,7,0,4,3,1,0,0,2,1,0,1,0,0,0,0,0,0,0,0,0,0
462,462,0,0,0,0,2,0,0,0,0,1,0,0,0,0,1,0,1,0,2,4,0,0,0,0,0,0,0,0,1,0,0,0,0,2,0,0,0,0,5,0,0,1,0,0,0,1,2,1,4,2,0,0,4,0,0,8,0,0,0,0,5,1,0,0,0,0,0,0,0,0,0,0,1,0,0,0,0,0,0,0,0,0,0,0,0,0,0,0,0,4,5,0,5,0,0,0,0,0,0,0,0,0,0,0,0,0,0,0,0,0,0,0,1,5,1,0,0,0,0,1,0,0,0,8,0,1,0,1,0,0,0,1,0,2,8,2,1,3,0,3,0,0,0,1,0,0,0,6,0,2,0,6,0,1,0,0,0,0,0,0,0,1,2,0,0,0,0,0,0,0,0,1,1,0,2,0,0,0,0,7,2,0,0,0,0,0,8,0,0,0,0,0,0,0,4,0,3,0,4,0,0,0,0,0,0,0,0,0,0,1,0,1,0,0,0,0,0,0,0,0,0,0,0,3,0,0,0,1,0,6,0,0,0,1,0,0,6,0,1,0,0,0,0,0,0,0,0,1,0,0,2,0,0,0,0,0,0,0,1,0,0,2,0,1,0,3,0,2,0,0,0,0,0,0,0,0,0,0,0,0,0,0,0,0,0,0,0,0,0,0,0,0,1,0,1,0,1,1,2,1,1,0,1,0,0,0,0,0,0,2,0,0,0
463,463,0,11,6,1,0,0,0,0,0,0,0,0,0,0,1,1,9,0,0,0,6,0,2,0,1,0,2,1,0,0,0,0,0,1,1,0,8,2,2,0,0,10,0,1,0,2,1,0,1,0,0,2,0,0,0,0,0,0,0,0,1,0,0,0,0,0,0,2,1,0,1,1,3,0,0,2,0,0,0,0,0,0,0,0,0,10,0,0,1,0,1,0,0,0,0,0,0,0,0,0,7,25,0,1,0,0,0,2,0,1,0,5,10,19,1,2,4,0,2,4,2,0,0,0,2,0,8,9,3,0,0,4,0,0,0,0,0,0,0,0,1,1,0,0,1,0,0,0,0,0,0,1,0,0,1,1,1,1,0,0,0,0,0,0,3,1,22,3,8,3,3,1,0,3,1,0,0,0,0,0,1,0,0,10,1,3,0,2,1,0,3,2,0,0,0,0,0,0,0,0,0,0,9,10,3,1,3,0,0,0,2,0,0,0,1,2,0,0,0,0,3,0,2,2,0,0,1,2,0,3,8,1,1,0,0,6,2,0,2,0,0,0,0,1,0,0,7,3,0,0,3,0,0,1,0,0,1,20,0,10,0,2,0,0,0,1,1,2,2,0,0,0,0,0,1,0,0,3,0,8,0,0,0,0,2,1,3,0,0,1,0,0,2,0,8,2,6,0,3,1,2,1,3,1,0,0,0,4,3,2,1,0,1
464,464,1,8,7,0,0,0,0,1,0,2,0,0,0,1,1,0,2,0,0,0,2,0,0,0,1,0,0,2,0,1,0,0,0,0,2,0,1,1,0,0,0,6,3,0,0,0,1,1,5,0,0,1,0,0,0,3,0,0,0,0,0,0,1,0,0,0,0,0,0,0,0,0,1,0,0,2,0,0,0,0,0,0,0,0,0,5,0,0,3,1,1,0,0,1,0,0,0,2,0,2,2,8,0,0,0,0,0,1,0,1,0,0,0,10,0,1,2,0,2,1,1,0,0,2,2,0,4,5,0,0,0,0,0,1,0,0,0,0,0,2,0,0,0,0,0,0,1,0,0,0,1,1,0,0,1,1,0,1,0,0,0,0,0,0,3,2,8,3,13,6,3,0,0,2,0,0,1,0,0,0,0,0,0,1,0,1,1,0,1,0,0,1,0,0,2,0,0,0,2,0,0,0,5,11,2,0,2,0,0,0,1,0,0,0,1,0,0,0,1,0,1,0,2,2,0,0,0,0,0,3,0,1,1,0,0,0,0,0,0,0,0,0,0,0,0,0,5,1,0,3,7,0,0,1,0,1,0,3,1,2,0,0,0,0,0,0,0,1,2,0,1,0,0,0,2,0,0,2,0,1,0,0,0,0,1,0,2,0,0,0,0,0,4,0,3,2,0,0,1,2,1,2,1,0,0,0,0,1,3,1,1,0,0
465,465,0,1,0,3,1,0,0,0,0,4,0,0,1,0,0,0,1,0,0,0,0,0,0,0,0,0,1,0,3,4,0,0,0,0,0,0,0,0,0,0,0,0,0,0,0,0,0,0,4,0,0,0,1,0,0,4,1,0,0,1,0,2,1,2,0,0,0,0,0,0,0,0,0,0,0,0,0,0,0,0,0,0,0,0,0,0,1,0,2,0,0,0,0,0,0,0,0,0,1,0,0,0,0,0,0,0,0,0,0,0,0,0,0,0,0,0,0,0,0,0,0,0,0,5,2,1,0,0,0,0,0,0,0,2,0,1,0,0,0,0,0,0,0,0,0,0,1,0,0,0,0,1,0,0,1,0,0,0,0,0,0,0,0,0,0,0,0,0,0,0,0,0,0,0,0,0,0,0,0,0,0,0,0,5,0,0,1,0,0,0,0,0,0,0,0,0,0,0,0,0,0,0,0,0,0,0,1,0,0,0,0,0,0,0,0,0,0,0,1,0,0,0,9,0,0,0,0,0,0,3,1,0,0,0,0,0,4,0,1,0,0,0,0,0,0,0,4,0,0,0,0,0,0,2,0,0,0,0,2,0,0,1,0,0,0,0,0,0,0,0,0,0,0,0,0,0,0,0,0,0,0,0,0,0,0,0,0,0,0,0,0,0,0,0,1,0,0,0,0,0,0,0,0,0,0,0,0,0,0,0,0,2,1
466,466,0,1,0,0,1,0,0,0,0,0,0,0,0,0,0,0,1,0,0,0,0,0,0,0,0,0,0,0,1,1,0,0,0,0,0,0,0,0,0,0,0,0,1,0,0,1,2,1,4,0,0,0,0,0,0,1,0,0,0,0,0,0,0,4,0,0,0,0,0,0,0,0,0,0,0,0,0,0,0,0,0,0,0,0,0,0,0,0,0,0,2,0,0,0,0,0,0,0,0,0,0,0,0,0,0,0,0,0,0,0,0,0,0,2,0,0,0,0,0,0,0,0,0,1,0,0,0,0,0,0,0,0,0,0,0,1,0,0,0,0,0,0,0,1,0,0,0,0,0,0,0,0,0,0,2,0,0,0,0,0,2,0,0,0,0,0,0,0,0,0,0,0,0,0,0,0,0,0,0,0,0,0,0,1,0,0,0,0,0,0,0,0,0,0,0,0,0,0,2,0,0,0,0,0,0,0,0,0,0,0,0,0,0,0,0,1,0,0,0,0,0,0,0,0,0,0,0,1,0,0,0,0,0,0,0,0,0,0,0,0,0,0,0,0,0,1,2,3,0,0,1,0,0,0,1,0,0,0,0,0,0,0,0,0,0,0,0,0,1,0,0,0,0,0,0,0,0,0,0,0,0,0,0,0,0,0,1,0,0,2,1,0,0,0,1,0,1,0,2,0,0,0,0,0,0,0,0,2,0,0,0,0,0
467,467,0,0,0,0,0,0,0,0,0,0,0,0,0,0,0,0,0,0,0,0,0,1,0,0,0,0,0,0,0,0,0,0,0,0,0,0,0,0,2,0,0,0,1,0,0,2,4,0,3,0,0,0,0,0,1,0,0,0,0,0,0,0,0,0,0,0,0,0,0,0,0,0,0,0,0,0,0,0,0,0,0,0,0,0,0,0,0,0,0,0,4,0,2,0,0,0,0,0,1,0,0,0,0,0,0,0,0,0,0,0,0,0,0,0,1,0,0,0,1,0,0,0,0,0,0,0,0,0,0,0,0,0,0,0,0,1,1,0,0,0,0,0,0,0,0,0,0,0,0,1,0,6,0,0,0,0,0,0,0,0,0,0,0,0,0,0,0,0,0,0,0,0,0,0,1,0,0,0,0,0,0,0,0,0,0,0,0,0,0,0,0,0,0,0,0,0,0,0,0,0,0,0,0,0,0,0,0,0,0,0,0,0,0,0,0,0,0,0,0,0,0,0,0,0,0,0,0,1,0,1,0,0,2,0,0,0,2,0,0,0,0,0,0,0,0,0,0,3,0,0,0,0,0,0,0,0,0,0,0,0,0,0,0,0,0,0,0,0,0,0,0,0,0,0,1,0,0,0,0,0,0,0,0,0,0,0,0,0,0,0,0,0,0,0,2,0,0,0,0,0,1,0,0,0,0,0,0,0,0,0,0,0,1
468,468,0,14,2,1,0,0,0,1,0,0,0,0,0,0,1,2,3,0,0,0,0,0,1,0,0,0,0,0,0,0,0,0,0,0,5,0,1,0,0,0,0,6,0,0,0,0,0,0,0,0,0,0,0,0,0,0,0,0,0,0,0,0,0,0,0,0,0,0,1,0,0,0,0,0,0,0,0,0,0,0,0,0,0,0,0,4,0,0,0,1,0,0,0,0,0,1,0,0,0,0,1,16,0,0,0,0,0,1,0,0,0,0,3,15,0,0,0,1,0,3,0,0,0,0,0,0,1,3,0,0,0,2,0,0,0,0,0,0,0,0,1,1,0,0,0,0,0,0,0,0,0,0,0,0,0,0,1,0,0,0,0,0,0,0,0,1,9,9,7,0,1,0,0,2,0,0,0,0,0,0,0,0,0,0,0,3,0,0,1,0,0,1,0,0,0,1,0,0,0,0,0,0,3,6,0,0,0,0,0,0,0,0,0,0,4,0,0,0,0,0,0,0,1,0,0,1,0,0,0,3,0,0,0,0,0,0,0,1,1,0,0,0,0,0,1,0,7,1,0,2,3,0,0,0,1,0,0,4,0,2,0,0,0,0,0,0,0,0,4,0,0,0,0,0,0,0,0,1,0,6,0,0,0,0,0,0,3,1,0,0,0,0,0,0,1,1,3,0,0,1,0,0,1,1,0,0,0,0,0,0,0,0,0
469,469,0,0,1,1,0,0,0,0,0,2,0,0,0,0,0,0,0,0,0,0,0,0,0,0,0,0,0,0,3,2,0,0,0,0,0,0,0,2,0,0,0,0,0,0,0,0,0,0,3,0,0,0,2,0,0,1,0,0,0,0,0,0,0,4,0,0,0,0,0,0,0,0,0,0,0,0,0,0,0,0,0,0,0,0,0,0,0,0,0,1,2,0,0,0,0,0,0,0,2,0,0,0,0,0,0,0,0,0,0,0,0,0,0,0,0,0,0,0,0,0,0,0,0,1,0,0,0,0,0,0,0,0,0,0,0,0,0,0,0,0,0,0,0,0,0,0,1,1,0,0,0,0,0,0,0,0,0,0,0,0,0,0,0,0,0,0,0,0,0,0,0,0,0,0,0,0,0,0,0,0,1,1,0,4,1,0,2,0,0,0,0,0,0,0,0,0,2,0,0,0,0,0,0,0,0,0,0,0,0,0,0,0,0,0,0,0,0,0,0,0,0,0,6,0,0,0,0,0,0,1,3,0,0,0,0,0,0,0,0,0,0,0,0,0,0,0,1,0,0,0,1,0,0,2,0,0,0,0,0,0,1,0,0,0,0,0,0,0,0,0,0,0,0,0,0,0,0,0,0,0,0,0,0,0,0,0,0,0,0,0,0,0,0,0,1,0,0,0,0,0,0,0,0,0,0,0,0,2,0,0,0,0,0
470,470,1,1,7,1,0,0,0,1,0,1,0,0,0,1,0,0,1,0,0,0,0,0,0,0,1,0,4,0,0,1,0,1,0,0,4,0,2,0,2,0,0,3,1,0,0,0,1,0,3,0,0,0,0,0,0,3,1,0,0,1,0,1,1,0,1,0,0,1,1,0,0,0,0,0,0,0,0,0,0,0,0,0,0,0,0,1,0,0,0,0,1,0,1,0,0,0,0,0,0,0,4,3,0,2,0,0,0,0,0,1,0,0,5,2,0,0,0,0,0,0,2,0,0,4,0,4,1,3,0,0,0,3,0,2,0,1,0,0,0,0,2,0,0,0,0,0,0,0,0,0,0,0,0,3,1,2,1,0,0,0,2,0,0,0,5,2,4,1,7,0,0,0,0,1,0,0,0,0,0,0,0,0,0,0,0,1,6,0,0,0,0,1,0,0,0,0,3,0,0,0,0,0,2,9,0,0,0,0,0,0,0,0,2,0,1,0,0,0,0,0,1,0,0,0,0,0,0,0,0,6,0,0,1,0,0,1,3,1,1,1,0,0,0,0,0,0,3,0,0,1,2,0,1,1,0,0,2,3,2,0,0,0,1,0,0,0,0,0,0,0,0,0,0,0,1,0,0,0,0,2,0,0,1,0,1,0,4,0,0,2,0,0,0,0,5,0,0,0,2,1,1,0,1,0,0,0,0,1,0,4,0,6,0
471,471,0,2,4,4,0,0,0,0,0,3,0,0,0,0,2,0,1,0,0,7,0,0,0,0,0,0,1,0,0,1,0,0,0,2,0,0,0,0,0,3,0,2,0,0,2,0,0,0,5,0,0,1,1,0,0,6,2,0,0,0,3,1,0,1,0,1,0,0,1,0,0,0,0,0,0,0,0,0,0,0,0,0,0,0,0,0,0,0,0,2,2,0,2,0,0,0,0,4,1,0,0,0,2,1,0,0,0,0,0,0,0,0,0,5,2,0,1,0,2,0,0,0,0,12,0,1,0,0,0,0,0,1,0,2,0,5,0,0,0,5,0,1,0,0,0,0,0,6,0,3,0,1,2,10,0,0,0,0,0,0,0,0,0,0,1,0,0,0,0,0,0,0,0,1,3,0,0,0,0,5,2,0,0,0,0,0,8,2,0,0,0,0,0,0,9,0,0,0,3,0,0,0,0,0,0,0,3,0,0,0,0,0,1,0,0,0,0,0,0,0,0,0,0,2,0,0,0,0,1,4,0,1,0,0,0,0,5,0,0,0,0,0,0,0,0,0,2,0,0,0,2,0,0,0,0,0,0,0,3,0,0,0,1,3,0,0,0,2,0,0,0,0,0,1,1,0,0,0,0,0,0,1,0,0,0,0,0,0,0,3,0,0,2,0,2,0,1,0,0,0,0,1,0,0,0,0,0,3,0,4,0,2,0
472,472,1,0,3,5,0,0,0,0,0,3,0,0,0,0,2,0,14,0,0,2,0,0,4,1,1,1,1,0,0,0,0,0,0,5,0,0,2,0,1,0,0,11,0,0,0,0,0,0,2,0,0,0,0,0,0,3,3,0,0,4,6,0,0,0,0,0,0,1,1,0,2,0,3,0,0,0,0,0,0,0,0,0,0,0,0,4,1,0,0,1,3,0,0,0,0,0,0,2,0,0,2,3,1,1,0,0,0,0,1,0,0,2,6,20,1,0,2,0,0,4,0,0,0,7,1,5,3,13,0,0,0,5,0,1,0,2,1,0,0,2,0,2,0,0,0,2,0,3,0,0,0,0,1,7,0,0,2,0,0,0,0,0,0,0,0,0,2,5,0,1,0,0,0,2,0,0,0,0,0,1,2,0,0,1,0,1,6,4,1,0,0,8,0,0,5,0,2,0,3,0,0,0,0,1,1,0,3,0,0,1,0,0,1,0,0,0,0,0,0,0,0,0,0,1,1,0,0,2,0,6,0,0,5,0,0,0,2,1,3,0,0,0,0,2,0,0,1,5,1,1,13,0,0,2,1,0,0,13,2,0,0,1,0,2,0,2,1,2,0,0,0,0,0,1,2,0,0,0,0,3,0,2,0,0,11,0,2,0,0,2,0,0,0,0,3,0,2,0,1,0,1,1,1,0,0,0,1,2,0,3,0,7,5
473,473,0,10,1,0,1,0,0,0,0,2,0,0,0,0,0,0,0,0,0,0,5,0,0,0,3,0,0,0,2,2,0,0,0,0,2,0,1,11,0,0,0,0,0,0,0,0,1,0,4,0,0,0,1,0,0,3,2,0,0,0,0,0,2,3,0,1,0,0,0,0,0,0,0,0,0,0,0,0,13,0,1,0,0,0,2,1,0,0,3,0,0,0,0,0,0,0,0,0,2,0,0,0,0,0,0,0,0,0,0,0,0,0,0,1,1,0,0,0,2,1,0,3,0,5,0,1,2,0,0,0,0,0,0,3,0,0,0,0,0,1,3,1,0,0,0,0,0,0,0,0,0,0,1,1,0,0,0,0,7,0,1,0,0,0,0,0,0,0,0,0,0,0,0,0,5,0,0,2,0,0,0,0,0,12,0,0,3,0,1,0,0,0,0,1,0,0,0,0,1,0,0,0,0,0,0,0,0,0,0,2,0,0,0,0,0,0,0,0,0,1,3,0,2,0,0,0,0,1,0,0,11,0,0,0,0,0,1,0,0,0,0,0,0,0,0,0,2,6,0,0,0,0,0,0,0,1,0,0,0,0,1,0,0,0,0,0,0,0,0,0,0,0,0,0,0,0,0,0,0,0,0,0,0,0,2,0,0,0,0,0,0,0,1,0,3,0,0,8,0,0,0,0,0,0,1,0,0,0,0,0,0,1,0
474,474,1,15,3,3,1,0,0,1,0,1,0,0,0,0,0,0,2,0,0,0,1,0,0,0,1,0,1,0,0,0,0,0,0,1,3,0,2,0,1,0,0,11,1,0,0,0,0,0,1,1,0,1,0,0,0,1,0,0,0,1,0,0,0,0,0,0,0,1,2,0,0,0,1,0,0,0,1,0,0,0,0,0,0,0,0,4,0,0,0,0,0,0,0,0,0,0,0,0,0,2,3,10,0,0,0,0,0,0,2,1,0,6,4,18,0,0,2,2,0,0,1,0,0,2,0,1,3,4,0,0,1,3,0,2,0,0,0,0,0,1,0,4,0,0,0,0,0,0,0,0,0,0,0,0,0,0,1,0,0,0,0,0,0,0,4,4,16,5,6,1,2,0,0,5,0,0,0,0,0,0,0,0,0,1,0,1,2,1,0,0,0,1,0,0,0,0,0,0,0,0,0,0,3,8,1,0,0,0,0,0,0,0,0,0,0,2,0,0,0,0,1,0,2,0,0,0,0,0,0,5,0,0,0,0,0,0,0,0,0,0,0,0,0,1,0,1,1,0,0,4,2,0,0,1,1,0,0,6,0,1,0,0,0,0,0,0,0,0,1,0,0,0,0,0,2,0,0,2,0,10,0,0,0,0,1,0,3,1,0,0,0,0,1,0,11,1,3,0,0,0,0,2,2,3,1,0,0,1,0,1,0,1,1
475,475,1,0,0,0,1,0,0,0,0,0,0,0,0,0,0,0,0,0,0,0,0,0,0,0,0,0,0,0,0,0,0,0,0,0,0,0,0,0,0,0,0,1,1,0,0,1,1,1,3,0,0,0,0,0,0,2,0,0,0,0,0,0,0,0,0,0,0,0,0,0,0,0,0,0,0,0,1,0,0,0,0,0,0,0,0,0,0,0,0,0,4,0,3,0,0,0,0,1,0,0,0,0,1,0,0,0,0,0,0,0,0,0,0,0,1,0,0,0,1,0,0,0,0,0,1,1,0,0,0,0,0,0,0,1,0,0,2,0,0,0,0,0,1,0,0,0,0,0,0,1,0,8,0,0,0,0,0,0,0,0,1,0,0,0,0,0,0,0,0,0,0,0,0,0,2,0,0,0,0,0,0,0,0,0,0,0,0,0,0,0,0,0,0,0,0,0,0,0,2,0,0,0,0,0,0,0,0,0,0,0,0,0,1,0,0,0,0,0,0,0,0,0,2,1,0,0,0,0,0,3,0,0,0,0,0,0,3,0,0,0,0,0,0,1,0,0,1,0,0,0,0,0,0,0,0,0,0,0,3,0,0,0,2,0,0,0,0,0,0,0,0,0,0,0,1,0,0,0,0,0,0,0,0,0,0,0,0,0,0,1,0,0,0,0,3,0,0,0,2,1,1,0,1,0,0,0,0,1,0,0,0,4,0
476,476,0,3,1,1,0,0,0,0,0,0,0,0,0,1,0,0,0,0,1,0,2,0,0,2,0,0,0,0,0,0,0,0,0,0,1,0,0,0,0,0,0,6,1,0,0,0,0,0,0,0,0,0,0,0,0,0,0,0,0,0,0,0,1,0,0,0,0,0,0,0,0,0,0,0,0,1,0,0,0,0,1,0,1,0,0,1,0,0,2,0,0,0,0,0,0,0,0,0,0,0,0,0,0,0,0,4,0,0,0,0,0,1,0,2,0,0,0,0,0,0,2,0,0,0,0,0,0,1,0,0,0,0,0,1,0,0,0,0,0,0,2,1,1,0,0,0,0,0,0,0,0,0,0,0,1,0,0,2,0,0,0,0,0,0,0,0,0,0,0,0,0,0,0,0,1,0,0,0,0,1,0,0,0,1,0,0,0,1,1,0,0,0,0,0,0,0,0,0,0,0,0,0,0,4,0,0,0,0,0,0,0,0,0,0,0,0,1,0,0,0,0,5,1,2,0,0,0,0,0,1,2,0,0,0,0,0,0,0,1,0,0,0,0,0,0,0,0,0,0,1,0,0,0,2,1,0,1,1,0,0,0,0,0,0,0,0,0,0,1,0,0,0,0,0,0,0,0,0,0,0,0,1,0,0,4,0,0,0,0,0,0,0,0,0,1,0,0,0,0,1,2,0,0,0,0,0,0,1,0,1,1,4,0
477,477,0,2,0,1,2,0,0,0,0,0,0,0,0,0,0,0,1,0,1,1,0,0,0,0,0,0,0,0,0,0,0,0,1,0,0,0,3,0,11,0,0,3,0,1,0,3,6,3,0,13,1,0,0,0,1,1,1,0,0,0,0,0,0,0,0,0,0,2,0,0,0,0,0,0,0,0,0,0,0,0,0,0,0,0,0,0,0,0,0,0,4,0,1,0,0,0,0,0,0,0,2,1,0,0,0,0,0,0,1,0,0,2,1,2,1,0,0,0,0,1,0,0,0,0,0,0,1,1,0,0,0,2,0,0,0,0,5,0,0,0,1,1,0,0,0,0,0,0,0,3,0,0,0,0,2,0,0,0,0,0,0,0,0,0,3,1,1,2,3,0,0,0,0,1,1,0,0,0,0,0,1,0,0,0,0,0,0,0,0,0,1,0,0,0,0,0,0,0,0,0,0,0,0,0,0,0,0,0,0,0,0,0,0,0,0,1,0,0,0,0,0,0,0,0,0,0,0,0,0,3,0,0,1,0,0,0,7,0,0,0,0,0,0,1,0,0,0,3,0,0,1,0,0,0,0,0,0,7,1,0,0,1,0,1,0,0,1,1,1,0,0,0,0,0,1,0,0,2,0,2,0,0,0,0,0,0,0,0,0,0,1,0,0,0,1,0,1,0,1,1,1,0,3,0,0,0,1,0,0,0,0,1,1
478,478,2,11,1,2,0,0,0,3,0,0,0,0,0,0,1,0,29,0,2,0,0,0,1,0,2,0,1,0,0,0,0,1,0,0,4,0,5,1,0,0,0,28,1,0,0,0,0,0,0,0,0,8,0,0,0,0,0,0,0,0,0,0,0,0,0,0,0,5,0,0,1,0,0,0,0,0,0,0,0,0,0,0,0,0,0,9,0,0,1,0,0,0,0,0,0,3,0,0,0,2,8,10,0,0,0,0,0,1,0,1,0,4,11,57,0,0,1,0,0,12,0,0,0,0,0,0,6,5,0,0,0,17,0,2,0,0,0,0,0,0,2,0,1,1,0,0,0,0,0,0,0,0,0,0,1,1,1,0,0,1,0,0,0,0,5,2,26,8,6,2,2,0,0,3,0,0,0,0,0,0,0,0,0,1,0,3,0,1,3,0,0,6,0,0,0,0,0,0,0,0,0,0,3,9,1,1,7,0,0,0,1,0,0,0,2,0,0,0,0,0,1,0,1,0,0,0,0,0,0,9,2,1,0,0,0,0,0,1,3,0,0,0,0,0,0,0,4,0,0,8,32,0,2,2,0,0,0,4,1,1,0,2,0,0,0,1,0,0,0,0,0,0,0,1,2,0,1,2,0,6,0,1,0,0,1,0,5,2,0,0,0,0,1,0,10,0,6,0,0,1,1,0,0,0,0,0,3,0,0,0,0,0,2
479,479,0,1,0,0,1,0,0,0,0,0,0,0,0,0,2,0,0,0,2,0,1,0,0,0,0,0,0,0,0,0,0,0,0,0,3,0,0,0,0,0,0,1,3,0,0,0,0,0,0,0,0,0,0,1,3,0,0,1,0,0,0,0,0,0,0,0,0,0,0,0,0,0,0,0,0,0,0,0,0,0,0,0,0,0,0,0,0,0,0,0,1,0,2,0,2,0,0,0,0,0,0,2,0,4,0,0,0,1,0,0,0,0,0,8,1,0,0,0,1,1,0,0,0,0,0,0,0,1,0,0,0,1,0,1,0,0,0,0,0,0,0,0,0,0,0,0,0,0,0,11,0,0,0,0,9,0,0,0,0,1,0,1,0,0,0,0,0,1,0,0,0,0,0,2,0,0,0,0,1,0,2,0,0,2,0,0,0,0,0,0,0,1,0,1,0,0,0,0,0,0,0,0,0,0,0,4,0,0,0,0,0,0,0,0,0,0,0,0,0,2,0,0,0,4,1,0,0,0,0,1,4,0,0,0,0,0,0,1,1,0,0,0,0,0,0,0,0,0,0,0,0,0,0,10,0,0,0,0,0,0,0,0,0,5,0,1,0,0,0,0,0,0,0,0,0,0,0,0,0,0,0,1,0,0,0,0,9,1,0,4,0,0,0,1,2,0,6,0,0,0,1,1,0,0,0,0,1,2,0,1,0,0,0
480,480,5,0,1,2,1,0,0,0,0,0,0,0,0,0,0,0,13,0,0,0,0,0,3,0,0,0,0,0,0,0,0,0,0,0,0,0,3,0,0,0,0,15,0,0,0,0,0,0,0,0,0,5,0,0,0,0,0,0,0,0,0,0,0,0,0,0,0,3,0,0,0,0,0,0,0,0,0,0,0,0,0,0,0,0,0,5,0,0,0,0,0,0,0,0,0,0,0,0,0,2,4,6,0,0,0,0,0,0,0,5,0,0,10,27,1,0,1,0,1,3,0,0,0,0,0,0,0,9,0,0,1,7,0,0,0,0,0,0,0,0,2,1,0,0,0,0,0,0,0,0,0,0,0,1,1,1,0,0,0,2,0,0,0,0,0,0,10,4,0,0,0,0,0,2,1,0,0,0,0,0,0,0,0,0,0,2,0,0,0,0,0,7,0,0,0,0,0,0,0,0,0,0,0,0,2,0,2,0,0,0,0,0,0,0,0,0,0,0,0,0,1,0,0,0,0,0,0,0,0,5,1,0,0,0,0,0,0,1,3,0,0,1,0,1,0,0,2,0,0,0,3,0,0,2,4,0,3,0,0,0,0,1,0,0,0,1,1,0,1,0,0,0,0,0,1,0,0,1,0,3,0,0,1,0,8,0,2,1,1,0,0,0,2,0,4,1,1,0,0,1,2,0,0,0,0,0,1,3,0,0,0,0,1
481,481,1,11,4,1,0,0,0,0,0,0,0,0,0,0,0,0,3,0,0,0,0,1,0,0,2,0,0,0,0,0,0,0,0,0,1,0,3,0,3,0,0,6,0,0,0,0,1,0,1,1,0,2,0,0,1,0,0,0,0,0,0,0,0,0,2,0,0,0,1,0,0,0,0,0,0,0,0,0,0,0,0,0,0,0,0,5,0,0,0,0,0,0,1,0,0,0,0,1,0,0,3,8,0,0,0,0,0,0,0,1,0,4,6,5,0,0,0,0,3,1,1,0,0,0,0,0,1,2,0,0,0,4,0,1,0,0,0,0,0,0,0,0,0,0,0,0,0,0,0,0,0,7,0,0,0,1,1,0,0,0,1,0,0,0,6,1,9,2,4,0,0,0,0,0,3,0,0,0,0,0,0,0,0,0,0,0,0,2,0,0,0,1,0,0,0,0,0,0,0,0,0,0,8,12,0,0,1,0,0,0,0,0,1,0,0,0,0,0,0,0,0,0,0,0,0,0,0,1,0,0,0,0,0,0,0,1,3,1,1,0,0,0,0,1,1,0,4,4,0,2,3,0,0,0,1,0,0,2,0,1,0,4,0,0,0,0,0,0,0,0,0,0,0,0,1,0,0,0,0,1,0,0,0,0,1,0,0,2,0,0,0,0,0,0,4,0,2,0,3,1,2,1,0,0,0,0,2,0,0,1,1,0,0
482,482,0,5,1,2,0,1,0,0,0,1,0,0,0,0,0,1,0,0,0,0,21,0,0,0,0,0,1,0,0,0,0,0,0,0,3,0,0,7,0,0,0,0,0,0,0,0,0,0,0,0,1,0,0,0,0,0,0,0,0,0,0,0,7,0,0,0,0,0,0,0,0,0,0,0,0,3,0,0,0,0,0,0,0,0,0,1,0,0,3,0,2,0,0,0,0,0,0,0,0,0,1,3,0,0,3,2,2,0,0,0,0,1,0,1,0,0,0,0,0,0,0,1,0,0,0,2,4,0,0,0,0,0,0,0,0,0,0,0,0,0,0,1,0,4,2,0,0,0,0,0,2,0,0,0,0,0,0,0,0,0,0,0,0,0,0,0,1,0,0,0,0,0,0,0,1,0,0,0,0,0,1,0,0,4,0,0,0,0,0,0,0,0,0,1,0,3,0,0,0,0,0,0,0,2,0,0,1,0,0,0,2,1,1,0,0,0,0,0,0,0,1,0,6,7,2,0,0,0,0,0,10,1,0,0,0,0,0,0,3,0,4,0,0,0,0,0,0,0,0,0,2,0,0,1,0,0,0,1,0,0,2,0,0,0,0,0,1,0,0,1,2,0,0,0,1,0,0,0,0,0,0,1,0,0,4,0,0,0,0,0,0,0,0,0,4,0,0,0,0,0,0,0,0,0,0,0,0,0,11,0,0,1,0
483,483,0,6,0,2,1,0,0,0,0,2,0,0,0,0,1,0,0,0,0,0,7,0,0,0,1,0,0,4,0,0,0,0,0,0,7,0,0,0,0,0,0,1,1,0,0,0,0,0,1,0,0,0,0,0,0,0,0,0,0,0,0,1,5,0,0,0,0,0,1,0,0,0,0,0,0,8,0,0,0,0,1,0,0,0,0,0,0,0,2,0,1,0,1,1,0,0,0,0,0,0,1,2,0,0,0,1,0,1,0,0,0,1,0,2,0,0,0,0,0,0,2,0,0,1,1,2,3,0,0,0,0,1,0,0,0,1,0,0,0,0,1,0,0,0,0,0,0,1,0,0,0,0,0,0,1,1,1,0,0,0,0,0,0,0,1,0,1,2,2,0,0,0,0,0,0,0,0,0,0,0,0,0,0,3,0,0,0,1,1,0,0,0,0,0,0,2,0,0,1,0,0,0,0,6,0,0,0,0,0,0,2,0,0,0,0,0,0,0,0,0,1,4,0,5,0,1,0,1,0,1,4,0,0,0,0,0,0,0,1,0,3,0,0,0,0,0,3,2,0,0,2,0,0,0,0,0,0,0,1,1,0,0,0,0,0,1,0,0,1,0,2,1,0,0,0,0,1,2,0,0,0,4,0,0,0,0,0,0,0,0,0,0,0,0,3,0,1,0,0,0,1,0,2,0,0,0,1,1,1,0,1,2,1
484,484,0,0,0,0,1,0,0,0,0,0,0,0,0,0,0,0,0,0,0,0,0,1,0,0,0,0,0,0,0,0,0,0,0,0,0,0,0,0,3,0,0,0,0,0,0,1,4,0,1,4,0,0,0,0,0,0,0,0,0,0,0,0,0,0,0,0,0,0,0,0,0,0,0,0,0,0,0,0,0,0,0,0,0,0,0,0,0,0,1,0,5,0,2,0,0,0,0,0,0,0,0,0,0,0,0,0,0,0,0,0,0,1,0,0,3,0,0,0,0,0,0,0,0,1,0,1,0,1,0,0,0,2,0,1,0,2,0,0,0,0,0,0,0,0,0,0,0,0,0,0,0,7,0,0,0,0,1,0,0,0,1,3,0,0,0,0,0,0,0,0,0,0,1,3,0,0,0,0,0,0,3,0,0,3,0,0,0,2,0,0,0,0,0,1,0,0,0,0,1,0,0,0,0,0,0,0,0,0,0,0,0,0,0,0,0,0,0,0,0,0,0,0,0,0,0,0,0,0,0,2,2,0,0,0,0,0,4,0,0,0,0,0,0,0,0,0,1,2,0,0,0,0,0,0,0,0,0,0,0,0,0,0,0,0,0,0,0,0,0,0,0,0,0,0,0,0,0,0,0,0,0,0,0,0,0,0,0,0,0,0,0,0,0,0,1,0,0,0,0,0,0,0,1,0,0,0,0,0,0,0,0,0,0
485,485,0,0,0,0,0,0,0,0,0,0,0,0,0,0,0,0,0,0,0,0,1,0,0,0,0,0,0,0,0,0,0,0,0,0,0,0,1,0,0,0,0,0,2,0,0,0,0,0,1,0,0,0,0,0,0,0,0,1,0,0,0,1,0,0,0,0,0,0,0,0,0,0,0,0,0,0,0,0,0,0,0,0,0,0,0,0,0,0,1,0,0,0,2,0,1,0,0,0,0,0,0,0,0,1,0,0,0,0,0,0,0,0,0,0,2,0,0,1,1,0,0,0,0,0,1,0,0,0,0,0,0,0,0,0,0,0,0,0,0,0,0,0,0,0,0,0,0,0,0,3,0,0,0,0,5,0,0,0,0,0,0,0,0,0,0,0,0,0,0,0,0,0,0,0,0,0,0,0,0,0,1,0,0,2,0,0,0,1,2,0,0,0,0,0,0,0,0,0,0,0,0,0,0,0,0,4,0,0,0,0,0,0,0,0,0,0,0,0,0,0,0,1,0,2,0,0,0,0,0,4,1,0,6,0,0,0,1,0,0,8,0,0,0,0,0,0,0,0,0,0,2,0,0,3,1,0,0,0,0,0,0,0,0,11,0,0,0,0,0,0,0,0,0,0,0,0,0,0,0,0,0,0,0,0,0,0,10,1,0,0,0,0,0,0,0,0,2,0,0,0,1,2,1,0,0,0,0,2,0,0,1,0,0
486,486,0,0,3,0,1,0,0,0,0,0,0,0,0,0,0,1,2,0,0,0,0,0,0,0,0,0,0,0,0,0,0,0,0,3,0,0,0,0,0,0,0,0,0,0,1,0,0,0,1,0,0,0,0,0,0,0,0,0,0,0,3,0,0,0,0,0,0,1,1,0,2,0,0,0,0,0,0,0,0,0,1,0,0,0,0,3,0,0,0,0,0,0,0,0,0,0,0,0,0,0,0,0,0,1,0,0,0,0,0,2,0,0,2,12,0,0,0,0,0,1,0,0,0,0,0,0,0,1,0,0,0,2,0,2,0,0,0,0,0,0,0,0,0,0,0,0,0,0,0,2,0,0,0,0,0,2,0,0,0,0,0,0,0,0,0,0,3,1,0,0,0,0,0,0,0,0,0,0,0,0,0,0,0,0,0,0,2,0,0,0,0,6,0,0,3,0,0,0,1,0,0,0,0,0,1,2,0,0,0,0,0,0,0,0,0,1,0,0,0,0,0,0,0,0,0,0,0,0,0,5,0,0,0,0,0,0,0,0,0,0,0,0,0,1,0,0,2,2,0,1,2,0,0,0,0,0,2,4,1,0,0,0,0,0,0,1,1,0,0,0,0,0,0,1,1,0,0,1,0,3,0,0,0,0,3,0,5,1,0,0,0,0,1,0,0,0,0,0,0,0,1,2,0,0,0,0,0,1,0,1,0,2,0
487,487,0,5,1,0,3,0,0,0,0,0,0,0,0,0,0,0,0,0,1,0,1,0,0,0,0,0,0,0,0,0,0,0,0,0,0,0,0,1,1,0,0,1,3,2,0,1,6,3,2,4,0,0,0,0,1,0,0,0,0,0,0,0,0,0,2,0,0,0,0,0,0,0,0,0,0,0,0,0,0,0,1,0,0,5,0,1,0,0,0,0,1,0,3,0,0,0,0,1,0,0,0,4,0,0,0,0,0,0,0,0,0,1,0,1,0,0,0,0,0,0,0,0,0,0,0,1,0,0,0,0,0,0,0,0,0,1,0,0,0,2,0,1,0,0,0,0,0,0,0,1,0,8,0,0,0,0,0,0,0,0,2,0,0,0,1,0,0,0,1,0,0,0,0,0,6,0,0,0,0,0,2,0,1,7,1,0,0,1,2,1,0,0,0,0,0,0,0,0,0,0,0,0,0,0,0,0,1,0,0,0,0,0,1,0,0,0,0,0,0,0,1,1,0,0,0,0,0,1,0,6,9,0,3,0,0,1,3,0,2,0,0,0,0,4,0,0,2,6,0,0,1,0,0,4,0,0,0,0,1,0,1,0,0,0,0,1,0,1,1,0,0,0,0,0,1,0,0,1,0,0,0,1,0,0,2,0,1,0,1,0,0,0,1,0,6,0,0,0,5,0,0,0,1,0,0,0,0,0,0,1,0,1,0
488,488,0,0,1,0,0,0,0,0,0,0,0,0,0,0,0,0,0,0,1,0,0,0,0,0,0,0,0,0,0,0,0,0,0,0,0,0,0,1,3,0,0,0,0,0,0,0,4,0,3,2,1,0,0,0,1,0,3,0,0,0,0,0,0,0,0,0,0,0,0,0,0,0,0,0,0,0,0,0,0,0,0,0,0,0,0,1,0,0,0,0,2,0,0,0,0,0,0,0,0,0,0,0,0,0,0,1,0,0,0,0,0,0,0,0,0,0,0,0,1,0,1,0,0,0,0,0,0,0,0,0,0,1,0,1,0,0,1,0,0,0,0,1,0,0,0,0,0,0,0,1,0,8,0,0,0,0,0,0,0,0,1,0,1,0,0,0,0,0,0,0,0,0,0,1,0,0,0,0,0,0,0,0,0,0,0,0,0,0,0,0,0,0,0,0,0,0,0,0,0,0,0,0,0,2,0,0,0,0,0,1,0,0,0,0,0,0,0,0,0,0,0,0,0,0,0,0,0,1,0,0,0,0,0,0,0,0,6,0,0,0,0,0,0,1,0,0,1,4,0,0,0,0,0,0,0,0,0,0,2,0,0,0,1,0,0,0,0,0,0,0,0,0,0,0,1,0,0,0,0,0,0,0,0,0,0,0,0,0,0,0,0,0,0,0,0,0,0,0,4,0,2,0,1,0,0,0,0,0,0,1,1,0,0
489,489,0,8,1,2,1,0,0,0,0,1,0,0,0,0,0,0,0,0,0,0,7,0,0,0,0,0,0,6,0,0,2,0,0,0,2,1,0,0,2,0,0,0,0,0,0,1,6,1,1,1,0,1,0,0,0,0,2,0,0,0,0,0,4,0,1,0,0,0,0,0,0,0,0,0,0,3,0,0,0,0,2,0,0,0,0,1,0,0,3,0,3,0,3,0,0,0,0,0,0,0,0,0,0,1,0,4,1,1,0,0,0,0,0,0,1,0,0,0,1,0,1,1,0,0,0,1,0,0,2,1,0,1,0,0,0,1,1,0,0,0,0,0,0,3,1,0,0,0,0,2,1,0,0,0,1,0,1,0,0,1,0,0,0,0,0,0,0,0,0,0,0,0,0,4,0,0,2,0,0,2,2,0,1,1,0,0,0,3,1,0,0,0,0,1,0,0,0,0,0,0,0,0,0,1,0,0,0,0,0,0,2,0,0,0,2,0,1,0,0,1,0,5,1,3,2,0,0,1,0,4,2,2,0,0,0,0,4,0,0,0,3,0,0,0,0,0,2,2,0,0,0,0,0,1,0,0,0,0,0,0,0,1,0,0,0,1,1,2,0,0,1,0,0,1,0,0,0,0,0,0,0,1,0,1,0,0,0,0,0,0,0,0,1,0,3,0,1,0,5,0,0,0,0,0,0,0,0,3,3,4,3,3,1
490,490,0,4,6,3,0,0,0,13,0,0,0,0,0,0,1,0,23,0,0,0,0,0,3,0,2,0,1,0,0,0,0,0,1,0,0,0,4,0,0,0,0,17,0,0,0,0,0,0,0,0,0,6,0,0,0,0,0,0,0,0,0,0,0,0,0,0,0,5,4,0,7,0,0,0,0,0,0,0,0,0,0,0,0,0,0,10,0,0,1,0,0,0,0,0,0,0,0,0,0,1,4,8,0,0,0,0,0,0,1,1,0,10,37,79,0,0,4,0,3,12,0,0,0,0,0,0,6,32,0,1,0,17,0,0,0,0,0,0,0,0,1,2,0,0,0,0,0,0,0,0,0,0,0,0,0,3,0,0,0,2,0,0,0,0,0,0,14,16,0,0,0,0,0,3,0,0,1,0,0,0,0,0,0,0,0,4,0,0,7,0,3,11,0,1,0,1,0,0,0,0,0,0,0,1,2,0,10,0,0,0,0,0,1,0,0,10,0,0,0,0,0,0,0,0,0,0,0,0,0,7,1,0,0,0,0,0,0,0,2,2,0,0,0,6,0,2,3,0,0,13,29,0,0,2,2,0,2,30,0,0,0,3,0,0,0,3,2,1,8,0,0,0,0,5,0,0,0,0,0,10,0,0,0,0,1,0,15,2,0,1,0,0,4,0,6,17,11,0,0,4,2,0,2,1,0,0,0,3,0,1,0,0,3
491,491,0,0,1,0,0,0,0,0,0,0,0,0,0,0,0,0,0,0,0,0,0,0,0,0,0,0,0,0,0,0,0,0,0,0,0,0,0,0,0,0,0,0,0,0,0,0,0,0,0,0,0,0,0,0,0,0,0,0,0,0,0,0,0,0,0,0,0,0,0,0,0,0,0,0,0,0,0,0,0,0,0,0,0,0,0,0,0,0,0,0,0,0,0,0,0,0,0,0,1,0,0,0,0,0,0,1,0,0,0,0,0,0,0,0,0,0,0,0,0,0,0,2,0,0,0,0,0,0,0,0,0,0,0,1,0,0,0,0,0,0,0,0,0,0,0,0,0,0,0,0,0,0,0,0,0,0,0,0,0,0,0,0,0,0,0,0,0,0,0,0,0,0,0,0,0,0,0,0,0,0,0,0,0,3,0,0,0,0,0,0,0,0,0,0,0,0,0,0,0,0,0,0,0,0,0,0,0,0,0,0,0,0,0,0,0,0,0,0,0,0,0,0,0,1,0,0,0,0,0,0,3,0,0,0,0,0,0,0,0,0,0,0,0,0,0,0,3,1,0,0,1,0,0,0,0,0,0,0,0,0,0,0,0,0,0,0,0,0,0,0,0,0,0,0,1,0,0,2,0,0,0,0,0,0,0,0,0,0,0,0,0,0,0,0,0,0,0,0,0,0,0,0,0,0,0,0,0,0,0,0,1,0,0
492,492,0,6,1,0,1,0,0,0,0,0,0,0,0,1,0,0,0,0,0,0,3,0,0,0,0,0,0,0,0,1,0,0,0,0,5,0,2,1,0,0,0,2,1,0,0,2,2,1,2,0,0,0,0,0,0,0,3,0,0,0,0,0,2,0,0,0,0,0,0,0,0,0,0,0,0,3,0,0,0,0,2,0,0,0,0,2,0,0,3,0,6,0,2,0,0,0,0,0,0,0,0,0,0,0,0,1,0,1,0,0,0,0,0,1,2,1,0,0,0,0,4,1,0,0,0,1,1,0,0,0,0,0,1,0,0,3,0,0,0,0,0,1,0,1,0,0,1,0,0,1,1,3,0,0,6,0,0,0,0,0,0,0,0,0,0,0,1,0,0,0,0,0,0,0,3,0,1,0,0,2,0,0,0,3,0,0,0,0,1,0,0,0,0,0,0,1,1,0,0,0,0,0,0,4,0,0,3,0,0,0,0,0,0,0,1,0,0,0,0,1,0,7,1,5,2,0,0,0,0,3,0,0,2,0,0,3,4,0,0,0,0,0,0,0,1,0,3,0,0,0,0,0,0,0,0,0,0,0,1,0,0,0,1,0,0,0,0,2,1,0,0,2,0,0,1,0,0,2,0,0,0,2,1,0,0,0,0,0,0,1,0,0,1,0,1,0,0,0,2,0,0,0,3,0,0,0,0,2,1,1,2,2,1
493,493,0,0,0,0,0,0,0,0,0,0,1,0,0,0,0,0,0,0,0,0,11,0,0,0,0,0,2,8,0,0,0,0,0,0,2,0,0,0,0,0,0,0,0,0,0,0,1,0,0,0,0,2,0,0,0,0,0,0,0,0,0,0,4,0,1,0,0,0,0,0,0,0,0,0,0,1,0,0,0,0,0,0,0,0,0,1,0,0,0,0,2,0,0,0,0,0,0,0,0,0,0,0,0,0,0,3,1,0,0,0,0,0,0,0,0,0,0,0,1,0,0,0,0,0,1,0,0,0,0,0,0,0,0,0,0,0,0,0,0,0,0,0,0,2,3,0,0,0,0,1,1,1,0,0,0,1,0,2,0,0,1,1,0,0,0,0,0,0,0,0,0,0,0,0,0,0,0,0,0,0,0,0,1,0,0,0,0,0,2,0,0,0,0,1,0,2,0,0,0,0,0,0,0,1,0,0,2,0,0,0,3,0,0,0,2,0,0,0,0,0,0,0,0,3,1,0,0,0,0,0,0,2,0,0,0,0,2,0,0,0,1,1,0,0,0,0,0,1,0,0,0,0,0,0,0,0,0,0,2,0,0,0,0,0,0,1,0,0,0,0,0,0,0,0,0,0,0,1,0,0,0,2,0,0,5,0,0,0,0,0,0,0,1,0,0,0,0,0,0,0,0,0,1,0,0,0,0,1,3,0,3,0,0
494,494,0,3,0,1,0,0,0,0,0,0,0,0,2,0,0,0,0,0,0,0,0,0,0,0,0,0,0,0,1,0,0,0,0,0,0,0,1,0,3,0,0,1,0,1,0,0,6,3,1,8,3,0,3,0,0,3,0,0,0,0,0,1,0,3,1,0,0,1,0,0,0,0,0,0,0,0,0,0,0,0,0,0,0,0,0,2,0,0,0,0,4,0,1,0,0,0,0,0,0,1,0,0,0,0,0,0,0,0,0,0,0,0,0,0,0,0,0,0,0,0,0,0,0,1,0,0,0,0,0,0,0,0,0,2,0,0,0,0,0,1,0,1,0,0,0,0,2,1,0,5,0,2,0,1,0,0,0,0,0,0,1,1,0,0,0,1,0,0,1,0,0,0,0,0,2,0,1,0,0,0,1,0,0,4,0,0,2,0,2,0,0,0,0,0,0,0,2,0,0,0,0,0,0,1,0,0,0,0,0,0,0,0,0,0,0,0,0,0,1,0,0,0,0,0,0,0,0,1,0,4,2,0,0,1,0,0,11,0,2,0,0,0,0,1,0,0,0,5,0,0,0,0,0,0,0,2,0,0,0,0,0,1,0,0,0,1,0,0,0,0,0,0,0,0,0,0,0,2,0,0,0,0,2,0,2,0,0,0,1,0,0,0,0,0,3,0,0,0,3,0,0,0,0,0,0,0,0,2,0,0,1,2,1
495,495,0,2,0,0,0,0,0,0,0,0,0,0,0,0,0,0,0,0,0,0,1,0,0,0,0,0,0,0,0,0,0,0,0,0,0,0,0,0,0,0,0,0,0,1,0,0,0,0,1,0,0,0,0,0,1,0,0,0,0,0,0,0,0,0,1,0,0,0,0,0,0,0,0,0,0,0,0,0,0,0,1,0,0,1,0,0,0,0,0,0,2,0,1,0,0,0,0,0,0,0,0,0,0,0,0,0,0,0,0,0,0,0,0,0,0,0,0,0,1,0,0,0,0,0,0,0,0,0,0,0,0,0,0,0,0,0,0,0,0,0,1,0,0,0,0,0,0,0,0,1,0,4,0,0,0,0,0,0,0,0,1,0,0,0,0,0,0,0,0,0,0,0,0,0,0,0,0,0,0,0,0,0,0,0,0,0,0,0,1,0,0,0,0,0,0,0,0,0,0,0,0,0,0,0,0,0,0,0,0,0,0,0,1,0,0,0,0,0,0,0,0,0,0,0,0,0,0,0,0,1,0,0,0,0,1,0,1,0,0,0,1,0,0,0,0,0,0,1,0,0,0,0,0,0,0,0,0,0,0,0,0,0,0,0,0,0,0,0,0,0,1,0,0,1,0,0,0,0,0,0,0,0,0,0,0,0,0,0,0,0,0,0,0,0,0,0,0,0,1,0,0,0,0,0,0,0,1,1,0,0,0,1,0
496,496,0,4,0,0,0,0,0,0,0,0,0,0,0,0,0,0,0,0,0,0,0,0,0,1,0,0,0,0,0,0,0,0,0,0,1,0,0,0,2,0,0,0,0,0,0,0,0,0,0,1,0,0,1,0,0,0,0,0,0,0,0,0,0,0,0,0,0,0,0,0,0,0,0,0,0,0,0,0,0,0,2,0,0,0,0,0,0,0,0,0,2,0,1,0,0,0,0,0,0,0,0,1,0,0,0,1,0,1,0,0,0,0,0,0,0,0,0,0,0,0,2,0,0,0,0,0,0,0,0,0,0,1,0,0,0,0,1,0,0,0,0,0,0,0,0,0,0,0,0,0,0,0,0,0,1,0,0,0,0,0,0,0,0,0,0,0,0,0,0,0,0,0,0,1,0,0,2,0,0,1,0,0,0,1,0,0,0,0,0,0,0,0,0,0,0,0,0,0,0,0,0,0,0,3,0,0,1,0,0,0,0,0,0,0,0,0,0,0,0,0,0,6,0,0,0,0,0,0,0,4,0,0,1,0,0,0,0,0,0,1,0,0,0,0,0,0,3,1,0,0,0,0,0,0,1,0,0,0,0,0,0,0,0,0,0,0,0,1,0,0,0,0,0,0,0,0,0,0,0,0,0,0,0,0,0,0,0,0,0,0,0,0,0,0,0,0,0,0,1,0,1,0,0,0,0,0,0,0,0,2,0,1,1
497,497,0,5,0,0,1,0,0,0,0,0,0,0,0,1,0,0,0,0,0,0,3,0,0,0,0,0,0,0,1,0,0,0,0,0,1,1,0,2,1,0,0,0,1,0,0,1,0,0,0,1,0,0,1,0,0,0,1,0,0,0,0,0,1,0,1,0,0,0,0,0,0,0,0,0,0,0,0,0,0,0,0,0,0,0,0,1,0,0,0,0,3,0,0,0,0,0,0,0,0,0,0,0,0,0,0,0,0,0,0,0,0,1,0,1,1,0,0,0,0,0,0,0,0,1,0,0,0,1,0,0,0,1,0,0,0,0,1,0,0,0,0,0,0,0,0,0,0,0,0,1,0,2,0,0,0,0,0,3,0,1,2,0,0,0,1,0,1,0,0,0,1,0,1,3,1,0,0,0,0,0,1,0,0,2,0,0,0,0,1,0,0,0,0,0,0,0,0,0,0,0,0,0,0,1,0,0,0,0,0,1,1,0,0,0,0,0,0,0,0,0,0,0,1,1,0,1,0,0,0,1,2,0,0,0,0,0,1,0,0,0,1,0,0,1,0,0,0,0,0,1,0,0,0,0,1,0,0,0,0,1,0,0,0,0,0,0,0,0,0,0,0,0,0,0,0,0,0,0,0,0,0,0,0,0,0,0,0,0,0,0,0,0,0,0,2,0,1,0,0,0,0,0,0,0,0,0,0,0,2,0,2,1,0
498,498,3,29,14,2,0,0,0,3,0,0,0,0,0,0,0,0,6,0,0,0,0,0,0,0,0,0,1,0,0,0,0,0,0,0,3,0,0,1,0,0,0,8,0,0,0,0,0,0,0,0,0,4,0,0,0,0,0,0,0,0,0,0,0,0,0,0,0,4,0,0,1,0,1,0,0,0,0,0,0,0,0,0,0,0,0,3,0,0,0,0,0,0,0,0,0,1,0,3,0,1,3,20,0,0,0,0,0,0,1,0,0,1,15,33,0,0,0,0,0,6,0,0,0,0,0,0,1,6,0,0,0,7,0,2,0,0,0,0,0,0,1,1,0,0,0,0,0,1,0,0,0,0,0,0,0,1,0,0,0,1,0,0,0,0,7,4,11,5,17,4,4,0,0,0,1,0,0,0,0,0,0,0,0,0,0,0,0,0,2,0,0,6,0,0,0,0,0,0,0,0,0,0,6,27,1,0,0,0,0,0,0,0,1,0,2,1,0,0,0,0,2,1,1,0,0,1,0,2,0,6,1,0,0,0,0,0,0,0,1,0,0,0,0,0,0,0,2,0,0,9,29,0,0,2,0,0,0,4,0,3,0,0,0,0,0,0,0,0,2,0,0,0,0,1,0,0,0,0,0,9,0,0,1,0,2,0,2,0,0,0,0,0,3,0,6,0,2,0,0,1,0,0,2,0,0,0,0,0,0,0,0,0,1
499,499,0,0,0,0,0,0,0,0,0,0,0,0,0,0,0,0,0,0,0,0,0,0,0,0,0,1,1,0,0,0,0,0,0,0,0,0,0,0,0,0,0,3,0,0,0,0,0,0,0,0,0,0,0,0,0,0,0,0,1,0,0,0,0,0,0,0,0,0,0,0,0,0,0,0,0,0,0,0,0,0,0,0,0,0,0,1,0,0,0,0,0,0,0,0,0,0,0,1,0,0,0,1,0,0,0,0,0,0,0,0,0,0,2,2,0,0,0,0,0,1,0,0,0,0,0,0,0,1,0,0,0,0,0,0,0,0,0,0,0,0,0,0,0,0,0,0,1,0,0,0,0,0,0,0,0,0,0,0,0,0,0,0,0,0,0,0,0,0,0,0,0,0,0,0,0,0,0,0,0,0,1,0,2,3,0,0,0,0,0,0,0,0,0,0,0,0,0,0,0,0,0,0,0,0,0,0,0,0,0,0,0,0,0,0,0,0,0,0,0,0,0,0,0,3,0,0,0,0,0,3,1,0,0,0,0,0,0,0,0,0,0,0,0,0,0,0,0,0,0,0,2,0,0,0,0,1,0,0,0,0,0,0,0,0,0,0,1,0,0,0,0,0,0,0,0,0,0,0,0,0,0,2,0,0,0,0,0,0,0,0,0,0,1,0,1,0,1,0,0,0,0,0,0,0,0,0,0,2,1,0,1,0,0
500,500,0,5,3,2,0,0,0,0,0,1,0,0,0,0,1,0,7,0,0,0,0,0,1,0,2,0,1,0,1,0,0,1,0,0,1,0,2,0,0,0,0,11,1,0,0,0,0,0,0,1,0,3,0,0,0,1,0,0,0,0,0,0,0,0,0,0,0,0,2,0,2,0,0,0,0,0,0,0,0,0,0,0,0,0,0,1,0,0,0,2,0,0,0,0,0,1,0,0,0,2,4,10,0,0,0,0,0,2,0,2,0,3,5,20,0,0,0,0,0,3,0,0,0,0,0,1,3,7,0,0,0,2,0,1,0,0,0,0,0,0,0,0,0,0,0,0,0,0,0,0,0,0,0,0,1,1,1,0,0,1,0,0,0,0,14,8,23,5,11,3,2,0,0,0,1,0,0,0,0,0,0,0,0,1,0,3,1,1,2,0,0,0,5,0,0,0,0,0,0,0,0,0,2,14,1,0,3,0,0,0,0,0,0,0,1,2,0,0,0,1,2,0,1,0,0,2,0,1,0,2,0,1,0,0,0,6,0,0,1,0,0,0,1,2,0,0,2,0,0,7,10,0,1,1,1,0,0,14,0,3,0,2,0,0,0,0,2,1,1,0,0,0,0,1,1,0,0,1,0,13,0,0,1,0,0,0,1,1,0,0,0,0,1,0,7,0,2,0,0,0,0,0,0,0,0,0,0,2,0,3,0,0,1
501,501,0,3,3,1,0,0,0,1,0,0,0,0,0,0,0,0,1,0,0,1,3,0,0,0,0,0,0,0,1,0,0,0,0,0,2,0,0,1,0,0,1,1,1,0,0,0,0,0,1,0,0,1,0,0,0,0,0,0,0,0,0,0,0,0,0,0,0,1,0,0,0,0,0,0,0,0,0,0,0,0,2,0,0,0,0,2,0,0,0,0,0,0,0,0,0,0,0,0,0,0,2,2,0,0,0,0,0,0,0,0,0,0,0,4,0,0,0,1,1,0,0,1,0,2,0,0,0,0,0,0,0,1,1,1,0,1,0,0,0,0,0,0,0,2,0,0,1,0,0,1,0,0,1,0,0,0,0,0,0,2,1,0,0,0,2,1,7,1,6,2,1,0,0,0,1,0,0,0,0,1,0,1,0,11,0,0,0,0,2,0,0,1,0,0,0,0,1,0,0,0,0,0,2,13,0,0,0,0,0,0,0,0,0,0,0,0,0,0,0,0,4,5,0,0,0,0,0,1,0,1,7,1,0,0,0,2,1,0,2,0,0,1,0,0,0,0,4,1,0,0,0,0,0,0,1,0,0,1,2,3,0,0,0,0,0,0,1,1,0,0,0,0,1,0,0,0,0,2,1,1,0,1,1,0,1,0,2,0,0,0,0,0,1,0,6,0,0,0,3,0,0,1,0,0,0,0,0,1,0,1,0,0,0
502,502,0,0,0,0,0,0,0,0,0,0,0,0,0,0,0,0,0,0,0,0,0,0,0,0,0,0,0,0,0,0,1,0,0,0,0,0,1,0,0,0,0,0,0,0,0,1,0,1,2,0,0,0,0,0,0,0,0,0,0,0,0,0,0,0,0,1,0,0,0,0,0,0,0,0,0,0,0,0,0,0,0,0,0,0,0,1,0,0,0,0,6,0,0,0,0,0,0,0,0,0,0,0,0,0,0,0,0,0,0,0,0,0,0,1,0,0,0,0,0,0,0,0,0,0,0,0,0,0,0,0,0,0,0,0,0,3,0,0,0,0,0,0,0,0,0,0,0,0,0,1,0,2,0,0,0,0,0,0,0,0,3,0,0,0,0,0,0,0,0,0,0,0,0,0,0,0,0,0,0,0,0,0,0,1,0,0,0,0,0,0,0,0,0,0,0,0,0,0,0,0,0,0,0,0,0,0,0,0,0,0,0,0,0,0,0,0,0,0,0,0,0,0,0,0,0,0,0,0,0,0,1,0,0,0,0,0,0,0,0,0,0,0,0,0,0,0,1,0,0,0,0,0,0,0,0,0,0,0,0,0,0,0,0,0,0,0,0,0,0,0,0,0,0,0,0,0,0,1,0,0,0,0,1,0,0,0,0,0,0,0,1,0,0,0,1,0,0,0,2,0,0,0,0,0,0,0,0,0,0,0,0,0,0
503,503,0,3,0,1,3,0,0,0,0,0,0,0,0,0,0,0,0,0,0,0,1,1,0,0,0,0,0,0,0,0,0,0,0,0,0,0,0,1,2,0,0,0,0,0,0,1,5,0,1,0,0,0,0,0,0,0,2,0,0,0,0,0,0,0,0,0,0,0,0,0,0,0,0,0,0,0,0,0,0,0,0,0,0,2,0,0,0,0,1,0,2,0,1,0,0,0,0,1,0,0,0,0,0,0,0,0,0,1,0,0,0,0,0,3,3,0,0,0,1,0,0,0,0,0,0,1,0,0,0,0,0,0,0,4,0,0,1,0,0,0,0,0,0,0,0,0,0,0,0,0,0,4,0,0,0,0,1,0,0,0,3,0,0,0,0,0,0,0,0,0,0,0,0,1,1,0,0,0,0,1,2,0,1,3,0,0,0,0,1,0,0,0,0,1,0,0,0,0,0,0,0,0,0,0,0,0,0,0,0,0,0,0,0,0,0,0,0,0,0,0,1,1,0,0,0,0,0,1,0,1,4,0,3,0,0,0,4,0,0,0,0,0,0,1,0,0,0,3,0,0,0,0,0,0,0,1,2,0,0,0,1,0,0,0,0,0,0,0,0,0,0,0,0,0,0,0,0,1,0,0,0,0,0,0,2,0,0,0,0,0,0,0,0,0,1,0,0,0,3,0,0,0,2,0,0,0,1,3,0,0,0,0,0
504,504,0,0,1,2,0,0,0,0,0,0,1,0,0,0,0,0,8,0,0,6,0,0,1,0,0,0,0,0,0,1,1,0,0,4,0,0,0,0,1,0,0,6,1,0,1,1,0,2,0,0,1,0,0,0,0,10,1,0,0,0,0,0,0,0,0,0,0,0,0,0,0,0,0,0,0,0,0,0,0,0,0,0,0,0,0,5,0,0,0,1,1,0,1,0,0,0,0,0,0,0,0,1,2,0,0,0,0,0,0,3,1,1,4,12,0,0,1,0,1,2,0,0,0,6,0,1,1,2,0,0,0,2,0,2,0,1,2,0,0,3,2,3,1,0,0,0,0,0,0,2,0,0,1,0,1,0,0,0,0,0,0,2,0,0,0,0,3,2,0,0,0,0,0,2,1,0,1,0,0,5,3,0,0,2,1,2,1,0,2,0,1,2,0,0,7,0,1,0,1,0,0,0,0,0,2,0,1,0,0,0,1,1,0,0,0,2,0,0,0,0,0,0,0,2,2,0,0,1,0,2,0,0,2,1,0,0,0,0,0,0,0,0,0,0,0,0,2,8,0,1,7,0,0,2,0,0,0,4,0,0,0,1,0,0,0,1,0,2,2,0,0,0,0,0,3,0,0,0,0,4,0,0,0,0,0,0,0,1,1,1,1,0,0,0,3,0,1,1,2,2,0,1,0,0,0,0,1,1,0,2,0,1,0
505,505,0,4,2,0,0,0,0,0,0,0,0,0,1,0,0,0,0,0,0,0,1,0,0,0,0,0,0,0,0,0,1,0,0,0,0,0,0,0,0,0,0,2,1,1,0,1,1,0,0,1,0,0,0,0,0,0,1,0,1,0,0,0,0,0,2,0,0,1,0,0,0,0,0,0,0,0,0,0,0,0,0,0,0,0,0,2,0,0,0,0,1,0,0,0,0,0,0,2,0,1,1,1,0,0,0,0,0,0,0,0,0,0,1,0,0,0,0,0,2,0,0,0,0,0,0,0,0,0,0,0,0,1,0,0,0,1,0,0,0,0,0,0,0,0,0,0,0,0,0,1,0,4,0,0,0,0,1,0,0,0,1,0,0,0,2,0,2,0,4,1,1,0,0,0,2,0,0,0,0,0,0,0,1,3,0,0,0,0,2,0,0,0,0,0,0,0,0,0,0,0,0,0,3,8,0,0,0,0,0,0,0,0,0,0,0,0,0,0,0,0,0,0,0,0,0,0,0,2,0,1,2,0,1,0,0,0,3,0,0,0,0,0,0,0,0,0,1,3,0,0,1,0,0,0,0,1,0,3,2,1,0,0,0,0,0,0,0,0,0,0,0,0,0,0,0,0,0,2,0,4,0,0,1,0,0,0,0,0,0,1,0,0,0,0,2,0,0,0,2,0,0,0,4,0,0,0,0,2,0,0,1,0,1
506,506,0,0,0,0,0,0,0,0,0,0,0,0,0,0,0,0,0,0,0,0,0,0,0,0,0,0,0,0,0,0,0,0,0,0,0,0,0,1,0,0,0,0,0,0,0,0,1,0,2,0,0,0,0,0,0,0,1,0,0,0,0,0,0,0,0,0,0,0,0,0,0,0,0,0,0,0,0,0,0,0,0,0,0,0,0,1,0,0,0,0,0,0,0,0,0,2,0,0,0,0,0,0,0,0,0,0,0,0,0,0,0,0,0,0,0,0,0,0,0,0,0,0,0,0,0,0,0,1,0,0,0,0,0,0,0,1,0,0,0,0,0,0,0,0,0,0,0,0,0,0,0,0,0,0,0,0,0,0,0,0,0,0,0,0,0,0,0,1,0,0,0,0,0,0,0,0,0,0,0,0,0,0,0,0,0,0,0,0,0,0,0,0,0,0,0,0,0,0,0,0,0,0,0,0,0,0,0,0,0,0,0,0,0,0,0,0,0,0,0,0,1,0,0,0,0,0,0,0,0,0,1,0,0,0,0,0,0,0,0,0,0,0,0,0,0,0,0,0,0,0,0,0,0,0,1,0,0,0,0,0,0,0,0,0,0,0,0,0,0,0,0,0,0,0,0,0,0,0,0,0,0,1,0,0,0,0,0,0,0,0,0,0,0,0,1,0,0,0,0,0,0,0,0,0,0,0,0,0,0,0,0,0,0
507,507,0,1,0,0,0,0,0,0,0,0,0,0,0,0,0,0,0,0,0,0,0,0,0,0,0,0,0,0,0,0,0,0,0,0,0,0,0,1,7,0,0,0,0,0,0,1,1,0,0,1,1,0,0,0,0,0,2,0,0,0,0,0,0,0,0,0,0,0,0,0,0,0,0,0,0,0,0,0,0,0,0,0,0,0,0,0,0,0,0,0,2,0,1,0,0,0,0,0,0,0,0,0,0,0,0,0,0,0,0,0,0,0,0,0,0,0,0,0,1,0,0,0,0,0,0,0,0,0,0,0,1,0,0,1,0,0,0,0,0,0,1,0,0,0,0,0,0,0,0,2,0,0,0,0,1,0,0,0,0,0,0,0,3,0,0,0,0,0,0,0,0,0,0,0,0,0,0,0,0,0,0,1,0,8,0,0,0,0,1,0,0,0,0,0,0,0,0,0,0,0,0,0,0,0,0,0,0,0,0,0,0,0,0,0,0,0,0,0,0,0,1,1,0,1,0,0,0,1,0,2,5,0,0,0,0,0,5,0,0,0,0,0,0,0,0,0,2,2,0,0,0,0,0,0,0,0,0,0,2,0,0,0,2,0,0,0,1,0,0,0,0,0,0,0,0,0,0,0,0,0,0,1,1,0,0,0,0,0,0,0,1,0,0,0,0,0,0,0,2,0,1,0,1,0,0,0,0,0,0,0,0,0,0
508,508,0,16,11,5,1,0,0,3,0,2,0,0,0,0,1,0,7,0,1,0,2,0,0,0,0,0,1,1,0,6,0,1,0,0,3,1,1,2,0,0,0,8,1,0,0,0,0,0,0,0,0,3,1,0,0,0,0,0,0,0,0,0,1,0,0,0,0,3,2,0,1,0,0,0,0,3,0,0,0,0,0,0,0,0,0,4,0,0,0,0,0,0,0,0,0,0,0,0,0,1,5,16,0,1,0,0,1,1,0,1,0,4,8,20,0,0,0,0,1,7,0,0,0,2,5,3,6,9,0,0,0,6,0,1,0,0,0,0,0,1,1,2,2,0,0,0,0,1,0,0,0,0,0,0,1,1,1,1,0,0,0,0,0,0,5,2,24,13,16,2,1,0,0,1,1,0,0,0,0,0,0,0,0,0,0,4,1,0,5,0,0,3,0,0,0,1,0,0,2,0,0,0,6,15,1,0,2,0,0,0,0,0,0,0,1,2,0,0,0,0,0,0,1,1,0,1,0,0,0,5,2,0,1,0,0,0,1,1,4,0,1,0,0,1,0,0,8,3,0,3,18,0,0,0,1,1,0,5,4,5,0,1,0,0,0,1,0,0,4,0,0,0,0,0,2,0,1,0,0,11,0,0,0,0,1,0,7,0,0,0,0,0,0,0,5,0,4,0,0,0,0,1,2,0,0,0,0,3,3,1,0,2,2
509,509,0,8,2,4,0,0,0,2,0,0,0,0,0,0,0,0,7,0,0,0,0,0,1,0,3,0,0,0,0,0,0,0,1,0,1,0,2,1,0,0,0,12,0,0,0,0,0,0,0,0,0,2,0,0,0,0,0,0,1,0,0,0,0,0,1,0,0,4,0,0,0,0,1,0,0,0,0,0,0,0,0,0,0,0,0,4,0,0,0,1,0,0,0,0,0,0,0,0,0,1,6,18,0,2,0,0,0,0,0,1,0,6,8,37,0,0,0,0,2,4,1,0,0,0,0,0,2,7,0,0,0,12,0,0,0,0,0,0,0,0,1,0,0,0,0,0,0,0,0,0,0,0,0,0,2,4,1,0,0,0,0,0,0,0,4,1,16,13,18,2,6,0,0,2,0,0,0,0,0,0,0,0,0,0,0,1,0,1,1,0,1,0,0,1,0,0,0,0,0,0,0,0,2,13,0,0,2,0,0,0,0,0,1,0,1,0,0,0,0,0,3,0,0,0,0,0,0,0,0,7,0,0,0,0,0,1,1,0,2,0,0,0,0,0,0,0,6,0,0,10,15,0,0,1,0,0,1,1,0,5,0,1,0,0,0,1,0,0,2,0,0,0,0,1,0,0,1,1,0,3,0,0,0,0,2,0,5,0,0,2,0,0,3,0,4,1,4,0,0,1,0,1,0,0,0,0,1,0,0,0,0,0,0
510,510,18,0,3,3,0,0,0,0,0,0,0,0,0,0,3,0,22,0,0,1,2,0,2,0,2,0,4,0,0,0,0,0,0,1,0,0,7,0,0,0,0,15,1,0,0,0,0,0,0,0,0,18,2,0,0,0,0,0,0,0,0,0,0,0,1,0,0,5,0,1,0,0,4,0,0,0,0,0,0,0,0,0,0,0,0,8,0,0,0,0,0,0,0,0,0,0,0,0,0,0,6,6,0,0,0,0,1,0,1,6,0,3,27,53,0,0,0,0,1,6,0,0,0,0,0,0,4,9,0,0,0,10,0,0,0,0,0,0,0,0,3,6,1,1,0,0,0,0,0,0,0,0,0,0,0,0,3,0,0,0,0,0,0,0,0,0,32,3,0,0,0,0,0,4,0,0,0,0,0,0,0,0,0,1,0,3,0,0,5,0,1,11,0,0,0,0,0,0,0,0,0,0,0,0,5,0,7,0,0,0,0,0,0,0,1,7,0,0,0,1,0,0,0,0,1,0,0,0,0,9,1,0,0,0,0,0,0,3,5,0,0,0,0,2,0,2,2,0,0,5,9,0,0,5,2,0,26,0,2,0,0,6,0,0,0,5,0,2,8,0,0,0,1,1,1,0,0,1,0,7,0,0,0,0,2,0,3,3,2,1,0,0,7,0,12,0,3,0,0,3,0,1,2,0,0,0,5,1,0,0,0,0,1
511,511,2,8,9,1,0,0,0,0,0,0,0,0,0,0,0,0,20,0,0,0,0,0,3,0,0,0,1,0,0,0,1,0,0,0,0,0,8,0,0,0,0,6,1,0,0,0,0,0,0,0,0,4,0,0,0,0,0,0,0,0,0,0,0,0,0,0,0,5,0,0,0,0,1,0,0,0,0,0,0,0,0,0,0,0,0,8,0,0,0,1,0,0,0,0,0,1,0,0,0,2,5,12,0,2,1,0,0,0,0,1,0,2,14,42,0,0,4,0,1,15,2,0,0,0,0,0,9,8,0,0,1,11,0,0,0,0,0,0,0,0,2,3,0,0,0,0,0,0,0,0,0,0,0,1,0,1,0,0,0,0,1,0,0,0,1,1,17,14,6,2,0,0,1,4,0,0,0,0,0,0,0,0,0,0,0,2,1,1,3,0,1,12,0,0,0,0,0,0,0,0,0,0,2,8,0,0,2,0,0,0,0,0,0,0,0,2,0,0,0,0,0,0,0,0,0,1,0,0,0,12,0,0,0,0,0,0,0,0,4,0,0,0,1,1,0,1,1,0,0,5,33,0,0,1,4,0,1,14,0,2,0,2,0,0,0,2,1,1,1,0,0,0,0,2,2,0,0,1,0,6,0,1,0,0,4,0,14,0,0,0,0,0,1,0,9,2,4,0,0,1,2,0,1,0,0,0,3,2,0,1,0,0,5
512,512,1,0,0,5,0,0,0,0,0,1,0,0,0,0,1,0,7,0,0,0,0,0,0,0,0,0,0,0,0,0,0,0,0,0,0,0,2,0,0,0,0,8,0,0,0,0,0,0,0,0,0,2,0,0,0,0,0,0,0,0,0,0,0,0,1,0,0,1,1,0,0,0,0,0,0,0,0,0,0,0,0,0,0,0,0,7,0,0,0,0,0,0,0,0,0,0,0,0,0,0,3,1,0,0,0,0,0,0,1,2,0,2,9,13,0,0,0,0,2,3,0,0,0,0,0,0,1,8,0,0,1,1,1,0,0,0,0,0,0,0,1,1,0,2,0,0,0,0,0,0,0,0,0,0,1,1,1,0,0,1,0,0,0,0,0,0,13,4,0,0,0,0,0,0,0,0,0,0,0,0,0,0,0,1,0,1,0,1,0,0,0,5,0,0,0,0,0,0,0,0,0,0,0,1,2,0,1,0,0,0,0,0,1,0,0,1,0,0,0,0,0,0,0,0,0,0,0,1,0,4,0,0,0,0,0,0,0,0,0,0,0,0,0,2,0,0,1,1,0,1,3,0,1,0,0,0,0,6,0,0,0,2,0,0,0,0,1,0,3,0,0,0,0,2,1,0,0,2,0,9,0,0,0,0,1,0,7,0,0,1,0,0,5,0,3,1,3,0,0,2,0,0,0,0,0,0,1,0,0,3,0,0,0
513,513,0,2,1,0,2,0,0,0,0,0,0,0,0,0,0,0,2,0,0,0,0,0,0,0,0,0,0,0,3,5,0,0,0,0,0,0,0,1,0,0,0,3,0,0,0,0,3,0,6,0,0,0,1,0,0,2,0,0,0,0,0,0,1,0,2,0,0,0,0,0,0,0,0,0,0,0,0,0,0,0,0,0,0,1,0,1,1,0,2,0,2,0,1,0,0,0,0,1,0,0,0,2,0,0,0,0,0,1,0,0,0,2,0,6,0,0,0,0,2,0,0,0,0,1,0,1,0,1,0,0,0,0,0,2,0,0,0,0,0,0,1,0,0,0,0,0,1,0,1,0,0,1,0,0,1,0,0,0,0,0,4,0,0,0,0,0,3,1,0,0,0,0,0,2,0,0,0,0,0,0,2,0,2,2,0,0,0,0,0,0,0,0,0,3,0,0,1,0,2,0,0,0,0,0,0,0,1,0,0,0,0,0,0,0,0,0,0,0,0,0,1,0,3,0,0,0,0,0,0,4,3,0,0,0,0,0,7,0,1,0,0,0,0,0,0,0,0,1,0,0,0,0,0,0,0,0,0,0,0,0,1,0,1,0,0,0,0,1,2,0,0,0,0,1,0,0,0,0,0,0,0,1,0,0,0,0,0,0,0,0,0,0,0,0,2,0,0,0,1,0,1,0,0,0,0,0,0,2,0,0,1,1,0
514,514,0,0,0,0,0,0,0,0,0,5,0,0,0,0,0,0,0,0,0,0,0,0,0,0,0,0,1,0,2,0,0,0,0,0,0,0,0,0,1,0,0,0,1,0,0,0,0,0,6,0,0,0,2,0,0,0,0,0,0,0,0,1,1,2,0,0,0,0,0,0,0,0,0,0,0,0,0,0,0,0,0,0,0,0,0,0,0,0,0,0,4,0,0,0,0,0,0,0,0,0,0,1,0,0,0,0,0,0,0,0,0,0,0,3,0,0,0,0,0,0,0,0,0,1,3,3,0,0,0,0,0,0,0,3,0,1,0,0,0,0,1,1,0,0,0,0,0,0,0,0,0,0,0,2,2,0,0,0,0,0,0,0,0,0,0,0,0,0,4,0,0,0,1,1,0,0,0,0,0,1,0,0,0,3,0,0,3,0,2,0,0,0,0,0,0,0,2,0,2,0,0,0,0,0,0,0,2,0,0,0,0,0,0,0,0,0,0,0,0,0,0,1,4,2,0,0,0,0,0,2,2,0,0,0,0,0,2,0,1,0,0,0,0,0,0,0,0,0,0,0,0,0,0,1,0,0,0,0,1,0,0,0,0,1,0,0,0,2,0,0,0,0,0,0,0,0,0,0,0,0,0,0,0,0,1,0,0,0,0,0,0,0,0,0,0,0,0,0,0,0,1,0,0,0,0,0,0,2,0,1,0,3,1
515,515,0,0,0,0,1,0,0,0,0,0,0,0,0,0,0,0,0,0,0,0,0,0,0,0,0,0,0,0,0,0,0,0,0,0,0,0,0,0,1,0,0,0,0,0,0,0,0,0,0,0,0,0,0,0,0,0,0,0,0,0,0,0,0,0,1,0,0,0,0,0,0,0,0,0,0,0,0,0,0,0,0,0,0,0,0,0,0,0,0,0,2,0,0,0,1,0,0,0,0,0,0,0,1,0,0,0,0,0,0,0,0,0,0,1,0,0,0,0,1,0,0,0,0,1,0,0,0,0,0,0,1,0,0,0,0,1,5,0,0,0,0,1,0,0,0,0,0,0,0,1,0,0,1,0,2,0,0,0,0,0,0,1,2,1,0,1,0,0,0,0,0,0,0,0,1,0,0,0,0,0,1,0,0,0,0,0,0,0,0,0,0,0,0,0,0,0,0,0,0,0,0,0,0,0,0,0,0,1,0,2,0,0,0,0,0,0,0,0,0,0,0,0,0,0,0,0,0,0,0,2,0,0,0,1,0,0,4,0,0,0,0,0,0,0,0,0,0,0,0,0,0,0,0,0,0,0,0,0,0,0,0,0,0,0,0,0,0,1,0,0,0,0,0,0,0,0,0,1,0,0,0,0,0,0,0,0,0,0,0,0,0,0,0,0,0,0,0,0,0,0,0,0,0,0,1,0,0,0,0,0,0,1,0
516,516,0,0,2,2,0,0,0,2,0,0,0,0,0,0,1,0,9,0,0,0,0,0,0,0,1,0,0,0,0,0,0,0,0,0,0,0,3,0,0,0,0,16,0,1,0,0,0,0,0,1,0,2,0,0,0,0,0,0,0,0,0,1,0,0,0,1,0,8,1,0,1,0,1,0,0,0,0,0,0,0,0,0,0,0,0,5,0,0,0,2,0,0,0,0,0,0,0,1,0,1,4,1,0,2,0,0,0,0,0,0,0,2,17,20,0,0,1,0,0,4,0,0,0,1,0,0,2,12,0,0,0,9,0,0,0,0,0,0,0,0,1,1,1,0,0,0,0,0,0,0,0,0,0,0,0,0,1,0,0,0,0,1,1,0,0,0,14,4,0,0,0,0,0,0,0,0,0,0,0,0,0,0,0,0,0,4,0,0,6,0,1,2,0,0,0,0,0,0,0,0,0,1,0,0,1,1,1,0,0,0,0,0,0,0,0,3,0,0,0,1,0,0,0,0,0,0,0,0,0,5,0,1,0,0,0,0,0,0,1,0,0,0,0,1,0,0,1,0,0,3,7,0,1,3,0,0,3,9,0,0,0,2,0,0,0,0,0,0,1,0,0,0,0,0,1,0,0,0,0,11,0,0,0,0,3,0,5,2,0,0,0,0,2,0,5,1,4,0,1,0,2,0,0,1,0,0,0,0,0,1,0,0,2
517,517,0,0,1,0,0,0,0,0,0,0,0,0,2,1,2,0,0,0,0,0,0,0,0,0,1,0,1,0,2,0,0,0,0,0,1,0,1,0,1,0,0,0,2,0,0,0,0,0,1,1,0,0,0,0,0,0,0,0,0,0,0,0,0,0,0,0,0,0,0,0,0,0,0,0,0,0,0,1,0,0,1,0,0,0,0,1,0,0,0,0,0,0,0,0,0,0,0,0,0,0,0,0,0,0,0,0,0,0,0,0,0,0,0,0,1,0,0,0,1,0,2,0,0,0,3,1,0,0,0,0,0,0,1,0,0,0,0,0,0,0,1,1,0,0,0,0,0,3,0,0,0,1,0,0,0,0,0,0,0,0,0,0,0,0,0,0,0,1,1,0,0,0,0,1,0,0,0,0,0,0,2,1,0,11,0,0,4,0,1,0,0,0,0,0,0,0,0,0,0,0,0,0,0,0,0,0,0,0,0,0,0,0,0,0,0,0,0,0,0,1,3,1,0,0,0,0,0,0,0,1,8,0,0,0,0,0,0,0,0,0,0,0,0,0,0,0,5,1,0,0,1,0,0,0,0,0,0,0,1,0,1,0,0,0,0,0,0,1,0,0,0,0,0,1,0,0,0,2,0,0,0,2,0,0,1,0,0,0,0,0,0,0,1,0,0,0,0,0,0,0,1,1,1,0,0,0,0,1,0,2,0,2,0
518,518,0,2,0,0,0,0,0,0,0,0,0,0,0,0,0,0,0,0,0,0,0,0,0,0,0,0,0,0,0,0,0,0,0,0,0,0,0,2,0,0,0,0,0,0,0,0,3,0,1,0,0,0,0,0,0,0,0,0,0,0,0,0,0,0,0,0,0,0,0,0,0,0,0,0,0,0,0,0,0,0,0,0,0,2,0,0,0,0,0,0,1,0,1,0,0,0,0,0,0,0,0,0,0,0,0,0,0,0,0,0,0,0,0,3,0,0,0,0,0,0,0,0,0,0,0,0,0,0,0,1,0,0,0,2,0,1,0,0,0,1,0,0,0,0,0,0,0,0,0,0,0,1,0,0,0,0,0,0,0,0,0,0,0,0,0,0,1,0,1,0,0,0,0,0,0,0,0,0,0,0,0,0,0,0,0,0,0,0,1,0,0,0,0,0,0,0,0,0,0,0,0,0,0,0,0,0,1,0,0,0,0,0,0,0,0,0,0,0,0,0,0,0,0,0,0,0,0,0,0,2,1,0,0,0,0,0,2,0,0,1,0,0,0,0,0,0,0,2,0,0,1,0,0,1,0,1,0,0,0,0,0,1,1,0,0,0,0,0,0,0,0,0,0,0,0,0,0,0,0,0,0,0,0,0,0,0,0,0,0,0,1,0,0,0,2,0,0,0,4,0,0,0,0,0,0,0,0,0,0,0,0,0,0
519,519,0,0,1,6,0,0,0,0,0,7,0,1,0,0,0,0,0,0,0,11,0,0,1,0,0,0,1,0,1,0,0,0,0,0,0,0,0,0,0,18,0,0,0,0,0,0,0,0,3,0,0,0,4,0,0,20,0,0,0,0,0,0,0,6,0,1,0,0,0,0,0,0,0,0,0,0,0,0,0,0,0,0,0,0,0,0,0,0,0,2,4,0,2,0,0,0,0,1,0,0,0,0,0,0,0,0,0,0,0,0,1,0,0,0,1,0,0,0,1,0,0,0,0,22,6,3,1,0,0,0,0,0,0,0,0,1,0,0,0,2,0,0,0,0,0,0,0,0,0,0,0,0,3,2,0,0,0,0,0,0,0,0,0,0,0,0,0,2,0,0,0,0,0,1,1,0,0,0,0,0,1,0,0,0,1,0,14,1,0,0,1,0,0,0,0,0,3,0,3,0,0,0,0,0,0,0,2,0,0,0,0,0,0,0,0,0,0,0,0,1,0,0,0,3,0,0,0,0,0,8,0,2,0,0,0,0,8,0,0,1,0,0,0,0,0,0,1,8,0,0,2,0,0,1,0,0,0,0,1,1,0,0,0,0,0,0,0,0,2,0,0,0,0,0,1,0,0,0,0,0,0,0,0,0,0,0,2,0,1,0,0,1,0,0,0,0,0,0,0,0,0,0,1,0,0,0,0,0,0,1,0,6,1
520,520,1,0,1,1,0,0,0,0,0,0,0,0,0,0,0,0,2,0,0,1,0,0,0,0,0,0,0,0,0,0,0,0,0,0,0,0,1,0,1,0,0,8,0,0,0,0,0,0,0,0,0,1,0,0,0,0,0,0,0,0,0,0,0,0,0,0,0,0,3,0,0,0,0,0,0,0,0,0,0,0,0,0,0,0,0,4,0,0,0,0,0,0,0,0,0,0,0,1,0,0,0,3,0,0,0,0,0,0,0,2,0,2,3,15,0,0,0,0,0,1,0,0,0,0,0,1,0,3,0,0,0,5,0,0,0,0,0,0,0,0,0,0,0,0,0,0,0,0,0,0,0,0,0,0,0,1,0,0,0,0,0,0,0,0,0,0,5,3,0,0,0,0,0,1,0,0,0,0,0,0,0,0,0,0,0,1,0,0,3,0,0,0,0,0,0,0,0,0,0,0,0,0,0,0,0,0,3,0,0,0,0,0,0,0,0,0,0,0,0,0,0,0,0,0,0,0,0,0,0,1,0,0,0,0,0,0,0,0,1,0,0,0,0,1,0,0,0,0,0,1,2,0,0,0,1,0,0,2,0,0,0,0,0,0,0,0,0,0,1,0,0,0,0,0,0,0,0,0,0,2,0,0,0,0,0,0,2,0,1,0,0,0,1,0,3,1,0,0,0,0,0,0,0,0,0,0,0,1,0,0,0,0,0
521,521,0,0,3,1,0,0,0,0,0,6,0,0,0,0,0,0,0,0,0,8,0,0,0,0,0,0,2,0,0,0,0,0,0,8,0,0,3,0,0,0,0,9,0,0,0,0,0,0,5,0,0,1,0,0,0,6,3,0,0,1,1,1,2,0,0,1,0,6,1,0,0,0,0,0,0,0,0,0,0,0,0,0,0,0,0,2,1,0,0,2,1,0,0,1,0,0,0,0,0,1,2,0,0,4,0,0,0,1,0,0,0,1,2,21,1,0,0,0,0,6,0,0,0,7,0,2,0,4,0,0,0,3,0,1,0,3,0,0,0,8,0,0,0,0,0,0,0,3,0,1,0,2,2,5,0,1,1,0,0,0,0,0,0,0,0,0,8,9,0,0,0,0,0,0,0,0,0,0,0,1,0,0,0,0,0,2,6,3,3,0,0,6,0,0,5,0,6,0,2,0,0,0,0,0,1,0,1,0,0,0,1,0,0,0,0,0,0,0,0,0,0,0,0,1,0,0,0,1,0,4,0,0,0,0,0,0,3,1,1,0,0,0,1,2,0,0,6,4,0,8,16,0,0,0,2,0,0,2,3,1,0,1,0,1,0,1,1,2,3,0,0,0,0,0,2,0,0,1,0,4,0,0,0,0,3,0,2,0,0,3,0,0,0,0,2,0,1,0,0,0,2,0,0,0,0,0,0,2,0,3,0,5,2
522,522,0,0,0,2,0,0,0,1,0,0,0,0,0,0,0,0,9,0,1,0,0,0,0,0,0,0,0,0,0,0,0,0,0,0,0,0,3,0,0,0,0,4,0,0,0,0,0,0,0,0,0,1,0,0,0,0,0,0,0,0,0,0,0,0,0,0,0,1,1,0,1,0,0,0,0,0,0,0,0,0,0,0,0,0,0,4,0,0,0,0,0,0,0,0,0,0,0,0,0,0,2,1,0,2,0,0,0,0,0,1,0,1,1,12,0,0,0,0,0,6,0,0,0,0,0,0,0,3,0,0,0,2,0,0,0,0,0,0,0,0,0,0,0,1,0,0,0,0,0,0,0,0,0,1,0,0,0,0,0,0,0,0,0,0,0,0,2,4,0,0,0,0,0,0,0,0,0,1,0,0,0,0,0,0,0,2,0,0,1,0,0,4,0,0,0,0,0,0,0,0,0,0,0,0,1,1,0,0,0,0,0,0,0,0,0,0,0,0,0,0,0,0,0,0,0,0,0,0,0,0,0,0,0,0,0,0,1,0,1,0,0,0,0,1,0,0,0,0,0,2,9,0,0,1,0,0,1,4,0,0,0,1,0,0,0,0,1,0,0,0,0,0,0,0,0,0,0,0,0,5,0,0,0,0,0,0,2,0,0,0,0,0,2,0,1,0,0,0,0,1,1,2,0,0,0,0,0,1,0,0,0,0,1
523,523,4,5,5,2,0,0,0,11,0,0,0,0,0,0,0,0,27,0,0,0,0,0,2,0,1,0,1,0,0,0,0,0,0,0,0,0,3,0,0,0,0,18,0,0,0,0,0,0,0,0,0,1,0,0,0,0,0,0,0,0,0,0,0,0,0,0,0,3,0,0,2,0,2,0,0,0,0,0,0,0,1,0,0,0,0,20,0,1,0,1,0,0,0,1,0,2,0,0,0,0,4,2,0,0,0,0,1,0,1,0,0,1,15,48,0,0,3,0,2,10,0,0,0,0,0,0,5,17,0,1,1,16,1,2,0,0,0,0,0,0,5,2,1,0,0,0,0,0,0,0,0,0,0,0,1,0,0,1,0,0,0,0,0,0,0,0,10,16,1,2,0,0,0,6,0,0,1,0,0,0,0,0,0,1,0,4,0,1,5,0,0,24,0,0,0,0,0,0,0,0,0,0,0,4,1,0,6,0,0,0,1,0,0,0,0,11,0,0,0,0,0,0,0,0,0,0,0,2,0,17,1,0,0,0,0,0,0,2,3,0,0,0,0,7,0,2,4,1,0,3,32,0,0,0,1,0,1,13,2,0,0,1,0,0,0,2,1,3,3,0,0,0,1,2,1,0,1,1,1,10,0,0,0,0,0,0,8,1,0,1,0,0,2,0,7,2,6,0,0,3,0,0,1,0,0,0,3,2,0,1,0,0,3
524,524,0,1,0,1,0,0,0,0,0,0,0,0,0,0,0,0,0,0,0,0,5,0,0,1,1,0,0,1,0,0,0,0,0,0,2,2,0,0,0,0,0,0,0,0,0,0,0,0,0,0,0,1,0,0,0,0,0,0,0,0,0,0,3,0,0,0,0,0,0,0,0,0,0,0,0,0,0,0,0,0,0,0,0,0,0,1,0,0,0,0,4,0,0,0,0,0,0,0,0,0,0,4,0,0,0,1,0,0,0,0,0,0,0,0,0,0,0,0,0,0,1,0,0,1,0,0,1,0,1,0,0,0,0,0,0,0,0,0,0,0,0,0,1,1,0,0,0,0,0,0,0,0,0,0,0,0,0,0,1,0,0,0,0,0,0,0,0,0,0,0,0,0,1,1,0,0,0,0,0,0,0,0,0,0,0,0,0,0,2,0,0,0,0,4,0,0,0,0,0,0,0,0,0,2,0,0,0,0,0,0,0,0,0,0,0,0,0,0,0,0,0,1,0,2,1,0,0,0,0,3,0,0,2,0,0,0,0,0,0,0,1,1,0,0,0,0,0,0,0,0,0,0,0,1,0,0,0,0,0,0,0,0,0,0,0,0,0,0,0,0,1,0,0,1,0,0,0,2,0,0,0,1,0,0,2,0,0,0,0,0,0,0,1,0,0,0,0,0,0,0,1,0,0,0,0,0,0,0,2,0,1,0,0
525,525,0,7,4,0,0,0,0,0,0,1,2,0,2,4,1,0,0,0,1,0,14,0,0,0,0,0,1,5,0,0,0,1,0,0,6,0,2,2,1,0,0,1,2,0,0,0,3,0,2,0,0,1,1,0,0,0,0,0,0,0,0,1,10,0,0,0,0,1,0,0,0,0,0,0,0,9,0,0,0,0,1,0,0,0,0,3,1,0,0,0,4,0,2,0,0,0,0,3,0,0,0,1,0,0,3,2,1,0,0,0,0,1,0,1,0,3,0,0,2,1,4,0,0,1,1,3,0,0,0,0,0,0,7,1,0,0,0,0,0,1,1,0,0,2,0,0,0,0,0,0,3,2,2,0,0,0,2,3,0,0,0,0,0,0,1,2,2,0,5,0,0,0,0,4,1,0,0,0,0,2,0,0,0,17,1,0,2,0,0,0,0,0,1,2,0,1,0,0,0,0,0,0,0,5,0,0,1,0,0,0,1,0,0,0,0,0,1,0,0,1,1,7,1,7,1,0,0,0,0,8,15,1,0,0,0,4,0,0,0,1,5,0,0,1,0,0,5,3,0,0,1,0,0,0,0,1,0,2,2,0,1,2,0,0,0,0,1,0,0,0,2,0,0,0,2,0,11,2,0,0,0,4,0,0,1,0,0,0,0,0,0,0,2,0,2,0,0,0,0,0,3,1,1,0,0,0,0,4,8,7,4,4,2
526,526,0,2,4,0,0,0,0,2,0,0,0,0,0,0,0,0,15,0,1,0,0,0,0,0,0,0,1,0,0,0,0,0,1,0,0,0,3,0,0,0,0,4,1,0,0,0,0,0,0,0,0,2,0,0,0,0,0,0,0,0,0,0,0,0,0,0,0,2,1,0,0,0,1,0,0,0,0,0,0,0,2,0,0,0,0,4,0,0,0,0,0,0,0,0,0,0,0,0,0,0,3,7,0,0,0,0,0,0,0,0,0,2,2,20,0,0,1,0,0,5,0,0,0,0,0,0,0,10,0,0,0,4,0,0,0,0,0,0,0,0,0,0,0,0,0,0,0,0,0,0,0,0,0,0,1,0,1,0,0,0,0,0,0,0,0,0,3,4,3,1,0,0,0,3,0,0,0,0,0,0,0,0,0,1,0,0,0,0,3,0,0,12,0,0,0,0,0,0,0,0,0,0,2,0,2,1,2,0,0,0,0,0,0,0,0,0,0,0,0,0,0,0,0,0,0,0,0,0,0,8,0,0,0,0,0,0,0,0,0,0,0,2,0,2,1,0,1,0,0,7,16,0,0,0,2,0,0,1,0,2,0,0,0,0,0,0,0,0,2,0,0,0,0,0,0,0,0,1,0,0,0,0,0,0,0,0,4,0,0,0,0,0,0,0,2,0,0,0,0,2,0,0,0,0,0,0,0,1,1,3,0,1,1
527,527,0,0,0,0,3,0,0,0,0,0,0,0,1,0,1,0,0,0,0,0,3,0,0,0,0,0,0,0,0,0,0,0,0,0,0,0,0,7,6,0,0,0,3,0,0,4,8,0,1,13,1,0,0,0,0,3,0,0,0,0,0,0,0,2,2,0,0,0,0,0,0,0,0,0,0,0,0,0,0,0,2,0,0,0,0,1,0,0,2,0,1,0,3,0,0,0,0,0,1,0,0,0,2,0,0,0,0,1,0,0,0,0,0,1,0,0,1,0,1,0,0,0,0,2,1,3,0,0,0,0,0,1,2,2,0,0,1,0,0,0,0,1,0,0,0,0,0,1,0,1,0,3,0,1,0,0,1,0,0,0,3,0,2,0,0,0,0,0,0,0,0,0,0,2,2,0,0,0,0,1,0,0,0,15,0,0,2,0,0,0,0,0,0,1,0,0,0,0,0,0,0,0,0,0,0,0,1,0,0,5,0,0,1,0,0,0,1,0,0,0,2,0,1,0,0,0,0,0,0,2,10,0,4,1,0,0,8,0,1,0,0,0,0,0,0,0,3,1,0,1,0,0,0,0,0,0,0,1,1,0,0,0,1,0,0,0,0,0,1,0,0,0,0,0,0,0,0,2,0,0,0,0,0,0,2,0,0,0,0,0,0,0,1,0,2,0,1,0,1,2,0,0,2,0,0,0,0,0,0,4,0,3,0
528,528,0,1,1,0,0,0,0,0,0,0,0,0,0,0,0,0,2,0,0,0,2,1,0,0,0,0,0,0,0,0,0,0,0,0,2,0,0,0,1,0,0,1,2,1,0,0,1,0,1,0,0,1,0,0,0,0,1,0,0,0,0,0,2,0,0,0,0,0,0,0,0,0,0,0,0,2,0,0,0,0,0,0,0,0,0,0,0,0,0,0,4,0,0,0,0,0,0,0,0,0,0,2,0,0,0,0,0,0,0,0,0,0,0,1,0,0,0,0,2,1,0,0,0,0,0,0,0,1,0,0,0,0,0,0,0,0,0,0,0,0,0,2,0,0,0,0,0,0,0,0,0,3,0,0,0,0,0,1,1,0,1,0,0,0,0,0,3,0,2,0,2,0,0,0,0,0,0,0,0,0,0,0,0,0,0,0,0,0,0,0,0,0,0,0,0,0,0,0,0,0,0,0,0,1,0,0,1,0,0,0,0,0,0,0,1,2,0,0,0,1,0,0,1,0,0,0,0,0,0,4,0,0,2,0,0,0,1,0,0,1,0,0,0,0,0,0,0,3,0,0,0,0,0,0,0,0,0,0,0,1,0,2,0,0,0,0,0,0,0,0,0,0,0,0,1,0,0,0,0,0,0,1,0,0,0,0,0,0,0,0,0,0,1,0,2,0,1,0,3,0,3,0,0,0,0,0,0,0,3,0,0,1,0
529,529,0,0,0,0,0,0,1,0,0,0,0,0,0,0,0,0,0,0,0,0,0,0,0,0,0,0,0,0,0,1,0,0,0,0,0,0,0,0,1,0,0,1,0,0,0,0,0,0,1,0,0,0,1,0,0,2,1,0,0,0,0,1,1,1,0,0,0,0,0,0,0,0,0,0,0,0,0,0,0,0,0,0,0,0,0,0,0,0,0,0,0,0,0,0,0,0,0,0,0,0,0,0,0,0,0,0,0,0,0,0,0,1,0,1,0,0,0,0,0,0,0,0,0,1,1,1,0,2,0,0,0,2,0,0,0,0,0,0,0,0,0,0,0,0,0,0,1,0,0,1,0,0,0,0,0,0,0,0,0,0,0,0,0,0,0,0,1,0,0,0,0,0,0,0,0,0,0,0,0,0,0,0,0,0,0,0,0,0,1,0,0,0,0,0,0,0,0,0,3,0,0,0,0,0,0,0,1,0,0,0,0,0,0,0,0,0,0,0,0,0,0,0,4,0,0,0,0,0,0,1,0,0,0,0,0,0,0,1,0,0,0,0,0,0,0,0,0,1,0,1,1,0,0,0,0,0,0,0,0,0,0,0,0,0,0,0,0,1,1,0,0,0,0,0,0,0,0,0,0,0,0,0,0,0,0,0,0,0,0,0,0,0,0,0,0,0,0,0,0,0,1,0,0,0,0,0,0,0,0,0,0,0,0
530,530,1,1,9,4,0,0,0,0,0,0,0,0,0,0,1,0,13,0,0,0,0,0,0,0,0,0,1,0,0,0,1,0,1,0,0,0,2,1,0,0,0,14,1,0,0,0,1,0,0,0,0,2,0,0,0,0,0,0,0,0,0,0,0,0,0,0,0,13,2,1,1,0,0,1,0,0,0,0,1,0,0,0,1,0,0,10,0,0,0,0,2,0,1,0,0,0,0,2,0,2,5,5,0,0,0,0,0,1,0,2,0,1,22,62,1,0,1,0,2,10,0,0,0,0,0,0,3,15,0,0,0,9,0,0,0,0,0,0,0,0,2,0,0,0,0,0,0,0,0,0,0,0,0,0,1,2,0,0,0,0,0,0,0,0,0,0,21,13,2,1,0,0,0,3,0,0,0,0,0,0,0,0,0,1,0,4,0,0,4,0,0,6,0,0,0,0,0,0,0,0,0,0,0,2,1,0,4,0,0,0,0,0,1,0,1,2,0,0,0,0,1,0,0,0,0,0,0,0,1,4,0,0,0,0,0,0,0,1,6,0,0,0,0,1,0,0,3,0,0,6,41,0,0,4,5,0,1,9,1,1,0,3,0,0,0,2,0,0,4,0,0,0,0,2,1,0,0,1,0,8,0,0,0,0,0,0,4,2,0,1,0,0,1,0,6,2,7,0,0,1,0,1,0,0,0,0,2,0,0,3,0,0,2
531,531,1,1,3,5,0,0,0,2,0,0,0,0,0,0,1,0,19,0,0,0,0,0,2,0,1,0,1,0,0,0,0,0,0,0,0,0,6,0,0,0,0,20,1,0,0,0,0,0,0,0,0,7,0,0,0,0,0,0,0,0,0,1,0,0,0,0,0,7,2,0,1,0,1,0,0,0,0,0,0,0,0,0,0,0,0,14,0,0,0,2,0,0,0,0,0,0,0,0,0,0,5,2,0,0,0,0,0,0,0,2,0,5,17,38,0,0,0,0,0,8,0,0,0,0,0,0,3,6,0,0,1,11,0,0,0,0,0,0,0,1,2,0,1,0,0,0,0,0,0,0,0,0,0,0,0,1,1,0,0,0,0,0,0,0,0,0,22,24,1,0,0,0,0,3,0,0,0,0,0,0,0,0,0,0,0,1,1,0,18,0,0,9,0,0,0,0,0,0,0,0,0,0,0,0,5,1,7,0,0,0,0,0,2,0,0,1,0,0,0,0,0,0,2,0,1,0,0,0,0,5,1,0,0,0,0,0,0,1,3,0,0,0,0,0,0,0,2,0,0,14,23,0,0,1,4,0,0,9,0,1,0,1,0,0,0,4,0,1,5,0,0,0,0,1,2,0,0,1,0,7,0,0,0,0,4,0,7,1,0,0,0,0,3,0,9,0,5,0,0,1,0,1,0,0,0,0,3,0,0,1,0,0,0
532,532,0,0,0,0,0,0,0,0,0,3,0,0,0,0,0,0,0,0,0,0,0,0,0,0,0,0,0,0,1,1,0,0,0,0,0,0,0,0,5,0,0,0,0,0,0,2,5,1,4,4,2,0,1,0,1,2,1,0,0,0,0,0,0,0,0,0,0,0,0,0,0,0,0,0,0,0,0,0,0,0,0,0,0,0,0,0,0,0,0,0,4,0,1,0,0,0,0,0,0,0,0,1,0,0,0,0,0,0,0,0,0,1,0,1,1,0,0,0,2,0,0,0,0,1,1,1,0,0,0,0,0,0,0,2,0,2,6,0,0,2,0,1,0,0,0,0,0,2,0,1,0,2,0,0,1,0,0,0,0,0,0,0,2,0,0,0,0,0,0,0,0,0,1,1,1,0,0,0,0,0,0,0,0,0,0,0,1,2,1,0,1,0,0,0,0,0,1,0,0,0,0,0,0,0,0,0,2,0,0,1,0,0,0,0,0,0,0,0,0,0,0,0,0,0,0,0,0,0,0,1,1,0,3,0,0,0,7,1,0,0,0,0,0,0,0,0,0,2,0,0,2,0,0,0,0,0,0,0,1,0,0,0,0,0,0,0,0,1,0,0,0,0,0,0,1,0,0,0,0,0,0,0,0,0,0,0,0,0,0,0,1,0,0,0,1,2,1,0,3,0,1,0,1,0,0,0,0,0,0,0,1,3,0
533,533,0,0,0,0,0,0,0,0,0,0,0,0,0,0,0,0,0,0,0,0,0,0,0,0,0,0,0,0,1,1,0,0,0,0,0,0,0,0,0,0,0,0,0,0,0,0,1,0,2,0,0,0,0,0,0,2,0,0,0,0,0,0,1,0,0,0,0,0,0,0,0,0,0,0,0,0,0,0,3,0,0,0,0,0,1,0,0,0,0,0,0,0,0,0,0,0,0,0,0,1,0,0,0,0,0,0,0,0,0,0,0,0,0,0,1,0,0,0,0,0,0,0,0,2,1,3,0,0,0,0,0,0,0,0,0,1,0,0,0,0,0,0,0,0,0,0,0,0,0,1,0,0,0,0,0,0,0,0,0,0,0,0,0,0,0,0,0,0,0,0,0,0,0,0,0,0,0,1,0,0,0,0,0,2,0,0,1,0,3,0,0,0,0,0,0,0,0,0,0,0,0,0,0,0,0,0,0,0,0,0,0,0,0,0,0,0,0,0,0,0,0,0,0,0,0,0,0,0,0,0,1,0,0,0,0,0,0,0,0,0,0,0,0,0,0,0,0,0,0,0,0,0,0,0,0,0,0,0,0,0,0,0,0,0,0,0,0,0,0,0,0,0,0,0,0,0,0,0,0,0,0,0,0,0,0,0,0,0,0,0,0,0,0,0,1,0,0,2,0,0,0,0,1,0,0,0,0,0,0,0,0,1,0
534,534,1,3,1,3,0,0,0,0,0,0,0,0,0,0,0,0,17,0,0,0,0,0,2,0,1,0,0,0,0,0,0,0,1,0,0,0,6,0,0,0,0,18,0,0,0,0,0,0,0,0,0,1,0,0,0,0,0,0,0,0,0,0,0,0,0,0,1,2,1,0,5,0,2,0,0,0,0,0,0,0,0,0,0,0,0,5,0,0,0,0,0,0,0,0,0,1,0,0,0,1,5,3,0,2,0,0,0,0,1,0,0,6,11,52,2,0,1,0,2,8,0,0,0,0,0,0,5,17,0,0,0,25,0,0,0,0,0,0,0,0,2,1,0,0,0,0,0,0,0,0,0,0,0,0,0,3,3,0,0,0,0,0,0,0,0,0,19,6,0,0,0,0,0,3,0,0,0,0,0,0,0,0,0,3,0,1,0,0,2,0,1,6,0,0,0,0,0,0,0,0,0,0,0,0,1,0,4,0,0,0,0,1,1,0,0,5,0,0,0,0,0,0,0,0,0,0,0,0,0,6,1,0,0,0,0,0,0,0,2,0,0,0,0,2,0,0,2,0,0,6,32,0,0,0,3,0,1,4,0,1,0,4,0,0,0,0,0,0,2,0,0,0,0,0,0,0,0,2,0,5,0,0,0,0,0,0,6,1,0,0,0,0,1,0,6,2,7,0,0,1,2,1,1,1,0,0,4,1,0,0,0,0,1
535,535,0,0,3,4,2,0,0,0,0,4,0,0,0,0,2,0,0,0,0,8,0,0,0,0,0,0,0,0,0,1,0,0,0,0,0,0,0,0,0,2,0,0,1,0,0,0,0,0,4,0,0,5,3,0,0,14,0,0,0,0,2,2,0,4,0,0,0,0,0,0,0,0,0,0,0,0,0,0,0,0,0,0,0,0,0,0,0,0,0,4,2,0,0,0,0,0,0,2,0,0,0,2,0,0,3,0,0,1,0,0,0,0,0,1,0,0,0,0,2,0,0,0,0,11,3,0,0,0,0,0,0,0,0,2,0,1,0,0,0,1,0,0,0,0,0,0,0,2,0,0,0,0,4,9,0,0,0,0,0,0,0,0,0,0,0,0,0,0,0,0,0,0,0,0,0,0,0,0,0,0,1,0,0,0,0,0,7,0,2,0,0,0,0,0,0,0,1,0,9,0,0,0,0,0,0,0,2,0,0,0,0,0,0,0,0,0,0,0,0,1,0,0,0,1,0,0,0,0,0,3,0,3,0,0,0,0,5,0,0,1,0,0,0,0,0,0,3,3,0,0,3,0,0,0,0,0,0,0,0,1,0,1,0,0,0,0,0,1,0,0,0,0,0,0,0,0,0,0,0,0,0,0,0,0,0,0,0,0,0,0,0,0,0,0,1,0,0,0,0,0,0,0,0,0,0,0,0,0,0,1,0,5,1
536,536,1,0,0,0,0,0,0,0,0,0,0,0,0,0,0,0,0,0,0,0,0,0,0,0,0,0,0,0,0,0,0,0,0,0,0,0,0,0,1,0,0,0,0,0,0,0,2,1,0,1,0,0,0,0,0,0,1,0,0,0,0,0,0,0,0,0,0,0,0,0,0,0,0,0,0,0,0,0,0,0,0,0,0,0,0,1,0,0,0,0,1,0,1,0,0,0,0,0,0,0,0,0,0,0,0,0,0,0,1,0,0,0,0,0,0,1,0,0,0,0,0,0,0,0,0,0,0,1,0,0,0,0,0,0,0,1,0,0,0,0,0,1,0,0,0,0,0,0,0,0,0,3,0,0,0,1,0,0,0,0,3,0,0,0,0,0,0,0,0,0,0,0,0,0,0,0,0,0,0,0,0,0,0,0,0,0,0,0,1,0,0,1,0,0,0,0,0,0,0,0,0,0,0,0,0,0,0,0,0,0,0,0,0,0,0,0,0,0,0,0,0,0,0,0,0,0,0,0,0,1,0,0,0,2,0,0,2,0,0,0,0,0,0,0,0,0,0,0,0,0,2,0,0,0,0,0,0,0,0,0,0,0,0,0,0,0,0,0,0,0,0,0,0,0,1,0,0,0,0,0,0,0,0,0,0,0,0,0,0,1,0,0,0,0,1,0,0,0,0,0,0,0,0,0,0,0,0,0,1,0,0,0,0
537,537,0,0,0,1,1,0,0,0,0,1,0,0,0,1,0,0,0,0,1,0,1,0,0,0,0,0,1,1,0,0,0,0,0,0,1,0,0,0,7,0,2,0,0,0,0,2,6,0,3,4,1,0,0,0,0,3,0,0,0,0,0,0,0,0,4,0,0,0,0,0,0,0,0,0,0,0,0,0,0,0,2,0,0,3,0,1,0,0,0,0,5,0,2,0,0,0,0,0,0,1,0,2,0,1,0,0,0,0,0,0,0,0,0,0,2,1,0,0,2,1,1,0,0,0,1,3,2,0,0,0,1,1,0,0,0,0,1,1,0,0,0,0,0,0,0,0,0,0,0,3,0,2,0,0,0,0,0,0,0,0,3,0,1,0,0,0,0,0,0,0,0,0,0,1,2,0,0,0,0,0,2,1,0,7,0,0,3,0,0,0,0,0,0,0,0,0,0,0,0,0,0,0,0,3,0,0,2,0,0,1,0,0,0,0,0,0,0,0,0,0,0,1,1,0,1,0,0,4,0,1,7,0,4,0,0,1,5,1,0,0,0,0,0,2,1,1,3,10,0,0,1,0,0,0,1,0,0,0,1,0,0,0,4,0,0,0,0,1,0,0,1,0,0,0,0,0,0,0,0,0,0,1,0,0,0,0,2,0,0,0,0,0,0,0,2,0,0,0,4,0,1,0,0,0,0,0,1,1,0,1,0,2,0
538,538,0,5,0,1,0,1,0,1,0,0,0,0,0,0,0,0,1,0,0,0,2,0,0,0,1,0,0,0,0,0,0,0,0,0,0,0,0,17,0,0,0,5,0,0,0,0,0,0,0,0,0,0,0,0,0,0,0,0,0,0,0,0,0,0,0,0,2,0,0,0,0,0,0,0,0,0,0,0,0,0,0,0,0,0,0,3,0,0,3,0,0,0,0,0,0,0,0,0,1,0,0,1,0,0,0,0,0,2,0,0,0,0,0,10,0,0,0,0,0,1,2,2,0,0,0,0,2,2,0,0,5,1,0,0,0,0,0,0,0,0,1,0,0,1,0,0,6,0,0,0,0,0,0,0,1,0,0,0,0,0,0,0,0,0,0,0,0,1,0,0,0,0,0,0,2,0,1,0,0,0,0,0,0,28,0,0,0,0,1,0,0,0,0,2,0,0,0,0,0,0,0,0,0,0,0,0,0,0,0,0,0,0,2,0,0,1,0,0,0,0,1,1,0,0,0,0,0,0,0,2,21,0,0,0,0,0,0,0,1,0,0,0,1,0,0,2,2,6,0,0,0,0,0,0,0,0,1,0,2,2,13,0,0,0,0,0,0,0,0,0,0,0,0,0,0,0,0,1,0,0,0,1,1,0,2,0,0,0,0,0,0,0,2,0,3,0,0,0,0,0,1,0,0,0,0,0,2,2,0,0,1,1,0
539,539,0,4,4,2,0,0,0,0,0,1,1,0,1,0,0,0,0,0,0,0,7,0,0,0,0,0,0,1,0,2,0,0,0,0,2,0,0,0,0,0,0,1,1,0,0,0,0,0,1,1,0,0,1,0,0,1,1,0,0,0,0,1,1,1,0,0,0,0,0,0,1,0,0,0,0,0,0,0,1,0,0,0,0,0,1,0,0,0,0,0,1,0,0,1,0,0,0,0,0,0,0,4,0,0,0,1,0,0,0,0,0,1,0,3,0,0,0,0,0,0,1,0,0,1,0,2,2,0,0,0,0,0,0,1,0,0,1,0,0,0,0,0,0,1,2,0,0,2,0,1,1,0,0,0,0,0,0,0,0,0,0,0,0,0,0,1,1,0,1,2,1,0,0,0,1,0,0,0,0,0,0,0,0,14,0,0,5,2,0,0,0,0,0,1,0,0,2,0,2,0,0,0,1,3,0,0,0,0,0,1,0,0,0,0,0,0,0,0,0,0,1,1,0,2,0,0,0,0,1,3,9,0,0,0,0,0,0,0,0,0,0,0,0,0,0,0,0,3,0,2,1,0,0,1,0,0,0,0,0,0,0,0,0,0,0,0,0,0,0,0,1,0,0,0,0,0,1,1,0,1,0,2,0,0,1,0,0,0,0,0,0,0,1,0,2,0,0,2,0,0,0,0,0,0,0,0,0,0,2,1,1,0,1
540,540,0,0,0,0,0,0,0,0,0,0,0,0,0,0,0,0,1,0,0,0,0,0,0,0,0,1,0,0,0,0,0,0,0,0,0,0,0,0,1,0,0,0,0,2,0,0,6,1,1,0,0,2,2,0,0,0,0,0,0,0,0,0,0,0,2,0,0,1,0,0,0,0,0,0,0,0,0,0,0,0,0,0,0,2,0,0,0,0,0,0,6,0,1,0,0,0,0,0,0,0,0,1,0,0,0,0,0,0,0,0,0,0,0,3,2,0,0,0,1,0,0,0,0,0,0,0,0,1,0,0,0,0,0,0,0,1,0,0,0,0,1,0,0,0,0,0,0,0,0,0,0,12,0,0,0,0,0,0,0,0,0,0,0,0,0,0,0,0,0,0,0,0,0,1,2,0,0,0,0,0,1,0,0,0,0,0,0,0,0,0,0,0,0,0,0,0,0,0,0,0,0,0,0,0,0,0,2,0,0,0,0,0,0,0,0,0,0,0,0,0,0,0,0,0,0,0,0,0,0,0,0,0,0,0,0,0,6,0,0,0,0,0,0,0,1,0,0,2,0,0,0,0,0,0,0,0,0,0,1,0,0,1,0,0,0,0,0,3,0,0,0,0,0,0,0,0,0,0,0,0,0,0,3,0,0,0,0,0,0,0,0,0,0,0,3,0,0,0,1,0,0,0,0,0,0,0,0,0,0,0,0,0,0
541,541,2,4,5,3,0,0,0,3,0,0,0,0,0,0,2,0,18,0,0,0,0,0,2,0,0,0,1,0,0,0,0,0,1,0,2,0,5,1,0,0,0,22,1,0,0,0,0,0,0,0,0,7,0,0,0,0,0,0,0,0,0,0,0,0,0,0,0,9,0,1,6,0,0,0,0,0,0,0,0,0,1,0,1,0,0,5,0,0,0,0,1,0,0,0,0,3,0,0,0,2,9,7,0,0,0,0,0,1,2,1,0,8,24,52,0,0,0,0,2,18,0,0,0,0,0,0,5,19,0,0,0,14,0,0,0,1,1,0,0,0,1,0,0,1,0,0,0,0,0,0,0,1,0,0,0,0,2,0,0,0,0,0,0,0,0,0,19,18,1,1,0,0,0,0,0,0,1,0,0,0,0,0,0,0,0,0,0,0,6,0,1,16,0,0,0,0,0,0,0,0,0,0,2,4,2,0,8,0,0,0,1,0,0,0,2,0,0,0,0,0,0,0,0,0,0,0,0,0,0,12,1,0,0,0,0,2,0,1,2,0,0,0,0,7,0,2,4,0,0,9,46,0,1,0,1,0,3,11,0,3,0,0,0,0,0,3,0,2,1,0,0,0,0,3,2,0,0,1,0,15,0,0,0,0,5,1,14,4,1,0,0,0,2,0,3,4,11,0,0,2,2,1,2,0,0,0,1,0,0,3,0,0,4
542,542,0,1,2,0,1,0,0,0,0,1,0,0,0,0,0,0,0,0,1,0,0,0,0,0,0,3,1,0,0,2,0,0,0,0,0,0,0,1,0,0,0,2,1,0,0,0,0,0,3,0,0,0,4,4,0,0,0,0,0,1,0,0,0,1,0,0,0,0,0,0,0,0,0,0,0,0,2,0,0,0,0,0,0,0,0,0,0,0,1,0,1,0,1,0,0,1,0,0,0,3,0,0,0,0,0,0,0,1,0,0,0,0,0,1,0,0,0,0,2,1,0,0,0,1,2,0,1,2,0,0,0,0,0,2,0,0,0,0,0,0,0,0,0,0,0,0,0,0,0,1,0,0,1,0,0,0,0,0,0,0,0,0,0,0,0,0,0,0,0,0,0,0,0,0,0,0,0,0,0,0,1,0,1,2,0,0,2,0,2,1,0,0,0,0,0,0,0,0,2,11,0,0,0,0,1,0,0,0,0,0,0,0,0,0,0,0,0,0,0,0,0,0,2,0,1,0,0,0,0,5,1,1,0,0,0,0,1,0,0,0,0,0,0,0,0,0,1,0,0,0,2,0,0,0,0,0,0,0,0,0,0,0,1,1,0,0,0,0,0,0,0,0,1,0,1,0,0,0,0,0,0,1,0,0,0,0,0,0,1,1,0,0,2,1,4,0,3,0,0,0,2,0,0,0,0,0,0,2,0,1,0,1,0
543,543,1,0,0,2,0,0,0,1,0,2,0,0,0,0,0,0,2,0,0,6,0,0,0,0,1,0,1,0,1,0,0,0,0,1,0,0,2,0,0,1,0,6,1,0,0,0,0,0,1,0,0,2,1,0,0,5,1,0,0,0,5,1,0,3,0,0,2,4,1,0,0,0,2,0,0,0,0,0,0,0,0,0,1,0,0,4,0,0,0,0,0,0,0,0,0,0,0,1,0,0,3,2,0,1,0,0,0,0,0,1,0,3,5,15,0,0,0,0,1,3,0,0,1,6,0,0,1,5,0,0,0,0,0,1,0,1,0,0,0,2,0,0,0,0,0,0,0,1,0,0,0,0,1,7,0,0,0,0,0,0,0,0,0,0,0,0,4,4,0,1,0,0,0,0,0,0,0,0,0,2,0,0,0,0,1,3,8,1,2,0,0,1,0,0,0,0,2,0,0,0,0,0,0,0,1,1,1,0,0,0,0,1,0,0,0,0,0,0,0,0,0,0,0,2,1,0,0,1,0,2,0,0,0,0,0,0,3,1,2,0,0,0,0,0,0,0,3,8,0,4,26,0,0,0,1,0,0,0,0,0,0,2,0,0,0,0,0,2,0,0,0,0,0,1,1,0,0,0,0,9,0,0,0,0,1,0,1,1,0,0,0,0,1,0,3,0,3,0,0,0,0,0,2,1,0,0,0,2,0,1,1,0,3
544,544,0,24,11,0,0,0,0,2,0,0,0,0,0,0,0,1,6,0,1,0,1,0,0,0,4,0,1,0,0,0,0,1,0,0,4,0,5,0,0,0,0,12,0,0,0,0,0,0,0,0,0,5,0,0,0,0,0,0,0,0,1,0,0,0,0,0,0,7,1,0,0,0,1,0,0,0,0,0,0,0,0,0,0,0,0,5,0,0,0,2,0,0,0,1,0,4,0,1,0,0,8,21,0,0,0,0,0,1,0,1,0,0,10,39,0,0,1,0,2,10,0,0,0,0,0,0,4,7,0,0,0,6,0,0,0,0,0,0,0,0,1,0,0,0,0,0,0,0,0,0,0,0,0,0,0,0,0,0,0,0,0,0,0,0,10,2,29,5,13,1,6,0,0,1,1,0,2,0,0,0,0,0,0,0,2,1,0,0,4,0,0,3,0,0,0,1,0,0,0,0,0,0,8,20,2,0,5,0,0,0,1,0,1,0,2,1,0,0,0,0,1,0,1,0,2,0,0,0,0,5,0,0,0,0,0,1,0,0,4,0,0,0,0,1,0,0,7,0,0,5,13,0,0,0,0,0,1,8,1,2,0,1,0,0,0,2,0,0,1,0,0,0,0,0,1,0,0,2,0,13,0,0,0,0,0,0,3,0,0,0,0,0,1,0,7,0,5,0,0,4,1,1,0,0,0,0,3,0,0,0,0,0,1
545,545,0,5,0,2,1,0,0,0,0,0,0,0,0,1,0,0,0,0,0,0,8,0,0,0,0,0,0,1,0,0,0,0,0,1,5,0,1,0,0,0,0,0,2,0,0,1,1,0,0,0,0,0,0,0,0,0,0,0,0,0,0,0,2,0,0,0,0,0,1,0,0,0,1,0,0,1,0,0,0,0,1,0,0,0,0,1,0,0,0,0,2,0,1,0,0,0,0,0,0,0,0,4,1,2,2,2,0,0,0,0,0,1,0,2,0,3,0,0,1,0,5,0,0,0,0,0,1,0,1,0,0,0,0,3,0,0,0,0,0,0,0,0,0,0,0,0,0,0,0,0,1,1,0,0,4,0,0,3,0,0,0,0,0,0,0,0,0,0,0,0,1,0,0,0,0,0,0,0,0,0,0,0,0,11,1,0,2,2,1,1,0,0,0,0,0,1,0,0,0,0,0,0,0,1,0,0,1,0,0,0,1,0,0,0,0,0,1,0,0,0,0,4,1,5,0,0,0,0,0,0,6,0,0,0,0,1,0,0,1,0,2,0,0,0,0,0,5,0,0,0,0,0,0,0,0,0,0,0,0,0,0,1,0,0,0,0,0,0,0,0,0,0,0,0,0,0,0,2,0,0,0,1,0,0,1,0,0,0,0,0,0,0,0,0,4,0,0,0,0,0,2,0,0,0,0,0,0,4,1,2,1,6,0
546,546,0,1,0,0,0,0,0,0,0,0,0,0,0,0,0,0,0,0,0,0,0,0,0,0,0,0,0,0,0,0,0,0,0,0,1,1,1,0,0,0,0,2,0,0,0,0,0,0,0,0,0,0,0,0,0,0,2,0,0,0,0,0,0,0,0,0,0,0,0,0,0,0,3,0,0,0,0,0,11,0,0,0,0,0,3,0,0,0,0,1,0,0,0,0,0,0,0,0,0,0,0,0,0,0,0,0,0,0,0,0,0,0,0,7,0,0,0,0,0,0,0,0,0,6,0,0,0,1,0,0,0,0,0,0,0,0,0,0,0,0,1,0,0,0,0,0,0,1,0,0,0,0,1,0,0,0,0,0,4,0,0,0,0,0,0,0,0,0,1,0,0,0,0,0,1,0,0,0,0,0,1,0,0,1,0,0,0,0,0,0,0,0,0,0,0,0,0,0,0,0,0,0,0,0,0,0,1,0,0,0,0,0,0,0,0,0,0,0,0,1,0,0,0,0,0,0,0,0,0,0,0,0,0,0,0,0,0,0,0,0,0,0,0,0,0,0,0,1,0,0,2,0,0,0,1,0,0,0,1,0,0,1,0,0,0,0,0,0,0,0,0,0,0,0,0,0,0,0,0,0,0,0,0,0,0,0,0,0,0,0,0,0,0,0,1,0,0,6,0,0,0,0,0,0,0,0,0,0,0,0,0,0,0
547,547,10,1,4,6,0,0,0,5,0,0,0,0,0,0,1,0,11,0,0,0,0,0,3,0,1,0,3,0,0,0,0,0,1,0,0,0,2,0,0,0,0,25,0,0,0,0,0,0,0,0,0,5,0,0,0,0,0,0,0,0,0,0,0,0,0,0,0,9,4,0,2,0,0,0,0,0,0,0,0,0,0,0,0,0,0,9,1,0,0,1,0,0,0,0,0,1,0,0,0,0,2,2,0,0,0,0,0,1,1,3,0,3,17,46,0,0,2,0,1,6,0,0,0,0,0,0,1,19,0,0,0,10,0,0,0,0,0,0,0,0,1,0,0,0,0,0,0,0,0,0,0,0,0,0,0,0,0,0,0,0,0,0,0,0,0,0,20,12,0,2,0,0,0,2,0,0,0,0,0,0,0,0,0,0,0,2,0,0,7,0,0,11,0,0,0,0,0,1,0,0,0,0,0,0,2,0,1,0,0,0,0,0,0,0,1,1,0,0,0,0,0,0,0,0,1,0,0,0,0,6,0,0,0,0,0,0,0,0,5,0,0,0,0,3,0,0,2,0,0,9,54,0,0,4,5,0,2,4,0,0,0,0,0,0,0,0,0,0,0,0,0,0,0,1,0,0,0,0,0,9,0,0,0,0,0,0,6,0,0,0,0,1,1,0,8,0,2,0,0,4,1,1,0,2,0,0,2,2,0,0,0,0,1
548,548,1,0,1,3,0,0,0,3,0,0,0,0,0,0,0,1,14,0,0,0,0,0,1,0,3,0,0,0,0,0,1,0,0,1,0,0,3,0,0,0,0,12,0,0,0,0,0,0,0,0,0,5,0,0,0,0,0,0,0,0,1,1,0,0,0,0,0,6,2,0,0,0,0,0,0,0,1,0,0,0,0,0,0,0,0,9,0,0,0,2,0,0,0,0,0,0,0,0,0,1,3,1,0,0,0,0,0,0,1,0,0,1,12,36,0,0,0,0,2,13,0,0,0,0,0,0,2,7,0,0,0,4,0,0,0,0,0,0,0,0,1,1,0,1,0,0,0,0,0,0,0,0,0,1,0,1,1,0,0,0,0,0,0,0,0,0,11,7,0,0,0,0,0,3,0,0,0,0,0,0,0,0,0,1,0,1,1,0,0,0,0,7,0,0,0,0,0,0,0,0,0,0,0,0,1,0,6,0,0,0,1,0,0,0,0,1,0,0,0,0,0,0,0,0,0,0,0,0,0,4,1,0,0,0,0,0,0,1,3,0,0,0,0,0,1,0,0,0,0,10,31,0,0,0,0,0,3,2,0,0,0,5,0,0,0,1,0,0,2,0,0,0,0,0,1,0,0,0,0,20,0,0,0,0,6,0,1,0,0,1,0,0,3,0,6,2,5,0,0,0,0,0,2,1,0,0,1,0,0,0,0,0,0
549,549,0,2,2,0,0,0,0,2,0,1,0,0,0,0,0,0,11,0,0,0,0,0,2,0,0,0,1,0,0,0,0,0,0,0,1,0,1,0,0,0,0,3,1,0,0,0,0,0,0,0,0,0,0,0,0,0,0,0,0,0,0,0,0,0,0,0,0,3,0,1,0,0,0,0,0,0,0,0,0,0,1,0,0,0,0,2,0,0,0,0,0,0,0,0,0,1,0,0,0,0,2,1,0,1,0,0,0,0,1,1,0,1,7,26,0,0,2,0,0,7,0,0,0,0,0,0,3,9,0,0,0,8,0,0,0,0,0,0,0,0,4,1,1,0,0,0,0,0,0,0,0,0,0,0,0,1,1,0,0,0,0,0,0,0,0,0,7,2,0,0,0,0,0,1,0,0,0,0,0,0,0,0,0,0,0,0,0,0,0,0,1,5,0,0,0,0,0,0,0,0,0,0,0,1,1,0,0,0,0,0,0,0,0,0,0,5,0,0,0,0,0,0,0,0,0,0,0,0,0,4,0,0,0,0,0,0,0,0,3,0,0,0,0,1,0,0,1,0,0,1,10,0,1,1,1,0,0,1,0,0,0,2,0,0,0,2,1,0,0,0,0,0,0,1,2,0,0,0,0,4,0,0,0,0,0,0,3,1,1,0,0,2,2,0,1,0,3,0,0,1,0,1,0,0,0,0,0,0,0,0,0,0,0
550,550,0,0,6,1,0,0,0,3,0,0,0,1,0,0,2,0,17,0,0,0,0,0,4,0,0,0,1,0,0,0,0,0,1,0,0,0,6,0,0,0,0,6,1,0,0,0,0,0,0,0,0,4,0,0,0,0,0,0,0,0,0,0,0,0,0,0,0,7,0,0,0,0,0,0,0,0,0,0,0,0,0,0,0,0,0,9,0,0,0,2,0,0,0,0,0,0,0,0,0,0,3,2,0,1,0,0,0,0,0,0,0,4,13,28,0,0,1,0,2,5,0,0,0,0,0,0,5,11,0,0,0,4,0,0,0,0,0,0,0,0,3,1,1,0,0,0,0,0,0,0,0,0,0,0,0,0,0,0,0,1,0,1,0,0,0,0,5,8,2,0,0,0,0,4,0,0,0,0,0,0,0,0,0,0,0,5,0,0,0,0,0,11,0,0,0,0,0,0,0,0,0,0,0,0,5,1,3,0,0,0,0,0,0,0,0,1,0,0,0,0,0,0,0,0,0,0,0,0,0,8,0,0,0,0,0,0,1,0,1,0,0,1,0,9,0,0,2,0,0,1,22,0,0,0,4,0,3,2,0,0,0,0,0,0,0,2,0,0,2,0,0,0,1,2,0,0,0,0,0,2,0,0,0,0,5,0,8,0,0,0,0,0,3,0,5,3,2,0,0,0,1,0,1,1,0,0,1,0,0,0,0,0,2
551,551,0,3,3,4,0,0,0,1,0,0,0,0,0,0,0,0,11,0,0,0,0,0,2,0,0,0,1,0,0,0,1,0,2,0,0,0,1,0,0,0,0,3,0,0,0,0,0,0,0,0,0,1,0,0,0,0,0,0,0,0,1,0,0,0,0,0,0,5,0,0,1,0,0,0,0,0,0,0,0,0,0,0,0,0,0,2,0,0,0,2,1,0,0,0,0,0,0,0,0,0,4,0,0,0,0,0,0,0,1,0,0,1,9,19,0,0,5,0,0,5,0,0,0,0,0,0,3,12,0,0,0,5,0,0,0,0,0,0,0,0,0,0,0,1,0,0,0,0,0,0,0,0,0,0,1,0,0,0,0,0,0,0,0,0,0,0,6,3,1,0,0,0,0,0,0,0,0,0,0,0,0,0,0,0,0,2,0,0,1,0,1,13,0,0,0,0,0,0,0,0,0,0,0,1,1,0,4,0,0,0,0,0,0,0,0,5,0,0,0,0,0,0,0,0,0,0,0,0,0,9,0,0,0,0,0,0,0,0,0,0,0,0,0,3,0,1,0,0,0,1,9,0,0,0,1,0,0,11,0,0,0,1,0,0,0,2,0,0,2,0,0,0,0,1,1,1,0,0,0,3,0,0,0,0,0,0,3,1,0,1,0,0,4,0,6,0,1,0,0,1,2,0,1,1,0,0,0,1,0,0,0,0,3
552,552,0,0,5,4,2,0,0,0,0,6,1,0,0,0,1,0,1,0,0,20,0,0,0,0,1,0,0,0,0,0,0,0,0,1,0,0,1,0,0,0,0,3,0,0,0,0,0,0,3,0,0,7,6,0,0,12,0,0,0,0,7,1,0,8,0,0,1,2,1,0,0,0,0,0,0,0,0,0,0,0,0,0,0,1,0,1,0,0,0,6,0,0,0,0,0,0,0,1,0,0,0,1,0,0,0,0,0,0,0,0,0,0,1,5,0,0,0,0,2,2,0,0,0,27,7,1,0,0,0,0,0,1,0,2,0,3,0,0,0,7,0,0,2,0,0,0,0,2,0,1,0,1,1,13,1,1,0,0,0,0,0,0,0,0,0,0,0,1,0,0,0,0,0,2,0,1,0,0,0,2,1,0,0,0,0,0,20,2,4,0,0,0,0,0,0,0,14,0,8,0,0,0,0,0,0,0,3,0,0,0,0,0,0,0,0,0,0,0,0,0,0,0,0,0,0,0,0,1,0,2,0,7,0,0,0,0,7,0,1,0,0,0,0,2,0,1,4,13,3,1,5,0,1,2,1,0,0,0,1,0,0,3,0,0,0,0,1,2,3,0,0,0,0,0,0,0,0,0,0,0,0,0,0,0,1,0,0,0,0,1,0,0,2,0,4,0,0,0,0,0,2,0,2,0,2,0,0,2,0,2,0,7,1
553,553,0,1,0,0,0,0,0,0,0,0,0,0,0,0,0,0,0,0,0,2,0,0,0,0,0,0,2,0,0,0,1,0,0,0,0,0,0,4,0,0,0,0,1,0,0,0,0,0,5,0,0,0,1,0,0,1,1,0,0,0,0,0,2,1,0,0,0,1,0,0,0,0,0,0,0,0,0,0,0,0,2,0,0,0,0,0,0,0,5,1,2,0,0,0,0,0,0,0,1,0,0,0,0,0,0,0,0,0,0,0,0,0,1,4,2,0,3,1,1,0,0,0,0,1,1,0,1,0,0,0,0,2,0,1,0,0,0,0,0,0,0,0,0,0,0,0,0,1,0,1,0,0,0,0,3,0,0,0,0,1,0,0,0,0,0,0,0,0,0,0,0,0,0,1,1,0,0,0,0,0,1,0,1,5,0,0,0,0,4,0,0,1,0,4,0,0,0,0,5,0,0,0,0,0,0,0,1,0,0,0,0,0,0,0,0,0,0,0,0,0,0,1,4,0,0,0,0,0,0,2,8,0,1,0,2,0,3,0,0,0,0,0,0,0,0,0,0,3,0,0,5,0,0,2,0,0,0,0,1,0,0,0,0,2,0,0,0,0,0,0,0,0,0,0,0,0,0,0,0,1,0,0,0,0,1,0,9,0,0,0,0,0,0,0,3,3,0,0,2,0,0,0,0,0,0,0,0,1,0,0,0,1,0
554,554,0,10,6,1,0,0,0,0,0,0,0,0,0,0,0,0,1,0,0,0,0,0,0,0,0,0,0,0,0,0,0,0,0,0,2,0,1,1,0,0,0,3,1,0,0,0,0,0,4,0,0,2,0,0,0,2,0,0,0,0,0,0,1,0,0,0,0,1,1,0,0,0,1,0,0,0,0,0,1,0,0,0,0,0,0,1,0,0,0,1,0,0,0,0,0,1,0,4,0,0,0,8,0,0,0,0,0,0,0,0,0,1,1,9,0,0,0,0,0,2,1,1,0,3,0,4,0,0,0,0,0,1,0,0,0,0,0,0,0,1,0,0,0,0,0,0,0,1,0,0,0,0,0,1,1,0,0,0,0,0,0,0,0,0,3,1,11,1,11,1,1,0,0,0,0,0,0,0,0,0,1,0,0,3,0,0,2,0,0,0,0,0,0,0,0,0,3,0,2,0,0,0,2,12,0,0,1,0,0,0,0,0,0,0,2,0,0,0,0,1,1,3,0,0,0,0,0,0,0,1,8,0,0,0,0,1,3,0,1,0,0,0,0,0,0,0,5,1,0,0,0,0,0,0,0,0,0,2,0,4,0,0,0,0,0,0,0,0,0,0,0,0,0,1,0,0,0,0,0,2,0,1,0,0,0,0,0,0,0,0,0,0,0,0,5,0,0,0,0,0,0,1,0,1,0,0,0,0,0,0,0,1,0
555,555,0,0,0,3,1,0,0,0,0,2,0,0,0,0,0,0,0,0,0,4,0,0,0,0,0,0,0,0,0,1,0,0,0,0,0,0,0,0,0,3,0,1,1,0,0,0,0,0,1,0,0,2,1,0,0,2,0,0,0,0,0,1,0,7,0,0,0,0,0,0,0,0,0,0,0,0,0,0,0,0,0,0,0,0,0,0,0,0,0,1,0,0,1,0,0,0,0,0,0,2,0,0,0,0,0,0,0,0,0,0,0,0,0,1,0,0,0,1,0,0,0,0,0,9,3,0,0,0,0,0,0,0,0,1,0,1,0,0,0,3,0,0,0,0,0,0,0,3,0,0,0,0,4,5,0,0,0,0,0,0,0,0,0,0,0,0,0,1,0,0,0,0,0,0,2,0,0,0,0,0,1,0,0,0,0,0,12,0,2,0,0,1,0,0,0,0,2,0,10,0,0,0,0,0,0,0,1,0,0,0,0,0,0,0,0,0,0,0,0,0,0,0,0,3,0,0,0,0,0,7,0,3,0,0,0,0,9,0,0,0,0,0,0,0,0,0,2,1,2,0,0,0,0,0,0,0,0,0,2,0,0,0,0,0,0,0,0,0,0,0,0,0,0,0,2,0,0,0,0,0,0,2,0,0,0,0,0,0,0,0,0,0,1,0,2,0,0,0,0,0,0,0,1,0,0,0,0,0,0,2,0,7,2
556,556,0,12,5,1,4,1,0,0,0,2,0,0,0,5,0,0,0,0,0,0,8,0,0,0,0,0,2,2,0,0,0,0,0,0,5,1,1,3,0,0,0,1,3,0,0,0,0,0,5,0,0,2,0,0,0,2,0,0,0,0,0,1,5,0,0,0,0,2,0,0,0,0,0,0,0,5,0,0,0,0,1,0,0,0,0,3,0,0,0,1,2,0,0,1,0,0,0,0,0,1,2,2,0,0,0,2,2,0,0,0,0,1,0,2,0,3,0,0,2,0,4,0,0,4,3,7,4,1,0,0,0,1,4,5,0,0,0,0,0,2,0,1,0,4,2,0,0,2,0,0,1,0,0,0,4,1,0,4,0,0,1,0,0,0,0,0,0,0,1,0,0,0,0,2,2,0,1,0,0,0,1,0,0,14,0,0,11,0,1,0,0,0,0,1,0,2,0,0,2,0,0,0,0,9,2,0,1,0,0,0,0,0,0,0,0,0,1,0,0,1,2,9,2,2,0,0,0,0,0,3,4,1,2,0,0,3,3,0,0,0,5,0,0,0,0,0,8,4,0,0,0,0,0,1,0,0,0,3,1,1,0,0,0,0,0,1,1,1,1,0,1,0,0,0,0,0,4,1,0,0,0,4,0,0,0,0,1,1,0,0,0,0,2,0,7,0,0,0,0,0,2,0,1,1,0,0,0,0,2,5,1,5,1
557,557,1,2,0,1,0,0,0,1,0,0,0,0,0,0,0,0,7,0,0,0,0,0,1,0,1,0,2,0,0,0,0,0,0,0,0,0,0,0,0,0,0,9,0,0,0,0,0,0,0,0,0,0,1,0,0,0,0,0,0,0,0,0,0,0,0,0,0,1,0,0,0,0,0,0,0,0,0,0,0,0,0,0,0,0,0,2,0,0,0,0,0,0,0,0,0,1,0,0,0,0,0,3,0,0,0,0,0,0,0,2,0,1,3,22,1,0,0,0,0,3,0,0,0,0,0,0,3,6,0,0,0,0,1,0,0,0,0,0,0,0,3,0,0,0,0,0,0,0,0,0,0,0,0,0,0,0,0,0,0,1,0,0,0,0,0,0,5,7,1,0,1,0,0,0,0,0,0,0,0,0,0,0,0,1,0,0,0,0,3,0,0,6,0,0,0,0,0,0,0,0,0,0,0,1,0,0,1,0,0,0,0,0,0,0,0,1,0,0,0,0,0,0,1,0,0,0,0,0,0,1,0,0,0,0,0,1,0,0,2,1,0,0,0,1,0,0,0,0,0,3,24,0,0,0,1,0,0,1,0,3,0,0,0,0,0,1,0,0,1,0,0,0,0,2,0,0,0,0,0,4,0,0,0,0,0,0,9,0,0,0,0,1,1,0,3,1,1,0,0,1,1,0,1,0,0,0,0,2,0,0,0,1,0
558,558,0,3,2,2,1,0,0,0,0,2,0,0,0,0,0,0,0,0,0,0,0,0,0,0,0,0,0,0,0,4,0,0,0,0,0,0,0,1,0,0,0,1,0,0,0,0,0,0,7,0,0,0,5,0,0,4,0,0,0,0,0,3,1,4,0,0,0,0,0,0,1,0,0,0,0,0,0,0,0,0,0,0,0,0,0,0,5,0,0,1,5,0,1,0,0,0,0,1,0,0,0,1,0,0,0,0,0,0,0,0,0,0,2,5,0,0,0,1,1,0,0,0,4,11,0,5,1,1,0,0,1,0,0,3,0,0,0,0,0,5,0,0,0,0,0,0,3,2,0,0,0,0,1,2,0,0,0,0,0,2,0,0,0,0,0,0,0,0,0,0,0,0,0,0,0,0,0,0,0,0,0,0,0,1,1,0,24,1,2,0,2,0,0,0,0,0,6,0,5,0,0,0,0,0,0,0,1,0,0,0,0,0,0,0,0,1,0,0,0,1,0,0,8,1,0,0,0,1,0,8,3,0,0,0,0,0,3,0,0,0,0,0,0,0,0,1,2,1,2,0,0,0,0,1,2,0,0,1,0,0,0,0,0,0,0,0,0,3,1,0,0,0,0,0,0,0,0,0,0,0,0,0,0,0,1,0,0,0,0,0,0,0,2,0,2,9,0,0,0,0,2,0,1,0,0,0,1,6,0,0,0,5,1
559,559,0,3,0,0,0,0,0,0,0,0,0,0,0,0,0,0,0,0,0,0,0,0,0,0,0,0,0,0,0,0,0,0,0,0,0,0,0,0,0,0,1,0,0,0,0,0,5,1,2,0,0,0,0,0,0,0,0,0,0,0,0,0,0,0,1,0,0,0,0,0,0,0,0,0,0,0,0,0,0,0,0,0,0,2,0,0,0,0,0,0,3,0,3,0,0,0,0,0,0,0,0,0,0,0,0,0,0,0,0,0,0,0,0,1,0,0,0,0,2,0,0,0,0,0,0,0,0,1,0,0,0,0,0,0,0,2,0,0,0,1,0,0,0,0,0,0,0,0,0,0,0,8,0,0,0,0,0,0,0,0,6,0,0,0,0,0,0,0,0,0,0,0,0,0,1,0,1,0,0,0,0,0,2,0,0,0,0,0,1,0,0,0,0,0,0,0,0,0,0,0,0,0,0,0,0,0,0,0,0,0,0,0,0,0,0,0,0,0,0,1,0,1,0,0,0,0,0,1,0,0,0,0,0,0,0,0,7,0,1,0,0,0,0,1,0,0,1,2,0,0,0,0,0,0,0,1,0,0,2,0,0,0,1,0,0,0,0,1,0,0,0,0,0,0,0,0,0,0,0,0,0,0,2,0,0,0,0,0,0,0,1,0,0,0,1,0,2,0,5,0,0,0,0,0,0,0,0,2,0,0,0,1,0
560,560,0,0,2,0,0,0,0,2,0,0,0,0,0,0,0,0,13,0,0,0,0,0,1,0,0,0,1,0,0,0,1,0,2,0,0,0,10,0,0,0,0,13,0,0,0,0,0,0,0,0,0,5,0,0,0,0,0,0,0,0,0,0,0,0,0,0,0,4,0,1,2,0,0,0,0,0,0,0,0,0,0,0,0,0,0,5,0,0,0,1,0,0,0,0,0,1,0,1,0,0,1,2,0,1,0,0,0,0,0,0,0,2,14,38,0,0,0,0,2,12,0,0,0,1,0,0,0,17,0,0,0,6,0,0,0,0,0,0,0,0,0,1,0,0,0,0,0,0,0,0,0,0,0,0,0,1,2,0,0,0,0,0,0,0,0,0,6,9,0,0,0,0,0,2,0,0,0,0,0,0,0,0,0,0,0,4,0,1,4,0,3,10,0,0,0,0,1,0,0,0,0,1,0,0,3,0,2,0,0,0,0,0,1,0,0,6,0,0,0,0,0,0,0,0,1,0,0,0,0,3,1,0,0,0,0,0,0,0,0,0,0,0,0,1,1,0,1,0,0,7,29,0,0,1,0,0,2,6,0,0,0,1,1,0,0,2,0,0,0,0,0,0,0,0,0,0,0,0,0,4,0,0,0,0,0,0,8,0,2,0,0,0,0,0,7,3,8,0,0,1,1,1,1,2,0,0,1,0,0,1,0,0,2
561,561,0,18,9,1,0,0,0,0,0,1,0,0,0,0,0,0,5,0,0,0,0,0,0,0,1,0,0,0,0,0,0,1,0,0,6,0,2,3,0,0,0,5,0,0,0,0,0,0,0,0,0,2,0,0,0,0,0,0,0,0,0,0,0,0,0,0,0,4,1,0,0,0,0,0,0,0,1,0,0,0,1,0,0,0,0,2,0,0,1,0,0,0,0,0,0,0,0,0,0,2,4,15,0,0,0,0,0,0,0,0,0,5,2,19,0,0,0,0,3,1,0,0,0,0,0,0,2,8,0,0,0,0,0,0,0,0,0,0,0,0,0,0,0,0,0,0,0,0,0,0,0,0,0,0,0,2,0,0,0,0,0,0,0,0,4,3,9,4,11,3,3,0,0,1,0,0,0,0,0,2,0,0,0,7,0,2,0,1,3,0,0,1,0,0,0,0,0,0,0,0,0,0,6,8,1,0,1,0,0,0,0,0,0,0,0,0,0,0,0,0,1,3,0,0,1,0,0,0,0,0,3,0,1,0,0,3,0,0,0,0,0,0,0,0,0,0,5,0,0,2,6,0,0,0,1,0,1,3,0,2,0,1,0,0,0,0,0,0,1,0,0,0,0,0,2,0,0,0,0,10,0,0,0,0,0,0,2,1,0,0,0,0,3,0,4,0,1,0,0,0,1,0,0,1,0,0,1,0,0,0,0,1,0
562,562,1,0,1,4,0,1,0,4,0,0,0,0,0,0,2,0,9,0,0,0,1,0,1,0,0,0,0,0,0,0,0,0,1,0,0,0,5,0,0,0,0,34,0,0,0,0,0,0,0,0,0,6,0,0,0,0,0,0,0,0,0,0,0,0,0,0,0,9,2,0,8,0,0,0,0,0,0,0,0,0,0,0,0,0,0,6,0,0,0,1,1,0,0,0,0,2,0,0,0,0,5,3,0,0,0,0,0,0,0,4,0,9,27,74,1,0,2,0,2,13,0,0,0,0,0,0,6,24,0,0,0,17,0,0,0,0,0,0,0,0,1,2,0,1,0,0,0,0,0,0,0,0,0,0,0,0,1,0,0,0,0,0,0,0,0,0,21,26,0,0,0,0,1,2,0,0,0,0,0,0,0,0,0,1,0,6,0,0,5,0,1,2,0,0,0,0,0,0,0,0,0,0,1,1,0,0,13,0,0,0,1,0,2,0,0,3,0,0,0,0,0,0,0,1,0,0,0,0,0,6,0,0,0,0,0,0,0,0,4,0,0,0,0,1,0,0,3,0,0,6,65,0,0,0,1,0,1,28,1,0,0,1,0,0,0,0,1,0,1,0,0,0,0,1,2,0,0,1,0,10,0,0,0,0,0,0,8,1,0,1,0,0,3,0,10,5,6,0,0,1,3,0,3,1,0,0,0,1,0,0,0,0,4
563,563,6,2,5,1,0,0,0,1,0,0,0,0,0,0,0,0,17,0,0,0,0,0,3,0,0,0,1,0,0,0,1,0,0,0,0,0,5,0,0,0,0,15,0,0,0,0,0,0,0,0,0,3,0,0,0,0,0,0,0,0,0,0,0,0,0,0,0,2,0,0,0,0,0,0,0,0,0,0,0,0,0,0,0,0,0,8,0,0,0,2,0,0,0,0,0,0,0,0,0,0,4,2,0,0,0,0,0,0,0,1,0,0,9,44,0,0,0,0,0,21,0,0,0,0,0,0,6,13,0,0,0,13,0,0,0,0,0,0,0,0,1,1,1,0,0,0,0,0,0,0,0,0,0,0,0,0,3,0,0,0,0,0,0,0,0,0,13,17,0,0,0,0,0,0,0,0,0,0,0,0,0,0,0,0,0,7,0,0,5,0,1,12,0,0,0,0,0,0,0,0,0,0,0,0,0,0,2,0,0,0,0,1,0,0,0,3,0,0,0,0,1,0,0,0,0,0,0,0,0,3,0,0,0,0,0,0,0,0,3,0,0,0,0,3,0,0,1,0,0,8,43,0,1,0,2,0,1,0,0,0,1,0,0,0,0,1,1,0,3,0,0,0,0,4,1,0,0,0,0,6,0,0,0,0,0,0,3,0,0,0,0,0,5,0,0,1,6,0,0,2,2,0,1,1,0,0,0,1,0,1,0,0,1
564,564,0,1,3,1,0,0,0,0,0,0,0,0,0,0,0,0,10,0,0,0,0,0,0,0,0,0,0,0,0,0,0,0,0,0,0,0,2,0,0,0,0,12,2,0,0,0,0,0,0,1,0,0,0,0,0,0,0,0,0,0,0,0,0,0,0,0,0,5,1,0,0,0,0,0,0,0,0,0,1,0,0,0,0,0,0,3,0,0,0,0,0,0,0,0,0,0,0,0,0,0,3,2,0,0,0,0,0,0,1,2,0,3,11,27,0,0,1,0,1,7,0,0,0,0,0,0,0,12,0,0,0,1,0,0,0,0,0,0,0,0,0,0,1,0,0,0,0,0,0,0,0,0,0,0,0,1,0,1,0,0,0,0,0,0,0,0,17,13,0,0,0,0,0,3,0,0,0,0,0,0,0,0,0,0,0,1,0,0,2,0,0,6,0,0,0,0,0,0,0,0,0,0,0,0,0,0,1,0,0,0,0,0,0,0,0,0,0,0,0,0,0,0,0,0,0,0,0,0,0,3,0,0,1,0,0,0,0,0,1,0,0,0,0,1,0,0,1,0,0,10,26,0,1,1,0,0,0,0,0,0,0,0,0,0,0,1,1,0,1,0,0,0,0,1,0,0,0,1,0,1,0,0,0,0,1,0,4,0,0,0,0,0,1,0,1,1,7,0,0,0,0,0,1,0,0,0,1,0,0,1,0,0,4
565,565,0,0,0,2,0,0,0,0,0,0,0,0,0,0,0,0,2,0,0,0,0,0,0,1,0,0,2,0,0,0,0,0,0,0,0,0,0,0,1,0,0,3,0,0,0,0,5,0,4,0,0,0,0,0,0,1,1,0,0,0,0,0,0,0,0,0,0,0,0,0,0,0,0,0,0,0,0,0,0,0,0,0,0,0,0,0,0,0,0,0,5,0,2,0,0,0,0,0,0,0,0,0,0,0,0,0,0,0,0,0,0,2,0,12,2,0,0,0,4,1,0,0,0,0,1,0,0,5,0,0,0,1,0,2,0,3,0,0,0,0,0,0,0,0,0,0,0,0,0,3,0,10,0,0,0,0,0,0,1,0,0,0,0,0,0,0,0,0,0,0,0,0,2,0,1,0,0,0,0,0,1,0,0,4,0,0,0,0,5,0,0,0,0,0,0,0,0,0,0,0,0,0,0,0,0,0,0,0,0,0,0,0,0,0,0,0,0,0,0,0,0,0,0,0,0,0,0,0,0,1,2,0,1,0,0,0,3,0,0,0,0,0,0,0,0,0,0,1,0,0,4,0,0,1,0,4,0,1,0,0,0,0,0,0,0,0,0,1,0,0,0,0,0,0,0,0,0,0,0,0,0,1,2,0,1,0,0,1,0,0,0,0,1,0,1,0,1,0,5,0,0,0,0,0,0,0,4,0,0,0,0,0,0
566,566,0,7,2,1,0,0,0,0,0,0,0,0,0,2,2,1,0,0,0,1,5,0,1,0,0,0,0,4,0,0,0,0,0,0,4,0,1,0,0,0,0,1,1,1,0,0,0,0,2,0,0,5,1,0,0,0,0,0,1,0,0,0,5,1,0,0,0,0,0,0,0,0,0,0,0,4,0,0,0,0,1,0,0,0,0,1,2,0,0,0,0,0,0,0,0,0,0,1,0,0,0,5,0,1,0,4,1,1,0,0,0,0,0,1,0,4,0,0,0,0,6,0,0,3,0,0,0,0,1,0,0,0,0,1,0,0,0,0,0,0,1,0,0,0,0,0,0,1,0,1,0,0,0,1,3,0,0,2,1,0,0,0,0,0,1,0,1,0,1,0,0,0,0,1,1,0,1,0,0,1,0,0,0,2,0,0,7,2,1,0,0,0,0,0,0,3,2,0,0,0,0,0,0,7,0,0,1,0,0,0,0,0,1,0,1,0,1,0,0,0,0,12,1,7,1,0,0,0,0,4,1,3,2,0,0,1,1,1,3,1,2,1,2,0,0,0,6,0,0,0,1,0,0,1,0,0,0,0,0,1,0,0,0,0,0,0,0,0,1,0,5,2,0,0,0,0,2,0,0,0,0,2,1,0,0,0,0,0,0,1,0,0,1,0,4,0,0,0,1,0,2,0,2,0,1,0,0,0,5,2,2,6,0
567,567,1,2,0,1,1,0,0,0,0,1,0,0,0,0,0,0,2,0,0,0,0,0,0,0,0,1,1,0,0,2,0,0,0,0,0,0,0,2,1,0,0,0,1,0,0,0,3,0,3,0,0,1,0,0,0,3,3,0,0,0,0,0,1,0,0,0,0,2,0,0,0,0,0,0,0,0,0,0,0,0,1,0,0,0,0,1,0,0,3,1,5,0,0,0,0,0,0,0,0,0,0,1,0,0,0,0,0,0,1,0,0,0,0,8,2,0,0,0,1,0,0,0,0,0,2,0,0,0,0,0,0,1,0,2,0,0,2,0,0,1,0,0,0,0,0,0,0,0,0,1,0,2,0,0,2,0,0,0,0,0,0,0,0,0,0,0,2,1,0,0,0,0,0,2,0,0,0,0,0,0,0,1,0,3,0,0,1,0,2,1,0,0,0,4,0,0,0,0,3,0,0,0,0,0,0,1,3,0,0,0,0,0,1,0,0,0,0,0,1,0,1,0,3,0,0,0,0,0,0,1,3,0,0,2,2,0,4,0,0,0,0,1,0,1,0,0,1,2,0,0,1,0,0,2,0,0,0,0,0,0,0,1,1,1,0,0,0,0,0,0,0,0,0,0,2,0,0,0,1,0,0,0,0,0,1,0,1,1,0,0,0,0,1,0,3,0,1,0,3,0,1,0,1,0,0,0,0,3,0,0,0,1,0
568,568,0,2,3,6,0,0,0,2,0,0,0,0,0,0,1,1,15,0,0,1,0,0,1,0,1,0,1,0,0,0,0,0,1,1,0,0,5,0,0,0,0,15,0,0,0,0,0,0,0,0,0,4,1,0,0,1,0,0,0,0,0,0,0,1,0,0,1,2,2,0,0,0,2,0,0,0,0,0,0,0,0,0,0,0,0,4,0,0,0,1,0,0,0,0,0,0,0,0,1,1,4,0,0,0,0,0,0,0,2,5,0,8,26,36,0,0,0,0,1,10,0,0,0,2,0,0,0,15,0,0,0,4,0,0,0,0,0,1,0,0,2,0,1,0,0,0,0,0,0,0,0,0,0,0,0,0,0,0,0,1,0,0,0,0,0,0,17,17,0,0,0,0,0,0,0,0,1,0,0,0,0,0,0,0,0,8,0,1,2,0,0,7,0,0,0,0,0,0,0,0,0,0,0,0,1,0,7,0,0,0,0,0,2,0,0,0,0,0,0,0,0,0,0,0,0,0,0,0,0,8,0,0,0,0,0,0,0,0,5,1,0,0,0,4,1,0,3,0,0,12,43,0,2,1,3,0,2,2,1,1,0,1,0,0,0,0,0,2,7,0,0,0,1,2,0,0,0,1,0,33,0,0,0,0,3,0,3,2,1,0,0,0,3,0,7,1,4,0,0,4,2,0,2,1,0,0,0,1,0,0,0,0,2
569,569,0,0,0,2,0,0,0,0,0,0,0,0,0,0,0,0,0,0,0,2,0,0,0,0,0,0,1,0,0,0,0,0,0,0,0,0,1,0,0,0,0,1,1,0,0,0,0,0,1,0,0,0,1,0,0,1,0,0,0,0,0,0,1,5,0,0,0,0,0,0,0,0,0,0,0,0,0,0,0,0,0,0,0,0,0,0,0,0,0,1,0,0,0,0,0,0,0,1,0,0,0,0,0,0,0,0,0,0,0,0,0,0,1,0,0,0,0,0,0,0,0,0,0,2,1,0,0,0,0,0,0,0,0,0,0,0,0,0,0,9,1,2,0,0,0,0,0,1,0,1,0,1,2,1,0,0,0,0,0,0,0,0,0,0,0,0,0,0,0,0,0,0,0,1,0,0,0,0,0,0,0,0,0,0,0,0,1,0,0,0,0,0,0,0,0,0,1,0,2,0,0,0,0,0,0,0,0,0,0,0,0,0,0,0,0,0,0,0,0,0,0,0,0,0,0,0,0,0,0,3,0,1,0,0,0,0,1,0,0,0,0,0,0,0,0,0,0,0,1,0,0,0,0,0,0,0,0,0,0,0,0,0,0,0,0,0,0,0,1,0,0,0,0,0,0,0,0,0,0,0,0,0,0,0,0,0,0,0,0,1,0,0,0,0,1,0,0,0,0,0,0,1,0,0,0,0,0,1,0,1,0,0,2
570,570,1,20,6,4,0,0,0,2,0,0,0,0,1,0,2,0,11,0,0,0,0,0,3,0,1,0,1,0,0,0,0,0,0,0,3,0,3,1,0,0,0,13,2,0,1,0,0,0,0,0,0,6,0,0,0,1,0,0,0,0,0,0,1,0,0,0,0,5,9,0,1,0,0,0,0,0,0,0,0,0,0,0,0,0,0,3,1,0,0,1,0,0,0,0,0,0,0,0,0,1,9,13,0,0,0,0,0,2,1,0,0,4,14,28,0,0,0,0,1,8,0,0,0,1,0,4,2,12,0,0,0,1,0,1,0,1,0,0,0,0,2,1,0,0,0,0,0,0,0,0,0,0,0,0,0,1,0,0,0,0,1,0,0,0,3,0,23,7,7,2,2,0,0,1,1,0,0,0,0,0,0,0,0,0,1,3,3,0,2,0,0,8,0,1,0,0,3,0,2,0,0,0,4,14,1,0,7,0,0,0,2,0,4,0,0,1,0,0,0,0,0,0,0,0,3,0,0,1,0,8,2,0,0,0,0,2,0,0,2,0,0,0,0,2,0,0,7,2,0,13,27,0,0,0,1,0,0,4,1,7,0,1,0,0,0,1,0,1,0,0,0,0,0,1,0,0,0,1,0,13,0,0,0,0,1,0,6,0,0,1,0,0,1,0,4,0,2,0,0,1,2,0,0,2,1,0,2,0,0,0,0,0,0
571,571,0,9,6,0,0,0,0,1,0,0,0,0,0,0,1,0,4,0,0,0,1,0,0,0,1,0,0,0,0,0,0,0,1,0,2,0,3,0,0,0,0,12,0,0,0,0,0,0,0,0,0,3,1,0,0,0,0,0,0,0,0,0,0,0,0,0,0,4,2,0,5,0,1,0,0,0,0,0,0,0,0,0,0,0,0,6,0,0,0,1,0,0,0,0,0,2,0,0,0,1,2,6,0,0,0,0,0,0,0,1,0,2,12,45,0,0,1,0,1,3,0,0,0,1,0,0,2,11,0,0,0,3,0,0,0,0,0,0,0,0,1,0,0,1,0,0,0,0,0,0,0,0,0,0,0,1,3,0,0,1,0,0,0,0,0,0,13,15,6,0,0,0,0,1,1,0,0,0,0,0,0,0,0,0,0,1,0,0,2,0,1,3,0,0,0,0,0,0,0,0,0,0,4,6,1,0,6,0,0,0,0,0,1,0,0,0,0,0,0,0,0,0,0,0,0,0,0,0,0,5,1,0,0,0,0,0,0,0,1,0,0,1,0,2,0,0,4,0,0,3,11,0,1,1,0,0,1,3,0,3,0,1,0,0,0,2,0,0,2,0,0,0,0,3,0,0,0,1,0,7,0,0,1,0,1,0,2,2,1,0,0,0,1,0,5,6,8,0,0,1,1,3,3,0,0,0,0,0,0,1,0,0,1
572,572,0,0,1,1,0,0,0,1,0,0,0,0,0,0,0,0,6,0,0,0,0,0,0,0,0,0,0,0,0,0,0,0,1,0,0,0,2,0,0,0,0,4,0,0,0,0,0,0,0,0,0,0,0,0,0,0,0,0,0,0,0,0,0,0,0,0,0,2,1,1,0,0,1,0,0,0,0,0,0,0,0,0,0,0,0,7,0,0,0,0,0,0,0,0,0,0,0,0,0,0,1,1,0,0,0,0,0,0,0,1,0,1,1,7,1,0,0,0,0,1,0,0,0,0,0,0,0,0,0,0,0,3,0,0,0,0,0,0,0,0,1,0,1,0,0,0,0,0,0,1,0,0,0,1,1,1,0,0,0,1,0,0,0,0,0,0,2,4,0,0,0,0,0,1,0,0,0,0,0,0,0,0,0,0,0,1,0,0,1,0,0,3,0,0,0,0,0,0,0,0,0,0,0,0,2,0,2,0,0,0,1,0,0,0,0,0,0,0,0,0,0,0,0,0,0,0,0,0,0,5,0,0,0,0,0,0,0,0,0,0,0,0,0,0,0,0,0,0,0,1,13,0,1,0,1,0,3,0,0,0,0,2,0,0,0,0,0,2,0,0,0,0,0,0,0,0,0,0,0,6,0,0,0,0,0,0,3,0,0,0,0,0,0,0,2,0,0,0,0,0,0,0,0,0,0,0,0,0,0,0,0,0,0
573,573,0,0,1,0,0,0,0,0,0,0,0,0,0,0,0,0,0,0,0,0,11,0,0,0,0,0,0,3,0,0,0,0,0,0,3,0,0,0,0,0,0,2,0,0,0,0,0,0,0,0,0,2,0,0,0,0,0,0,0,0,0,0,0,0,0,0,0,0,0,0,0,0,0,0,0,5,0,0,0,0,0,0,0,0,0,2,0,0,2,0,1,0,0,0,0,0,0,0,0,0,0,1,0,0,0,6,2,0,0,0,0,0,0,4,0,0,0,0,0,0,0,0,0,0,0,0,0,0,0,0,0,0,0,0,0,0,0,0,0,0,1,0,0,1,0,0,0,0,0,0,1,0,0,0,1,1,0,2,0,0,0,0,0,0,0,0,0,0,1,0,0,0,0,0,0,0,0,0,0,0,0,0,0,0,0,0,0,0,0,0,0,0,0,0,0,1,0,0,0,0,0,0,0,1,0,0,0,0,0,0,2,0,0,0,0,0,0,0,0,0,0,0,0,6,0,0,0,0,0,2,0,0,1,0,0,0,0,0,1,0,2,2,0,0,0,0,0,0,0,0,0,0,0,0,1,0,0,0,0,0,0,0,0,0,0,0,0,0,0,0,3,0,0,0,0,0,2,0,0,0,0,3,0,0,1,0,0,0,0,0,0,0,0,0,1,0,0,0,0,0,0,0,0,0,0,0,0,2,6,0,0,0,0
574,574,0,20,5,2,0,0,0,0,0,3,1,0,0,0,0,0,3,0,0,0,2,0,0,0,1,0,1,0,0,1,0,0,0,0,3,0,2,1,0,0,0,11,0,0,0,0,0,0,2,0,0,3,0,0,0,1,0,0,0,0,0,0,2,3,0,0,0,3,1,0,1,0,0,0,0,1,0,0,0,0,0,0,0,0,0,5,0,0,1,1,1,0,1,0,0,0,0,0,0,0,4,13,0,0,0,0,0,0,1,0,0,0,8,23,0,0,1,0,1,5,1,0,0,1,0,0,0,3,0,1,0,1,0,0,0,0,0,0,0,0,1,0,0,0,0,0,0,0,0,0,0,0,0,0,0,3,1,1,0,0,0,0,0,0,1,2,16,7,2,1,2,0,0,1,0,0,0,0,0,0,0,0,0,5,0,2,0,0,1,0,0,1,0,1,0,0,1,0,0,0,0,0,3,10,1,0,1,0,0,0,0,0,0,0,0,2,0,0,0,1,0,2,2,1,1,0,0,0,0,5,5,1,2,0,0,0,0,3,1,0,0,0,1,5,0,1,0,0,0,8,12,0,0,0,0,0,0,5,1,2,0,1,0,0,0,2,0,0,0,0,0,0,1,1,1,0,0,3,0,4,0,2,0,0,0,0,3,2,0,0,0,0,1,0,11,1,1,0,0,0,3,0,0,0,0,0,3,6,1,1,0,2,1
575,575,0,0,1,0,0,0,0,1,0,0,0,0,0,0,0,0,2,0,0,0,0,0,1,0,0,0,1,0,0,0,1,0,0,0,1,0,2,0,0,0,0,5,0,0,0,0,0,0,0,0,0,0,0,0,0,0,0,0,0,0,0,0,0,0,0,0,0,1,1,0,3,0,1,0,0,0,0,0,0,0,0,0,1,0,0,2,0,0,0,0,1,0,0,0,0,1,0,0,0,0,1,0,0,0,0,0,0,0,0,0,0,2,10,20,1,0,0,0,0,1,0,0,0,0,0,0,1,8,0,0,0,3,0,0,0,0,0,0,0,0,0,1,1,0,0,0,0,0,0,0,0,0,0,0,0,1,1,0,0,0,0,0,0,0,0,0,3,9,0,0,0,0,0,2,0,0,0,0,0,0,0,0,0,0,0,1,0,0,7,0,2,2,0,0,0,0,0,0,0,0,0,0,0,0,0,0,1,0,0,0,0,0,0,0,0,0,0,0,0,0,0,0,0,0,0,0,0,0,0,3,0,0,0,0,0,0,0,1,1,0,0,0,0,0,0,0,0,0,0,2,7,0,0,1,1,0,0,0,1,0,0,1,0,0,0,0,0,0,1,0,0,0,0,1,0,0,0,0,0,0,0,0,0,0,0,0,1,0,0,0,0,0,0,0,3,4,0,0,0,0,1,1,0,0,0,0,0,0,0,1,0,0,1
576,576,0,0,1,3,0,0,0,0,0,0,0,0,0,0,0,0,0,0,0,0,9,0,2,0,0,0,0,1,1,0,0,0,0,0,6,2,0,1,0,0,0,3,4,0,0,0,0,0,3,0,0,0,0,0,0,1,0,0,0,0,0,1,3,5,0,0,0,0,0,0,0,0,0,0,0,10,1,0,0,0,0,0,0,0,0,3,0,0,1,2,0,0,0,0,0,0,0,1,0,2,0,2,0,0,0,1,0,0,1,0,0,1,0,1,0,0,0,0,0,0,1,0,0,2,0,4,0,1,0,0,0,0,0,1,0,0,0,0,0,1,1,0,0,0,0,0,0,3,0,0,1,0,1,0,1,2,0,1,0,0,0,0,0,0,0,3,2,0,0,0,0,0,0,1,0,0,0,0,0,0,1,1,0,7,0,0,2,0,2,0,0,0,0,0,0,1,0,0,0,0,0,0,0,0,0,0,1,0,0,0,0,0,1,0,0,0,1,0,0,0,0,0,3,7,0,0,0,0,1,5,3,0,0,0,0,0,2,0,1,0,2,0,0,0,0,0,2,0,2,0,0,0,0,0,1,0,0,1,2,0,0,2,0,0,0,0,0,2,0,0,0,2,0,0,1,0,0,0,0,0,0,1,0,0,6,0,0,0,0,1,0,0,2,0,3,0,0,0,0,0,1,0,0,0,1,0,0,3,2,1,2,1,1
577,577,0,0,1,0,0,0,0,3,0,0,0,0,0,0,0,0,6,0,0,0,0,0,2,0,0,0,1,0,0,0,0,0,0,0,0,0,0,0,0,0,0,5,0,0,0,0,0,0,0,0,0,3,0,0,0,0,0,0,0,0,0,0,0,0,0,0,0,3,0,0,0,0,1,0,0,0,0,0,0,0,0,0,0,0,0,2,0,0,0,0,0,0,0,0,0,3,0,0,0,0,3,1,0,0,0,0,0,0,1,0,0,0,3,19,0,0,0,0,2,6,0,0,0,0,0,0,0,7,0,0,0,3,0,0,0,0,0,0,0,0,0,0,0,0,0,0,0,0,0,0,0,0,0,0,0,0,0,0,0,0,0,0,0,0,0,0,6,10,0,0,0,0,0,0,0,0,0,0,0,0,0,0,0,0,0,2,0,1,0,0,0,1,0,0,0,0,0,0,0,0,0,0,0,0,1,0,3,0,0,0,0,0,1,0,0,0,0,0,0,0,0,0,0,0,0,0,0,0,0,2,0,0,0,0,0,0,0,0,1,0,0,0,0,1,0,0,0,0,0,3,3,0,0,1,0,0,0,4,0,0,0,0,0,0,0,2,0,1,0,0,0,0,0,1,1,0,0,0,0,1,0,0,0,0,0,0,3,0,0,0,0,0,1,0,2,1,4,0,0,1,1,0,1,0,0,0,0,0,0,1,0,0,3
578,578,0,1,0,0,0,0,0,0,0,0,1,0,0,0,1,0,1,0,0,0,0,0,0,0,0,0,1,0,1,3,0,0,0,0,0,0,1,2,0,0,0,1,0,0,0,0,0,0,4,0,0,0,0,0,0,5,0,0,0,0,0,0,1,2,0,0,0,0,0,0,0,0,0,0,0,0,0,0,0,0,0,0,0,0,0,0,0,0,1,0,1,0,1,0,0,0,0,0,0,2,0,0,0,0,0,0,0,0,0,0,0,2,0,4,0,0,0,0,0,0,0,0,0,1,1,3,0,0,0,0,0,0,0,1,0,0,0,0,0,4,0,1,0,0,0,0,0,1,0,0,0,0,0,0,0,0,0,0,0,0,0,0,0,0,0,0,0,0,0,0,0,0,0,0,0,0,0,0,0,0,0,2,0,3,0,1,0,0,0,0,0,0,0,2,0,0,1,0,7,0,0,0,0,0,0,0,1,0,0,0,0,0,0,0,0,0,0,0,0,0,0,0,4,0,0,0,0,0,0,1,1,0,0,0,1,0,1,0,1,0,0,0,0,0,0,0,3,0,0,0,1,0,0,0,0,0,0,0,1,0,0,0,0,0,0,0,0,0,0,0,0,0,0,0,1,0,0,0,0,0,0,0,0,0,0,0,0,0,0,0,0,0,1,0,1,0,0,0,0,0,0,0,0,0,0,0,0,0,0,0,0,0,2
579,579,1,0,1,1,0,0,0,0,0,0,0,0,0,0,0,0,0,0,0,0,0,1,0,0,0,0,1,0,0,0,0,0,0,0,0,0,0,0,2,0,0,2,1,0,0,1,2,0,3,0,0,0,0,0,0,0,0,0,0,0,0,0,1,0,0,0,0,0,1,0,0,0,0,0,0,0,0,0,0,0,0,0,0,2,0,0,0,0,0,0,6,0,2,0,0,0,0,0,0,0,0,1,0,0,0,0,0,0,0,0,0,0,1,13,1,0,0,0,2,0,0,0,0,1,0,0,0,2,0,1,0,1,0,0,0,1,2,0,0,0,0,0,0,0,0,0,0,0,0,3,0,11,0,0,1,0,0,0,0,0,4,0,0,0,0,0,2,0,0,2,0,0,0,1,0,0,0,0,0,0,0,0,0,1,0,0,0,0,2,0,0,0,0,0,0,0,0,0,0,0,1,0,0,0,0,0,1,0,0,0,0,0,0,0,0,1,0,0,0,0,0,0,0,0,0,0,0,0,0,0,1,0,1,0,0,0,4,0,1,0,0,0,0,5,0,0,0,3,0,0,1,0,0,0,0,0,0,0,0,0,0,0,0,0,0,0,0,0,1,0,0,0,0,0,1,0,0,1,0,0,0,0,0,0,3,0,0,0,1,1,0,0,0,0,0,0,0,0,1,0,1,0,0,0,0,0,0,0,0,0,0,0,0
580,580,0,1,5,7,0,0,0,0,0,0,0,0,0,0,1,0,3,0,0,2,0,0,0,0,2,0,1,0,0,1,0,0,2,0,0,0,6,0,0,1,0,6,0,0,0,0,0,0,2,0,1,1,3,0,0,9,0,0,0,0,1,1,0,3,0,0,0,7,2,0,0,0,3,0,0,0,0,0,0,0,0,0,0,0,0,8,0,0,0,0,1,0,0,1,0,0,0,1,0,1,1,1,0,0,0,0,0,0,0,0,0,0,3,19,0,0,1,0,0,8,0,0,0,9,1,2,2,6,0,0,0,2,0,0,0,0,0,0,0,5,0,0,1,0,0,0,0,4,0,1,0,0,0,1,0,0,2,0,0,1,0,0,0,0,0,0,16,17,0,0,0,0,0,0,0,0,0,0,0,2,0,0,0,0,0,2,8,0,1,0,0,4,0,0,0,0,5,0,5,0,0,0,0,0,7,0,8,0,0,0,0,0,0,0,0,0,0,0,0,1,0,0,0,2,0,0,0,0,0,2,0,3,0,0,0,0,3,2,2,0,0,0,0,0,0,0,0,5,0,3,14,0,0,2,0,0,1,0,0,0,0,0,0,0,0,0,0,2,5,0,0,0,0,0,3,0,0,3,0,22,0,0,0,0,3,0,1,0,2,0,0,0,5,0,5,0,1,0,2,2,2,0,1,0,1,0,1,1,0,1,0,2,0
581,581,2,0,2,1,0,0,0,1,0,0,0,0,0,0,0,0,19,0,0,0,0,0,5,0,0,0,0,0,0,0,0,0,2,0,0,0,3,0,0,0,0,7,0,0,0,0,0,0,0,0,0,4,0,0,0,1,0,0,0,0,0,0,0,0,0,0,1,9,5,0,0,0,1,0,0,0,0,0,0,0,0,0,0,0,0,9,0,0,0,0,0,0,2,0,0,0,0,0,0,0,2,2,0,0,0,0,0,0,0,3,0,5,14,28,3,0,0,0,0,18,0,0,0,0,0,0,1,11,0,0,0,13,0,1,0,0,0,0,0,0,0,0,0,0,0,0,0,0,0,0,0,0,1,0,1,2,2,0,0,0,0,0,0,0,0,0,11,16,0,0,0,0,0,1,0,0,0,0,0,0,0,0,0,0,0,6,0,0,5,0,0,4,0,0,0,0,0,0,0,0,0,0,0,0,2,0,4,0,0,0,0,0,0,0,0,0,0,0,0,0,0,0,0,0,0,0,0,0,0,6,0,0,0,0,0,0,0,1,3,1,0,0,0,0,0,0,7,0,0,8,38,0,1,0,4,0,0,11,0,0,0,2,0,0,0,4,0,0,3,0,0,0,1,2,1,0,0,1,0,13,0,0,0,0,0,0,3,2,1,0,0,0,3,0,7,2,8,0,0,3,2,0,2,1,0,0,1,1,0,4,0,0,2
582,582,2,0,2,1,0,0,0,2,0,0,0,0,0,0,0,0,10,0,0,0,0,0,2,0,0,0,0,0,0,0,0,0,0,0,0,0,2,0,0,0,0,4,0,0,0,0,0,0,0,0,0,0,0,0,0,0,0,0,0,0,0,0,0,0,0,0,0,1,1,0,0,0,0,0,0,0,0,0,0,0,0,0,0,0,0,9,0,0,0,0,0,0,0,0,0,0,0,0,0,0,1,1,0,0,0,0,0,1,0,0,0,0,5,19,0,0,0,0,0,5,0,0,0,0,0,0,0,7,0,0,0,2,0,0,0,0,0,0,0,0,1,0,0,1,0,0,0,0,0,0,0,0,0,0,0,0,0,0,0,0,0,0,0,0,0,0,3,4,0,0,0,0,0,2,0,0,0,0,0,0,0,0,0,0,0,0,0,0,0,0,1,14,0,0,0,0,0,0,0,0,0,0,0,0,0,0,1,0,0,0,0,0,0,0,0,3,0,0,0,0,0,0,0,0,1,0,0,0,0,3,0,0,0,0,0,0,0,0,2,0,0,1,0,2,0,1,1,0,0,1,18,1,0,0,0,0,4,1,0,0,0,0,0,0,0,0,0,0,2,0,0,0,0,0,0,0,0,0,0,2,0,0,0,0,0,0,4,0,0,1,0,0,0,0,3,0,3,0,0,0,0,1,0,0,0,0,2,0,0,0,0,0,1
583,583,0,9,3,6,0,0,0,4,0,0,0,0,0,0,0,0,27,0,0,0,0,0,1,0,2,0,2,0,0,0,0,0,0,0,3,0,4,0,0,0,0,30,0,0,0,0,0,0,0,0,0,3,0,0,0,0,0,0,0,0,0,0,0,0,0,0,0,7,2,0,0,0,1,0,0,0,0,0,0,0,0,0,0,0,0,14,0,0,0,2,0,0,0,0,0,1,0,0,0,0,2,11,0,0,0,0,0,1,2,3,0,9,18,46,0,0,2,0,0,5,0,0,0,0,0,0,4,21,0,0,0,19,0,0,0,0,0,0,0,0,1,3,1,0,0,1,0,0,0,0,0,0,0,0,0,2,1,0,0,0,0,0,0,0,5,0,25,15,5,1,1,0,0,3,0,0,0,0,0,0,0,0,0,0,0,1,0,1,4,0,1,11,0,0,0,0,0,0,0,0,0,0,1,4,0,0,5,0,0,0,0,0,0,0,0,1,0,0,0,0,1,0,0,0,1,0,0,0,0,9,0,1,0,0,0,1,0,2,4,0,0,0,0,1,0,0,5,0,0,6,32,0,0,0,4,0,0,11,0,4,0,5,0,0,0,1,1,1,6,0,0,0,0,5,1,0,2,3,0,7,0,0,0,0,4,0,10,0,0,0,0,0,3,0,11,1,3,0,0,2,2,1,3,1,0,0,1,2,0,2,0,0,1
584,584,0,21,19,0,0,0,0,2,0,0,0,0,0,0,0,0,1,0,0,1,0,0,1,0,1,0,1,0,0,0,0,0,0,0,9,0,3,2,1,0,0,15,0,0,1,1,0,0,1,0,0,3,1,0,0,0,1,0,0,0,0,0,1,0,0,0,0,3,1,0,0,0,1,0,0,0,0,0,0,0,0,0,1,1,0,8,1,0,0,0,1,0,0,0,0,2,0,0,1,0,3,10,0,1,0,2,0,0,1,1,0,3,8,14,0,0,0,0,1,2,0,0,0,0,0,3,4,4,0,0,0,1,0,0,0,0,2,0,0,0,0,0,0,0,0,0,0,0,0,0,0,0,0,0,0,0,0,0,0,0,0,0,0,0,7,1,26,7,12,1,2,0,0,0,2,0,0,0,0,0,0,0,0,10,0,0,4,0,0,0,0,0,0,0,0,0,0,0,0,0,0,0,6,19,0,0,2,0,0,0,0,0,1,0,2,0,0,0,0,0,1,0,1,0,0,1,0,0,0,4,8,0,0,0,0,2,1,2,4,2,0,0,0,0,0,0,5,1,0,4,11,0,0,0,0,0,0,10,3,10,0,0,0,0,0,1,0,0,1,0,0,0,0,0,0,0,0,1,0,8,0,0,0,0,1,0,0,0,0,0,0,0,1,0,6,1,3,0,2,3,0,1,0,0,0,0,1,2,0,2,2,3,3
585,585,0,1,5,3,0,0,0,4,0,0,0,0,0,0,0,0,14,1,1,0,0,0,0,0,0,0,0,0,0,0,0,0,0,0,0,0,4,0,0,0,0,9,0,0,0,0,0,0,0,0,0,4,0,0,0,0,0,0,0,0,0,0,0,0,0,0,0,5,1,0,8,0,0,0,0,0,0,0,0,0,0,0,0,0,0,9,0,0,0,0,0,0,0,0,0,2,0,1,0,0,2,2,0,0,0,0,0,0,0,3,0,6,16,50,3,0,2,0,3,13,0,0,0,0,0,0,3,12,0,0,0,11,0,0,0,0,0,0,0,0,1,0,1,1,1,0,0,0,0,0,0,0,0,0,0,3,1,0,0,0,0,0,0,0,0,0,13,18,0,0,0,0,0,2,0,0,0,0,0,0,0,0,0,0,0,2,1,0,4,0,2,9,0,0,0,0,0,0,0,0,0,0,0,0,2,0,5,0,0,0,0,0,1,0,0,2,0,0,0,0,0,0,0,0,1,0,0,0,0,9,0,0,0,0,1,0,1,0,2,0,0,0,0,5,0,0,3,0,0,10,25,0,0,3,3,0,0,1,3,0,0,1,0,0,0,1,1,1,2,0,0,0,0,3,3,0,1,0,0,2,1,0,0,0,2,0,10,1,0,0,0,0,3,0,4,6,4,0,1,1,0,0,1,0,0,0,0,1,0,0,0,0,3
586,586,0,0,1,1,1,0,0,0,0,0,0,0,0,0,1,0,3,0,0,0,0,0,0,0,0,0,1,0,0,0,0,0,0,0,0,0,1,5,1,0,0,3,3,0,0,0,0,0,1,0,0,0,0,0,3,1,0,0,0,0,0,0,0,0,0,0,0,2,1,0,1,0,1,0,0,0,0,0,0,0,0,0,0,0,0,1,0,0,1,0,0,0,4,0,4,0,0,1,0,0,0,2,0,1,0,0,0,0,0,0,0,3,0,10,8,0,0,0,2,0,0,0,0,0,0,1,0,4,0,0,0,0,0,1,0,0,0,0,0,0,0,0,0,0,0,0,3,0,0,6,0,1,0,0,4,1,2,0,0,0,0,0,0,0,0,0,2,0,0,0,0,0,0,0,1,0,1,0,0,0,0,0,0,4,0,0,0,0,2,0,1,0,0,0,0,0,0,0,0,0,0,0,0,0,0,3,4,1,0,0,0,0,0,0,0,2,0,0,0,1,0,0,0,3,2,0,0,0,0,3,6,0,1,0,0,0,0,0,0,0,0,0,0,2,0,0,0,0,0,1,4,0,0,6,1,0,1,2,0,0,0,1,2,6,0,0,0,0,0,0,0,0,0,1,0,0,0,0,0,1,0,0,1,0,1,0,13,0,0,0,0,0,3,2,4,0,2,0,0,1,0,3,0,0,0,0,0,0,0,2,0,0,1
587,587,0,0,4,5,0,0,0,2,0,0,0,0,0,0,0,0,13,0,0,0,0,0,1,0,0,0,2,0,0,0,0,0,0,0,0,0,2,0,0,0,0,4,1,0,0,0,0,0,0,0,0,2,0,0,0,0,0,0,0,0,0,0,0,0,0,0,0,3,1,0,0,0,2,0,0,0,0,0,0,0,0,0,0,0,0,4,0,0,0,0,0,0,0,0,0,1,0,0,0,1,1,1,0,1,0,0,0,0,1,2,0,2,6,34,0,0,2,0,3,1,0,0,0,0,0,0,4,6,0,0,0,2,0,0,0,0,0,0,0,1,1,0,0,1,0,0,0,0,0,0,0,0,0,0,0,0,0,0,0,0,0,0,0,0,0,0,11,3,0,0,0,0,0,1,0,0,0,0,0,0,0,0,0,1,0,0,0,0,3,0,0,12,0,0,0,0,0,0,0,0,0,0,0,0,1,0,5,0,0,0,0,0,0,0,0,0,0,0,0,0,0,0,0,0,0,0,0,0,0,4,1,0,0,0,0,0,0,0,1,0,0,0,0,1,0,0,0,0,0,4,10,0,0,0,3,0,1,4,0,1,0,2,0,0,0,0,0,0,1,0,0,0,0,1,0,0,0,1,0,3,0,0,0,0,2,0,6,1,0,0,0,0,1,0,1,0,3,0,0,0,1,0,0,0,0,0,0,1,0,0,0,0,1
588,588,0,0,0,1,2,0,0,0,0,1,0,0,0,0,0,0,1,0,0,0,0,0,0,0,0,0,0,0,0,0,0,0,0,1,0,0,0,0,0,5,0,0,0,0,0,0,0,0,2,0,0,1,3,0,0,7,0,0,0,3,2,1,0,2,0,0,0,0,0,0,1,0,0,0,0,0,0,0,0,0,0,0,0,0,0,0,0,0,0,2,0,0,0,0,0,0,0,2,0,0,0,0,0,0,0,0,0,0,0,0,0,0,0,1,0,0,0,0,0,0,0,0,0,12,1,0,1,0,0,0,0,0,0,1,0,0,0,0,0,0,0,3,0,0,0,0,0,0,0,0,0,0,1,2,0,0,0,0,0,0,0,0,0,0,0,0,0,1,0,0,0,0,0,0,0,0,0,0,0,0,2,0,0,0,0,1,18,0,0,0,0,0,0,0,6,0,1,0,3,0,0,0,0,0,0,0,1,0,0,0,0,0,0,0,0,0,0,0,0,0,0,0,0,2,0,0,1,0,0,3,0,2,0,0,0,0,0,0,0,0,0,0,0,0,0,0,0,4,2,0,2,0,0,0,2,0,0,0,1,0,0,0,0,0,0,0,0,0,0,0,0,0,0,0,0,0,0,0,0,0,0,0,0,0,0,0,0,0,1,0,0,0,0,0,2,0,0,0,0,0,0,0,0,0,0,0,0,0,0,0,0,4,0
589,589,0,12,4,0,0,0,0,2,0,0,0,0,0,0,1,0,0,0,0,0,0,0,1,0,0,0,0,0,0,0,1,2,0,0,3,0,0,1,0,0,0,2,0,0,0,0,0,0,0,0,0,1,0,0,0,0,0,0,0,0,0,0,0,0,0,0,0,2,1,0,0,0,0,0,0,0,0,0,0,0,0,0,0,0,0,0,1,0,1,0,0,0,0,0,0,0,0,0,0,0,3,10,0,0,0,0,0,1,0,0,0,2,2,7,0,0,0,0,0,2,0,0,0,1,0,0,2,2,0,0,0,2,0,1,0,0,0,0,0,0,0,0,0,0,0,0,0,0,0,0,0,0,0,0,1,0,1,0,0,1,1,0,0,0,6,4,8,0,8,0,2,0,0,1,0,0,0,0,0,0,0,0,0,0,0,0,1,0,2,0,0,0,0,0,0,0,0,0,0,0,0,0,3,11,0,0,0,0,0,0,0,0,0,0,2,0,0,0,0,0,2,0,0,0,0,1,0,0,0,2,0,0,0,0,0,1,0,0,1,1,0,0,0,0,0,0,5,0,0,0,3,0,1,0,0,0,1,8,0,4,0,0,0,0,0,0,1,1,0,0,0,0,0,0,0,0,0,1,0,3,0,1,0,0,0,0,1,0,0,0,0,0,1,0,2,0,0,0,0,1,0,0,1,0,0,0,0,1,0,0,0,0,0
590,590,0,1,1,1,0,0,0,0,0,0,0,0,0,0,0,0,5,0,0,0,0,0,0,0,0,0,0,0,0,0,0,0,0,0,0,0,0,0,0,0,0,2,0,0,0,0,0,0,0,0,0,0,0,0,0,0,0,0,0,0,0,0,0,0,0,0,0,0,0,0,1,0,0,0,0,0,0,0,0,0,0,0,0,0,0,2,0,0,0,0,0,0,0,0,0,0,0,0,0,0,0,1,0,0,0,0,0,0,0,1,0,1,5,15,0,0,0,0,0,4,0,0,0,0,0,0,0,5,0,0,0,3,0,0,0,0,0,0,0,0,2,0,0,0,0,0,0,0,0,0,0,0,0,0,0,0,1,0,0,0,0,0,0,0,0,0,5,2,1,0,0,0,0,1,0,0,0,0,0,0,0,0,0,0,0,0,0,0,1,0,0,3,0,0,0,0,0,0,0,0,0,0,0,0,0,0,1,0,0,0,0,0,0,0,0,0,0,0,0,0,0,0,0,0,0,0,0,0,0,3,0,0,0,0,0,0,0,0,0,0,0,0,0,0,1,0,0,0,0,0,5,0,1,0,1,0,1,2,1,0,0,0,0,0,0,1,0,0,1,0,0,0,0,0,1,0,0,0,0,1,0,0,0,0,0,0,1,0,0,0,0,0,0,0,1,1,2,0,0,0,0,0,0,0,0,0,0,0,0,0,0,0,1
591,591,0,9,6,3,0,0,0,0,0,0,1,0,0,0,0,0,11,0,0,0,0,0,0,0,2,0,0,0,0,0,0,0,0,1,3,0,2,0,0,0,0,17,1,0,0,0,0,0,0,0,0,6,0,0,0,0,0,0,0,0,0,0,0,0,0,0,0,6,10,1,0,4,1,0,0,0,0,0,0,0,1,0,0,0,0,3,0,0,0,1,0,0,0,0,0,0,0,1,0,0,2,5,0,0,0,0,1,0,0,3,0,2,14,23,0,0,0,0,0,4,0,0,0,0,0,0,1,10,0,0,0,6,0,0,0,0,0,0,0,0,1,0,0,0,0,0,0,0,0,0,0,0,0,0,0,1,0,0,0,2,0,0,0,0,2,0,16,12,3,0,0,0,0,0,0,0,0,0,0,0,0,0,0,0,0,3,0,0,2,0,0,9,0,0,0,0,0,0,0,0,0,0,3,4,1,0,4,0,0,0,1,0,0,0,0,0,0,0,0,0,0,0,0,0,0,1,0,0,0,2,0,0,0,0,0,0,0,0,2,2,0,1,0,2,1,0,2,0,0,3,15,0,0,1,2,0,3,0,0,3,0,1,0,0,1,0,0,0,1,0,0,0,0,1,0,0,0,2,0,11,0,0,0,0,7,0,4,1,0,0,0,0,1,0,4,0,4,0,0,1,1,0,0,0,0,0,3,0,0,0,0,0,0
592,592,0,0,1,3,0,1,0,0,0,0,0,0,0,0,0,0,2,0,0,0,0,0,0,0,1,0,0,0,0,0,0,0,0,0,0,0,0,0,0,0,0,4,0,0,0,0,0,0,0,0,0,2,0,0,0,0,0,0,0,0,0,0,0,0,0,0,0,1,0,0,0,0,0,0,0,0,0,0,0,0,0,0,0,0,0,1,0,0,0,0,1,0,0,0,0,0,0,0,0,0,0,2,0,0,0,0,0,0,0,2,0,1,4,9,1,0,0,0,0,0,0,0,0,0,0,0,0,3,0,0,0,3,0,0,0,0,0,0,0,0,0,0,0,0,0,0,0,0,0,0,0,0,0,0,0,0,0,0,0,0,0,0,0,0,0,1,2,1,0,0,0,0,0,0,0,0,0,0,0,0,0,0,0,0,0,2,0,0,0,0,0,1,0,0,0,0,0,0,0,0,0,0,0,0,0,0,2,0,0,0,0,0,1,0,0,1,0,0,0,0,0,0,0,0,0,0,0,0,0,3,0,0,0,0,0,0,0,1,0,0,0,0,0,0,0,0,1,0,0,2,7,0,0,0,0,0,0,0,0,0,0,0,0,0,0,2,0,0,0,0,0,0,0,0,0,0,0,0,0,2,0,0,0,0,0,0,0,0,0,0,0,0,0,0,1,0,3,0,0,0,0,0,1,0,0,0,0,0,0,0,0,0,0
593,593,1,7,3,3,0,0,0,1,0,0,0,0,0,0,0,0,18,0,0,0,0,0,4,0,1,0,1,0,0,0,0,0,1,0,0,0,4,0,0,0,0,22,1,0,0,0,0,0,0,0,0,2,0,0,0,0,0,0,0,0,0,0,0,0,0,0,0,4,0,0,1,0,0,0,0,0,0,0,0,0,0,0,0,0,0,15,0,0,0,1,0,0,0,0,0,0,0,0,0,0,1,5,0,2,0,0,0,0,1,1,0,1,14,29,0,0,0,0,1,4,1,0,0,0,0,0,4,12,0,0,0,7,0,0,0,0,0,0,0,0,2,2,0,0,0,0,0,0,0,0,0,0,0,0,0,1,1,0,0,0,0,0,0,0,2,0,21,11,4,1,2,0,0,3,0,0,0,0,0,0,0,0,0,0,0,6,0,0,5,0,1,11,0,0,0,0,0,0,0,0,0,0,3,2,2,0,1,0,0,0,0,0,1,0,0,0,0,0,0,0,0,0,0,0,1,0,0,0,0,8,0,0,0,0,0,0,0,0,3,0,0,0,0,5,0,0,5,0,0,3,23,0,3,0,3,0,1,12,1,0,0,0,0,0,0,0,2,0,2,0,0,0,0,1,1,0,0,2,0,5,0,0,0,0,3,0,5,3,1,1,0,0,1,0,4,0,5,0,0,1,0,3,0,1,0,0,0,0,0,0,0,0,3
594,594,3,14,10,9,0,0,0,3,0,0,0,0,0,0,0,0,26,0,0,0,1,0,3,0,3,0,0,0,0,0,0,0,3,0,5,0,4,1,0,0,0,32,3,0,0,0,0,0,0,0,0,7,0,0,0,1,0,0,0,0,0,0,0,0,0,0,0,17,2,1,2,0,1,0,0,0,0,0,0,0,0,0,0,0,0,10,0,0,1,0,0,0,0,1,0,0,0,1,0,0,4,11,0,1,0,0,0,1,0,1,0,1,23,67,0,0,7,0,4,15,0,0,0,0,0,0,4,25,0,0,0,7,0,0,0,0,0,0,0,0,0,1,1,0,0,0,0,1,0,0,0,0,0,0,1,4,1,1,0,0,0,0,0,0,4,0,29,18,3,1,2,0,0,2,0,0,1,0,0,0,0,0,0,1,0,5,0,0,7,0,2,13,1,0,1,1,0,0,0,0,0,0,4,6,4,0,4,0,0,0,3,1,1,0,2,4,0,0,0,2,1,0,0,0,2,0,0,0,0,11,0,0,0,0,0,0,1,0,2,0,0,0,0,1,0,0,7,1,0,10,53,0,1,2,3,0,1,16,1,2,0,1,0,0,0,6,1,2,5,2,1,0,0,6,5,0,5,1,0,16,0,0,0,0,5,0,13,1,0,2,0,0,8,0,7,5,3,0,0,8,0,0,4,0,0,0,3,5,1,2,0,0,1
595,595,1,8,7,1,0,0,0,2,0,0,0,0,0,0,0,0,9,0,0,0,0,0,3,0,0,0,0,0,0,0,0,0,0,0,0,0,5,0,0,0,0,11,0,0,0,0,0,0,1,0,0,2,0,0,0,0,0,0,0,0,0,0,0,0,0,0,0,2,3,0,0,0,0,0,0,0,0,0,0,0,0,0,0,0,0,4,0,0,0,1,0,0,0,0,0,0,0,0,0,0,2,4,0,0,0,0,0,2,0,0,0,0,7,22,0,0,0,0,3,9,0,0,0,0,0,0,1,6,0,0,0,6,0,0,0,0,0,0,0,0,1,1,0,0,0,0,0,0,0,0,0,0,0,0,0,3,0,0,0,0,0,0,0,0,1,0,16,6,1,1,0,0,0,2,0,0,0,0,0,0,0,0,0,0,0,3,0,1,5,0,0,8,0,0,0,0,0,0,0,0,0,0,1,5,2,1,5,0,0,0,1,0,0,0,2,3,0,0,0,0,1,0,0,0,0,0,1,0,0,5,0,0,0,0,0,0,1,0,0,0,0,0,0,4,0,2,3,0,0,4,22,0,0,1,1,0,2,0,0,1,0,0,0,0,0,3,0,1,4,0,0,0,0,3,0,0,0,2,0,5,0,0,0,0,1,0,4,0,1,0,0,0,2,0,4,0,5,0,0,1,0,0,1,0,0,0,2,2,1,1,0,1,0
596,596,0,2,0,0,0,0,0,1,0,0,0,0,0,0,0,0,15,0,0,0,1,0,1,0,0,0,1,0,0,0,0,0,0,0,0,0,2,0,0,0,0,12,1,0,0,0,0,0,0,0,0,6,0,0,0,0,0,0,0,0,0,0,0,1,0,0,0,14,2,0,8,0,0,0,0,0,0,0,0,0,0,0,0,0,0,2,0,0,0,1,0,0,0,0,0,0,0,0,0,0,7,5,0,0,0,0,0,0,0,1,0,2,11,47,0,0,1,0,1,9,0,0,0,0,0,0,3,18,0,0,0,13,0,0,0,0,0,0,0,0,1,1,0,1,0,0,0,0,0,0,0,0,0,0,0,3,0,0,0,0,0,0,0,0,0,0,11,13,0,0,0,0,0,1,0,0,0,0,0,0,0,0,0,0,0,0,0,0,7,0,1,13,0,0,0,0,0,0,0,0,0,0,0,0,1,0,3,0,0,0,0,0,0,0,0,3,0,0,0,0,0,0,0,0,0,0,0,1,0,8,0,2,0,0,0,0,0,0,1,0,0,1,0,3,0,2,2,0,0,8,21,0,2,0,2,0,2,2,0,0,0,0,0,0,0,0,0,0,3,0,0,0,0,1,2,0,2,1,0,3,0,0,0,0,0,0,11,2,0,0,0,0,1,0,4,11,6,0,0,2,2,0,5,1,0,0,0,2,0,2,0,0,2
597,597,0,0,0,0,1,0,0,0,0,0,0,0,0,0,1,1,0,0,0,0,0,2,0,0,1,0,1,0,0,0,0,0,0,0,1,0,0,3,0,0,0,0,2,0,0,0,0,0,0,0,0,0,0,0,4,1,0,2,0,0,0,0,0,0,0,0,0,0,0,0,0,0,0,0,0,0,0,0,0,0,0,0,0,0,0,0,0,0,0,0,1,0,1,0,3,0,0,0,1,0,1,0,0,0,0,0,0,0,0,0,0,0,2,4,9,0,0,0,1,0,0,3,0,0,0,0,0,2,0,0,0,0,0,0,0,0,0,0,0,0,0,0,0,0,0,0,0,0,0,0,0,0,0,0,13,0,2,0,0,0,0,0,0,0,0,0,0,0,0,0,0,0,0,0,1,0,0,0,0,0,0,0,0,9,0,0,0,0,4,2,0,0,0,5,0,0,0,0,0,0,0,0,0,1,0,12,2,0,0,0,0,0,0,0,0,0,1,0,0,0,3,2,0,1,0,0,0,0,0,3,8,1,4,0,0,1,0,0,0,1,0,0,0,2,0,0,0,0,0,0,0,0,0,8,2,0,0,0,0,0,0,0,2,8,0,0,0,0,0,0,0,0,0,1,0,0,0,0,0,0,1,1,0,0,0,0,6,0,0,0,0,0,2,1,2,0,8,0,0,0,0,0,3,0,0,0,0,0,0,1,1,0,3
598,598,0,2,0,0,0,0,0,0,0,0,0,0,0,0,1,0,1,0,0,0,0,1,0,0,0,0,0,0,0,0,0,0,0,0,0,0,1,0,0,0,0,6,0,3,0,0,4,1,0,0,0,0,0,0,0,0,0,0,1,0,0,0,0,0,0,0,0,0,0,0,0,0,0,0,0,0,0,0,0,0,0,0,0,0,0,0,0,0,2,0,10,0,2,0,0,0,0,0,0,0,0,1,0,0,0,0,0,0,0,0,0,1,0,7,0,0,0,1,1,0,0,0,0,0,0,0,0,4,0,0,0,1,0,0,0,0,0,0,0,0,0,3,0,0,0,0,0,0,0,0,0,7,0,0,0,0,0,0,2,1,0,0,0,0,0,0,0,0,0,0,0,0,0,3,1,0,0,0,0,0,1,0,1,2,0,0,0,0,1,0,0,1,0,0,0,0,0,0,0,0,0,0,0,0,0,0,2,0,0,0,0,0,0,0,0,2,0,0,0,0,0,0,4,0,1,0,0,1,0,1,5,0,1,0,0,0,6,0,0,0,0,0,0,1,0,0,0,1,0,1,5,0,0,0,0,2,0,0,1,0,0,0,0,0,0,0,1,0,0,0,0,0,0,2,2,0,0,0,0,0,0,0,0,0,0,0,1,0,0,0,0,0,0,0,3,0,1,0,2,1,0,0,1,0,0,0,1,0,0,0,0,0,0
599,599,1,0,5,5,1,0,0,0,0,1,0,0,0,0,0,0,6,0,0,0,0,0,0,0,0,0,0,0,0,0,0,0,1,4,0,0,0,0,1,5,0,7,1,0,0,0,0,0,0,1,1,2,4,0,0,2,0,0,0,0,1,0,2,2,0,0,0,5,2,1,0,0,1,0,0,0,0,0,0,0,0,0,0,0,0,4,0,0,0,1,0,0,0,0,0,0,0,1,0,1,2,1,0,1,1,0,0,0,1,1,0,1,7,24,0,0,0,0,0,4,0,0,0,6,3,3,4,4,0,0,0,2,0,0,0,1,0,1,0,2,0,0,0,0,0,0,0,0,0,1,1,0,1,0,0,0,0,0,0,0,0,0,0,0,0,0,11,9,0,0,0,0,0,1,0,0,0,0,0,0,0,0,0,0,2,1,10,0,1,0,0,1,0,0,12,0,0,0,3,0,0,0,0,0,4,2,3,0,0,0,0,0,0,0,0,0,0,0,0,0,0,0,1,0,0,0,0,0,0,3,1,2,0,0,0,0,0,0,1,1,0,0,0,0,0,0,1,0,2,6,22,0,0,3,0,0,12,2,1,0,0,4,0,0,0,1,0,0,3,0,0,0,0,0,0,0,0,0,0,17,0,0,0,0,18,1,2,1,0,0,0,0,0,0,2,0,2,0,0,0,1,2,0,0,0,0,1,0,0,1,0,3,0
600,600,2,0,6,1,0,0,0,3,0,0,0,0,0,0,0,0,12,0,0,0,0,0,1,0,2,0,0,0,0,0,1,0,2,0,0,0,3,0,0,0,0,25,3,0,0,0,0,0,0,0,0,10,0,0,0,0,0,0,0,0,0,0,0,0,0,0,0,6,2,0,2,0,2,0,0,0,0,0,0,0,0,0,0,0,0,3,0,0,0,0,0,0,0,0,0,0,0,1,0,0,6,3,0,0,0,0,0,1,1,2,0,3,16,64,1,0,3,0,0,9,0,0,0,0,0,0,7,15,0,0,0,19,0,0,0,0,0,0,0,0,0,0,0,0,0,0,0,0,0,0,0,0,0,0,0,0,0,0,0,0,0,0,0,0,0,0,14,12,0,2,0,0,0,2,0,0,1,0,0,0,0,0,0,0,0,3,0,0,3,0,2,9,0,0,0,0,0,0,0,0,0,0,0,0,1,0,4,0,0,0,1,0,0,0,0,0,0,0,0,1,0,0,0,0,0,0,0,0,0,6,0,0,0,0,0,0,0,0,3,0,0,0,0,3,1,2,2,0,0,7,30,0,3,3,0,0,0,5,0,0,0,2,0,0,0,0,0,0,1,0,0,0,0,4,1,0,3,0,0,1,0,0,0,0,0,0,14,3,0,0,0,0,6,0,4,4,3,0,0,3,1,0,0,0,0,0,0,0,0,2,0,0,0
601,601,1,5,3,3,0,0,0,3,0,0,0,0,0,0,0,0,8,0,0,0,0,0,1,0,0,0,0,0,0,0,0,0,0,0,1,0,0,0,0,0,0,11,1,0,0,0,0,0,0,0,0,4,0,0,0,0,0,0,0,0,0,0,0,0,0,0,0,1,1,0,0,0,0,0,0,0,0,0,0,0,0,0,0,0,0,4,0,0,0,0,1,0,0,0,0,1,0,0,0,0,5,4,0,1,0,0,0,0,0,4,0,1,11,31,0,0,0,0,0,10,0,0,0,0,0,0,4,7,0,0,0,3,0,0,0,0,0,0,0,0,0,0,1,0,0,0,0,0,0,0,0,0,0,0,1,1,0,0,0,1,0,0,0,0,1,0,7,5,1,0,0,0,0,1,0,0,0,0,0,0,0,0,0,0,0,4,0,0,2,0,0,7,0,0,1,0,0,0,0,0,0,0,1,2,0,0,3,0,1,0,0,1,0,0,0,2,0,0,0,0,0,0,1,0,1,0,0,0,0,2,0,0,0,0,0,0,0,2,1,0,0,0,0,0,0,0,1,0,0,6,24,0,1,1,4,0,0,5,1,3,0,0,0,0,0,0,0,0,2,0,0,0,0,1,1,0,0,0,0,9,0,0,0,0,0,0,2,0,0,1,0,0,3,0,4,1,5,0,0,2,0,0,2,0,0,0,1,0,0,0,0,0,0
602,602,4,0,4,8,0,0,0,1,0,0,0,0,0,0,0,0,13,0,0,0,0,0,1,0,0,0,0,0,0,0,0,0,0,0,0,0,1,0,0,0,0,13,1,0,0,0,0,0,0,0,0,0,0,0,0,0,0,0,0,0,0,0,0,0,0,0,0,6,2,1,0,0,0,0,0,0,0,0,0,0,0,0,0,0,0,10,0,0,0,1,0,0,0,1,0,0,0,1,0,2,3,2,0,0,0,0,0,0,0,0,0,5,11,50,0,0,2,0,1,16,0,0,0,0,0,0,0,9,0,0,0,8,0,0,0,0,0,0,0,0,0,1,1,1,0,0,0,0,0,0,0,0,0,0,0,1,1,0,0,0,0,0,0,0,0,0,21,10,0,1,0,0,0,3,0,0,0,0,0,0,0,0,0,0,0,4,0,0,4,0,0,8,0,0,0,0,0,0,0,0,0,0,0,0,4,0,8,0,0,0,0,0,0,0,1,0,0,0,0,0,0,0,0,0,0,0,0,0,0,5,0,0,0,0,0,0,0,1,4,1,0,0,1,1,0,1,2,0,0,7,41,0,0,2,2,0,7,0,0,0,0,1,0,0,0,1,0,1,1,0,0,0,0,2,0,0,0,1,0,7,0,0,0,0,4,0,6,0,0,0,0,0,1,0,9,1,4,0,0,2,2,0,0,1,0,0,0,4,0,1,0,0,2
603,603,0,7,7,2,0,0,0,0,0,0,0,0,0,0,0,1,13,0,0,0,0,0,2,0,0,0,0,0,0,0,0,0,2,1,0,0,3,0,0,0,0,9,1,0,0,0,0,0,0,0,0,7,0,0,0,0,0,0,0,0,0,0,0,0,0,0,0,7,1,0,0,0,0,0,0,0,0,0,0,0,1,0,0,0,0,9,0,0,0,0,0,0,0,0,0,0,0,0,0,2,3,12,0,1,0,0,0,0,0,2,0,2,8,39,0,0,1,0,0,9,0,0,0,0,0,0,2,3,0,0,0,3,0,1,0,0,0,0,0,0,2,1,0,1,0,0,0,0,0,0,0,0,0,0,0,1,2,0,0,1,0,1,0,0,4,1,18,8,7,0,0,0,0,3,0,0,0,0,0,0,0,0,0,0,0,0,0,1,1,0,0,5,0,0,0,0,0,0,0,0,0,0,1,6,2,0,3,0,0,0,0,0,1,0,0,0,0,0,0,0,0,0,0,0,0,0,0,0,0,3,2,0,1,0,0,0,0,0,0,0,0,0,0,1,1,0,3,0,0,5,5,0,0,0,0,0,2,11,1,4,0,0,0,0,0,1,0,0,3,0,0,0,0,3,1,0,0,0,0,6,1,0,0,0,1,0,7,0,0,0,0,0,4,0,6,0,2,0,0,0,2,0,0,0,0,0,1,0,0,0,0,0,1
604,604,3,2,1,3,0,0,0,1,0,0,0,0,0,0,0,0,14,0,0,0,0,0,0,0,2,0,2,0,0,0,0,0,2,0,0,0,4,1,0,0,0,17,0,0,0,0,0,0,0,0,0,0,0,0,0,0,0,0,0,0,0,0,0,0,0,0,0,6,3,0,1,0,1,0,0,0,0,0,0,0,0,0,0,0,0,10,0,0,0,1,0,0,0,0,0,0,0,0,0,0,7,3,0,1,0,0,0,1,2,2,0,3,15,36,0,0,0,0,0,16,0,0,0,0,0,0,2,13,0,0,1,8,0,0,0,0,0,0,0,0,1,0,0,1,0,0,0,0,0,0,0,0,0,0,0,2,2,0,0,1,0,0,0,0,0,0,13,21,0,0,0,0,0,0,0,0,0,0,0,0,0,0,0,1,0,2,0,0,1,0,0,7,0,0,0,0,0,0,0,0,0,0,0,0,5,0,3,0,0,0,0,0,0,0,0,0,0,0,0,1,0,0,0,0,0,0,0,0,0,2,0,0,0,0,0,0,1,1,5,0,0,0,0,1,0,0,4,0,0,12,57,0,0,0,3,0,5,2,0,0,0,1,0,0,0,2,0,0,6,0,0,0,0,2,2,0,0,1,0,19,0,0,0,0,1,0,3,1,1,0,0,0,0,0,4,2,4,0,0,3,1,0,0,0,0,0,2,0,0,1,0,0,3
605,605,0,1,1,3,1,0,0,0,0,2,0,0,3,0,1,0,0,0,0,0,4,0,0,0,0,0,3,0,0,1,1,0,0,0,0,0,1,6,0,0,0,1,2,1,0,0,0,0,1,0,0,0,3,0,0,3,0,0,0,0,0,0,0,2,0,0,0,1,0,0,0,0,0,0,0,0,0,0,0,0,0,0,0,0,0,2,0,0,11,0,0,0,2,0,1,0,0,0,2,0,0,2,0,0,0,0,0,0,0,0,0,2,5,6,0,0,0,0,0,1,1,3,0,0,0,1,1,3,0,0,0,0,0,0,0,2,0,0,0,0,0,0,1,0,0,0,2,1,0,0,0,1,1,1,2,0,0,0,0,0,2,0,0,0,0,0,0,0,0,0,0,0,0,0,2,0,0,0,0,0,2,0,0,26,0,0,0,3,3,0,0,0,0,3,0,0,0,0,1,0,0,0,0,0,0,0,1,0,0,0,0,0,0,0,0,0,1,0,0,1,1,9,1,0,3,0,0,0,0,11,27,0,0,0,0,0,2,0,0,0,0,0,0,1,0,0,5,1,0,0,2,0,0,0,1,0,0,1,1,4,1,2,0,0,0,1,1,1,0,0,0,0,0,0,0,0,0,1,0,1,0,0,1,0,0,0,0,0,0,0,0,0,0,0,7,0,0,0,2,0,2,0,0,0,2,0,1,0,0,1,0,4,2
606,606,0,0,0,0,0,0,0,0,0,0,0,0,0,0,0,0,0,0,0,0,0,0,0,0,0,0,0,0,0,0,0,0,0,0,0,0,0,0,0,0,0,1,0,0,0,1,1,0,0,0,0,1,0,0,1,0,0,0,0,0,0,0,0,0,0,0,0,0,0,0,0,0,0,0,0,0,0,0,0,0,0,0,0,0,0,0,0,0,0,0,3,0,0,0,0,0,0,0,0,0,0,0,0,0,0,0,0,0,0,0,0,0,1,3,0,0,0,0,0,0,0,0,0,0,0,1,0,3,0,1,0,0,0,0,0,0,0,0,0,0,0,0,0,0,0,0,0,0,0,1,0,0,0,0,0,0,0,0,0,1,1,0,0,0,0,0,1,0,0,0,0,0,0,3,1,0,0,0,0,0,0,0,0,3,0,0,0,0,2,0,0,0,0,0,0,0,0,0,0,0,0,0,0,0,0,0,0,0,0,0,0,0,0,0,0,1,0,0,0,0,0,0,1,0,0,0,0,0,0,1,1,0,0,0,0,0,3,0,0,0,0,0,0,1,0,0,0,3,0,0,1,0,0,0,0,0,0,0,0,0,0,0,0,0,0,0,0,1,1,0,0,1,0,0,0,0,1,0,0,0,0,0,0,0,3,0,0,0,0,0,0,0,0,0,0,0,1,0,3,0,0,0,0,0,0,0,0,0,0,0,0,0,1
607,607,0,0,1,2,0,0,0,2,0,0,0,0,0,0,1,0,12,0,0,0,0,0,0,0,0,0,0,0,0,0,0,0,0,0,0,0,4,0,0,0,0,8,0,0,0,0,0,0,0,0,0,0,0,0,1,0,0,0,0,0,0,0,0,0,0,0,0,6,0,0,0,0,0,0,0,0,0,0,0,0,0,0,0,0,0,1,0,0,0,0,1,0,0,0,0,0,1,0,0,0,5,2,0,0,0,0,0,0,0,1,0,2,3,26,0,0,0,0,0,4,0,0,0,0,0,0,3,6,0,0,0,7,0,0,0,0,0,0,0,0,1,0,0,0,0,0,0,0,0,0,0,0,0,0,0,1,1,0,0,0,0,0,0,0,0,0,10,7,0,0,0,0,0,1,0,0,0,0,0,0,0,0,0,0,0,1,0,0,1,0,0,4,0,0,0,0,0,0,1,0,0,0,0,0,0,0,0,0,0,0,1,0,0,0,0,0,0,0,0,0,0,0,0,0,0,0,0,0,0,4,0,0,0,0,0,0,1,0,0,0,0,0,0,2,0,0,3,0,0,1,13,0,0,0,2,0,0,12,1,1,0,1,0,0,0,2,1,0,0,0,0,0,0,0,0,0,0,1,0,5,0,0,0,0,0,0,4,0,0,0,0,0,1,0,3,1,6,0,0,1,0,0,0,0,0,0,2,1,0,0,0,0,0
608,608,4,2,6,2,0,0,0,0,0,0,0,0,0,0,0,0,5,0,0,0,0,0,0,0,0,0,0,0,0,0,0,0,1,0,0,0,5,0,0,1,0,10,1,0,0,0,0,0,0,0,0,4,0,0,0,0,0,0,0,0,0,0,0,0,0,0,0,6,9,0,0,0,1,0,0,0,0,0,0,0,0,0,0,0,0,10,0,0,0,0,0,0,0,0,0,1,0,1,0,0,1,4,0,0,0,0,0,1,2,7,0,2,13,49,2,0,0,0,3,17,0,0,0,0,0,0,3,10,0,0,0,5,0,0,0,0,0,0,0,0,0,1,0,0,0,0,0,0,0,0,0,0,0,0,3,0,0,0,0,1,0,0,0,0,0,0,19,23,0,0,0,0,0,1,0,0,0,0,0,0,0,0,0,3,0,5,1,1,2,0,0,6,0,0,0,0,0,0,0,0,0,0,0,0,4,0,5,0,0,0,0,0,1,0,0,0,0,0,0,0,0,0,1,0,1,0,0,0,0,5,0,1,0,0,0,0,0,0,1,0,0,0,0,0,2,0,1,0,0,13,37,1,1,1,3,0,7,1,0,0,0,3,0,0,0,1,1,1,2,0,0,0,0,2,0,0,0,0,0,40,0,0,0,0,17,0,4,1,0,0,0,0,2,0,5,0,3,0,0,1,1,1,0,0,0,0,5,0,0,2,0,0,5
609,609,0,0,1,0,0,0,0,0,0,0,0,0,0,0,0,0,6,0,0,0,0,0,0,0,0,0,0,0,0,0,0,0,1,0,0,0,1,0,0,0,0,2,0,0,0,0,0,0,0,0,0,0,0,0,0,0,0,0,0,0,0,0,0,0,0,0,0,5,0,0,6,0,0,0,0,0,0,0,0,0,0,0,1,0,0,2,0,0,0,1,0,0,0,0,0,2,0,0,0,0,1,2,0,0,0,0,0,0,0,0,0,3,10,13,0,0,0,0,0,3,0,0,0,0,0,0,1,7,0,0,0,5,0,0,0,0,0,0,0,0,0,0,0,0,0,0,0,0,0,0,0,0,0,0,0,1,1,0,0,0,0,0,0,0,0,0,8,9,0,0,0,0,0,0,0,0,0,0,0,0,0,0,0,0,0,2,0,0,2,0,1,2,0,0,0,0,0,0,0,0,0,0,0,0,1,0,2,0,0,0,0,0,0,0,0,5,0,0,0,0,0,0,0,0,0,0,0,0,0,0,0,0,0,0,0,0,0,1,2,0,0,0,0,2,0,0,2,0,0,6,11,0,0,0,1,0,1,2,0,0,0,1,0,0,0,2,0,0,0,0,0,0,0,0,0,0,0,0,0,6,0,0,0,0,0,0,0,0,0,0,0,0,0,0,3,2,0,0,0,1,1,0,0,0,0,0,2,0,0,0,0,0,0
610,610,2,0,2,2,0,0,0,2,0,0,0,0,0,0,0,0,12,0,0,0,0,0,0,0,0,0,0,0,0,0,0,0,0,0,0,0,0,0,0,0,0,8,0,0,0,0,0,0,0,0,0,4,0,0,0,0,0,0,0,0,0,0,0,0,0,0,0,10,2,0,1,0,1,0,0,0,0,0,0,0,0,0,0,0,0,4,0,0,0,0,0,0,0,0,0,0,0,0,0,0,1,1,0,0,0,0,0,2,0,0,0,2,6,41,0,0,5,0,1,11,0,0,0,0,0,0,1,11,0,0,0,4,0,0,0,0,0,0,0,0,0,2,1,0,0,0,0,0,0,0,0,0,0,0,0,2,0,0,0,0,0,0,0,0,0,0,8,11,0,0,0,0,0,1,0,0,0,0,0,0,0,0,0,0,0,1,0,0,3,0,0,5,0,0,0,0,0,0,0,0,0,0,0,0,2,0,5,0,0,0,0,0,0,0,0,2,0,0,0,0,0,0,0,0,0,0,0,0,0,3,0,0,0,0,0,0,0,1,1,0,0,0,0,3,0,0,1,0,0,5,24,0,0,2,5,0,1,3,2,0,0,3,0,0,0,1,0,0,2,0,0,0,0,1,0,0,1,1,0,3,0,0,0,0,3,0,8,1,0,0,0,0,1,0,3,4,5,0,0,1,0,0,0,0,0,0,1,0,0,0,0,1,0
611,611,0,0,1,5,1,0,0,0,0,1,0,0,0,0,0,0,1,0,0,0,0,0,0,0,0,1,0,0,0,0,0,0,0,3,0,0,0,0,0,15,0,0,0,0,0,0,0,0,0,0,0,0,0,0,0,13,0,0,0,0,3,1,0,3,0,0,0,0,3,0,0,0,0,0,1,0,0,0,0,0,0,0,0,0,0,3,0,0,0,0,5,0,0,0,0,0,0,0,0,1,0,1,0,0,0,0,0,0,0,0,0,0,1,6,1,0,0,0,0,2,0,0,0,14,5,0,1,0,0,0,0,0,0,1,0,1,0,0,0,2,0,1,0,0,0,0,0,0,0,0,0,1,1,4,0,0,0,0,0,0,0,0,0,0,0,0,3,4,0,0,0,0,0,2,0,0,0,0,0,0,0,0,0,0,0,0,8,0,0,0,0,0,0,0,34,0,3,0,2,0,0,0,0,0,0,0,1,0,0,0,0,0,0,0,0,0,0,0,1,0,0,0,0,0,0,0,0,0,0,0,0,0,1,0,0,0,1,0,0,0,0,0,0,0,0,0,3,1,0,2,5,0,1,1,0,0,0,0,0,0,0,0,0,0,0,0,0,0,2,0,0,0,0,0,0,2,0,0,0,4,0,0,0,0,0,0,1,0,0,0,0,0,1,0,2,0,0,0,0,0,0,1,0,0,0,0,0,0,0,1,0,0,0
612,612,0,0,0,3,0,0,0,1,0,0,0,0,0,0,0,0,8,0,0,0,0,0,0,0,0,0,0,0,0,0,0,0,0,0,0,0,0,0,0,0,0,4,0,0,0,0,0,0,0,0,0,1,0,0,0,0,0,0,0,0,0,0,0,3,0,0,0,1,1,0,0,0,0,0,0,0,0,0,0,0,1,0,0,0,0,2,0,0,0,0,1,0,0,0,0,0,0,0,0,2,0,2,0,0,0,0,0,0,0,0,0,0,8,23,1,0,0,0,0,5,0,0,0,0,0,0,3,7,0,0,0,10,0,0,0,0,0,0,0,0,0,0,0,0,0,0,0,0,0,0,0,0,0,0,0,1,0,0,0,1,0,0,0,0,0,0,8,6,0,1,0,0,0,1,0,0,0,0,0,0,0,0,0,0,0,2,0,0,0,0,0,2,0,0,0,0,0,0,0,0,0,0,0,0,5,0,3,0,0,0,1,0,0,0,0,2,0,0,0,0,0,0,0,0,0,0,0,0,0,2,0,0,0,0,0,0,0,0,0,1,0,0,0,0,1,0,2,0,0,4,22,0,1,3,0,0,4,1,1,0,0,4,0,0,0,0,0,0,0,0,0,0,0,0,1,0,0,0,0,6,0,0,0,0,0,0,4,0,0,1,0,0,1,0,7,1,2,0,0,1,0,0,0,2,0,0,2,0,0,3,0,0,0
613,613,0,0,0,1,0,0,0,0,0,0,0,0,0,0,0,0,0,0,0,0,0,0,0,0,0,0,0,0,0,0,0,0,0,0,0,0,0,0,0,0,0,1,0,0,0,2,0,0,0,0,0,0,0,0,0,0,0,0,0,0,0,0,0,0,0,0,0,0,0,0,0,0,0,0,0,0,0,0,0,0,0,0,0,0,0,0,0,0,0,0,1,0,0,0,0,0,0,0,0,0,0,0,0,0,0,0,0,0,0,0,0,0,0,1,0,0,0,0,0,0,0,0,0,0,0,0,0,1,0,0,0,0,0,0,0,1,0,0,0,0,0,0,0,0,0,0,0,0,0,0,0,0,0,0,0,0,0,0,0,0,1,0,0,0,0,0,0,0,0,0,0,0,0,0,0,0,0,0,0,0,2,0,0,0,0,0,1,0,0,0,0,0,0,1,0,0,0,0,0,0,0,0,0,0,0,0,1,0,0,0,0,0,0,0,0,0,0,0,0,0,0,0,0,0,0,0,0,0,0,1,0,0,0,0,0,0,1,0,0,0,0,0,0,0,0,1,0,0,0,0,0,0,0,0,0,1,1,0,0,0,0,0,1,0,0,0,0,0,0,0,0,0,0,0,0,0,0,0,0,0,0,0,0,0,1,0,1,0,0,1,0,0,0,0,1,0,0,0,3,0,1,0,0,0,0,0,0,0,0,0,0,0,0
614,614,0,2,0,5,0,0,0,0,0,0,0,0,0,0,0,0,6,0,0,0,0,0,3,0,0,0,0,0,0,0,0,0,0,0,0,0,1,0,0,0,0,7,0,0,0,0,0,0,0,0,0,2,0,0,0,0,0,0,0,0,0,0,0,0,0,0,0,7,3,0,1,1,0,0,0,0,0,0,1,0,0,0,0,0,0,6,0,0,0,1,0,0,0,0,0,1,0,1,0,0,0,4,0,0,0,0,0,0,0,1,0,4,12,17,0,0,1,0,0,7,0,0,0,0,0,0,3,6,0,0,0,6,0,0,0,0,0,0,0,0,1,0,0,0,0,0,0,0,0,0,0,0,0,0,0,0,0,0,0,0,0,0,0,0,0,0,6,4,0,0,0,0,0,1,0,0,0,0,0,0,0,0,0,0,0,2,0,0,1,0,2,4,0,0,0,0,0,0,0,0,0,0,0,0,5,0,1,0,0,0,0,0,2,0,1,1,0,0,0,0,0,0,0,0,0,0,0,0,0,4,0,0,0,0,0,0,0,0,2,1,0,0,0,1,0,0,2,0,0,4,20,0,0,0,3,0,1,2,0,0,0,0,0,0,0,0,0,1,3,0,0,0,0,1,1,0,0,0,0,9,0,0,0,0,0,0,4,0,0,0,0,0,1,0,0,2,2,0,0,0,0,0,1,1,0,0,1,1,0,1,0,0,0
615,615,0,1,4,1,0,0,0,2,0,0,0,0,0,0,0,0,12,0,0,0,0,0,1,0,0,0,0,0,0,0,0,0,0,0,0,0,2,1,0,0,0,11,1,0,0,0,0,0,0,0,0,6,0,0,0,0,0,0,0,0,0,0,1,0,0,0,0,1,0,0,0,0,0,0,0,0,0,0,0,0,0,0,0,0,0,7,0,0,0,0,0,0,0,0,0,1,0,0,0,0,3,2,0,0,0,0,0,0,0,0,0,3,6,22,1,0,1,0,0,2,0,0,0,0,0,0,2,6,0,0,0,1,0,0,0,0,0,0,0,0,1,0,0,0,0,0,0,0,0,0,0,0,0,0,0,1,0,0,0,0,0,0,0,0,0,0,5,6,1,0,0,0,0,1,0,0,0,0,0,0,0,0,0,1,0,2,1,0,2,0,0,6,0,0,0,0,0,0,0,0,0,0,0,1,1,0,1,0,0,0,0,0,2,0,0,0,0,0,0,0,0,0,0,0,1,0,0,0,0,8,0,0,0,0,0,0,0,0,0,0,0,0,0,0,0,0,1,0,0,7,15,0,0,1,0,0,0,6,0,1,0,0,0,0,0,2,0,0,0,0,0,0,0,0,1,0,0,1,0,2,0,0,0,0,2,0,4,0,0,0,0,0,2,0,0,1,1,0,0,1,1,0,0,0,0,0,0,0,0,1,0,0,0
616,616,1,5,4,2,0,0,0,0,0,3,0,0,0,2,0,0,0,0,0,1,7,0,0,0,0,0,0,0,1,0,0,0,0,0,4,0,3,0,0,0,0,6,1,0,0,0,0,0,1,0,0,3,1,0,0,0,0,0,0,0,0,0,3,0,0,0,0,0,2,0,0,0,0,0,1,10,0,0,0,0,1,0,0,0,0,1,2,0,2,0,1,0,0,0,0,0,0,1,0,0,0,5,0,1,0,2,2,0,0,0,0,1,1,8,1,0,0,0,0,0,0,0,0,3,1,4,1,0,0,0,1,0,0,2,0,0,0,0,0,0,2,1,0,6,2,0,1,1,0,0,4,0,0,0,0,1,0,3,0,1,1,0,0,1,0,0,0,0,0,0,0,0,0,1,1,0,0,0,0,0,0,1,0,5,0,1,2,0,2,0,0,0,0,3,0,3,1,0,3,0,0,0,0,4,0,0,3,0,0,0,1,0,0,0,0,0,0,0,0,0,1,2,7,4,0,0,0,0,0,6,5,0,0,0,0,0,0,1,0,0,8,0,0,0,0,0,3,0,0,1,2,0,0,0,1,0,0,0,0,0,0,0,0,0,0,0,0,1,0,0,0,0,0,1,0,0,0,4,0,1,0,1,0,1,7,0,0,0,0,1,0,0,1,0,5,0,0,0,1,0,1,0,0,0,0,0,0,0,9,0,0,2,2
617,617,3,1,0,3,0,0,0,0,0,0,0,0,0,0,0,0,16,0,0,0,0,0,2,0,1,0,1,0,0,0,0,0,0,0,0,0,2,0,0,0,0,7,0,0,0,0,0,0,0,0,0,3,0,0,0,0,0,0,0,0,0,0,0,0,0,0,0,4,2,0,0,0,1,0,0,0,0,0,0,0,0,0,0,0,0,8,0,0,0,0,1,0,0,0,0,0,0,0,0,2,4,1,0,0,0,0,0,0,0,0,0,4,7,22,0,0,0,0,0,12,0,0,0,0,0,0,2,8,0,0,0,11,0,0,0,0,0,0,0,0,0,0,1,0,0,0,0,0,0,0,0,0,0,0,0,1,0,0,0,2,0,0,0,0,0,0,8,7,0,0,0,0,0,0,0,0,0,0,0,0,0,0,0,0,0,0,0,1,2,0,0,9,0,0,0,0,0,0,0,0,0,0,0,0,3,0,3,0,0,0,0,0,0,0,0,2,0,0,0,0,0,0,0,0,0,0,0,0,0,2,0,0,0,0,0,0,0,0,1,0,0,0,0,0,1,0,2,0,0,3,14,0,0,0,3,0,5,0,0,0,0,0,0,0,0,0,0,0,4,0,0,0,0,1,0,0,0,0,0,14,0,0,0,0,8,0,4,1,0,0,0,0,1,0,2,0,2,0,0,2,1,1,2,1,0,0,1,0,0,0,0,0,1
618,618,2,0,3,7,0,0,0,3,0,0,0,0,0,0,0,0,23,0,0,0,0,0,0,0,0,0,1,0,0,0,0,0,0,0,0,0,3,0,0,0,0,17,0,0,0,0,0,0,0,0,0,3,0,0,1,0,0,0,0,0,0,0,0,0,0,0,0,10,0,0,0,0,2,0,0,0,0,0,0,0,0,0,0,0,0,7,0,0,0,2,0,0,0,0,0,3,0,2,0,0,7,3,0,0,0,1,0,0,1,1,0,4,19,47,0,0,1,0,2,11,0,0,0,0,0,0,5,17,0,0,0,13,0,0,0,0,0,0,0,0,2,3,1,0,0,0,0,0,0,0,0,0,0,0,0,0,0,0,0,0,0,0,0,2,0,0,23,20,0,0,0,0,0,1,0,0,1,0,0,0,0,0,0,0,0,2,1,0,3,0,0,11,0,0,0,0,0,0,0,0,0,0,0,0,3,1,3,0,0,0,0,0,1,0,0,0,0,0,0,1,0,0,1,0,0,0,0,0,0,3,0,0,0,0,0,0,0,1,2,0,0,0,0,2,2,0,2,0,0,10,41,0,1,2,0,0,1,4,1,0,0,1,0,0,0,0,1,1,3,0,0,0,0,2,2,0,1,0,0,6,0,0,0,0,4,0,4,2,1,0,0,0,1,0,5,0,11,0,0,0,4,1,2,0,0,0,3,1,1,0,0,2,1
619,619,3,0,1,1,0,0,0,2,0,0,0,0,0,0,0,0,9,0,0,0,0,0,1,0,0,0,0,0,0,0,0,0,0,0,0,0,8,0,0,0,0,5,0,0,0,0,0,0,0,0,0,1,0,0,0,0,0,0,0,0,0,0,0,0,0,0,0,3,4,0,0,0,2,0,0,0,0,0,0,0,1,0,0,0,0,10,0,0,0,1,0,0,0,0,0,0,0,0,0,0,1,1,0,1,0,0,0,0,0,3,0,1,3,17,0,0,0,0,1,2,0,0,0,0,0,0,2,5,0,0,0,5,0,0,0,0,0,0,0,0,2,2,0,0,0,0,0,0,0,0,0,0,0,0,0,2,1,0,0,0,0,0,0,1,0,0,7,7,0,0,0,0,0,0,0,0,0,0,0,0,0,0,0,0,0,2,0,1,2,0,2,7,0,0,0,0,0,0,0,0,0,0,0,0,4,0,6,0,0,0,0,0,0,0,0,0,0,0,0,0,0,0,0,0,0,0,0,0,0,3,0,0,0,0,0,0,0,0,0,0,0,0,0,0,0,0,0,0,0,2,14,0,0,0,0,0,0,0,0,0,0,2,0,0,0,1,0,0,1,0,0,0,0,0,0,0,0,1,0,7,0,0,0,0,7,0,3,2,0,0,0,0,1,0,3,0,3,0,0,0,0,0,2,0,0,0,0,0,0,0,0,1,0
620,620,5,0,4,2,0,0,0,0,0,0,0,0,0,0,0,0,10,0,0,0,0,0,0,0,0,0,0,0,0,0,0,0,1,0,0,0,1,0,0,0,0,12,1,0,0,0,0,0,0,0,0,2,0,0,0,0,0,0,0,0,0,0,0,0,0,0,0,6,2,0,0,0,0,0,0,0,0,0,0,0,0,0,0,0,0,9,0,0,0,0,0,0,0,1,0,0,0,0,0,1,1,2,0,0,0,0,0,0,0,1,0,4,5,30,1,0,0,0,0,9,0,0,0,0,0,0,4,14,0,0,0,5,0,0,0,0,0,0,0,0,0,0,0,0,0,0,0,0,0,0,0,0,0,0,0,0,1,0,0,0,0,0,0,0,0,0,13,6,0,1,0,0,0,2,0,0,0,0,0,0,0,0,0,0,0,3,0,0,2,0,0,5,0,0,0,0,0,0,0,0,0,0,0,1,1,0,4,0,0,0,0,0,0,0,0,0,0,0,0,0,0,0,0,0,1,0,0,0,0,5,0,0,0,0,0,0,0,0,2,0,0,0,0,0,0,0,2,0,0,3,29,0,0,0,2,0,5,0,0,0,0,0,0,0,0,0,0,0,2,0,0,0,0,0,0,0,0,0,0,7,0,0,0,0,2,0,4,0,0,0,0,0,1,0,3,0,3,0,0,1,0,0,0,0,0,0,2,0,0,2,0,0,0
621,621,2,1,1,2,0,0,0,5,0,0,0,0,0,0,0,0,13,0,0,0,0,0,2,0,1,0,0,0,0,0,0,0,1,0,0,0,3,0,0,0,0,21,2,0,0,0,0,0,0,0,0,3,0,0,0,0,0,0,0,0,0,0,0,0,0,0,0,5,6,0,0,0,3,0,0,0,0,0,0,0,0,0,0,0,0,16,0,0,0,0,0,0,0,0,0,0,0,0,0,0,2,0,0,1,0,0,0,0,0,2,0,11,8,33,0,0,0,0,3,17,0,0,0,0,0,0,3,11,0,0,0,15,0,0,0,0,0,0,0,0,0,1,0,1,0,0,0,0,0,0,0,0,0,0,1,3,2,0,0,1,0,0,0,0,0,0,18,17,0,0,0,0,0,4,0,0,0,0,0,0,0,0,0,0,0,1,1,0,6,0,2,3,0,0,0,0,0,0,0,0,0,0,0,0,4,0,6,0,0,0,2,0,1,0,0,2,0,0,0,0,0,0,0,0,0,0,0,0,0,5,0,0,0,0,0,0,0,1,3,1,0,0,0,1,0,0,2,0,0,12,41,0,0,0,3,0,2,17,0,0,0,2,0,0,0,2,0,1,6,0,0,0,0,2,0,0,0,0,0,13,0,0,0,0,3,1,7,2,0,0,0,0,0,0,7,0,5,0,0,1,2,0,2,2,0,0,2,3,0,4,0,0,2
622,622,1,2,1,4,0,0,0,8,0,0,0,1,0,0,1,0,17,0,0,0,0,0,2,0,1,0,1,0,0,0,1,0,0,0,1,0,2,1,0,0,0,20,2,0,0,0,0,0,0,0,0,0,0,0,0,0,0,0,0,0,1,0,0,0,0,0,0,7,3,1,1,0,0,0,0,0,0,0,0,0,0,0,0,0,0,5,0,0,0,4,0,0,0,0,0,0,0,0,0,0,10,4,0,0,0,0,0,0,0,1,0,1,16,47,1,0,1,0,1,10,0,0,0,0,0,0,3,24,0,0,0,15,0,0,0,0,1,0,0,0,1,2,0,0,0,0,0,0,0,0,0,0,0,0,0,1,1,0,0,0,0,0,0,0,0,0,13,14,0,0,0,0,0,0,0,0,0,0,0,0,0,0,0,0,0,3,0,0,1,0,0,9,1,0,0,0,2,0,0,0,0,0,0,0,2,2,5,0,0,0,1,0,0,0,0,0,0,0,0,0,0,0,1,0,0,0,0,0,0,7,1,0,0,0,0,0,0,0,1,1,0,0,0,11,1,0,4,1,0,3,29,1,0,0,2,0,0,7,1,0,0,0,0,0,0,1,1,0,3,0,0,0,0,3,2,0,0,0,0,2,0,0,0,0,1,0,10,5,0,0,0,0,1,0,6,3,0,0,0,1,1,2,0,0,0,0,0,0,0,1,0,0,1
623,623,2,2,2,0,0,0,0,0,0,0,0,0,0,0,0,0,7,0,0,0,0,0,3,0,0,0,0,0,0,0,0,0,0,0,0,0,0,0,0,0,0,7,0,0,0,0,0,0,0,0,0,0,0,0,0,0,0,0,0,0,0,0,0,0,0,0,0,6,0,0,0,0,0,0,0,0,0,0,0,0,0,0,0,0,0,2,0,0,0,0,0,0,0,0,0,0,0,0,0,0,1,1,0,0,0,0,0,0,1,1,0,3,6,22,0,0,2,1,1,3,0,0,0,0,0,0,1,8,0,0,0,2,0,0,0,0,0,0,0,0,0,0,0,0,0,0,0,0,0,0,0,0,0,0,0,1,1,0,0,0,0,0,0,0,0,0,8,6,0,0,0,0,0,1,0,0,0,0,0,0,0,0,0,0,0,1,0,0,3,0,1,6,0,0,0,0,1,0,0,0,0,0,0,0,1,1,1,0,0,0,0,0,0,0,0,2,0,0,0,0,0,0,0,0,1,0,0,0,0,2,0,0,0,0,0,0,0,0,2,0,0,1,0,1,0,0,1,0,0,1,13,0,0,1,0,0,3,0,0,0,0,1,0,0,0,2,1,0,0,0,0,0,0,0,1,0,0,0,0,3,0,0,0,0,0,0,2,0,0,0,0,0,0,0,3,1,5,0,0,1,1,0,1,0,0,0,0,0,0,1,0,0,0
624,624,3,0,1,1,0,0,0,4,0,0,0,0,0,0,0,0,16,0,0,0,0,0,0,0,0,0,0,0,0,0,0,0,0,0,0,0,1,0,0,0,0,7,0,0,0,0,0,0,0,0,0,3,0,0,0,0,0,0,0,0,0,0,0,0,0,0,0,4,0,0,1,0,0,0,0,0,0,0,0,0,0,0,0,0,0,4,0,0,0,1,2,0,0,0,0,0,0,0,0,0,2,1,0,0,0,0,1,0,0,1,0,4,8,26,0,0,2,0,1,4,0,0,0,0,0,0,2,10,0,0,0,5,0,0,0,0,0,0,0,0,0,0,0,0,0,0,0,0,0,0,0,0,0,0,0,2,0,0,0,0,0,0,0,0,0,0,7,9,0,0,0,0,0,1,0,0,0,0,0,0,0,0,0,1,0,3,0,0,2,0,0,10,0,0,0,0,0,0,0,0,0,0,0,0,1,0,1,0,0,0,0,0,0,0,0,0,0,0,0,0,0,0,0,0,0,0,0,0,0,5,0,0,0,0,0,0,0,0,1,0,0,0,0,1,1,0,3,0,0,3,30,0,0,1,0,0,1,3,0,0,0,1,0,0,0,2,0,0,1,0,0,0,0,0,1,0,0,0,0,12,0,0,0,0,0,0,1,0,0,0,0,0,0,0,3,0,2,0,0,0,1,1,1,0,0,0,0,2,0,3,0,0,1
625,625,1,1,2,1,0,0,0,0,0,0,0,0,0,0,0,0,7,0,0,0,0,0,1,0,0,0,1,0,0,0,0,0,0,0,0,0,1,0,0,0,0,5,0,0,0,0,0,0,0,0,0,1,0,0,0,0,0,0,0,0,0,0,0,0,0,0,0,1,0,1,0,0,0,0,0,0,0,0,0,0,0,0,0,0,0,3,0,0,1,0,0,0,0,0,0,0,0,0,0,0,0,0,0,0,0,0,0,0,0,0,0,0,6,29,0,0,2,0,2,12,0,0,0,0,0,0,1,5,0,0,0,2,0,0,0,0,0,0,0,0,1,0,0,0,0,0,0,0,0,0,0,0,0,0,0,0,0,0,0,1,0,0,0,0,0,0,5,5,0,1,0,0,0,0,0,0,0,0,0,0,0,0,0,0,0,2,0,0,2,0,1,7,0,0,0,0,0,0,0,0,0,0,0,0,1,0,6,0,0,0,1,0,0,0,0,0,0,0,0,0,0,0,0,0,0,0,0,0,0,5,0,0,0,0,0,0,0,0,3,0,0,0,0,3,0,0,1,0,0,0,35,0,1,0,1,0,0,4,1,0,0,0,0,0,0,0,0,0,0,0,0,0,0,1,1,0,0,0,0,4,0,0,0,0,0,0,5,1,1,0,0,0,1,0,3,1,1,0,0,0,0,0,0,1,0,0,3,0,0,1,0,0,0
626,626,2,4,3,4,1,1,0,3,0,0,0,0,0,0,1,0,25,0,0,0,0,0,0,0,0,0,2,0,0,0,0,0,0,0,0,0,2,0,0,0,0,16,2,0,0,0,0,0,0,0,0,2,0,0,0,0,0,0,0,0,0,0,0,0,0,0,0,7,1,0,9,0,2,0,0,0,0,0,0,0,0,0,0,1,0,5,1,0,0,1,1,0,0,0,0,3,0,2,0,0,5,5,0,0,0,0,0,0,0,0,0,4,11,51,0,0,3,0,1,7,0,0,0,0,0,0,2,20,0,0,0,5,0,0,0,0,0,0,0,0,1,1,1,0,0,0,0,0,0,0,0,0,0,0,0,1,1,1,0,1,0,0,0,1,0,0,11,11,0,0,0,0,0,2,0,0,0,0,0,0,0,0,0,0,0,1,1,0,7,0,0,13,0,0,0,0,0,0,0,0,0,0,0,0,0,0,7,0,0,0,0,0,0,0,0,0,0,0,0,0,0,0,0,0,0,0,0,1,0,7,1,0,0,0,0,0,0,0,4,0,0,0,0,5,0,1,3,0,0,13,17,0,0,0,1,0,3,7,0,0,0,0,0,0,0,4,0,0,3,0,0,0,0,3,1,0,0,1,0,3,0,0,0,0,0,0,7,2,0,0,0,0,2,0,3,5,5,0,0,3,0,0,1,0,0,0,0,0,1,0,0,0,2
627,627,0,0,3,1,0,0,0,0,0,6,0,0,0,0,0,0,0,0,0,0,0,0,0,0,0,0,1,0,1,7,0,0,0,0,0,0,0,0,1,0,0,4,0,0,0,0,0,0,7,0,0,0,6,0,0,2,0,0,0,0,0,1,1,11,0,0,0,1,0,0,0,0,0,0,0,0,0,0,0,0,0,0,0,0,0,0,4,0,1,0,0,0,0,0,0,0,0,0,0,2,0,1,0,0,0,0,0,0,0,0,0,0,0,3,0,0,2,0,0,0,0,0,0,4,4,3,0,0,0,0,0,0,0,3,0,0,0,0,0,1,1,3,0,0,0,0,0,0,0,0,0,1,1,2,0,2,0,0,0,0,0,0,0,0,0,0,0,0,1,0,0,0,0,2,1,0,0,0,0,0,0,0,0,0,0,0,5,0,2,0,0,0,0,1,0,0,1,0,2,0,0,0,0,0,0,0,0,0,0,0,0,0,0,0,0,7,0,0,0,0,0,0,1,0,0,0,0,0,1,4,2,0,1,0,0,0,1,0,0,0,0,0,0,0,0,0,1,0,0,0,0,0,0,0,0,0,0,0,1,0,0,0,0,0,0,0,0,0,1,0,0,0,0,1,1,0,0,0,0,2,0,0,0,0,0,0,2,0,0,0,0,0,0,0,2,0,0,0,0,0,0,1,1,0,0,0,0,4,1,0,0,0,1
628,628,2,1,0,0,3,0,0,0,0,1,0,0,0,0,0,0,0,0,0,0,0,0,0,0,0,0,0,0,0,0,0,0,0,0,0,0,1,4,0,0,0,4,0,1,0,0,0,0,0,1,0,1,0,0,0,0,1,0,0,0,0,0,0,1,0,0,0,1,2,0,0,0,0,0,0,0,0,0,0,0,0,0,0,0,0,1,0,0,0,0,3,0,0,0,0,0,0,0,0,0,0,0,0,0,0,0,0,0,0,0,0,0,0,6,0,0,0,0,1,0,1,0,0,1,0,0,0,2,0,0,0,2,0,0,0,0,0,0,0,0,0,0,0,0,0,0,0,0,0,0,0,1,0,0,0,0,0,0,0,0,0,0,1,1,0,0,1,1,0,2,0,0,0,0,1,0,0,0,0,0,0,0,0,12,0,2,0,1,1,0,0,0,0,4,0,0,0,0,0,0,0,0,0,0,0,0,0,0,0,0,0,0,0,0,0,0,0,0,0,0,1,1,0,0,0,0,0,0,0,2,6,0,0,1,0,0,1,0,1,0,0,0,0,1,0,0,0,0,0,1,3,0,0,0,0,0,0,0,0,1,1,0,0,2,0,0,0,0,0,0,0,0,0,0,1,0,0,1,0,0,0,1,0,0,0,0,0,1,0,0,0,0,0,0,2,0,0,0,0,0,0,0,0,0,0,0,0,1,0,0,0,0,1
629,629,4,0,1,1,0,0,0,1,0,0,0,0,0,0,0,0,16,0,0,0,0,0,0,0,1,0,0,0,0,0,0,0,2,0,0,0,4,0,0,0,0,9,0,0,0,0,0,0,0,0,0,3,0,0,0,0,0,0,0,0,0,0,1,0,0,0,0,4,1,0,0,0,1,0,0,0,0,0,0,0,0,0,0,0,0,8,0,0,0,1,0,0,0,0,0,2,0,0,0,1,2,5,0,0,0,0,1,0,0,3,0,1,15,47,0,0,0,0,2,10,0,0,0,0,0,0,7,10,0,0,0,14,0,0,0,0,0,0,0,0,1,1,0,1,0,0,1,0,0,0,0,0,0,0,0,0,1,0,0,0,0,0,0,0,0,0,12,18,0,0,0,0,0,3,0,0,0,0,0,0,0,0,0,0,0,1,0,0,2,0,0,17,0,0,0,0,0,0,0,0,0,0,0,0,3,0,7,0,0,0,1,0,1,0,0,0,0,0,0,0,0,0,0,0,1,0,0,0,0,7,0,0,0,0,0,0,0,2,2,0,0,0,0,0,0,1,3,0,0,9,48,0,1,4,0,0,7,1,0,0,0,1,0,0,0,1,0,0,2,0,0,0,0,0,0,0,1,0,0,9,0,0,0,0,4,0,5,2,0,0,1,0,4,0,9,1,7,0,0,1,1,1,0,0,0,0,1,0,0,1,0,0,4
630,630,1,0,2,1,0,0,0,3,0,0,0,0,0,0,1,1,10,0,0,0,0,0,1,0,0,0,1,0,0,0,1,0,1,0,0,0,6,0,0,0,0,11,1,1,0,0,0,0,0,0,0,5,0,0,0,0,0,0,0,0,1,0,0,0,0,0,1,10,0,0,2,0,0,0,0,0,0,0,0,0,0,1,0,0,0,9,0,0,0,2,1,0,0,0,0,1,0,1,0,0,3,0,0,1,1,0,0,0,0,0,0,2,10,54,0,0,1,0,4,12,0,0,0,0,0,0,3,16,0,0,0,6,0,0,0,0,0,0,0,0,0,1,0,1,0,0,0,0,0,0,0,0,0,0,0,1,1,0,0,0,0,0,0,0,0,0,9,15,0,1,0,0,0,3,0,0,0,0,0,0,0,0,0,0,0,3,0,2,2,0,1,7,0,0,0,0,0,1,0,0,0,0,0,0,1,0,6,0,0,0,1,0,0,0,1,1,0,0,0,0,0,0,0,0,0,0,0,0,0,8,0,0,0,0,0,0,0,0,3,0,0,0,0,5,0,0,0,0,0,3,33,0,1,0,2,0,1,6,0,0,0,3,0,0,0,3,0,0,3,0,0,0,0,4,0,0,2,0,0,7,0,0,0,0,2,0,8,0,0,0,0,0,1,1,7,4,6,0,0,0,3,1,1,1,0,0,0,1,0,0,0,0,1
631,631,6,0,4,3,0,0,0,4,0,0,0,0,0,0,1,0,14,0,0,0,0,0,1,0,1,0,0,0,0,0,0,0,2,0,0,0,7,0,0,0,0,10,0,0,0,0,0,0,0,0,0,3,0,0,0,0,0,0,0,0,0,0,0,0,0,0,0,8,5,0,1,0,2,0,0,0,0,0,0,0,0,0,0,0,0,10,0,0,0,0,2,0,0,0,0,0,0,0,0,3,5,1,0,0,0,0,0,0,0,5,0,8,17,48,0,0,0,0,0,10,0,0,0,0,0,0,3,14,0,0,0,11,0,0,0,0,0,0,0,0,0,2,1,3,0,0,0,0,0,0,0,0,0,0,0,2,1,0,0,0,0,0,0,0,0,0,11,15,0,0,0,0,0,3,0,0,0,0,0,0,0,0,0,0,0,7,0,1,3,0,0,11,0,0,0,0,0,0,0,0,0,0,0,0,4,0,8,0,0,0,2,1,1,0,0,1,0,0,0,0,0,0,0,0,2,0,0,0,0,6,0,0,0,0,0,0,0,1,2,0,0,0,0,1,0,0,4,0,0,9,52,0,0,3,3,0,6,1,0,0,0,7,0,0,0,1,0,1,1,0,0,0,0,2,0,0,0,0,0,16,0,0,0,0,1,0,4,1,0,0,0,0,2,0,4,0,6,0,0,1,1,2,2,0,0,0,0,1,0,0,0,0,1
632,632,1,0,4,1,0,0,0,1,0,0,0,0,0,0,0,0,19,0,0,0,0,0,1,0,0,0,2,0,0,0,0,0,0,0,0,1,3,0,0,0,0,17,0,0,0,0,0,0,0,0,0,2,0,0,0,0,0,0,0,0,0,0,0,0,0,0,0,6,2,0,3,1,1,0,0,0,0,0,0,0,0,0,0,0,0,11,0,0,0,1,1,0,0,0,0,2,0,1,0,0,3,1,0,1,0,0,0,0,0,1,0,3,19,39,0,0,1,0,0,11,0,0,0,0,0,0,1,12,0,0,0,14,0,0,0,0,0,0,0,0,1,1,0,0,0,0,0,0,0,0,0,2,0,0,0,2,1,0,0,0,0,0,0,0,0,0,14,8,0,0,0,0,0,0,0,0,0,0,0,0,0,0,0,0,0,5,0,0,8,0,3,12,0,0,0,0,0,0,0,0,0,0,0,0,2,1,3,0,0,0,1,0,0,0,0,0,0,0,0,1,0,0,0,0,0,0,0,0,0,7,0,0,0,0,0,0,0,1,2,0,0,0,1,4,0,1,2,0,0,10,40,0,1,1,2,0,3,2,3,0,0,0,0,0,0,1,1,0,3,0,0,0,0,1,3,0,0,0,0,10,0,0,0,0,2,0,6,0,0,0,0,0,1,0,1,2,6,0,0,3,0,1,2,0,0,0,0,0,0,4,0,0,2
633,633,0,0,0,3,0,0,0,0,0,0,0,0,0,0,0,0,3,0,0,0,0,0,1,0,0,0,0,0,0,0,1,0,0,0,0,0,1,0,0,0,0,6,0,0,0,0,0,0,0,0,0,2,0,0,0,0,0,0,0,0,0,0,0,0,0,0,0,2,1,0,7,0,0,0,0,0,0,0,0,0,1,0,0,0,0,0,0,0,0,0,0,0,0,0,0,0,0,0,0,0,2,0,0,0,0,0,0,0,0,1,0,4,2,19,0,0,0,0,0,7,0,0,0,0,0,0,2,9,0,0,0,4,0,0,0,0,0,0,0,0,1,0,0,1,0,0,0,0,0,0,0,0,0,0,0,0,0,0,0,0,0,0,0,0,0,0,5,6,0,0,0,0,0,0,0,0,0,0,0,0,0,0,0,0,0,0,0,0,0,0,0,2,0,0,0,0,0,0,0,0,0,0,0,0,0,0,3,0,0,0,0,0,0,0,0,0,0,0,0,0,0,0,0,0,0,0,0,0,0,1,0,0,0,0,0,0,0,0,0,0,0,0,0,0,0,0,0,0,0,1,24,0,0,0,1,0,3,0,0,0,0,0,0,0,0,0,0,1,3,0,0,0,0,2,0,0,0,0,0,3,0,0,0,0,0,0,3,0,0,0,0,0,0,0,0,3,0,0,0,0,0,0,0,0,0,0,0,0,0,1,0,0,0
634,634,0,0,1,9,0,0,0,0,0,0,0,0,0,0,0,0,6,0,0,0,0,0,0,0,0,0,1,0,0,0,0,0,0,0,0,0,2,0,0,0,0,3,0,0,0,0,0,0,1,0,0,1,0,0,0,0,0,0,0,0,0,0,0,0,0,0,0,2,3,4,0,0,1,0,0,0,0,0,0,0,0,0,0,0,0,2,0,0,0,1,1,0,0,0,0,0,0,0,0,2,0,0,0,0,0,0,0,0,1,4,0,0,10,14,1,0,0,0,1,0,0,0,0,0,0,0,1,2,0,0,0,0,0,0,0,0,0,0,0,0,1,0,0,0,0,0,0,0,0,0,0,0,0,0,0,1,0,0,0,0,0,0,0,0,0,0,12,7,0,0,0,0,0,0,0,0,0,0,0,0,0,0,0,0,0,2,0,0,3,0,0,3,0,0,2,0,0,0,0,0,0,0,0,0,2,0,0,0,0,0,1,0,0,0,0,0,0,0,0,0,0,0,0,0,0,0,0,0,0,6,0,0,0,0,0,0,0,0,2,0,0,0,0,0,0,0,2,0,0,1,4,0,0,1,0,0,1,1,1,0,0,1,0,0,0,5,0,0,0,0,1,0,0,0,0,0,0,0,0,23,0,0,0,0,10,0,1,0,0,0,0,0,0,0,1,0,0,0,0,1,1,0,0,0,0,0,1,1,0,0,0,0,3
635,635,1,2,5,7,0,0,0,4,0,2,0,0,0,0,0,0,14,0,1,0,0,0,1,0,9,0,0,0,0,0,0,0,0,0,0,0,7,0,0,0,0,9,1,0,0,0,0,0,0,0,0,6,0,0,0,0,0,0,0,0,0,0,0,0,0,1,0,6,13,1,0,0,2,0,0,0,0,0,0,0,0,0,0,0,0,12,0,0,0,2,0,0,0,0,0,1,0,0,1,3,0,5,0,0,0,0,0,0,0,1,0,5,21,58,0,0,0,0,3,8,0,0,0,2,0,0,0,12,0,0,1,6,0,0,0,0,0,0,0,0,1,0,0,0,0,0,0,0,0,0,0,0,0,0,0,2,2,0,0,5,0,0,0,1,0,0,27,28,0,2,0,0,0,1,0,0,0,0,0,0,0,0,0,1,0,9,2,2,4,0,1,6,0,0,0,0,0,0,0,0,0,0,0,0,8,0,13,0,0,0,0,0,0,0,0,0,0,0,0,0,0,0,0,0,2,0,0,0,0,10,0,0,0,0,0,0,0,1,1,0,0,0,0,1,0,1,7,1,0,15,45,0,0,4,1,0,5,7,0,0,0,4,0,0,1,0,0,0,2,0,0,0,0,2,2,0,0,3,0,52,0,0,0,0,16,0,7,3,2,0,0,0,1,0,4,1,8,0,0,1,0,1,4,1,0,0,3,3,0,34,0,0,2
636,636,0,1,1,0,0,0,0,0,0,1,0,0,0,0,1,0,0,0,0,0,0,0,0,0,2,0,2,0,9,5,0,0,0,0,2,0,1,5,0,0,0,1,4,0,0,0,0,0,5,0,0,0,8,0,0,8,0,0,0,0,0,2,3,5,1,0,0,0,0,0,0,0,0,0,0,0,0,0,0,0,1,0,0,0,0,2,0,0,2,3,3,0,0,0,0,0,0,0,1,1,0,1,0,0,0,0,0,1,1,0,0,0,1,2,0,0,2,1,0,0,1,6,0,7,1,7,1,0,0,0,0,0,0,4,0,4,0,0,0,2,1,0,0,0,0,0,1,7,0,0,0,0,3,4,0,0,0,0,0,0,0,0,0,0,0,0,0,0,0,0,0,0,0,2,0,0,1,0,0,0,1,0,0,20,0,0,9,2,7,1,0,0,0,8,0,0,1,0,6,0,0,0,0,0,0,0,1,0,0,0,0,0,0,0,0,0,0,0,1,1,3,4,10,1,1,0,0,0,0,5,26,0,1,0,0,1,3,2,0,0,0,0,0,0,0,0,1,1,0,0,1,0,0,0,0,0,0,0,0,0,6,0,0,0,0,0,1,1,0,0,0,0,0,1,0,0,0,0,0,0,0,2,0,0,0,0,0,1,0,1,0,0,1,0,2,0,0,0,0,0,1,0,1,0,0,0,0,2,0,1,1,6,1
637,637,1,2,1,1,0,0,0,2,0,0,0,0,0,0,0,0,12,0,0,0,0,0,2,0,0,0,2,0,0,0,0,0,0,0,0,0,3,0,0,0,0,13,0,0,0,0,0,0,0,0,0,3,0,0,0,0,0,0,0,0,0,0,0,0,0,0,1,3,2,0,2,0,0,0,0,0,0,0,0,0,0,0,0,0,0,3,0,0,0,0,0,0,0,0,0,1,0,0,0,0,1,0,0,1,0,0,0,0,0,2,0,3,11,30,0,0,2,0,1,12,0,0,0,0,0,0,5,11,0,0,0,17,0,0,0,0,0,0,0,0,0,1,0,0,0,0,0,0,0,0,0,0,0,0,0,3,1,0,0,0,0,0,0,0,0,0,13,10,0,0,0,0,1,3,0,0,1,0,0,0,0,0,0,0,0,5,0,0,4,0,2,8,0,0,0,0,0,0,0,0,0,0,0,0,3,0,1,0,0,0,0,0,0,0,0,3,0,0,0,0,0,0,1,0,1,0,0,0,0,3,0,0,0,0,0,0,0,1,2,1,0,0,0,2,0,0,1,0,0,5,33,0,0,1,0,0,4,3,0,0,0,3,0,0,0,1,0,0,7,0,0,0,0,1,2,0,0,0,0,4,0,0,0,0,0,0,5,0,1,0,0,0,0,0,7,2,3,0,0,2,0,0,0,0,0,0,1,1,0,2,0,0,0
638,638,0,2,5,0,0,0,0,2,0,0,0,0,0,0,0,0,11,0,0,0,0,0,0,0,1,0,0,0,0,0,1,0,0,0,0,0,3,0,0,0,0,8,0,0,0,0,0,0,0,0,0,4,0,0,0,0,0,0,0,0,0,0,0,0,0,0,0,3,1,0,0,0,1,0,0,0,0,0,0,0,0,0,0,0,0,7,0,0,0,0,0,0,0,0,0,0,0,0,0,0,3,6,0,0,0,0,0,0,0,2,0,5,14,44,0,0,0,0,1,9,0,0,0,0,0,0,1,16,0,0,0,13,0,0,0,0,0,0,0,0,0,1,0,0,0,0,0,0,0,0,0,0,0,0,0,1,1,0,0,1,0,0,0,0,0,0,11,13,0,0,0,0,0,0,0,0,1,0,0,0,0,0,0,0,0,2,0,2,5,0,0,9,0,0,0,0,0,0,0,0,0,0,0,0,1,0,1,0,0,0,0,0,0,0,0,0,0,0,0,0,0,0,0,0,0,0,0,0,0,3,0,0,0,0,0,0,0,0,1,0,0,0,0,5,0,1,2,0,0,7,31,0,1,1,3,0,0,5,1,0,0,2,0,0,0,1,0,2,2,0,0,0,0,1,0,0,1,1,0,1,0,0,0,0,0,0,3,1,0,1,0,0,2,0,6,7,6,0,0,1,1,0,1,1,0,0,1,2,0,1,0,0,1
639,639,0,12,8,2,0,0,0,3,0,0,0,0,0,0,1,0,20,0,0,1,0,0,2,0,2,0,0,0,0,0,0,0,2,0,0,0,5,0,0,0,0,33,1,0,0,0,0,0,0,0,0,4,0,0,0,1,0,0,0,0,0,0,0,0,0,0,0,6,4,0,1,0,1,0,0,0,0,1,0,0,0,0,0,0,0,6,0,0,0,0,4,0,0,0,0,3,0,0,0,0,11,12,0,0,0,0,0,1,2,1,1,3,7,54,0,0,1,0,2,3,0,0,0,0,0,0,4,16,0,0,0,7,0,2,0,0,0,0,0,0,2,0,0,0,0,0,0,0,0,0,0,0,0,0,1,3,0,0,0,2,0,0,0,0,6,0,24,14,10,1,0,0,0,2,1,0,0,0,0,0,0,0,0,2,0,1,0,2,5,0,1,4,0,0,0,0,0,0,0,0,0,0,5,19,4,0,6,0,0,0,0,0,0,0,1,2,0,0,0,1,0,0,0,0,0,0,0,0,0,8,0,0,0,0,0,1,0,0,1,0,0,1,0,5,0,0,8,0,0,14,24,0,0,2,1,0,2,13,0,6,1,2,0,0,0,1,0,0,4,0,0,0,0,0,3,0,0,3,0,4,0,0,1,0,0,0,9,1,1,1,0,0,6,0,9,5,2,0,0,0,1,0,1,0,0,0,0,3,0,0,0,0,4
640,640,0,0,0,0,0,0,0,0,0,0,0,0,0,0,0,0,0,0,0,0,0,0,0,0,0,0,0,0,0,0,0,0,0,0,0,0,0,0,0,0,0,0,0,0,0,0,0,0,0,0,0,0,0,0,0,0,0,0,0,0,0,0,0,0,0,0,0,0,0,0,0,0,0,0,0,0,1,0,0,0,0,0,0,0,0,1,0,0,0,0,0,0,0,0,0,0,0,0,0,0,0,1,0,0,0,0,0,0,0,0,0,2,0,0,0,0,0,1,0,0,0,1,0,0,0,0,0,0,0,0,0,0,0,0,0,0,0,0,0,0,0,0,0,0,0,0,0,0,0,0,0,0,0,0,0,0,0,0,0,0,0,0,0,0,0,0,0,0,1,0,0,0,0,0,0,0,0,0,0,0,0,0,0,2,0,0,0,0,4,0,0,0,0,0,0,0,0,0,0,0,0,0,0,0,0,0,0,0,0,0,0,0,0,0,0,0,0,0,0,0,0,1,0,0,0,0,0,0,0,1,5,0,0,0,0,0,0,0,0,0,0,0,0,0,0,0,0,0,0,0,0,0,0,0,0,0,0,0,0,0,0,0,0,0,0,0,0,0,0,0,0,0,0,0,0,0,0,2,0,0,0,0,0,0,0,0,0,0,0,0,0,0,0,0,0,0,0,0,0,0,0,0,0,0,0,0,0,0,0,0,0,1,0
641,641,0,0,0,0,0,0,0,0,0,0,0,0,0,0,1,0,0,0,0,0,10,0,0,0,3,0,0,0,0,0,0,0,0,0,2,5,1,0,0,0,0,2,0,0,0,0,0,0,0,0,0,1,0,0,0,0,0,0,0,0,0,0,8,0,0,0,0,3,1,0,0,0,1,0,0,8,0,0,0,0,0,0,0,0,0,1,0,0,0,0,0,0,0,0,0,0,0,1,0,0,0,0,0,0,0,0,1,0,0,0,0,0,1,6,0,0,0,0,1,0,0,0,0,0,0,0,1,0,0,0,0,1,0,0,0,0,0,0,0,0,0,1,0,0,6,0,0,0,0,0,1,0,0,0,0,4,0,2,0,1,0,0,0,1,0,0,0,1,0,0,0,0,0,0,1,0,1,0,0,0,0,0,0,2,0,0,0,2,4,0,0,0,0,1,0,0,0,0,0,0,0,0,0,0,0,0,3,0,0,0,1,0,0,0,0,0,0,0,0,0,0,0,5,11,3,0,0,0,0,5,2,1,0,0,0,0,0,0,1,0,8,2,0,0,0,0,1,1,0,1,0,0,0,0,0,1,0,0,1,0,0,1,0,0,0,0,0,0,0,0,0,2,0,0,0,0,0,2,0,1,0,8,0,0,8,0,1,0,1,0,0,0,1,0,1,0,0,0,0,0,0,0,0,0,0,0,0,1,9,1,4,0,0
642,642,1,0,1,7,0,0,0,7,0,0,0,0,0,0,0,0,13,0,0,0,0,0,1,0,0,0,0,0,0,0,1,0,1,0,0,0,6,0,0,0,0,17,1,0,0,0,0,0,0,0,0,6,0,0,0,0,0,1,0,0,0,0,0,0,0,0,0,5,4,0,1,0,1,0,0,0,0,0,0,0,0,0,0,0,0,8,0,0,0,0,0,0,0,0,0,0,0,1,0,0,3,3,0,1,0,0,0,0,1,0,0,2,15,35,0,0,0,0,2,7,0,0,0,0,0,0,6,12,0,0,0,12,0,0,0,0,0,0,0,0,1,1,0,0,0,0,0,0,0,0,0,0,0,0,1,2,0,0,0,0,0,0,0,0,0,0,18,8,0,1,0,0,0,1,0,0,0,0,0,0,0,0,0,0,0,3,1,0,4,0,1,10,0,0,0,0,0,0,0,0,0,0,0,0,1,0,1,0,0,0,0,1,3,0,0,2,0,0,0,0,0,0,0,0,0,0,0,0,0,3,0,0,0,0,0,0,0,1,2,0,0,0,0,0,0,0,1,0,0,2,44,0,0,1,1,0,4,3,0,0,0,2,0,0,0,2,0,0,3,0,0,0,0,2,1,0,0,0,0,10,0,0,0,0,6,0,6,3,1,1,0,0,1,0,7,2,5,0,0,1,1,0,2,1,0,0,0,1,0,1,0,0,0
643,643,1,1,0,3,0,0,0,3,0,0,0,0,0,0,0,0,10,0,0,0,0,0,1,0,0,0,0,0,0,0,0,0,1,0,0,0,6,0,0,0,0,10,0,0,0,0,0,0,0,0,0,5,1,0,0,0,0,0,0,0,0,0,0,0,0,0,0,4,1,0,3,0,1,0,0,0,0,0,0,0,0,0,0,0,0,4,0,0,0,0,0,0,0,0,0,0,0,1,0,0,2,0,0,1,0,0,1,0,0,0,0,2,7,25,0,0,0,0,0,10,0,0,0,0,0,0,2,10,0,0,0,2,0,0,0,0,0,0,0,0,0,3,0,0,0,0,0,0,0,0,0,0,0,0,0,0,1,0,0,0,1,0,0,0,0,0,8,14,0,0,0,0,0,0,0,0,0,0,0,0,0,0,0,0,0,1,0,0,2,0,0,3,0,0,0,0,0,0,0,0,0,0,0,0,3,0,7,0,0,0,0,0,0,0,0,0,0,0,0,0,0,0,0,0,0,0,0,0,0,1,0,0,0,0,0,0,0,0,0,0,0,0,0,0,0,0,1,0,0,5,20,0,1,0,3,0,0,3,2,0,0,2,0,0,0,1,0,0,2,0,0,0,0,3,0,0,0,1,0,5,0,0,0,0,0,0,2,0,0,1,0,0,1,0,2,2,6,0,0,0,0,0,0,0,0,0,1,0,0,2,0,0,0
644,644,0,1,3,0,3,0,0,0,0,0,0,0,0,0,2,3,0,0,1,0,0,0,0,0,0,0,0,0,0,0,1,0,0,0,0,0,0,4,0,0,0,10,2,0,0,0,0,0,0,0,0,0,0,0,0,0,0,0,0,0,0,1,0,0,1,0,0,1,0,0,0,0,0,0,0,0,0,0,0,0,0,0,0,0,1,0,0,0,0,0,6,0,3,0,0,0,0,0,0,0,0,0,0,1,0,0,0,0,0,0,0,0,0,15,4,0,0,0,0,0,0,0,0,0,0,0,0,5,0,0,0,2,0,2,0,0,0,0,0,0,0,0,0,0,0,0,0,0,0,0,0,0,0,0,0,0,0,0,0,0,0,0,1,0,0,0,0,0,0,0,0,0,0,1,0,0,0,0,0,0,0,0,0,6,0,0,0,1,4,0,0,1,0,0,0,0,0,0,0,0,0,0,0,0,2,2,1,0,0,0,0,0,0,0,0,0,0,0,0,0,1,0,0,0,0,0,0,0,0,5,5,1,2,0,0,0,0,0,0,0,0,0,0,2,0,0,0,0,0,0,7,0,1,1,3,0,0,2,0,0,0,0,0,4,0,1,0,2,0,0,1,0,0,0,0,0,0,0,0,0,0,1,0,0,0,0,8,0,0,0,0,0,0,0,1,0,3,0,2,0,0,1,0,0,0,0,0,2,0,0,0,0,0
645,645,0,2,0,6,0,0,0,0,0,0,0,0,0,0,1,0,3,0,0,0,0,0,2,0,1,0,1,0,0,0,0,0,0,0,0,0,0,0,0,0,0,1,0,0,0,0,0,0,0,0,0,0,0,0,0,0,0,0,0,0,0,0,0,0,0,0,0,0,5,0,0,0,1,0,0,0,0,0,0,0,0,0,0,0,0,5,0,0,0,0,1,0,0,0,0,0,0,0,0,0,1,2,0,0,0,0,0,0,1,0,0,0,3,14,0,0,1,0,1,3,0,0,0,0,0,0,0,2,0,0,0,1,0,0,0,0,0,0,0,0,0,0,0,0,0,0,0,0,0,0,0,0,0,0,0,0,0,0,0,0,0,0,0,0,0,0,8,5,0,0,0,0,0,2,0,0,0,0,0,0,0,0,0,0,0,1,0,0,0,0,0,1,0,0,0,0,0,0,0,0,0,0,0,0,0,0,3,0,0,0,0,0,0,0,0,0,0,0,0,0,0,0,0,0,0,0,0,0,0,2,0,2,0,0,0,0,0,0,4,0,0,0,0,0,0,0,1,0,0,0,8,0,0,0,0,0,1,2,0,0,0,1,0,0,0,0,0,0,0,0,0,0,0,0,0,0,0,1,0,9,0,0,0,0,11,0,2,2,0,0,0,0,0,0,0,0,0,0,0,2,0,2,0,0,0,0,0,1,0,0,0,0,0
646,646,1,2,1,1,0,0,0,1,0,0,0,0,0,0,0,0,8,0,0,0,0,0,2,0,0,0,0,0,0,0,0,0,0,0,0,0,1,0,0,0,0,10,1,0,0,0,0,0,0,0,0,2,0,0,0,0,0,0,0,0,0,0,0,0,0,0,0,6,0,0,9,0,3,0,0,0,0,0,0,0,0,0,1,0,0,5,0,0,0,0,0,0,0,0,0,1,0,0,0,0,2,1,0,1,0,0,0,0,0,1,0,1,13,20,1,0,0,0,0,9,0,0,0,1,0,0,3,4,0,0,0,14,0,0,0,0,0,0,0,0,0,0,0,0,0,0,0,0,0,0,0,0,0,0,0,1,0,0,0,0,0,0,0,0,0,0,2,12,0,0,0,0,0,0,0,0,0,0,0,0,0,0,0,1,0,1,0,0,5,0,1,5,0,0,0,0,0,0,0,0,0,0,0,0,4,0,3,0,0,0,0,0,0,0,0,2,0,0,0,0,0,0,0,0,0,0,0,0,0,5,0,0,0,0,0,0,0,0,0,0,0,0,0,2,0,0,0,0,0,6,24,0,0,1,1,0,1,3,2,0,0,2,0,0,0,0,1,0,0,0,0,0,0,2,0,0,1,0,0,1,0,0,0,0,0,0,6,1,0,0,0,0,2,0,2,5,4,0,0,2,0,0,2,0,0,0,1,0,0,0,0,0,0
647,647,0,1,3,3,0,0,0,0,0,3,0,0,0,0,1,0,0,0,0,10,0,0,0,0,0,0,1,0,0,2,0,0,0,6,0,0,1,0,0,13,0,3,0,0,0,0,0,0,0,0,0,0,1,0,0,17,0,0,0,0,0,0,0,8,0,0,0,0,1,0,0,0,0,0,0,0,0,0,0,0,0,0,0,0,0,1,0,1,0,1,0,0,0,0,0,0,0,0,0,0,3,0,1,2,0,0,0,0,1,0,0,0,0,10,3,0,0,1,2,0,0,0,0,14,5,0,0,2,0,0,0,1,0,1,0,0,0,0,0,3,0,0,0,0,0,0,0,1,0,0,0,2,0,2,0,1,0,0,0,1,0,0,0,0,0,0,1,6,0,0,0,0,0,2,0,0,0,0,0,0,2,0,0,0,0,0,5,0,1,0,0,0,0,1,1,0,0,0,1,0,0,0,0,0,0,0,4,0,0,1,0,0,0,0,0,0,0,0,0,0,0,0,1,4,0,0,0,0,0,3,0,2,0,0,0,0,0,0,1,1,0,0,0,0,0,1,0,0,3,1,5,0,0,0,1,0,0,0,0,0,0,1,0,1,0,0,0,1,3,0,0,0,0,0,0,4,0,0,0,4,0,0,0,0,0,0,1,0,0,0,0,0,0,0,1,0,1,1,0,0,0,1,0,0,1,0,0,1,0,3,0,7,3
648,648,0,0,3,2,0,0,0,5,0,0,0,0,0,0,0,0,23,0,0,0,1,0,3,0,0,0,0,0,0,0,0,0,1,0,0,0,2,0,0,0,0,15,0,0,0,0,0,0,0,0,0,5,0,0,0,0,0,0,0,0,0,0,0,0,0,0,0,3,1,0,11,0,1,0,0,0,0,0,0,0,0,0,0,0,0,13,1,0,0,0,1,0,0,0,0,6,0,0,0,1,2,2,0,0,0,0,0,1,0,1,0,2,13,39,0,0,2,0,4,8,0,0,0,0,0,0,8,18,0,0,0,5,0,0,0,0,0,0,0,0,1,0,0,1,0,0,0,0,0,0,0,0,0,0,0,0,2,0,0,0,0,0,0,0,0,0,16,9,0,1,0,0,0,0,0,0,0,0,0,0,0,0,0,0,0,2,0,0,5,0,1,8,0,0,0,0,0,0,0,0,0,0,0,0,5,0,5,0,0,0,0,3,0,0,0,2,0,0,0,1,0,0,0,0,1,0,0,0,0,5,0,0,0,0,0,0,0,0,0,0,0,1,0,4,2,0,2,0,0,5,22,0,0,1,2,0,1,7,2,0,1,3,0,0,0,0,0,0,5,0,0,0,0,0,4,0,1,0,0,1,0,0,0,0,1,0,5,1,2,0,0,0,0,0,4,11,2,0,0,3,1,0,2,1,0,0,1,2,1,0,0,0,1
649,649,0,11,8,3,0,0,0,0,0,0,0,0,0,0,0,0,14,0,1,0,1,0,2,0,0,0,0,0,0,0,0,0,0,0,0,1,0,0,0,0,0,18,0,0,0,0,0,0,0,0,0,4,0,0,0,0,0,0,0,0,0,0,0,0,0,0,0,0,3,0,0,0,0,0,0,0,0,0,0,0,0,0,0,0,0,4,0,0,2,0,1,0,0,0,0,0,0,1,0,0,6,18,0,0,0,0,0,3,0,0,0,3,9,37,0,0,0,0,1,5,0,0,0,0,0,0,1,7,0,0,0,7,0,0,0,0,0,0,0,0,0,0,0,0,0,0,0,0,0,0,0,0,0,0,0,1,1,0,0,0,0,0,0,0,3,2,29,14,11,2,3,0,0,1,0,0,0,0,0,0,0,0,0,2,0,1,0,0,2,1,0,4,0,0,0,0,0,0,0,0,0,0,2,9,3,0,3,0,0,0,0,0,1,0,0,1,0,0,0,0,0,0,0,0,0,0,0,0,0,9,1,0,0,0,0,1,0,1,0,0,0,0,0,2,0,0,4,0,0,5,9,0,0,0,0,0,5,12,0,4,0,0,0,0,0,2,0,0,2,0,0,0,0,1,4,0,0,4,0,6,0,0,1,0,0,0,3,1,0,0,0,1,3,0,3,0,3,0,0,0,3,0,1,2,0,0,0,4,0,0,0,0,2
650,650,2,0,1,2,0,0,0,0,0,0,0,0,0,0,0,0,6,0,1,0,0,0,0,0,0,0,0,0,0,0,0,0,0,0,0,0,1,0,0,0,0,8,0,0,0,0,0,0,0,0,0,1,0,0,0,0,0,0,0,0,0,0,0,0,0,0,0,7,0,0,0,0,2,0,0,0,0,0,0,0,0,0,0,0,0,4,0,0,0,1,0,0,0,0,0,0,0,0,0,0,2,1,0,0,0,0,0,0,1,1,0,1,8,24,0,0,1,0,1,5,0,0,0,0,0,0,4,6,0,0,0,5,0,0,0,0,0,0,0,0,0,2,0,0,0,0,0,0,0,0,0,0,0,0,0,4,1,0,0,0,0,0,0,0,0,0,13,7,0,0,0,0,0,1,0,0,0,0,0,0,0,0,0,0,0,2,0,0,0,0,0,6,0,0,0,0,0,0,0,0,0,0,0,0,0,0,4,0,0,0,0,2,1,0,0,0,0,0,0,1,0,0,0,0,0,0,0,0,0,4,0,0,0,0,0,0,0,1,1,0,0,0,0,0,1,0,4,0,0,4,39,0,0,0,2,0,4,0,1,0,0,2,0,0,0,0,0,0,1,0,0,0,0,1,0,0,0,1,0,14,0,0,0,0,1,0,1,0,0,0,0,0,0,0,4,0,2,0,0,0,2,0,0,0,0,0,0,1,0,0,0,0,1
651,651,1,0,0,1,0,0,0,1,0,0,0,1,0,0,0,0,4,0,0,0,0,0,1,0,0,0,1,0,0,0,0,0,0,0,0,0,1,0,0,0,0,4,1,0,0,0,0,0,0,0,0,2,2,0,0,1,0,0,0,0,0,0,0,0,0,0,0,4,0,0,0,0,1,0,0,0,0,0,0,0,0,0,0,0,0,5,0,0,0,0,0,0,0,0,0,0,0,0,0,1,0,0,0,0,0,0,0,0,0,1,0,0,7,31,0,0,1,0,1,9,0,0,0,0,0,0,4,11,0,0,0,5,0,0,0,0,0,0,0,0,0,0,0,0,0,0,0,0,0,0,0,0,0,0,0,2,0,0,0,0,0,0,0,0,0,0,8,10,0,0,0,0,0,0,0,0,0,0,0,0,0,0,0,0,0,3,1,0,0,0,0,6,0,0,0,0,0,0,0,0,0,0,0,1,1,0,1,0,0,0,0,0,0,0,0,0,0,0,0,0,0,0,0,0,0,0,0,0,0,4,0,0,0,0,0,0,0,0,1,0,0,0,0,1,0,0,1,0,0,6,30,0,1,0,0,0,0,4,0,0,0,1,0,0,0,1,0,0,2,0,0,0,0,1,0,0,0,0,0,8,0,0,0,0,2,0,6,1,0,0,0,0,0,0,4,0,3,0,0,0,0,0,0,0,0,0,5,2,0,1,0,0,2
652,652,0,1,3,2,0,0,0,0,0,0,0,0,0,0,0,0,23,0,0,0,0,0,0,0,2,0,0,0,0,0,0,0,0,0,0,0,2,0,0,0,0,8,1,0,0,0,0,0,0,0,0,2,0,0,0,0,0,0,0,0,0,0,0,0,0,0,0,4,7,0,0,0,0,0,0,0,0,0,0,0,0,0,0,0,0,6,0,0,0,1,0,1,0,0,0,1,0,0,0,0,1,0,0,1,0,0,0,1,0,1,0,3,5,20,0,0,2,0,0,6,0,0,0,0,0,0,1,3,0,0,0,0,0,0,0,0,0,0,0,0,2,0,2,0,0,0,0,0,0,0,0,0,0,0,0,1,1,0,0,0,0,0,0,1,0,0,8,5,0,0,0,0,0,0,0,0,0,0,0,0,0,0,0,0,0,6,3,0,3,0,0,14,0,0,0,0,0,0,0,0,0,0,0,0,2,0,2,0,0,0,1,0,1,0,0,0,0,0,0,0,0,0,0,0,1,0,0,0,0,8,0,0,0,0,0,0,0,0,1,0,0,0,0,1,1,0,2,0,0,6,12,0,0,0,2,0,6,4,0,0,0,4,0,0,0,3,1,0,3,0,0,0,0,0,0,0,0,1,0,30,0,0,0,0,21,0,1,0,0,0,0,0,1,0,2,0,0,0,0,1,1,0,1,0,0,0,2,1,0,2,0,0,1
653,653,0,2,3,5,0,0,0,2,0,0,0,0,0,0,0,0,19,0,0,0,0,0,3,0,2,0,0,0,0,0,0,0,0,2,0,0,7,0,0,0,0,18,1,0,0,0,0,0,0,0,0,4,0,0,0,0,0,0,0,0,0,0,0,0,0,0,0,9,12,0,0,0,2,0,0,0,0,0,0,0,0,0,0,0,0,8,0,0,0,0,0,0,0,0,0,2,0,1,0,0,1,2,0,0,0,0,0,0,0,1,0,4,14,30,0,0,0,0,2,14,0,0,0,0,0,0,1,17,0,0,0,12,0,0,0,0,0,0,0,0,0,2,1,1,0,0,0,0,0,0,0,0,0,0,0,2,1,0,0,0,0,0,0,0,0,0,18,22,0,1,0,0,0,1,0,0,0,0,0,0,0,0,0,1,0,1,5,1,4,0,0,7,0,0,0,0,0,0,0,0,0,0,0,0,4,1,4,0,0,1,0,2,4,0,0,0,0,0,0,0,0,0,0,0,1,0,0,0,0,9,0,0,0,0,0,0,0,1,1,0,0,0,0,0,0,0,4,0,0,11,45,0,0,0,5,0,4,6,2,0,0,1,0,0,0,0,0,0,4,0,0,0,0,1,1,0,0,4,0,22,0,0,0,0,10,0,3,1,0,3,0,0,4,0,7,0,9,0,0,3,0,0,1,1,0,0,1,3,0,10,0,0,0
654,654,4,1,3,6,0,0,0,1,0,0,0,0,0,0,1,0,16,0,0,0,0,0,2,0,0,0,1,0,0,0,0,0,1,0,0,0,3,0,0,0,0,32,1,0,0,0,0,0,0,0,0,5,0,0,0,0,0,0,0,0,0,0,0,0,0,0,0,14,7,1,3,0,1,0,1,0,0,0,0,0,0,0,0,0,0,11,0,0,1,2,1,0,0,0,0,1,0,2,0,0,8,1,0,0,0,1,0,0,0,4,0,2,17,74,0,0,0,0,1,20,0,0,0,0,0,0,5,27,0,0,0,14,0,0,0,0,0,0,0,0,0,0,1,0,0,0,0,0,0,0,0,0,0,0,0,2,3,0,0,1,0,0,0,0,0,0,23,19,0,0,0,0,0,2,0,0,0,0,0,0,0,0,0,0,0,5,1,0,1,0,1,10,0,0,0,0,0,0,0,0,0,0,0,0,2,0,13,0,0,0,0,0,1,0,0,1,0,0,0,0,0,0,0,0,1,0,0,0,0,6,1,0,0,0,0,0,0,0,6,1,0,0,0,3,0,1,1,1,0,8,58,1,1,0,2,0,7,2,0,0,0,2,0,0,1,2,0,0,4,0,0,0,0,1,2,0,0,1,0,31,0,0,0,0,2,0,5,0,0,0,0,0,5,0,11,3,3,0,0,1,2,0,1,2,0,0,1,1,0,1,0,0,1
655,655,0,2,1,0,0,0,0,1,0,0,0,0,0,0,1,0,15,0,0,0,0,0,0,0,0,0,1,0,0,0,0,0,1,0,0,0,2,0,0,0,0,4,2,0,0,0,0,0,0,0,0,2,0,0,0,0,0,0,0,0,0,0,0,0,0,0,0,3,0,0,6,0,1,0,0,0,0,0,0,0,1,0,0,0,0,4,0,0,0,1,0,0,0,0,0,1,0,0,0,0,3,5,0,0,0,0,0,0,0,1,0,2,3,31,0,0,1,0,0,5,0,0,0,0,0,0,5,9,1,0,0,8,0,0,0,0,0,0,0,0,0,1,0,0,0,0,0,0,0,0,0,0,0,0,0,1,0,0,0,0,0,0,0,0,0,0,8,5,0,0,0,0,0,1,0,0,0,0,0,0,0,0,0,1,0,1,0,0,4,0,1,8,0,0,0,0,0,0,0,0,0,0,0,0,0,0,4,0,0,0,0,0,0,0,0,2,0,0,0,0,0,0,0,0,0,0,0,0,0,2,0,0,0,0,0,0,0,0,3,0,0,0,0,3,0,1,2,0,0,0,24,0,1,1,2,0,0,0,1,0,0,3,0,0,0,0,1,0,1,0,0,0,1,0,2,0,0,1,0,1,0,0,0,0,0,0,6,0,0,0,0,0,0,0,6,3,2,0,0,0,1,0,1,0,0,0,0,1,0,0,0,0,1
656,656,1,1,1,7,0,0,0,2,0,0,0,0,0,0,0,0,6,0,1,0,0,0,0,0,4,0,0,0,0,0,1,0,0,0,0,0,2,1,0,0,0,9,3,0,0,0,0,0,0,0,0,1,0,0,0,0,1,0,0,0,0,0,0,0,0,0,0,5,19,4,0,0,2,0,0,0,0,0,0,0,0,0,0,0,0,7,0,0,0,1,0,0,0,0,0,0,0,1,0,1,0,1,0,0,0,0,0,0,1,1,0,5,10,23,0,0,0,0,0,10,0,0,0,0,0,0,0,13,0,0,0,3,0,0,0,0,0,0,0,0,1,2,1,1,0,0,0,0,0,0,0,0,0,0,0,0,0,0,0,0,0,0,0,0,0,0,21,11,0,0,0,0,0,1,0,0,0,0,0,0,0,0,0,0,0,5,0,0,4,0,0,7,0,0,0,0,0,0,0,0,0,0,0,0,2,1,3,0,0,0,0,0,0,0,0,0,0,0,0,0,0,0,0,0,0,0,0,0,0,9,0,0,0,0,0,0,0,0,2,1,0,0,0,1,0,0,1,0,0,6,41,0,0,2,4,0,5,2,0,0,0,2,0,0,0,0,0,0,2,0,0,0,0,4,0,0,0,0,0,30,0,0,0,0,11,0,2,3,0,0,0,0,2,0,2,0,3,0,0,0,1,0,0,0,0,0,1,0,0,3,0,0,1
657,657,1,2,0,3,0,0,0,3,0,0,0,0,0,0,1,0,15,0,0,0,0,0,2,0,1,0,0,0,0,0,0,0,2,0,0,0,3,0,0,0,0,11,0,0,0,0,0,0,0,0,0,4,0,0,0,0,0,0,0,0,0,0,0,0,0,0,1,4,1,0,0,0,3,0,0,0,0,0,0,0,0,0,0,0,0,11,0,0,0,0,0,0,0,1,0,1,0,2,0,2,1,4,0,0,0,0,0,0,0,1,0,6,12,38,1,0,2,0,0,13,0,0,0,0,0,0,6,17,0,0,0,15,0,0,0,0,0,0,0,0,0,4,0,0,0,0,0,0,0,0,0,0,0,0,1,1,0,0,0,0,0,0,0,0,0,0,16,14,0,0,0,0,0,2,0,0,0,0,0,0,0,0,0,0,0,7,0,0,2,0,0,10,0,0,0,0,0,0,0,0,0,0,0,1,5,0,5,0,0,0,0,0,1,0,0,2,0,0,0,1,0,0,0,0,0,0,0,0,0,4,1,0,0,0,0,0,0,0,1,0,0,0,0,3,0,0,4,0,0,7,58,0,0,3,3,0,7,3,1,0,0,0,1,0,0,0,0,0,7,0,0,0,0,1,3,0,0,0,0,22,0,0,0,0,0,0,8,0,0,0,0,0,1,0,6,0,3,0,0,0,3,1,1,1,0,0,3,0,0,3,0,0,2
658,658,3,1,0,5,0,0,0,5,0,0,0,0,0,0,0,0,11,0,0,0,0,0,2,0,0,0,0,0,0,0,0,0,0,0,0,0,4,0,0,0,0,14,1,0,0,0,0,0,0,0,0,6,0,0,0,0,0,0,0,0,0,1,0,0,0,0,0,0,1,0,0,0,0,0,0,0,0,0,0,0,0,0,0,0,0,5,0,0,0,0,0,0,0,0,0,1,0,0,0,0,1,1,0,1,0,0,0,0,0,1,0,6,6,50,0,0,1,0,1,13,0,0,0,0,0,0,3,10,0,0,0,4,0,0,0,0,0,0,0,0,0,0,1,0,0,0,0,0,0,0,0,0,0,0,0,0,0,0,0,1,0,0,0,0,0,0,12,13,0,0,0,0,0,0,0,0,0,0,0,0,0,0,0,0,0,5,0,0,3,0,0,7,0,0,0,0,0,0,0,0,0,0,0,0,2,0,2,0,0,0,0,1,0,0,0,0,0,0,0,0,0,0,0,0,2,0,0,0,0,4,0,0,0,0,0,0,0,0,3,0,0,0,0,0,1,0,1,0,0,6,37,0,1,1,2,0,3,2,0,0,0,0,0,0,0,0,0,0,2,0,0,0,0,3,0,0,0,0,0,4,0,0,0,0,2,0,4,0,0,0,0,0,0,0,2,1,5,0,0,1,1,1,0,0,0,0,0,0,0,0,0,0,0
659,659,4,3,2,5,0,1,0,0,0,0,0,0,0,0,1,0,12,0,0,0,0,0,1,0,1,0,3,0,0,0,0,0,0,0,0,0,3,0,0,0,0,11,0,0,0,0,0,0,1,0,0,3,0,0,0,0,0,0,0,0,0,0,0,0,0,0,0,7,1,0,0,0,5,0,0,0,0,0,0,0,0,0,1,0,0,8,0,0,0,0,0,0,0,0,0,1,0,0,0,2,5,2,1,0,0,0,0,0,0,4,0,7,12,40,0,0,0,0,1,14,0,0,0,0,0,0,9,12,0,1,1,9,0,0,1,0,0,0,0,0,0,1,0,0,0,0,0,0,0,0,0,0,0,0,0,0,1,0,0,0,0,0,1,0,0,0,28,17,0,0,0,0,0,0,1,0,0,0,0,0,0,0,0,0,0,3,0,0,3,0,3,3,0,0,0,0,0,0,0,0,0,0,0,0,1,0,6,0,0,0,0,0,3,0,0,1,0,0,0,0,0,0,1,0,0,0,0,0,0,7,0,0,0,0,0,0,0,0,1,1,0,0,0,2,0,1,2,0,0,14,37,0,0,2,1,0,3,1,0,0,0,1,1,0,0,0,0,1,4,0,0,1,0,1,4,0,0,0,0,12,0,0,0,0,2,0,2,1,1,0,0,0,3,0,7,5,3,0,0,0,2,0,3,1,0,0,0,1,0,0,0,0,2
660,660,7,1,2,5,0,0,0,4,0,0,0,0,0,0,0,0,24,0,0,0,0,0,1,0,2,0,0,0,0,0,1,0,1,0,0,0,4,0,0,0,0,14,2,0,0,0,0,0,0,0,1,6,0,0,0,1,0,0,0,0,0,0,0,0,0,0,1,9,12,1,1,0,2,0,0,0,0,0,0,0,0,0,0,0,0,14,0,0,0,2,0,0,0,1,0,1,0,1,0,1,7,3,0,0,0,0,0,0,3,4,0,6,24,83,0,0,0,0,2,8,0,0,0,0,0,0,6,20,0,0,0,18,0,0,0,0,0,0,0,0,1,1,3,0,0,0,1,0,0,0,0,0,0,0,1,6,3,0,0,0,0,0,0,1,0,0,30,32,0,0,0,0,0,3,0,0,0,0,0,0,0,0,0,0,0,8,0,1,4,0,1,4,0,0,0,0,0,0,0,0,0,1,0,0,4,0,10,0,0,0,1,2,4,0,0,1,0,0,0,1,0,0,1,0,1,0,0,0,0,4,1,0,0,0,0,0,0,1,2,2,0,0,1,0,1,0,7,0,0,16,70,0,2,0,3,0,7,3,2,0,0,5,0,0,0,3,2,1,6,0,0,0,0,4,1,0,0,2,0,24,0,0,0,0,8,0,8,3,0,0,0,0,1,0,5,1,9,0,0,3,0,0,0,3,0,0,6,3,0,1,1,0,2
661,661,1,5,3,2,0,0,0,4,0,0,0,0,0,0,0,0,8,0,0,0,0,0,0,0,1,0,3,0,0,0,0,0,2,0,0,0,2,0,0,0,0,9,1,0,0,0,0,0,0,0,0,4,0,0,0,0,0,0,0,0,0,1,0,0,0,0,1,4,2,0,4,0,0,0,0,0,0,0,0,0,0,0,0,0,0,7,0,0,0,0,0,0,0,0,0,1,0,0,0,1,4,4,0,0,0,0,0,0,0,0,0,4,8,52,0,0,1,0,1,13,0,0,0,0,0,0,3,14,0,0,0,7,0,0,0,0,0,0,0,0,0,2,0,0,0,0,0,0,0,0,0,0,0,0,0,2,0,0,0,0,0,0,0,0,3,1,17,12,3,0,1,0,0,2,0,0,0,0,0,0,0,0,0,1,0,1,0,0,1,0,0,5,0,0,0,0,0,0,0,0,0,0,0,6,2,0,6,0,0,0,0,0,0,0,1,1,0,0,0,0,0,0,0,0,1,0,0,1,0,4,1,0,0,0,0,0,0,0,1,0,0,0,0,0,0,0,3,0,0,12,20,0,1,0,3,0,0,4,0,1,0,0,0,0,0,0,0,0,0,0,0,0,0,1,0,0,0,2,0,5,0,0,0,0,3,0,4,1,0,0,0,1,2,0,5,1,4,0,0,1,1,0,2,0,0,0,0,3,0,0,0,0,0
662,662,0,1,0,0,0,0,0,0,0,0,1,0,0,1,1,0,1,0,0,0,3,0,0,1,0,0,2,0,0,0,0,0,0,0,3,2,0,0,0,0,0,0,0,0,0,0,0,0,0,0,0,0,0,0,0,0,0,0,0,0,0,0,6,0,0,0,0,0,0,0,0,0,0,0,0,5,0,0,0,0,2,0,0,0,0,1,0,0,2,0,0,0,0,0,0,0,0,0,0,0,0,0,0,0,0,2,0,0,1,0,0,0,0,1,0,0,0,0,0,0,1,0,0,0,0,2,0,1,1,0,0,0,0,0,0,0,0,0,0,0,0,0,0,1,4,0,0,0,0,0,0,0,0,0,1,0,0,1,0,0,0,0,0,1,0,0,0,0,0,0,0,0,0,3,1,0,0,0,0,0,0,0,0,1,0,0,0,0,0,0,0,0,0,2,0,1,0,0,0,0,0,0,0,3,0,0,0,0,0,0,0,0,0,0,0,0,0,0,0,0,0,6,6,2,0,0,0,0,0,3,2,3,0,0,1,0,0,1,0,0,3,1,0,0,0,0,1,0,0,0,0,0,0,1,0,0,0,0,0,0,0,0,0,0,0,0,1,0,0,0,0,0,0,0,1,1,0,1,0,0,0,1,0,0,5,0,0,0,0,0,0,0,1,0,3,0,0,0,0,0,1,0,0,0,0,0,0,1,0,0,4,5,0
663,663,1,0,2,3,0,0,0,2,0,0,0,0,0,0,0,0,15,0,0,0,0,0,6,0,2,0,0,0,0,0,0,0,3,0,0,0,2,0,0,0,0,19,1,0,0,0,0,0,0,0,0,8,0,0,0,0,0,0,0,0,0,0,1,0,0,0,0,6,9,1,0,0,2,0,0,0,0,0,0,0,0,0,0,0,0,7,0,0,0,1,0,0,0,0,0,1,0,1,0,0,4,0,0,0,0,0,0,0,0,0,0,2,15,21,1,0,1,0,2,4,0,0,0,0,0,0,9,13,0,0,1,8,0,0,0,0,0,0,0,0,0,0,2,1,0,0,0,0,0,0,0,0,0,0,0,1,0,0,0,0,0,0,0,0,0,0,12,11,0,0,0,0,0,2,0,0,1,0,0,0,0,0,0,0,0,1,0,2,3,0,0,10,0,0,0,0,0,0,0,0,0,0,0,0,2,0,3,0,0,0,0,1,1,0,0,0,0,0,0,0,0,0,0,0,0,0,0,0,0,6,0,0,0,0,0,0,0,0,1,1,0,0,0,0,0,0,2,0,0,1,24,0,2,2,1,0,2,8,0,0,0,1,0,0,0,2,1,2,3,0,0,0,0,5,0,0,0,2,0,14,0,0,0,0,1,0,7,2,0,0,0,0,2,0,1,0,5,0,0,1,0,1,1,0,0,0,1,2,0,0,0,0,4
664,664,2,1,2,2,0,0,0,3,0,0,0,0,0,0,1,0,12,0,0,0,0,0,1,0,0,0,1,0,0,0,0,0,1,0,0,0,4,0,0,0,0,8,0,0,0,0,0,0,0,0,0,4,0,0,0,0,0,0,0,0,1,0,0,0,0,0,0,6,3,0,0,0,3,0,0,0,0,0,0,0,0,0,0,0,0,11,0,0,0,0,0,0,0,2,0,0,0,1,0,0,2,2,0,0,0,0,0,0,0,2,0,2,14,34,0,0,4,0,1,9,0,0,0,0,0,0,0,8,0,0,0,9,0,0,0,0,0,0,1,0,0,2,0,0,0,0,0,0,0,0,0,0,0,0,1,2,0,0,0,0,0,0,0,0,0,0,7,11,0,0,0,0,0,2,0,0,0,0,0,0,0,0,0,0,0,6,1,0,1,0,0,13,0,0,0,1,0,0,0,0,0,0,0,0,2,0,2,0,0,0,0,0,1,0,0,1,0,0,0,0,0,0,0,0,0,0,0,0,0,5,0,0,0,0,0,0,0,0,2,0,0,0,0,4,0,0,5,0,0,4,41,0,1,1,1,0,2,2,1,0,0,1,0,0,0,0,0,0,3,0,0,0,0,1,0,0,0,0,0,10,0,0,0,0,2,0,5,2,0,0,0,0,0,0,1,0,5,0,0,1,1,1,0,1,0,0,2,0,0,0,0,0,2
665,665,0,5,1,0,0,4,0,0,0,0,0,0,0,0,0,0,0,0,0,0,0,0,0,0,0,0,2,0,0,0,0,0,0,0,0,0,0,8,0,0,0,0,0,0,0,0,0,0,0,0,0,0,0,0,0,1,0,0,0,0,0,0,0,0,0,0,0,0,0,0,0,0,0,0,0,0,0,1,0,0,3,0,0,0,0,1,0,0,2,0,0,0,0,0,0,0,0,0,0,0,0,1,0,0,0,0,0,0,0,0,0,0,0,2,0,0,0,0,0,0,0,0,0,0,0,0,0,0,0,0,0,0,0,0,0,0,0,0,0,0,0,0,0,0,0,0,1,0,0,0,0,0,0,0,1,0,0,0,0,0,0,0,0,0,0,0,0,0,0,0,0,0,0,0,0,0,0,0,0,0,0,1,0,8,0,0,0,0,0,0,0,0,0,3,0,0,0,0,0,0,0,0,0,0,0,0,0,0,0,0,0,0,1,0,0,0,0,0,0,0,1,1,0,0,0,0,0,0,0,1,14,0,0,0,0,0,0,0,1,0,0,0,0,0,0,0,1,0,0,0,0,0,0,0,0,0,0,0,0,1,0,0,0,0,0,0,0,0,0,0,0,0,0,0,0,0,0,2,0,0,0,0,0,0,0,0,0,0,0,0,0,0,0,0,1,0,0,0,0,0,0,0,0,0,0,0,0,1,0,0,0,3,0
666,666,2,0,0,0,0,0,0,2,0,0,0,0,0,0,0,0,10,0,0,0,0,0,0,0,2,0,1,0,0,0,0,0,0,0,0,0,2,0,0,0,0,4,0,0,0,0,0,0,0,0,0,2,0,0,0,0,0,0,0,0,0,0,0,0,0,0,0,5,0,0,1,0,0,0,0,0,0,0,0,0,0,0,0,0,0,3,0,0,0,0,0,0,0,0,0,0,0,0,0,0,1,3,0,0,0,0,0,0,0,0,0,4,11,26,0,0,0,0,1,11,0,0,0,0,0,0,4,11,0,0,0,5,0,0,0,0,0,0,0,0,1,2,1,0,0,0,0,0,0,0,0,0,0,0,0,1,0,0,0,1,0,0,0,0,0,0,3,9,0,0,0,0,0,0,0,0,0,0,0,0,0,0,0,0,0,0,0,0,3,0,1,3,0,0,0,0,0,0,0,0,0,0,0,0,3,0,3,0,0,0,0,0,0,0,0,4,0,0,0,0,0,0,0,0,0,0,0,0,0,4,0,0,0,0,0,0,0,0,0,0,0,0,0,5,0,0,0,0,0,5,19,0,0,0,0,0,0,3,0,0,0,1,0,0,0,1,0,1,3,0,0,0,0,2,1,0,0,0,0,1,0,0,0,0,0,0,4,0,1,0,0,0,3,0,8,2,1,0,0,0,0,0,0,0,0,0,0,1,0,0,0,0,0
667,667,1,0,0,0,0,0,0,0,0,0,0,0,0,0,0,0,0,0,0,0,0,0,0,0,0,0,3,0,0,0,0,0,0,0,0,0,0,1,0,0,0,3,0,0,2,0,0,0,2,0,0,0,0,0,0,1,0,0,0,0,4,0,0,0,0,0,0,0,0,0,0,0,0,0,0,0,0,0,0,0,0,0,0,0,0,0,0,0,0,0,2,0,3,0,0,0,0,2,0,0,0,2,0,1,0,0,0,0,0,0,0,1,0,0,0,0,0,0,1,0,1,0,2,2,1,9,0,0,0,0,0,0,0,3,0,4,0,0,0,2,0,1,0,0,0,0,0,1,0,4,0,0,0,5,1,1,0,0,0,1,0,0,0,0,0,0,0,0,0,0,0,0,0,1,0,0,0,0,0,0,1,0,0,3,0,0,12,7,0,0,0,0,0,2,0,0,3,0,2,0,0,0,0,0,0,0,2,0,0,0,0,0,0,0,0,0,0,0,0,1,2,1,15,2,1,0,0,0,1,0,2,0,0,0,0,1,4,0,1,0,0,0,0,0,0,0,3,0,0,0,3,0,0,1,0,1,0,0,4,0,5,1,0,0,0,1,0,5,0,0,0,0,0,0,0,0,0,0,0,0,0,0,0,0,0,0,0,0,0,0,0,0,2,0,2,0,0,0,0,0,1,0,0,0,0,0,0,0,0,0,0,3,0
668,668,0,14,13,0,0,0,0,1,0,0,0,0,0,0,0,0,0,0,0,0,1,0,0,0,1,0,1,0,0,0,0,0,0,0,2,0,2,1,0,0,0,8,0,0,0,0,0,0,0,0,0,2,0,0,0,0,0,0,0,0,0,1,0,0,0,0,0,3,0,0,0,0,0,0,0,1,0,0,0,0,2,0,0,0,0,1,0,0,0,0,2,0,0,0,0,1,0,0,1,1,2,12,0,0,0,0,0,2,0,0,0,1,1,12,2,0,0,0,3,1,0,0,0,0,1,0,0,5,0,0,0,1,0,1,0,0,0,0,0,0,0,2,0,0,0,0,1,0,0,0,0,0,0,0,0,2,0,0,0,0,0,0,0,0,4,1,12,5,14,3,1,0,0,0,0,0,0,0,0,0,1,0,0,18,0,0,0,0,1,0,0,0,0,0,0,0,0,0,0,0,0,0,5,10,0,0,1,0,0,0,0,0,1,0,2,0,0,0,0,0,2,6,2,0,1,0,0,0,0,6,16,0,1,0,0,3,0,1,2,0,0,0,0,0,0,0,6,0,0,3,6,0,0,1,0,0,0,9,1,4,1,3,0,0,0,0,0,0,1,0,0,0,0,0,0,0,0,4,1,5,0,4,0,0,1,0,0,0,0,1,0,0,0,0,4,1,2,0,0,1,1,0,0,0,0,0,1,1,0,0,3,2,1
669,669,0,3,0,3,0,0,0,1,0,0,0,0,0,0,0,0,15,0,0,0,0,0,1,0,0,0,0,0,0,0,0,0,0,0,0,0,6,0,0,0,0,10,3,0,0,0,0,0,0,0,0,3,0,0,0,0,0,0,0,0,0,0,0,0,0,0,0,2,0,0,2,0,0,0,0,0,0,0,0,0,0,0,0,0,0,4,0,0,0,0,0,0,0,0,0,0,0,0,0,0,3,2,0,1,0,0,0,0,1,1,0,5,14,32,0,0,2,0,1,5,0,0,0,0,0,0,0,12,0,0,0,10,0,0,0,0,0,0,0,0,0,0,0,1,0,0,0,0,0,0,0,0,0,0,1,1,0,0,0,0,0,0,0,0,0,0,8,5,0,0,0,0,2,0,0,0,0,0,0,0,1,0,0,0,0,4,1,0,2,0,1,8,0,0,0,0,0,0,0,0,0,0,0,0,2,0,1,0,0,0,0,0,1,0,0,0,0,0,0,0,0,0,0,0,1,0,0,0,0,8,0,0,0,0,0,0,0,0,1,0,0,0,0,1,0,0,1,0,0,8,24,0,0,1,1,0,1,7,1,0,0,1,0,0,0,4,0,0,4,0,0,0,0,0,1,0,0,0,0,6,0,0,0,0,0,0,6,0,1,0,0,0,2,0,4,1,5,0,0,2,0,0,1,0,0,0,0,2,0,2,0,0,1
670,670,0,0,0,0,0,0,0,0,0,0,0,0,0,0,0,0,0,0,0,0,0,0,0,0,0,0,1,0,0,0,0,0,0,0,0,0,0,2,1,0,0,1,0,0,0,0,1,1,1,2,0,0,0,0,0,0,1,0,0,0,0,0,0,0,3,0,0,0,0,0,0,0,0,0,0,0,0,0,0,0,0,0,0,0,0,1,0,0,0,0,0,0,1,0,0,0,0,0,0,0,0,0,0,0,0,0,0,0,0,0,0,0,0,2,1,0,0,0,5,0,1,0,0,0,0,0,0,0,0,0,0,0,0,0,0,0,0,0,0,0,0,0,0,0,0,0,0,0,0,2,0,7,0,0,0,0,0,0,0,0,4,0,0,0,0,0,0,0,0,0,0,0,0,1,0,0,0,0,0,0,0,0,0,4,0,0,0,0,0,0,0,0,0,1,0,0,0,0,0,0,0,0,0,0,0,0,0,0,0,0,0,0,0,0,0,0,0,0,0,0,1,0,0,0,0,0,0,0,0,3,5,0,1,0,0,0,3,0,2,0,0,0,0,1,0,0,0,0,0,0,0,0,0,0,0,0,0,0,2,0,0,0,0,0,0,0,1,0,0,0,0,0,0,0,0,0,0,0,0,0,0,0,0,0,0,0,0,0,0,0,0,0,0,0,5,0,0,0,1,0,0,0,0,0,0,0,0,0,0,0,2,2,0
671,671,0,0,1,3,0,0,0,0,0,5,0,0,0,0,0,0,0,0,1,3,0,0,1,0,0,0,1,0,0,3,0,0,0,5,0,0,1,0,3,1,1,4,0,0,0,0,0,0,3,0,0,1,2,0,0,12,0,0,0,0,0,0,0,6,1,0,0,0,0,0,0,0,2,0,0,0,0,0,0,0,0,0,0,0,0,0,0,0,0,1,0,0,0,0,0,0,0,0,0,0,0,0,0,0,0,0,0,0,2,0,0,0,0,1,0,0,0,0,1,1,0,0,0,18,3,1,0,1,0,0,0,0,0,2,0,0,0,0,0,3,1,4,0,0,0,0,0,0,0,1,0,2,0,1,0,0,0,0,0,0,0,0,0,0,0,0,1,1,0,0,0,0,0,0,0,0,0,0,0,2,2,0,0,0,1,0,5,0,0,0,1,0,0,0,8,0,2,0,0,0,0,0,0,0,0,0,3,0,0,0,0,0,1,0,0,0,0,0,0,0,0,0,0,1,0,0,0,0,0,1,0,1,0,0,0,0,1,0,3,0,0,0,0,0,0,0,0,1,0,0,5,0,0,0,2,0,1,0,0,0,0,0,0,1,0,0,0,0,5,0,0,0,0,1,0,0,0,0,0,1,0,0,0,0,2,0,0,0,0,0,0,0,1,0,2,0,2,4,0,0,0,0,0,0,1,0,0,0,0,0,2,6,0
672,672,3,2,7,6,0,0,0,1,0,0,0,0,0,0,0,0,21,0,1,0,0,0,3,0,1,0,1,0,0,0,0,0,1,0,0,0,4,0,0,0,0,15,0,0,0,0,0,0,0,0,0,1,0,0,0,2,0,0,1,0,0,0,0,0,0,0,1,15,5,1,0,0,3,0,0,0,0,0,0,0,0,0,0,0,0,8,0,0,0,0,0,0,0,0,0,1,0,0,0,2,4,1,0,1,0,0,0,0,1,4,0,4,17,35,0,0,0,0,2,8,0,0,0,0,0,0,4,7,0,0,0,15,0,0,0,0,0,0,0,0,1,1,0,0,0,0,0,0,0,0,0,0,0,0,0,1,2,0,0,0,0,0,0,0,0,0,22,16,0,1,1,0,0,6,0,0,0,0,0,0,0,0,0,0,0,7,1,0,4,0,2,9,0,0,0,1,0,0,0,0,0,0,0,0,1,1,4,0,0,0,0,0,2,0,0,1,0,0,0,0,0,0,0,0,0,0,0,0,0,7,0,0,0,0,0,0,0,0,0,0,0,0,0,0,0,1,6,0,0,6,25,0,2,0,1,0,3,6,2,0,0,2,0,0,0,1,1,0,5,0,0,0,0,2,7,0,0,3,0,29,0,0,0,0,7,0,4,1,0,2,0,0,2,0,7,6,2,0,0,2,0,0,2,2,0,0,0,1,1,6,0,0,7
673,673,4,1,1,4,0,0,0,0,0,0,0,0,0,0,0,0,6,0,0,0,0,0,0,0,0,0,1,0,0,0,0,0,1,0,0,0,1,0,0,0,0,15,0,0,0,0,0,0,0,0,0,3,0,0,0,0,0,0,0,0,0,0,0,0,0,0,0,8,3,1,0,0,1,0,0,0,0,0,0,0,1,0,1,0,0,6,0,0,0,1,0,0,0,0,0,1,0,1,0,0,2,2,0,2,0,0,0,0,0,1,0,5,8,28,0,0,0,0,3,11,0,0,0,0,0,0,2,8,0,0,1,10,0,0,0,0,0,0,0,0,0,0,0,1,0,0,0,0,0,0,0,0,0,0,0,2,0,0,0,0,0,0,0,0,0,0,16,18,0,0,0,0,0,0,0,0,0,0,0,0,0,0,0,1,0,6,1,0,0,0,0,9,0,0,0,0,0,0,0,0,0,0,0,0,3,0,7,0,0,0,1,1,0,0,0,0,0,0,0,1,0,0,0,0,0,0,0,0,0,5,0,0,0,0,0,0,0,1,1,0,0,1,0,1,1,0,3,0,0,2,37,0,0,1,4,0,3,7,0,0,0,0,0,0,0,0,0,0,2,0,0,0,0,1,0,0,1,0,0,19,0,0,0,0,2,0,2,1,0,0,0,0,1,0,1,0,1,0,0,2,2,0,0,1,0,0,0,0,0,0,0,0,0
674,674,3,0,6,2,0,0,0,4,0,0,0,0,0,0,0,0,12,0,0,0,0,0,2,0,2,0,0,0,0,0,0,0,2,0,0,0,1,0,0,0,0,6,0,0,0,0,0,0,0,0,0,4,0,0,0,0,0,0,0,0,0,0,0,0,0,0,1,2,1,0,1,0,0,0,0,0,0,0,0,0,0,0,0,0,0,7,0,0,0,0,0,0,0,0,0,1,0,0,0,0,1,1,0,0,0,0,0,0,0,3,0,6,5,26,1,0,1,0,0,10,0,0,0,0,0,0,2,9,0,0,1,3,0,0,0,0,0,0,0,0,1,1,0,0,0,0,0,0,0,0,0,0,0,0,0,0,1,0,0,0,0,0,0,0,0,0,17,18,0,2,0,0,0,0,0,0,0,0,0,0,0,0,0,0,0,1,0,0,0,0,0,8,0,0,0,0,0,0,0,0,0,0,0,0,4,1,3,0,0,0,1,0,3,0,0,2,0,0,0,0,0,0,0,0,0,0,0,0,0,2,0,0,0,0,0,0,0,0,1,0,0,0,0,0,0,0,3,0,0,6,40,0,1,1,5,0,7,0,0,0,0,1,0,0,0,0,0,1,2,0,0,0,0,1,1,0,0,0,0,11,0,0,0,0,2,0,1,0,0,0,0,0,2,0,2,1,1,0,0,0,0,1,1,0,0,0,2,1,0,1,0,0,0
675,675,0,3,5,3,0,0,0,3,0,0,0,0,0,0,0,0,8,0,0,1,0,0,4,0,1,0,1,0,0,0,0,0,3,0,0,0,3,0,0,0,0,12,1,0,0,0,0,1,0,0,0,2,0,0,0,0,0,0,0,0,0,0,0,0,0,0,0,11,1,0,3,0,2,0,0,0,0,0,0,0,0,0,0,0,0,8,0,0,1,1,1,0,0,0,0,0,0,0,0,0,4,3,0,1,0,0,0,0,0,0,0,13,20,63,0,0,0,0,4,17,0,0,0,0,0,0,8,21,0,0,0,16,0,1,0,0,0,0,0,0,1,1,0,0,0,0,0,0,0,0,0,0,0,0,2,0,0,0,0,1,0,0,0,0,0,0,20,16,1,0,0,0,1,0,1,0,2,0,0,0,0,0,0,1,0,2,0,0,11,0,3,10,0,0,0,0,1,0,0,0,0,0,0,0,5,0,3,0,0,0,0,0,2,0,0,2,0,0,0,0,0,0,0,0,1,0,0,0,0,8,0,0,0,0,0,0,0,0,2,0,0,0,0,1,0,0,2,0,0,12,28,0,2,2,1,0,0,19,0,0,0,0,0,0,0,7,0,1,5,0,0,0,0,1,1,0,0,0,1,8,0,0,0,0,1,0,8,1,1,0,0,1,4,0,5,5,6,0,0,3,2,0,4,0,0,0,1,0,0,0,0,0,2
676,676,0,0,1,0,0,0,0,0,0,0,0,0,0,0,0,0,7,0,0,0,0,0,4,0,1,0,0,0,0,0,0,0,1,0,0,0,2,0,0,0,0,7,0,0,0,0,0,0,0,0,0,1,0,0,0,0,0,0,0,0,0,0,0,0,0,0,0,3,0,0,0,0,0,0,0,0,0,0,0,0,0,0,0,0,0,3,0,0,0,0,1,0,0,0,0,0,0,0,0,0,4,2,0,0,0,0,0,0,1,0,0,2,4,18,0,0,2,0,3,8,0,0,0,0,0,0,1,5,0,0,0,7,0,0,0,0,0,0,0,0,0,1,0,0,0,0,0,0,0,0,0,0,0,0,0,0,0,0,0,2,0,0,0,0,1,0,10,7,0,0,0,0,0,1,0,0,0,0,0,0,0,0,0,0,0,2,0,1,3,0,1,7,0,0,0,0,0,0,0,0,0,0,0,0,3,0,2,0,0,0,0,1,2,0,0,0,0,0,0,0,0,0,0,0,0,0,0,0,0,3,0,0,0,0,0,0,0,1,0,0,0,0,0,0,0,0,0,0,0,1,20,0,0,0,2,0,3,3,0,0,0,3,0,0,0,0,0,0,2,0,0,0,0,0,1,0,0,0,0,4,0,0,0,0,0,0,3,0,1,0,0,0,1,0,2,0,4,0,0,1,2,0,0,0,0,0,1,0,0,1,0,0,0
677,677,0,8,12,0,0,0,0,1,0,0,0,0,0,0,0,0,9,0,0,0,0,0,2,0,2,0,0,0,0,0,0,0,0,0,0,0,4,0,0,0,0,13,1,0,0,0,0,0,0,0,0,2,0,0,0,0,0,0,0,0,0,0,0,0,0,0,0,3,0,0,3,0,0,0,0,0,0,0,0,0,0,0,0,0,0,4,0,0,0,1,0,0,0,0,0,1,0,0,0,0,6,11,0,1,0,0,0,1,0,1,0,3,6,27,0,0,1,0,0,10,0,0,0,0,0,0,3,8,0,0,0,7,0,1,0,0,0,0,0,0,1,0,0,0,0,0,0,0,0,0,0,0,0,0,0,0,0,0,0,1,0,0,0,0,1,1,15,11,7,1,0,0,0,0,0,0,1,0,0,0,0,0,0,0,0,1,0,0,3,0,0,2,0,0,0,0,0,0,0,0,0,0,2,9,3,0,4,0,0,0,0,0,1,0,1,2,0,0,0,0,0,0,0,0,0,0,0,0,0,1,0,1,0,0,0,1,0,2,0,0,0,0,0,5,0,0,1,0,0,7,15,0,1,1,1,0,0,1,0,3,0,0,0,0,0,0,0,0,2,0,0,0,0,0,1,0,0,1,0,9,0,0,1,0,0,0,4,0,1,1,0,0,0,0,4,2,2,0,0,2,2,2,3,0,0,0,0,0,0,1,0,0,2
678,678,0,0,0,0,1,0,0,0,0,0,0,0,0,0,0,0,0,0,0,0,0,0,0,0,0,0,0,0,0,0,0,0,0,0,0,0,0,0,0,0,0,0,0,1,0,2,3,0,1,0,0,0,0,0,0,0,0,0,0,0,0,0,0,0,0,0,0,0,0,0,0,0,2,0,0,0,0,0,0,0,0,0,0,0,0,0,0,0,0,0,4,0,0,0,0,0,0,0,0,0,0,0,0,0,0,0,0,0,0,0,0,0,0,1,1,0,0,0,0,0,0,0,0,0,0,0,0,3,0,0,0,0,0,1,0,0,0,0,0,0,0,0,0,0,0,0,0,0,0,0,0,2,0,0,0,0,0,0,0,0,0,0,0,0,0,0,0,0,0,0,0,0,0,1,0,0,0,0,0,0,0,0,0,0,0,0,0,0,1,0,0,0,0,0,0,0,0,0,0,0,0,0,0,0,0,0,1,0,0,0,0,0,0,0,0,0,0,0,0,0,0,0,0,0,0,0,0,0,0,1,0,0,1,0,0,0,2,0,0,0,0,0,0,0,0,0,0,1,0,0,0,0,0,0,0,0,0,0,0,0,0,0,0,0,0,0,0,0,0,0,0,0,0,0,1,0,0,0,0,0,0,1,0,0,0,0,0,0,0,0,0,0,0,0,0,0,0,0,3,0,0,0,0,0,0,0,0,1,0,0,0,0,0
679,679,0,3,0,1,0,0,0,0,0,1,0,0,0,0,1,0,1,0,0,0,1,0,0,0,0,0,0,0,0,0,0,0,0,0,0,0,0,1,0,0,0,0,0,0,0,3,7,3,4,1,0,0,0,0,1,0,2,0,0,0,0,0,0,0,1,0,0,0,0,0,0,0,0,0,0,0,0,0,0,0,0,0,0,1,0,1,0,0,0,0,7,0,3,0,0,0,0,0,0,0,0,0,0,0,0,0,0,0,0,0,0,0,0,0,6,0,0,0,2,0,0,0,0,0,0,0,0,1,0,0,1,1,0,1,0,1,3,0,0,0,1,1,0,0,0,0,0,0,0,4,0,7,0,0,0,0,0,0,0,0,0,0,0,0,0,0,1,0,0,0,0,0,0,0,0,0,0,0,0,0,1,0,0,7,0,0,0,0,0,0,0,0,0,1,0,0,0,0,0,0,0,0,0,0,0,1,0,0,0,0,0,0,0,0,0,0,0,0,0,0,2,0,0,0,0,0,0,1,0,3,8,0,0,0,0,0,7,0,0,0,0,0,0,0,0,0,1,0,0,0,0,0,0,0,0,0,0,0,1,0,0,0,3,0,0,0,0,0,0,0,0,0,0,0,0,0,0,1,0,0,0,0,0,0,0,0,0,0,0,1,0,1,0,0,0,0,0,0,6,0,0,0,0,0,0,0,2,0,0,0,1,0,0
680,680,0,2,2,1,0,0,0,3,0,0,0,0,0,0,0,0,11,0,1,0,0,0,2,0,1,0,1,0,0,0,0,0,2,0,0,0,2,0,0,0,0,12,0,0,0,0,0,0,0,0,0,2,0,0,0,0,0,0,0,0,0,0,0,0,0,0,0,16,4,2,0,0,3,0,0,0,0,0,0,0,0,0,0,1,0,3,0,0,0,2,0,0,1,0,0,0,0,0,0,2,5,0,0,0,0,0,0,1,2,1,0,5,15,28,0,0,0,0,1,9,0,0,0,0,0,0,3,11,0,0,0,13,0,0,0,0,0,0,0,0,0,1,0,0,0,0,0,0,0,0,0,0,0,0,1,1,2,0,0,0,0,0,0,0,0,0,21,18,1,0,0,0,0,2,0,0,0,0,0,0,0,0,0,2,0,3,0,0,2,0,0,4,0,0,0,0,0,0,0,0,0,0,0,0,2,0,5,0,0,0,0,0,0,0,0,0,0,0,0,0,0,0,0,0,0,0,1,0,0,2,0,0,0,0,0,0,0,0,1,0,0,0,0,0,0,0,2,0,0,10,27,0,1,0,0,0,2,5,2,0,0,0,0,0,0,2,0,0,0,0,1,0,0,3,3,0,0,1,0,30,0,0,0,0,0,0,2,1,0,0,0,0,5,0,0,0,1,0,0,4,0,0,0,1,0,0,1,0,0,9,0,0,0
681,681,2,1,1,6,0,0,0,3,0,0,0,0,0,0,1,0,22,0,0,0,0,0,0,0,4,0,0,0,0,0,0,0,3,0,0,0,3,0,0,0,0,18,2,0,0,0,1,0,0,0,0,3,0,0,0,0,0,0,0,0,0,0,0,1,0,0,0,5,9,1,0,0,1,0,0,0,0,0,0,0,0,0,1,0,0,11,0,0,0,2,0,0,0,3,0,0,0,1,0,0,3,0,0,1,0,0,0,1,0,3,2,9,11,50,0,0,0,0,3,19,0,0,0,0,0,0,6,16,0,0,0,11,0,0,0,0,0,1,0,0,0,0,0,1,0,0,0,0,0,0,0,0,0,0,1,1,1,0,0,0,0,0,0,0,0,0,26,17,0,1,0,0,0,3,0,0,0,0,0,0,0,0,0,0,0,3,0,0,2,0,0,14,0,0,1,0,0,0,0,0,0,0,0,0,6,1,4,0,0,0,0,0,0,0,0,0,0,0,0,0,0,0,0,0,0,0,0,0,0,6,0,1,0,0,0,0,0,1,2,0,0,0,0,0,0,0,3,0,0,7,45,0,0,3,2,0,7,3,0,0,0,6,1,0,0,0,0,0,5,0,0,0,0,4,2,0,1,1,0,27,0,0,0,0,7,0,5,2,0,0,0,0,3,0,10,0,4,0,0,1,4,0,3,2,0,0,2,3,0,5,0,0,2
682,682,2,2,2,2,0,0,0,2,0,0,0,0,0,0,0,0,9,0,0,0,0,0,0,0,1,0,2,0,0,0,1,0,0,0,0,0,4,0,0,0,0,15,0,0,0,0,0,0,0,0,0,3,0,0,0,0,0,0,0,0,0,0,0,0,0,0,0,2,4,1,0,0,0,0,0,0,0,0,0,0,0,0,0,0,0,3,0,0,0,1,0,0,0,0,0,0,0,0,0,2,2,2,0,1,0,0,0,0,0,1,0,2,12,30,1,0,2,0,3,8,0,0,0,0,0,0,3,14,0,0,0,11,0,0,0,0,0,0,0,0,0,1,0,0,0,0,0,0,0,0,0,0,0,0,0,1,1,0,0,1,0,0,0,0,0,0,10,7,0,0,0,0,0,2,0,0,0,0,0,0,0,0,0,0,0,1,0,0,0,0,0,12,0,0,0,0,0,0,0,0,0,0,0,0,4,0,2,0,0,0,0,0,0,0,0,2,0,0,0,0,0,0,0,0,0,0,0,0,0,3,0,0,0,0,0,0,0,1,0,0,0,0,1,1,0,0,2,0,0,7,20,0,1,1,0,0,5,0,0,0,0,0,0,0,0,0,0,0,1,0,0,0,0,2,1,0,0,0,0,16,0,0,0,0,4,0,4,1,0,0,0,0,1,0,3,1,1,0,0,3,0,1,1,1,0,0,1,1,0,2,0,0,1
683,683,0,1,3,4,0,0,0,0,0,0,0,0,0,0,0,0,7,0,0,0,0,0,1,0,1,0,0,0,0,0,0,0,0,0,0,0,4,0,0,0,0,12,0,0,0,0,1,0,0,0,0,1,0,0,0,0,0,0,0,0,0,0,0,0,0,0,0,5,2,0,2,0,0,0,0,0,0,0,0,0,0,0,0,0,0,4,0,0,0,0,1,0,0,0,0,0,0,0,0,0,5,0,0,0,0,0,0,0,1,2,0,6,8,44,0,0,0,0,3,8,0,0,0,0,0,0,2,8,0,0,0,6,0,1,0,0,0,0,0,0,0,3,0,0,0,0,0,0,0,0,0,0,0,0,0,3,0,0,0,2,0,0,0,0,0,0,17,9,0,0,0,0,0,0,0,0,1,0,0,0,0,0,0,0,0,4,0,1,8,0,2,5,0,0,0,0,0,0,0,0,0,0,0,0,1,1,2,0,0,0,0,1,1,0,0,0,0,0,0,0,0,0,0,0,1,0,0,0,0,8,0,0,0,0,0,0,0,0,3,0,0,0,0,2,0,0,4,0,0,6,36,0,0,0,1,0,4,3,0,0,0,1,0,0,0,1,0,0,1,0,0,0,0,2,1,0,0,0,0,8,0,0,0,0,0,0,11,0,0,0,0,0,5,0,8,0,2,0,0,1,0,0,1,0,0,0,1,3,1,0,0,0,2
684,684,1,0,0,1,1,0,0,0,0,0,0,0,0,0,0,0,2,0,0,0,0,0,2,0,0,0,1,0,0,0,0,0,1,0,0,0,4,0,1,0,0,6,0,0,0,0,0,1,0,6,0,1,0,0,0,0,0,0,0,0,0,0,0,0,0,0,0,1,0,0,0,0,1,0,0,0,0,0,0,0,0,0,0,0,0,5,0,0,0,0,2,0,1,0,0,0,0,0,0,0,2,1,0,1,0,0,0,0,1,0,0,2,7,24,1,0,0,0,2,6,0,0,0,0,0,0,1,12,0,0,0,7,0,0,0,0,3,0,0,0,0,1,0,1,0,0,0,0,0,1,0,0,0,0,2,0,1,0,0,0,0,0,0,0,0,0,12,9,0,0,0,0,0,1,0,0,0,0,0,0,0,0,0,1,0,0,0,0,2,0,1,3,0,0,0,0,0,0,0,0,0,0,0,0,2,0,4,0,0,0,0,0,1,0,0,1,0,0,0,0,0,0,0,0,0,0,0,0,0,4,0,0,0,0,0,0,3,0,1,0,0,0,0,1,0,0,0,2,0,4,16,0,0,3,0,0,2,0,2,0,0,0,0,0,0,0,0,0,2,0,0,0,0,0,0,0,0,0,0,4,0,0,1,0,0,0,2,3,1,0,0,0,0,0,3,0,0,0,0,0,1,0,2,1,0,0,1,0,0,1,0,0,1
685,685,0,1,5,3,0,0,0,5,0,0,0,0,0,0,0,0,14,0,0,0,0,0,1,0,0,0,0,0,0,0,0,0,0,0,0,0,2,0,0,0,0,3,1,0,0,0,0,0,0,0,0,2,0,0,0,0,0,0,0,0,0,0,0,0,0,0,0,1,1,0,0,0,0,0,0,0,0,0,0,0,0,0,0,0,0,3,0,0,0,0,0,0,0,0,0,0,0,0,0,0,2,1,0,0,0,0,0,0,0,2,0,3,7,17,0,0,0,0,0,2,0,0,0,0,0,0,2,7,0,0,0,13,0,0,0,0,0,0,0,0,0,0,0,0,0,0,0,0,0,0,0,0,0,0,0,0,0,0,0,0,0,0,0,0,0,0,8,8,0,0,0,0,0,1,0,0,0,0,0,0,0,0,0,0,0,0,0,0,1,0,1,7,0,0,0,0,0,0,0,0,0,0,0,0,0,0,1,0,0,0,0,0,0,0,0,0,0,0,0,0,0,0,0,0,0,0,0,0,0,3,1,0,0,0,0,0,0,0,1,0,0,0,0,2,0,0,1,0,0,2,10,0,0,1,4,0,0,0,0,0,0,1,0,0,0,0,0,0,0,1,0,0,0,2,0,0,0,0,0,3,0,0,0,0,0,0,0,0,1,0,0,0,0,0,2,0,0,0,0,1,3,0,0,2,0,0,0,1,1,0,0,0,2
686,686,0,0,1,1,0,1,0,0,0,0,0,0,0,0,0,0,1,0,0,0,0,0,0,0,0,0,0,0,0,1,0,0,0,1,0,0,1,0,0,2,0,3,1,0,0,0,0,0,0,0,0,0,0,0,1,4,2,0,0,0,0,0,0,0,0,0,0,0,1,0,0,0,1,0,0,0,0,0,0,0,0,0,0,0,0,1,0,0,0,2,2,0,0,0,0,0,0,0,0,0,0,0,1,0,0,0,0,0,0,1,0,2,0,8,0,0,0,0,4,0,0,0,0,2,0,0,0,5,0,0,0,0,0,0,0,0,0,0,0,0,0,1,0,2,0,0,0,0,0,0,0,0,0,0,0,0,2,0,0,0,0,1,0,0,0,0,3,4,0,0,0,0,0,2,0,0,0,0,0,1,0,0,0,1,0,2,1,0,0,0,0,1,0,0,0,0,0,0,0,0,0,0,0,2,1,0,1,0,0,0,0,0,0,0,0,0,0,0,0,0,0,0,0,1,0,0,0,0,0,2,0,0,0,0,0,0,0,0,2,0,0,0,0,0,0,1,1,0,0,1,4,0,0,1,0,0,0,1,0,0,1,0,0,0,0,0,0,0,4,0,0,0,0,0,0,0,0,0,0,2,0,0,0,0,0,0,2,0,0,1,0,0,1,0,2,0,0,0,0,0,0,0,0,0,0,0,0,0,0,1,0,0,1
687,687,0,6,1,1,2,1,0,0,0,0,0,0,0,0,0,0,0,0,0,0,4,0,0,0,0,0,0,0,0,0,0,0,0,0,7,0,1,8,0,0,0,1,1,0,0,0,0,0,0,0,0,0,0,0,0,0,0,0,0,0,0,0,0,0,0,0,0,0,0,0,0,0,0,0,0,0,0,0,0,0,0,0,0,0,0,2,0,0,6,1,0,0,0,0,0,0,0,3,1,0,0,1,0,0,0,1,0,0,0,0,0,0,0,0,0,0,0,0,0,0,1,8,0,0,0,0,1,0,0,0,2,0,0,1,0,0,0,0,0,0,1,0,0,0,0,0,4,0,0,0,0,0,0,0,0,0,0,0,0,0,0,0,0,0,0,0,0,0,0,0,0,0,0,1,0,0,0,0,0,1,0,4,0,18,0,0,0,0,2,0,0,0,0,1,0,0,0,0,0,0,0,0,0,0,0,0,0,0,0,0,0,0,0,0,0,0,0,0,0,0,3,7,0,0,0,0,0,1,0,3,14,0,0,0,0,0,0,0,1,2,0,0,0,0,0,0,2,1,0,0,0,0,0,0,0,0,1,0,0,0,8,1,0,0,0,0,0,0,0,0,1,0,0,0,1,0,0,0,0,0,0,0,0,0,0,0,0,0,0,0,0,0,1,0,0,0,0,0,0,0,0,0,0,0,0,0,0,0,0,0,1,1,0
688,688,3,0,2,4,0,1,0,1,0,1,0,0,0,0,0,0,10,0,0,0,0,0,0,0,0,0,0,0,0,0,0,0,1,0,0,0,4,0,1,0,0,11,0,0,0,0,0,0,0,0,0,2,0,0,0,0,0,0,0,0,0,0,0,0,0,0,0,4,5,1,0,0,0,0,0,0,0,0,0,0,0,0,0,0,0,4,0,0,0,0,0,0,0,0,0,0,0,0,0,0,3,1,0,0,0,0,0,0,1,0,0,1,11,16,0,0,0,0,0,2,0,0,0,0,0,0,2,7,0,0,0,10,0,0,0,0,0,0,0,0,2,0,0,0,0,0,0,0,0,0,0,0,0,0,0,1,0,0,0,0,0,0,0,0,0,0,12,8,0,1,0,0,0,0,0,0,0,0,0,1,0,0,0,0,0,2,0,2,1,0,0,6,0,0,0,0,0,0,0,0,0,0,0,0,1,0,2,0,0,0,1,1,0,0,0,0,0,0,0,0,0,0,0,0,0,0,0,0,0,5,0,0,0,0,0,0,0,0,0,0,0,0,0,1,1,0,2,0,0,5,7,0,0,0,1,0,7,2,0,0,0,0,0,0,0,1,0,0,0,0,0,0,0,0,0,0,0,0,0,8,0,0,0,0,5,0,1,0,0,0,0,0,1,0,3,0,0,0,0,0,0,0,0,0,0,0,0,0,0,2,0,0,1
689,689,1,1,2,2,0,1,0,0,1,0,0,0,0,0,0,0,19,0,0,0,0,0,1,0,0,0,2,0,0,0,0,0,0,0,1,0,1,0,0,0,0,8,1,0,0,0,1,0,0,0,0,7,0,0,0,0,0,0,0,0,0,0,0,0,0,0,0,4,3,0,3,1,1,0,0,1,0,0,0,0,0,0,1,0,0,11,0,0,1,0,0,0,1,0,0,1,0,0,0,1,7,11,0,1,0,0,0,0,1,1,0,9,6,55,0,0,3,0,2,12,0,0,0,0,0,0,3,8,0,0,0,9,0,1,0,0,0,0,0,0,1,0,0,0,0,0,1,0,0,0,0,0,0,0,1,3,0,0,0,0,0,0,0,0,0,1,17,7,3,0,0,0,0,1,0,0,0,0,0,0,0,0,0,0,0,0,0,0,2,0,0,12,0,1,0,0,0,0,0,0,0,0,2,4,2,1,4,0,0,0,0,0,0,0,0,1,0,0,0,0,0,0,0,0,0,0,0,0,0,8,0,0,0,0,0,0,0,1,1,0,0,0,0,4,0,0,4,0,0,6,29,0,0,1,1,0,0,0,0,0,0,2,2,0,0,3,0,0,3,0,0,0,0,1,1,0,1,0,0,10,0,0,0,0,1,0,6,2,0,0,0,0,7,0,3,1,7,0,0,2,1,0,0,1,0,0,2,0,0,0,0,0,1
690,690,0,3,1,1,0,0,0,0,0,0,0,0,0,0,0,0,0,0,0,0,1,0,1,0,0,0,1,0,0,0,0,0,0,0,0,0,1,0,0,0,0,1,0,0,0,0,0,0,0,0,0,0,0,0,0,0,0,0,0,0,0,0,0,0,0,0,0,0,1,0,0,0,0,0,0,0,0,0,0,0,0,0,0,0,0,0,0,0,0,0,0,0,0,0,0,0,0,0,0,0,0,1,0,0,0,0,0,0,0,0,0,0,0,4,0,0,1,0,0,0,1,0,0,0,0,0,0,0,1,0,0,0,1,0,0,0,0,0,0,0,0,0,0,0,0,0,2,0,0,0,0,0,0,0,0,0,0,0,0,0,0,0,0,0,0,0,2,0,5,0,1,0,0,0,0,0,0,0,0,0,0,0,0,3,0,0,0,0,3,0,0,0,0,0,0,0,0,0,0,0,0,0,1,2,1,0,0,0,0,0,0,0,0,0,0,0,0,0,0,0,1,2,1,0,0,1,0,0,0,3,8,0,0,0,0,1,0,0,0,1,0,0,0,0,0,0,3,0,0,1,1,0,0,0,0,0,0,1,0,1,0,0,0,0,0,0,1,0,0,0,0,0,0,0,1,0,0,2,0,2,0,0,0,0,0,0,1,2,0,0,0,0,0,0,0,0,0,0,0,0,2,1,1,0,0,0,0,0,0,0,1,1,0
691,691,0,3,0,0,0,0,0,0,0,0,0,0,0,0,0,0,2,0,0,0,0,0,0,0,1,0,0,0,0,0,0,0,0,0,3,0,0,1,0,0,0,0,1,0,0,0,0,0,0,1,0,0,0,0,0,0,0,0,0,0,0,0,0,0,0,0,0,0,0,0,0,0,0,0,0,0,0,1,0,0,0,0,0,0,0,1,0,0,0,0,1,0,0,0,0,0,0,0,0,0,0,0,0,0,0,0,0,0,0,0,0,0,0,3,0,0,0,0,1,0,0,0,0,0,0,0,0,0,0,0,0,0,0,0,0,0,0,0,0,0,0,0,0,0,0,0,0,0,0,0,0,0,0,0,0,0,0,0,0,0,0,0,0,0,0,0,0,0,0,0,0,0,0,0,0,0,0,0,0,0,1,0,0,0,0,0,0,0,0,0,0,0,0,2,0,0,0,0,0,0,0,0,0,0,0,0,1,0,0,0,0,0,0,0,0,0,0,0,0,0,2,1,0,0,0,0,0,0,0,0,10,0,1,0,1,0,0,0,0,0,0,0,0,0,0,0,3,0,0,0,0,0,0,0,0,0,0,0,0,0,0,0,0,0,0,0,0,0,0,0,0,0,0,0,0,0,0,0,0,0,0,0,0,0,1,0,0,0,0,0,0,0,0,0,1,0,0,0,0,0,0,0,0,0,0,0,0,1,0,0,0,0,1
692,692,0,1,0,0,0,0,0,0,0,0,0,0,1,0,0,0,0,0,0,0,0,0,0,0,1,0,0,0,0,0,0,0,0,0,1,0,0,4,0,0,0,0,0,0,0,0,0,0,0,0,0,0,0,0,0,0,0,0,0,0,0,0,0,0,0,0,0,0,0,0,0,0,0,0,0,0,0,0,0,0,1,0,0,0,0,1,0,0,1,0,0,0,0,0,0,0,0,0,0,0,0,2,0,0,0,0,0,0,0,0,0,2,0,2,0,0,0,0,1,0,0,3,0,0,0,0,2,0,0,0,0,0,0,0,0,0,0,0,0,0,0,0,0,0,0,0,0,0,0,0,0,0,0,0,0,0,0,0,0,0,0,0,0,0,0,0,0,0,0,0,0,0,0,0,0,0,0,0,0,0,2,2,0,9,0,0,0,0,0,0,0,0,0,5,0,0,0,0,0,0,0,0,0,2,0,0,0,0,0,0,0,0,0,0,0,0,0,0,0,0,4,1,0,0,0,0,0,0,0,3,11,0,0,0,0,0,0,1,0,0,0,0,0,0,0,0,0,0,0,0,0,0,0,0,0,0,0,0,0,0,11,1,0,0,0,0,0,0,0,0,0,0,0,0,2,0,0,0,0,0,0,2,0,0,0,0,0,0,0,0,0,0,0,0,1,0,0,0,0,0,0,0,0,1,0,0,1,0,0,0,1,0,0
693,693,0,2,3,2,0,0,0,1,0,0,0,0,0,0,1,0,18,0,0,0,0,0,1,0,1,0,0,0,0,0,0,0,0,0,0,0,3,0,0,0,0,17,0,0,0,0,1,1,0,2,0,6,0,0,0,0,0,0,0,0,0,0,0,0,0,0,0,9,10,1,0,0,5,0,0,0,0,0,0,0,0,0,0,0,0,11,0,0,0,0,1,0,0,0,0,1,0,1,0,1,2,6,0,1,0,0,1,1,0,3,0,4,18,23,1,0,0,0,1,10,0,0,0,0,0,0,1,11,0,0,0,8,0,0,0,0,0,0,0,0,0,3,1,0,0,0,0,0,0,1,0,0,0,0,1,1,4,0,0,0,0,0,0,0,0,0,19,22,0,0,0,0,0,3,0,0,0,0,0,0,0,0,0,0,0,3,0,0,3,0,0,7,0,0,0,0,0,0,0,0,0,0,0,0,3,0,4,0,0,0,0,1,1,0,0,0,0,0,0,1,0,0,0,0,0,0,0,0,0,8,0,0,0,0,0,0,2,2,1,0,0,0,0,1,1,0,1,0,0,12,31,0,0,2,2,0,5,6,3,0,0,2,0,0,0,2,0,2,2,0,0,0,0,11,3,0,0,0,0,22,0,0,0,0,14,0,3,2,1,0,0,0,5,0,5,0,2,0,0,1,1,0,0,2,0,0,4,2,0,5,0,0,4
694,694,6,0,0,2,0,0,0,0,0,0,0,0,0,0,0,0,14,0,0,0,0,0,2,0,0,0,0,0,0,0,0,0,1,0,0,0,1,0,0,0,0,6,0,0,0,0,0,0,0,0,0,2,0,0,0,1,0,0,0,0,0,0,0,0,0,0,0,6,5,0,0,0,0,0,0,0,0,0,0,0,0,0,0,0,0,7,0,0,0,1,0,0,0,0,0,0,0,0,0,1,2,3,0,0,0,0,0,0,0,1,0,2,8,30,0,0,5,0,1,6,0,0,0,0,0,0,8,4,0,0,0,2,0,0,0,0,0,0,0,0,0,0,2,0,0,0,0,0,0,0,0,0,0,0,0,1,0,0,0,0,0,0,0,0,0,0,4,3,0,0,0,0,1,3,0,0,0,0,0,0,0,0,0,0,0,2,1,0,2,0,0,11,0,0,0,0,0,0,0,0,0,0,0,0,0,1,3,0,0,0,1,0,0,0,0,0,0,0,0,0,0,0,0,0,2,0,0,0,0,7,0,0,0,0,0,0,0,0,1,0,0,0,0,0,1,0,3,0,0,6,34,0,0,1,2,0,3,0,0,0,0,0,0,0,0,1,1,0,1,0,0,0,0,1,1,0,0,0,0,8,0,0,0,0,0,0,2,1,0,0,0,0,0,0,2,0,3,0,0,2,0,0,0,0,0,0,1,1,0,1,0,0,1
695,695,0,0,0,0,0,0,0,0,0,0,0,0,0,0,0,0,0,0,0,0,0,0,0,0,0,0,0,0,0,0,0,0,0,0,0,0,0,0,0,0,0,0,0,1,0,0,2,1,0,1,0,0,0,0,0,0,3,0,0,0,0,0,0,0,0,0,0,0,0,0,0,0,0,0,0,0,0,0,0,0,0,0,0,0,0,1,0,0,0,0,6,0,2,0,0,0,0,0,0,0,0,0,0,0,0,0,0,0,0,0,0,0,0,4,3,0,0,0,1,0,0,0,0,0,0,0,1,0,0,0,0,1,0,1,0,3,0,0,0,0,0,0,0,0,0,0,0,0,0,1,0,14,0,0,0,0,0,0,0,0,5,0,0,0,0,0,0,1,0,1,0,0,0,0,1,0,0,0,0,0,1,0,1,0,0,0,0,0,0,0,0,0,0,0,0,0,0,0,0,0,0,0,0,0,0,0,0,0,0,0,0,0,0,0,0,0,0,0,0,0,0,0,0,0,0,0,0,1,0,4,0,0,1,0,0,0,4,0,0,0,0,0,0,1,0,0,1,3,0,0,0,0,0,0,1,0,1,0,0,0,0,0,0,0,0,0,0,0,0,0,0,0,0,0,0,0,0,1,0,0,0,0,1,0,1,0,0,0,0,0,0,0,1,0,2,0,0,0,1,0,1,0,0,0,0,0,0,1,0,0,0,0,0
696,696,0,0,0,0,0,0,0,0,0,0,0,0,0,0,1,0,0,0,0,0,2,0,0,0,0,0,1,0,0,0,0,0,0,0,0,0,0,7,0,0,0,1,1,0,0,0,0,0,0,0,0,0,0,0,0,0,0,0,0,0,0,0,0,0,0,0,0,0,0,0,0,0,0,0,0,0,0,0,0,0,1,0,0,0,0,1,0,0,3,0,0,0,0,0,0,0,0,0,1,0,0,0,0,0,0,1,0,0,0,1,0,0,0,2,0,0,0,0,0,0,0,0,0,0,0,0,0,0,0,0,0,0,0,0,0,0,0,0,0,0,0,0,0,0,0,0,0,0,0,0,0,0,0,0,1,0,0,0,0,0,0,0,0,0,0,0,1,0,0,0,0,0,0,0,1,0,0,0,0,0,0,1,0,19,0,0,0,0,1,0,0,0,0,2,0,0,0,0,0,0,0,0,0,0,0,0,0,0,0,0,0,0,0,0,0,0,0,0,0,0,0,6,0,0,0,0,0,0,0,1,7,0,0,0,0,0,0,0,0,1,0,0,0,0,0,0,3,0,0,0,3,0,0,0,0,0,0,0,1,0,0,0,0,0,0,0,0,0,1,0,0,0,0,0,0,0,0,2,0,0,0,0,0,0,0,0,0,0,0,0,0,0,0,0,0,0,0,0,0,0,1,0,0,0,0,0,1,1,0,0,1,1,0
697,697,0,0,0,4,0,0,0,0,0,0,0,0,0,0,0,0,6,0,0,0,0,0,1,0,3,0,0,0,0,0,0,0,0,0,0,0,2,0,0,0,0,12,0,0,0,0,0,0,0,0,0,0,0,0,0,0,0,0,0,0,0,0,0,0,0,0,0,9,2,1,0,0,2,0,0,0,0,0,0,0,0,0,0,0,0,4,0,0,0,1,0,0,0,1,0,0,0,0,0,2,1,0,0,0,0,0,0,1,0,2,0,4,6,14,0,0,0,0,1,4,0,0,0,0,1,0,0,4,0,0,0,7,0,0,0,0,0,0,0,0,0,0,0,0,0,0,0,0,0,0,0,0,0,0,0,1,1,0,0,0,0,1,0,0,0,0,13,11,0,0,0,0,0,0,0,0,1,0,0,0,0,0,0,0,0,4,0,0,1,0,0,5,0,0,0,0,0,0,0,0,0,0,0,0,2,0,2,0,0,0,1,0,1,0,0,0,0,0,0,0,0,0,0,0,0,0,0,0,0,4,0,2,0,0,0,0,0,0,1,0,0,1,0,0,0,0,2,0,0,2,16,0,0,0,1,0,4,1,0,0,0,1,0,0,0,2,0,0,0,0,0,0,0,1,0,0,0,1,0,19,0,0,0,0,5,0,0,0,0,0,0,0,1,0,5,0,2,0,0,1,0,1,0,1,0,0,2,0,0,3,0,0,2
698,698,0,0,0,2,0,0,0,0,0,0,0,0,0,0,0,0,6,0,0,0,0,0,0,0,0,0,1,0,0,0,0,0,0,0,0,0,1,0,0,0,0,6,0,0,0,0,0,0,0,0,0,0,0,0,0,0,0,0,0,0,0,0,0,0,0,0,0,0,1,0,0,0,0,0,0,0,0,0,0,0,0,0,0,0,0,1,0,0,0,0,0,0,0,0,0,0,0,0,0,0,0,0,0,0,0,0,0,0,0,0,0,2,2,6,0,0,0,0,0,3,0,0,0,0,0,0,1,5,0,0,0,4,0,0,0,0,0,0,0,0,0,1,0,0,0,0,0,0,0,0,0,0,0,0,0,0,0,0,0,0,0,0,0,0,0,0,4,1,0,0,0,0,0,0,0,0,0,0,0,0,0,0,0,0,0,0,0,0,0,0,0,2,0,0,0,0,0,0,0,0,0,0,0,0,0,1,0,0,0,0,0,0,0,0,0,0,0,0,0,0,0,0,0,0,0,0,0,0,0,1,0,0,0,0,0,0,0,0,1,1,0,0,0,0,0,1,0,0,0,3,10,0,0,0,0,0,1,6,1,0,0,0,0,0,0,0,0,0,0,0,0,0,0,1,0,0,0,0,0,3,0,0,0,0,0,0,3,0,0,0,0,0,0,0,0,0,0,0,0,0,0,1,0,0,0,0,0,0,0,0,0,0,2
699,699,0,1,1,3,0,0,0,0,0,0,0,0,0,0,0,0,8,0,0,0,0,0,0,0,0,0,0,0,0,0,0,0,1,0,0,0,2,0,0,0,0,7,3,0,0,0,0,0,0,0,0,3,0,0,0,0,0,0,0,0,0,0,0,0,0,0,0,4,0,1,0,0,1,0,0,0,0,0,0,0,0,0,0,0,0,4,0,0,0,1,0,0,0,1,0,2,0,0,0,0,0,1,0,0,0,0,0,0,2,0,0,3,7,30,0,0,0,0,0,6,0,0,0,0,0,0,2,9,0,0,0,12,0,0,0,0,0,0,0,0,1,0,0,0,0,0,0,1,0,0,0,0,0,0,0,0,0,0,0,0,0,0,0,0,0,0,13,5,0,0,0,0,0,0,0,0,0,0,0,0,0,0,0,0,0,3,0,0,2,0,0,6,0,0,0,0,0,0,0,0,0,0,0,0,0,0,3,0,0,0,0,0,0,0,0,1,0,0,0,0,0,0,0,0,1,0,0,0,0,4,0,0,0,0,0,0,0,1,1,0,0,0,0,0,0,0,1,0,0,4,21,0,0,0,5,0,2,0,0,0,0,0,0,0,0,2,1,1,1,0,0,0,0,0,1,0,0,0,0,12,0,0,0,0,1,0,2,2,0,0,0,0,2,0,4,0,2,0,0,0,1,1,0,0,0,0,2,0,0,0,0,0,2
700,700,0,0,0,0,0,0,0,0,0,0,0,0,0,0,0,0,0,0,0,0,0,0,0,0,0,0,0,0,0,0,0,0,0,0,0,0,0,0,1,0,0,0,0,0,0,0,3,0,0,5,1,0,0,0,0,0,0,0,0,0,0,0,0,0,2,0,0,0,0,0,0,0,0,0,0,0,0,0,0,0,0,0,0,0,0,0,0,0,0,0,3,0,0,0,0,0,0,0,0,0,0,0,0,0,0,0,0,0,0,0,0,0,0,0,1,0,0,0,0,0,0,0,0,0,0,0,1,0,0,0,0,0,0,0,0,0,1,0,0,0,0,0,0,0,0,0,0,0,0,0,0,7,0,0,0,0,0,1,0,0,0,0,0,0,0,0,0,2,0,0,0,0,0,1,0,0,0,0,0,0,0,0,0,0,0,0,0,0,0,0,0,0,0,0,0,0,0,0,0,0,0,0,0,0,0,0,0,0,0,0,0,0,0,0,0,0,0,0,0,0,0,0,0,0,0,0,0,0,0,2,0,0,2,2,0,0,3,0,0,0,0,0,0,0,1,0,0,0,0,0,0,0,0,0,0,0,0,0,0,0,0,0,1,0,0,1,0,0,0,0,0,0,0,0,0,0,0,0,0,0,0,0,0,0,0,0,0,0,0,0,0,0,0,0,0,0,0,0,0,0,0,0,1,0,0,0,0,0,0,0,1,0,0
701,701,0,0,0,2,0,0,0,2,0,0,0,1,0,0,0,0,10,0,0,0,0,0,1,0,0,0,0,0,0,0,0,0,0,0,0,0,1,0,0,0,0,4,1,0,0,0,0,0,0,0,0,3,0,0,0,0,0,0,0,0,0,0,0,0,0,0,0,1,2,1,1,1,2,0,0,0,0,0,0,0,0,0,0,0,0,3,0,0,0,2,0,0,0,0,0,0,0,0,0,0,1,6,0,0,0,0,0,0,0,0,0,2,7,21,0,0,0,0,2,1,0,0,0,0,0,0,0,5,0,0,0,2,0,0,0,0,0,0,0,0,2,0,0,0,0,0,0,0,0,0,0,0,0,0,0,0,0,0,0,1,0,0,0,0,0,0,4,6,0,0,0,0,0,1,0,0,0,0,0,0,0,0,0,1,0,1,0,0,2,0,0,7,0,0,0,0,0,0,0,0,0,0,0,0,1,0,2,0,0,0,0,0,1,0,0,1,0,0,0,0,0,0,0,0,0,0,0,0,0,5,1,0,0,0,0,0,0,0,0,0,0,0,0,1,0,0,3,1,0,7,12,0,0,0,2,0,2,0,0,0,0,1,0,0,0,0,0,1,1,0,0,0,0,1,0,0,0,2,0,8,0,0,0,0,6,0,5,0,0,1,0,0,0,0,2,2,2,0,0,0,2,0,0,0,0,0,1,0,0,2,0,0,1
702,702,0,0,0,0,0,0,0,0,0,1,0,0,0,0,0,0,0,0,0,0,1,0,0,0,0,0,3,0,0,0,0,0,0,0,0,0,2,1,0,0,0,1,0,0,6,0,0,0,0,0,0,0,0,0,0,0,0,0,0,0,0,1,0,2,0,0,0,0,0,0,0,0,0,0,0,0,0,0,0,0,0,0,0,0,0,0,0,0,0,0,0,0,0,0,0,0,0,0,0,0,0,0,0,0,0,0,0,0,0,0,0,0,0,2,1,0,0,0,0,0,0,0,4,2,0,2,1,1,0,0,0,0,0,3,0,0,0,0,0,0,0,0,0,0,0,0,0,1,0,1,0,0,2,5,1,0,0,0,0,0,0,0,0,0,0,0,0,0,0,0,0,0,0,0,0,0,0,0,0,0,0,0,0,1,0,0,6,0,0,0,0,0,0,0,0,0,0,0,0,0,0,0,0,0,0,0,0,0,0,0,0,0,0,0,0,0,0,0,0,1,0,0,0,0,0,0,0,0,0,3,1,0,0,0,0,0,5,0,1,0,0,0,0,0,0,0,0,0,0,0,2,0,0,0,0,0,0,0,0,0,0,0,0,0,0,0,0,3,0,0,0,0,0,0,0,0,0,0,0,0,0,0,0,0,0,0,0,0,0,1,0,0,0,0,3,0,0,0,0,0,0,2,0,0,0,0,0,0,0,0,0,0,0
703,703,2,0,0,2,0,0,0,1,0,0,0,0,0,0,0,0,9,0,0,0,0,0,1,0,0,0,0,0,0,0,0,0,0,0,0,0,0,0,0,0,0,1,0,0,0,0,0,0,0,0,0,2,0,0,0,0,0,0,0,0,0,0,0,0,0,0,1,0,2,0,0,0,0,0,0,0,0,0,0,0,0,0,0,0,0,2,0,0,0,0,0,0,0,0,0,0,0,0,0,0,3,2,0,0,0,0,0,0,0,2,0,3,6,17,0,0,0,0,2,3,0,0,0,0,0,0,0,5,0,0,0,4,0,0,0,0,0,0,0,0,0,1,0,1,0,0,0,0,0,0,0,0,0,0,0,1,0,0,0,0,0,0,0,0,0,0,7,3,0,0,0,0,0,0,0,0,0,0,0,0,0,0,0,0,0,0,0,1,0,0,0,3,0,0,0,0,0,0,0,0,0,0,0,0,0,0,0,0,0,0,0,0,0,0,0,1,0,0,0,0,0,0,0,0,0,0,0,0,0,1,0,0,0,0,0,0,0,0,0,0,0,0,0,0,0,0,3,0,0,4,12,0,0,2,2,0,8,0,0,0,0,0,0,0,0,1,0,0,0,0,0,0,0,1,0,0,0,1,0,12,0,0,0,0,2,0,3,0,0,0,0,0,0,0,1,0,3,0,0,0,0,0,0,0,0,0,0,0,0,0,0,0,1
704,704,0,0,0,0,2,0,0,0,0,0,0,0,0,0,0,0,0,0,0,0,0,0,0,0,0,0,1,0,1,1,0,0,0,0,0,0,0,0,0,0,0,0,1,0,0,0,0,0,2,0,0,0,2,0,0,4,0,0,0,0,0,0,0,1,0,1,0,0,0,0,0,0,0,0,0,0,0,0,0,0,0,0,0,0,0,0,0,0,0,0,1,0,0,0,0,0,0,0,0,1,0,0,0,0,0,0,0,0,0,0,0,0,0,1,0,0,0,0,0,1,0,0,0,6,0,1,0,0,0,0,0,1,0,1,0,0,0,0,0,1,0,0,0,0,0,0,0,0,0,0,0,0,0,0,0,0,0,0,0,1,0,0,0,0,0,0,0,1,0,0,0,0,0,0,0,0,0,0,0,0,0,0,0,0,0,0,0,1,3,0,0,0,0,1,0,0,0,0,1,0,0,0,0,0,0,0,0,0,0,0,0,0,0,0,0,0,0,0,1,0,0,0,6,0,0,0,0,0,0,2,0,0,0,0,0,0,2,0,2,0,0,0,0,0,0,0,1,0,0,1,1,0,0,0,0,0,0,0,0,0,0,1,0,0,0,0,0,0,1,0,0,0,0,0,0,0,0,0,0,0,0,2,0,0,0,0,0,0,0,0,0,0,1,0,0,0,0,0,0,0,0,0,0,0,0,0,0,2,0,0,0,0,0
705,705,2,2,2,3,0,0,0,1,0,0,0,0,0,0,0,0,10,0,0,0,0,0,0,0,0,0,1,0,0,0,0,0,0,0,0,0,1,0,0,0,0,6,0,0,0,0,0,0,0,0,0,2,0,0,0,0,0,0,0,0,0,0,0,0,0,0,0,3,1,0,0,0,0,0,0,0,0,0,0,0,0,0,0,0,0,2,0,0,0,0,0,0,0,0,0,0,0,0,0,0,1,0,0,0,0,0,0,0,0,4,0,2,9,20,0,0,1,1,2,3,0,0,0,0,0,0,0,5,0,0,0,3,0,0,0,0,0,0,0,0,1,1,1,0,0,0,0,0,0,0,0,0,0,0,0,0,2,0,0,0,0,0,0,0,0,0,5,9,0,0,0,0,0,0,0,0,0,0,0,0,0,0,0,0,0,0,0,0,0,0,0,4,0,0,0,0,0,0,0,0,0,0,0,0,0,1,0,0,0,0,0,0,0,0,0,0,0,0,0,0,0,0,0,0,1,0,0,0,0,3,0,0,0,0,0,0,0,0,1,0,0,0,0,0,0,0,1,0,0,9,10,0,0,0,1,0,0,3,0,0,0,0,0,0,0,2,0,0,3,0,0,0,0,0,0,0,0,0,0,4,0,0,0,0,2,0,13,0,0,0,0,0,2,0,2,0,2,0,0,2,1,0,0,0,0,0,2,0,0,1,0,0,1
706,706,0,0,0,0,1,0,0,0,0,0,0,0,0,0,0,0,0,0,1,0,0,0,0,0,0,0,0,0,0,0,0,0,0,0,0,0,0,0,0,0,0,0,0,0,0,0,4,0,1,0,0,0,0,0,0,0,1,0,0,0,0,0,0,0,0,0,0,0,0,0,0,0,0,0,0,0,0,0,0,0,0,0,0,0,0,0,0,0,0,0,1,0,1,0,0,0,0,0,0,0,0,0,0,0,0,0,0,0,0,0,0,0,0,0,0,0,0,0,2,0,1,0,0,0,0,0,0,0,0,0,0,0,0,0,0,0,0,0,0,0,0,1,0,0,0,0,0,0,0,0,0,5,0,0,0,0,0,0,0,0,0,0,0,0,0,0,0,0,0,0,0,0,0,0,1,0,0,0,0,0,0,0,0,0,0,0,0,0,0,0,0,0,0,0,0,0,0,0,0,0,0,0,0,0,0,0,0,0,0,0,0,0,0,0,0,0,0,0,0,1,0,0,0,0,0,0,0,0,0,0,1,0,1,0,0,0,4,0,1,0,0,0,0,0,0,0,0,0,0,1,1,0,0,0,0,0,0,0,0,0,0,0,0,0,0,0,0,0,0,0,0,0,0,0,0,0,0,0,0,0,0,0,0,0,0,0,0,0,0,0,0,0,0,0,0,0,0,0,0,0,0,0,1,0,0,0,0,0,0,0,0,1,0
707,707,0,0,0,0,0,0,0,0,0,0,0,0,0,0,0,0,0,0,0,0,0,0,0,0,1,0,0,0,0,0,0,0,0,0,0,0,0,0,0,0,0,0,0,0,0,0,0,0,0,0,0,0,0,0,0,0,0,0,0,0,0,1,0,0,0,0,0,0,0,0,0,0,0,0,0,0,0,0,0,0,0,0,0,0,0,0,0,0,0,0,1,0,0,0,0,0,0,1,0,0,0,0,0,0,0,0,0,0,0,0,0,1,0,0,0,0,0,0,1,0,0,0,0,0,0,0,0,0,0,0,0,0,0,0,0,0,0,0,0,0,0,0,0,0,0,0,0,0,0,0,0,0,0,2,0,0,1,0,0,0,0,0,0,0,0,0,0,0,0,0,0,0,0,0,0,0,0,0,0,0,0,0,0,0,0,0,0,1,0,0,0,0,0,0,0,0,0,0,0,0,0,0,0,0,0,0,0,0,0,0,0,0,0,0,0,0,0,0,0,0,0,0,0,0,0,0,0,0,0,0,1,0,0,0,0,0,3,0,0,0,0,0,0,1,0,0,0,0,0,0,1,0,0,0,2,0,0,0,0,0,0,0,0,0,0,0,0,2,0,0,0,0,1,0,0,0,0,0,0,0,0,0,0,0,1,0,0,0,0,1,0,0,0,0,1,0,0,0,0,0,1,0,1,0,0,0,0,1,0,0,1,0,0
708,708,0,2,1,3,0,0,0,0,0,0,0,0,0,0,0,0,2,0,0,0,0,0,0,0,2,0,0,0,0,0,0,0,2,0,0,0,2,0,0,0,0,9,2,0,0,0,0,0,0,0,0,2,2,0,0,0,0,0,0,0,0,0,0,0,0,0,0,10,5,2,0,0,4,0,0,0,0,0,0,0,0,0,0,0,0,8,0,0,0,0,1,0,0,0,0,0,0,1,0,2,0,1,0,0,0,0,0,0,1,3,0,1,9,19,2,0,0,0,3,2,0,0,0,2,0,0,3,5,0,0,0,1,0,0,0,0,0,0,0,1,0,1,0,0,0,0,0,1,0,0,0,0,0,0,0,3,2,0,0,0,0,0,0,0,0,0,21,11,0,0,0,0,0,1,0,0,0,1,0,0,0,0,0,0,0,2,3,0,1,0,0,2,0,0,0,0,0,0,0,0,0,0,0,0,5,0,7,0,0,0,0,0,0,0,0,0,0,0,0,0,0,0,0,0,0,0,0,0,0,5,0,0,0,0,0,0,0,0,2,0,0,0,0,0,0,0,1,2,1,6,15,0,0,1,1,0,3,3,2,0,0,2,0,0,0,1,0,0,1,0,0,0,0,2,1,0,0,0,0,24,0,0,0,0,1,0,2,1,0,0,0,0,0,0,6,0,1,0,0,3,2,2,1,0,0,0,0,1,0,8,0,0,0
709,709,1,0,0,0,0,0,0,0,0,0,0,0,0,0,0,0,1,0,0,0,0,0,0,0,0,0,0,0,0,0,0,0,0,0,0,0,0,0,0,0,0,3,0,0,0,0,0,0,0,0,0,1,0,0,0,0,0,0,0,0,0,0,0,0,0,0,0,2,1,0,0,0,0,0,0,0,0,0,0,0,0,0,1,0,0,1,0,0,0,0,0,0,0,0,0,0,0,0,0,0,1,2,0,0,0,0,1,0,0,1,0,1,4,16,0,0,0,0,0,2,0,0,0,0,0,0,2,3,0,0,0,2,0,0,0,0,0,0,0,0,1,0,0,0,0,0,0,0,0,0,0,0,0,0,0,0,0,0,0,0,0,0,0,0,0,0,3,5,0,0,0,0,0,0,0,0,0,0,0,0,0,0,0,0,0,3,0,0,0,0,0,2,0,0,0,0,0,0,0,0,0,0,0,0,0,0,1,0,0,0,0,0,1,0,0,0,0,0,0,0,0,0,0,0,0,0,0,0,0,0,0,0,0,0,0,0,0,0,1,0,0,0,0,0,0,0,1,0,0,2,14,0,0,0,0,0,0,2,0,0,0,1,0,0,0,0,0,0,0,0,0,0,0,0,0,0,0,0,0,7,0,1,0,0,2,0,0,0,1,0,0,0,2,0,2,0,1,0,0,0,0,0,2,1,0,0,0,0,0,0,0,0,0
710,710,0,0,1,0,0,0,0,0,0,0,0,0,0,0,0,0,1,0,0,0,0,0,0,0,0,0,0,0,0,0,0,0,0,0,0,0,2,0,0,0,0,3,0,0,0,0,0,0,0,0,0,3,0,0,0,0,0,0,0,0,0,0,0,0,0,0,1,2,1,0,0,0,0,0,0,0,0,0,0,0,0,0,0,0,0,0,0,0,0,0,0,0,0,0,0,0,0,0,0,0,1,1,0,0,0,0,0,0,0,0,0,1,1,11,0,0,0,0,0,3,0,0,0,0,0,0,1,1,0,0,0,2,0,0,0,0,0,0,0,0,0,0,0,1,0,0,0,0,0,0,0,0,0,0,0,0,0,0,0,0,0,0,0,0,0,0,1,1,0,0,0,0,0,0,0,0,0,0,0,0,0,0,0,0,0,0,0,0,0,0,0,4,0,0,0,0,0,0,0,0,0,0,0,0,0,0,1,0,0,0,0,0,1,0,0,0,0,0,0,0,0,0,0,0,0,0,0,0,0,0,0,0,0,0,0,0,0,1,1,0,0,0,0,0,1,0,0,0,0,0,4,0,0,0,1,0,1,2,0,0,0,0,0,0,0,0,0,0,0,0,0,0,0,0,0,0,0,0,0,3,0,0,0,0,0,0,3,0,0,0,0,0,2,0,1,0,1,0,0,0,0,0,0,0,0,0,1,0,0,0,0,0,0
