x,y,gene,cell_truth,is_noise_truth
35.746893,110.016547,Ttr,42,false
8.989970,102.414906,Pdgfra,41,false
70.720881,51.261216,Slc17a7,20,false
108.224866,89.319342,Slc17a7,38,false
110.107761,102.687924,Gad1,46,false
85.416195,126.246803,Sox10,53,false
129.809683,12.014981,Ttr,7,false
87.736764,105.707244,Ttr,45,false
89.648881,10.440628,Slc17a7,5,false
15.619718,80.517853,Sox10,0,true
107.515915,31.099162,Slc17a7,14,false
45.659557,48.270892,Gad1,19,false
34.817401,103.627931,Aldoc,42,false
120.509501,35.060042,Gad1,0,true
84.589144,128.667305,Slc17a7,53,false
135.920417,35.040616,Aldoc,0,true
129.766349,53.448621,Pdgfra,23,false
12.613041,62.171332,Gad1,25,false
65.707010,13.521679,Ttr,4,false
65.017621,146.096631,Sox10,0,true
82.954956,100.840611,Aldoc,0,true
89.646491,89.333855,Gad1,37,false
145.627931,9.624271,Aldoc,8,false
45.493833,108.369611,Gad1,43,false
67.276187,72.338007,Gad1,28,false
49.975496,51.178945,Gad1,19,false
15.359145,99.072038,Aldoc,41,false
127.015761,29.347831,Aldoc,15,false
142.735776,11.744517,Slc17a7,8,false
70.146431,142.658831,Pdgfra,60,false
7.929307,47.548708,Ttr,17,false
46.835292,109.873665,Gad1,43,false
26.466783,13.983015,Slc17a7,2,false
144.133004,13.861494,Slc17a7,8,false
33.148206,91.764754,Gad1,34,false
17.094300,145.191307,Aldoc,57,false
34.490882,72.254325,Slc17a7,26,false
84.108674,15.157527,Slc17a7,5,false
80.763364,58.622961,Pdgfra,0,true
29.245221,72.591740,Slc17a7,26,false
123.553555,48.218919,Gad1,23,false
89.617613,86.996942,Gad1,37,false
125.201675,123.509202,Sox10,55,false
29.934787,30.386268,Aldoc,10,false
129.198208,67.335932,Gad1,31,false
95.519333,7.826685,Slc17a7,0,true
73.560188,146.570174,Ttr,60,false
51.454569,67.688185,Sox10,27,false
91.626002,31.132547,Ttr,13,false
71.988778,75.041109,Gad1,0,true
69.995837,107.367437,Gad1,44,false
131.093278,127.187590,Aldoc,55,false
66.254846,145.971899,Sox10,60,false
129.987116,86.783587,Aldoc,39,false
48.836860,87.160102,Slc17a7,0,true
103.344589,19.241426,Gad1,6,false
141.431719,84.567741,Gad1,40,false
103.234038,125.612739,Aldoc,54,false
128.586006,63.004806,Aldoc,0,true
10.543707,127.162827,Gad1,49,false
49.981775,49.123299,Ttr,19,false
52.694627,10.703571,Aldoc,3,false
67.584907,13.705740,Gad1,4,false
13.474229,27.043556,Aldoc,9,false
11.291849,28.224751,Sox10,9,false
85.782758,123.614779,Sox10,53,false
105.895754,105.581941,Gad1,46,false
68.648529,108.328253,Slc17a7,44,false
33.659331,144.010626,Gad1,58,false
65.238555,107.090274,Sox10,44,false
83.824755,50.084058,Sox10,21,false
102.675117,71.237871,Slc17a7,30,false
49.643052,11.798721,Ttr,3,false
142.500129,32.270293,Ttr,0,true
108.644429,6.166523,Pdgfra,0,true
31.787638,67.944089,Slc17a7,26,false
127.434411,32.118578,Sox10,15,false
50.149056,89.123452,Slc17a7,35,false
92.920891,106.085987,Pdgfra,45,false
82.859433,32.872663,Ttr,13,false
140.253930,89.131519,Slc17a7,40,false
82.056150,27.827096,Gad1,13,false
12.801922,10.444590,Gad1,1,false
12.838179,127.831574,Gad1,49,false
147.411187,90.699510,Gad1,40,false
73.826118,143.064112,Gad1,60,false
48.252131,13.173390,Gad1,3,false
7.869963,13.560807,Slc17a7,1,false
143.914051,35.192190,Aldoc,16,false
68.562802,67.795419,Ttr,28,false
47.982836,147.140849,Slc17a7,59,false
123.581418,11.439049,Gad1,7,false
88.716473,66.034523,Pdgfra,29,false
36.458172,144.154076,Aldoc,58,false
15.268093,121.390578,Sox10,49,false
90.310239,73.134355,Pdgfra,29,false
15.849722,34.899857,Aldoc,9,false
24.484144,15.107052,Slc17a7,2,false
6.266056,133.727500,Ttr,0,true
109.689766,111.077859,Gad1,46,false
65.932418,92.950849,Aldoc,36,false
48.162229,146.916248,Slc17a7,59,false
148.566659,46.608229,Aldoc,24,false
145.760440,92.332555,Ttr,40,false
67.377697,67.563166,Aldoc,28,false
10.507646,125.083870,Gad1,49,false
129.333250,69.589739,Gad1,31,false
83.917860,109.041905,Aldoc,45,false
134.299523,83.566863,Sox10,0,true
103.713586,49.368823,Gad1,22,false
92.421759,89.878252,Gad1,37,false
9.567361,50.623301,Ttr,0,true
45.892935,122.888600,Gad1,0,true
27.069635,10.929114,Pdgfra,2,false
31.230665,11.165791,Pdgfra,2,false
108.625693,51.938406,Ttr,22,false
124.432088,52.380705,Slc17a7,23,false
89.094684,66.810805,Ttr,29,false
52.365549,9.534875,Sox10,3,false
105.107511,88.219135,Slc17a7,38,false
105.973637,66.661269,Slc17a7,30,false
66.500905,126.919012,Gad1,52,false
106.313940,73.566337,Pdgfra,30,false
105.412069,87.506608,Gad1,38,false
91.439593,13.029197,Gad1,5,false
84.848721,77.013405,Gad1,0,true
127.278055,86.976110,Ttr,39,false
147.687490,126.344326,Slc17a7,56,false
11.006702,91.116766,Aldoc,33,false
15.810693,91.057681,Ttr,33,false
144.527887,127.433746,Slc17a7,56,false
88.247274,51.045971,Pdgfra,21,false
69.122333,124.428784,Ttr,52,false
67.212277,72.699098,Gad1,28,false
30.262701,28.376431,Gad1,10,false
11.261252,51.678011,Slc17a7,17,false
147.039449,34.118611,Gad1,16,false
135.653986,95.309953,Slc17a7,0,true
34.950681,74.817344,Slc17a7,26,false
13.708245,88.297940,Aldoc,33,false
105.757336,83.772417,Ttr,38,false
126.341625,14.803808,Gad1,7,false
8.877815,52.287820,Slc17a7,17,false
106.591029,49.920865,Pdgfra,22,false
71.542530,49.087346,Aldoc,20,false
146.248354,10.342918,Slc17a7,8,false
48.344703,101.886097,Gad1,43,false
88.474007,34.586939,Slc17a7,13,false
30.528283,109.806608,Aldoc,42,false
86.770654,48.289962,Ttr,21,false
143.166839,87.991078,Gad1,40,false
51.059183,62.274459,Aldoc,27,false
84.909980,92.650114,Gad1,37,false
15.902930,83.573309,Slc17a7,0,true
64.144637,106.111850,Slc17a7,44,false
126.296778,108.604568,Slc17a7,47,false
51.420341,144.823425,Ttr,59,false
49.651427,8.951082,Ttr,3,false
106.171995,69.896884,Aldoc,30,false
9.640698,128.524550,Slc17a7,49,false
88.278973,48.145172,Aldoc,21,false
105.619969,30.878048,Slc17a7,14,false
51.755216,63.184412,Slc17a7,27,false
88.197063,50.474381,Sox10,21,false
144.836382,123.693217,Sox10,56,false
109.045184,9.739759,Aldoc,6,false
47.166717,146.377465,Ttr,59,false
143.767691,31.852750,Slc17a7,16,false
15.146419,83.614397,Pdgfra,33,false
67.109184,65.483428,Gad1,28,false
104.385602,150.824349,Sox10,0,true
46.578441,30.084247,Sox10,11,false
123.977263,88.941052,Gad1,39,false
107.335393,31.343663,Pdgfra,14,false
136.841362,18.631978,Ttr,0,true
124.506591,28.794602,Aldoc,15,false
70.298120,129.666112,Gad1,52,false
13.105993,92.274945,Aldoc,33,false
106.008569,46.742344,Gad1,0,true
86.402795,8.735011,Slc17a7,5,false
116.727342,132.598526,Pdgfra,0,true
86.884252,26.328449,Sox10,13,false
88.593462,125.276303,Slc17a7,53,false
88.827101,88.647779,Gad1,37,false
67.465814,143.831644,Aldoc,60,false
26.759789,14.703602,Slc17a7,2,false
90.132427,87.350268,Sox10,37,false
51.330257,50.074662,Pdgfra,19,false
123.280050,126.448327,Gad1,55,false
146.111695,67.329312,Gad1,32,false
135.584033,107.426717,Gad1,0,true
122.114692,127.290396,Gad1,55,false
32.202854,68.242358,Slc17a7,26,false
28.530905,89.645698,Aldoc,34,false
11.655231,101.243192,Slc17a7,41,false
128.964748,24.665342,Pdgfra,0,true
130.032468,11.653988,Gad1,7,false
123.024149,34.884423,Gad1,15,false
34.423085,148.007167,Pdgfra,58,false
107.150101,123.057017,Aldoc,54,false
93.515006,129.050072,Ttr,0,true
50.299241,53.052357,Gad1,19,false
105.712204,69.924519,Gad1,30,false
32.648013,24.048141,Sox10,10,false
107.193914,32.035122,Sox10,14,false
87.381162,90.070067,Gad1,37,false
36.361248,104.742772,Slc17a7,0,true
51.180313,68.324752,Pdgfra,27,false
32.801987,109.468158,Slc17a7,42,false
51.190572,14.281172,Aldoc,3,false
110.641797,106.716841,Gad1,46,false
90.965187,86.969929,Gad1,37,false
68.420333,125.132800,Gad1,52,false
9.580461,48.860528,Aldoc,17,false
154.862518,91.957309,Gad1,0,true
128.096982,14.416009,Slc17a7,7,false
31.114750,70.869045,Gad1,26,false
10.376990,109.731063,Slc17a7,41,false
155.585537,144.105138,Pdgfra,0,true
86.616545,90.438525,Gad1,37,false
31.576092,14.103076,Slc17a7,2,false
89.487506,49.881243,Aldoc,21,false
49.239189,47.655523,Gad1,19,false
141.490458,66.541635,Slc17a7,32,false
109.707562,107.777570,Ttr,46,false
72.342744,140.520691,Ttr,60,false
126.992646,34.538435,Aldoc,15,false
51.093173,146.597473,Slc17a7,59,false
66.338817,5.935396,Gad1,4,false
105.421941,69.452084,Slc17a7,30,false
118.719397,60.679812,Ttr,0,true
48.269351,140.704178,Slc17a7,59,false
67.091695,9.620286,Gad1,4,false
66.627995,52.218897,Slc17a7,20,false
91.760652,92.136656,Ttr,37,false
69.330901,147.696811,Aldoc,60,false
88.556559,127.279730,Slc17a7,53,false
49.983560,10.951341,Aldoc,3,false
144.414117,137.048081,Sox10,0,true
126.541602,128.400545,Gad1,55,false
51.547602,119.065945,Aldoc,51,false
121.483968,85.622392,Aldoc,39,false
124.224531,71.112471,Gad1,31,false
123.335465,31.470499,Aldoc,15,false
98.978424,7.632175,Sox10,0,true
143.644511,105.876861,Aldoc,48,false
87.620418,121.612672,Slc17a7,53,false
11.001343,124.212640,Gad1,49,false
85.191130,66.188654,Slc17a7,29,false
85.035122,70.283383,Ttr,0,true
139.706327,88.384376,Gad1,40,false
9.791760,32.091390,Sox10,9,false
105.118237,124.765363,Aldoc,54,false
12.015914,77.640590,Ttr,0,true
84.519380,120.916785,Slc17a7,53,false
12.443895,47.309990,Slc17a7,17,false
102.600591,124.198406,Sox10,54,false
82.854825,88.706716,Ttr,37,false
12.706202,46.430764,Slc17a7,17,false
92.992406,69.903101,Slc17a7,29,false
49.908166,126.537335,Sox10,51,false
124.551123,69.455734,Pdgfra,31,false
31.483151,71.506763,Slc17a7,26,false
124.691736,10.305950,Sox10,7,false
105.550798,122.832250,Sox10,54,false
65.965673,102.733767,Slc17a7,44,false
5.944264,146.003528,Aldoc,57,false
141.411569,83.972354,Gad1,40,false
48.605137,71.317261,Aldoc,27,false
89.624597,69.056354,Slc17a7,29,false
48.938622,121.278636,Aldoc,51,false
10.357812,36.034008,Aldoc,0,true
102.518175,84.670687,Pdgfra,38,false
69.501627,109.867014,Slc17a7,44,false
14.980445,30.291592,Aldoc,9,false
29.107352,7.222967,Slc17a7,2,false
73.171039,48.784809,Pdgfra,0,true
141.745372,146.831546,Slc17a7,0,true
29.222246,106.303483,Aldoc,42,false
152.553997,82.922966,Sox10,0,true
69.598027,46.848547,Ttr,20,false
104.832561,69.557593,Sox10,30,false
106.025496,128.761061,Aldoc,54,false
32.192527,28.169047,Gad1,10,false
87.802499,92.479046,Gad1,37,false
49.620027,67.206527,Ttr,27,false
141.356658,69.587618,Slc17a7,32,false
52.206474,67.103218,Ttr,27,false
20.451390,3.178674,Ttr,0,true
31.091836,143.347078,Gad1,58,false
12.607487,143.272830,Gad1,0,true
86.267812,8.886466,Slc17a7,5,false
129.052567,11.824996,Gad1,7,false
27.381248,88.505233,Slc17a7,34,false
50.000328,121.878075,Aldoc,51,false
51.743161,54.066005,Pdgfra,19,false
21.318401,103.354649,Ttr,41,false
90.354848,138.276214,Gad1,0,true
146.403910,13.504482,Slc17a7,8,false
137.836705,81.730332,Slc17a7,0,true
110.688310,124.659141,Aldoc,54,false
110.629243,66.362197,Aldoc,30,false
70.297805,123.919844,Gad1,52,false
103.373594,49.729840,Gad1,22,false
124.697856,122.548321,Gad1,55,false
51.498817,50.256310,Gad1,19,false
9.393904,28.688316,Ttr,9,false
108.481233,27.480927,Slc17a7,14,false
87.486768,89.834306,Gad1,37,false
8.738612,144.630555,Aldoc,57,false
69.864407,52.439585,Slc17a7,20,false
35.590294,28.653446,Gad1,10,false
72.174786,87.598300,Slc17a7,36,false
31.910837,21.141402,Pdgfra,0,true
0.800154,61.942769,Aldoc,0,true
31.190834,29.066205,Slc17a7,10,false
51.319262,53.169860,Gad1,19,false
47.879794,29.781163,Slc17a7,11,false
66.688848,146.148283,Aldoc,60,false
130.759488,106.869177,Ttr,47,false
103.658113,122.460567,Pdgfra,54,false
143.119999,85.228338,Sox10,40,false
123.719999,91.240758,Ttr,39,false
127.311793,102.436907,Slc17a7,47,false
88.761990,106.350943,Aldoc,45,false
153.656047,11.938499,Slc17a7,8,false
128.003751,28.730829,Aldoc,15,false
13.056625,104.825243,Ttr,0,true
149.226190,71.462452,Aldoc,0,true
50.966835,69.435503,Gad1,27,false
71.757623,40.232923,Pdgfra,0,true
104.003367,27.678054,Slc17a7,14,false
47.718544,7.276125,Aldoc,3,false
12.361524,69.353733,Pdgfra,25,false
9.138423,71.599935,Gad1,25,false
85.939049,106.306974,Aldoc,45,false
50.782243,32.641177,Ttr,11,false
50.853802,90.213292,Slc17a7,35,false
43.215137,152.426323,Pdgfra,59,false
29.416630,25.573368,Aldoc,10,false
5.714182,140.016908,Aldoc,0,true
12.979021,105.520966,Ttr,41,false
70.944483,86.608787,Aldoc,36,false
71.075851,129.827914,Sox10,52,false
146.197215,14.118125,Slc17a7,8,false
70.381791,13.140467,Gad1,4,false
66.417074,28.761165,Pdgfra,12,false
69.240722,70.918497,Slc17a7,28,false
100.022337,12.028468,Sox10,6,false
49.846735,29.534531,Slc17a7,11,false
30.233376,87.018796,Gad1,34,false
92.390443,123.730246,Aldoc,53,false
88.606608,14.308956,Slc17a7,5,false
31.301975,106.467535,Pdgfra,42,false
50.926101,51.605739,Ttr,19,false
50.918673,47.383371,Gad1,19,false
8.729973,86.711505,Gad1,33,false
143.821258,11.511762,Slc17a7,8,false
51.565971,12.040706,Aldoc,3,false
29.988196,123.317447,Slc17a7,50,false
53.887192,13.068351,Aldoc,3,false
87.025635,88.318964,Aldoc,37,false
142.354947,108.281055,Sox10,48,false
19.538931,81.772169,Sox10,0,true
53.295204,107.010863,Gad1,43,false
69.156962,31.666641,Aldoc,12,false
123.478124,124.736060,Gad1,55,false
11.873467,67.427162,Gad1,25,false
46.430714,106.423032,Pdgfra,43,false
53.503477,126.001649,Sox10,51,false
128.424457,11.794976,Ttr,7,false
145.698183,84.764718,Gad1,40,false
31.784332,112.152525,Aldoc,42,false
30.021092,12.212137,Slc17a7,2,false
84.121196,8.794043,Slc17a7,5,false
88.433771,101.929230,Aldoc,45,false
124.356019,91.036242,Pdgfra,39,false
145.003803,72.540993,Slc17a7,32,false
11.103333,143.995812,Aldoc,57,false
66.032202,34.193336,Sox10,12,false
89.711611,105.462038,Aldoc,45,false
122.696918,84.653978,Pdgfra,39,false
25.536465,10.386527,Slc17a7,2,false
110.302463,0.209796,Slc17a7,0,true
106.729111,108.252756,Gad1,46,false
147.118494,69.638111,Slc17a7,32,false
50.160006,87.882041,Slc17a7,35,false
50.357080,27.967809,Slc17a7,11,false
12.920021,125.861444,Pdgfra,49,false
125.283533,74.885051,Gad1,31,false
37.110196,128.122920,Ttr,0,true
154.087917,129.550260,Pdgfra,56,false
24.444725,15.019347,Pdgfra,2,false
28.367550,105.197940,Aldoc,42,false
33.915481,109.346185,Aldoc,42,false
144.236150,126.930160,Slc17a7,56,false
53.118370,110.068452,Gad1,43,false
105.821925,89.812562,Slc17a7,38,false
34.209385,49.950375,Pdgfra,18,false
12.259404,67.665375,Sox10,0,true
151.782926,105.321871,Pdgfra,48,false
129.859136,66.068118,Gad1,31,false
142.350881,72.877258,Aldoc,32,false
102.044991,13.670880,Slc17a7,6,false
128.153760,13.604134,Sox10,7,false
66.687595,149.607241,Aldoc,60,false
86.949281,109.092628,Gad1,45,false
12.477584,33.485181,Gad1,9,false
69.996462,68.464450,Gad1,28,false
8.026091,29.280522,Aldoc,0,true
87.793955,61.066076,Slc17a7,29,false
113.372179,124.629641,Aldoc,54,false
125.823255,107.051858,Pdgfra,47,false
50.224045,12.563892,Sox10,3,false
65.922213,92.134658,Slc17a7,36,false
45.651347,144.514692,Slc17a7,59,false
68.088564,27.515195,Sox10,12,false
109.546468,86.196518,Slc17a7,38,false
46.654766,150.910979,Ttr,0,true
90.070838,28.152439,Gad1,13,false
86.933630,8.682772,Slc17a7,5,false
145.125609,108.656104,Aldoc,48,false
126.034899,130.024216,Aldoc,0,true
12.855940,17.255456,Slc17a7,1,false
88.143752,31.220948,Sox10,13,false
20.066564,138.414771,Pdgfra,0,true
146.211368,30.062482,Gad1,16,false
146.255097,8.483288,Pdgfra,8,false
111.149760,51.344065,Gad1,22,false
110.373987,25.869360,Slc17a7,14,false
148.657630,125.382802,Slc17a7,56,false
86.991396,109.558006,Ttr,45,false
142.473235,119.853117,Aldoc,56,false
51.113760,108.101272,Gad1,43,false
31.476088,68.366251,Pdgfra,26,false
32.057764,87.106030,Ttr,34,false
34.959597,90.479444,Gad1,34,false
11.631410,111.890706,Slc17a7,41,false
9.523220,9.990828,Sox10,1,false
33.672039,25.674463,Gad1,10,false
66.738591,144.267058,Aldoc,60,false
123.742174,33.024355,Aldoc,15,false
49.197433,89.306690,Sox10,35,false
89.223794,104.631065,Sox10,45,false
51.234008,91.501906,Aldoc,35,false
89.140399,125.722515,Sox10,53,false
51.674237,142.788003,Slc17a7,59,false
49.312457,106.845958,Slc17a7,43,false
132.390240,131.858297,Gad1,0,true
52.470751,101.186017,Gad1,43,false
108.695658,128.737562,Sox10,54,false
96.840243,131.452948,Pdgfra,0,true
59.024219,16.530320,Sox10,0,true
89.000222,91.004297,Aldoc,37,false
153.620087,70.132640,Sox10,0,true
143.649801,125.214288,Slc17a7,56,false
109.759224,104.501557,Slc17a7,46,false
50.761218,89.354281,Slc17a7,35,false
128.946501,74.181099,Gad1,31,false
142.825314,72.354637,Gad1,32,false
68.561007,105.590390,Slc17a7,44,false
74.335306,49.999677,Gad1,0,true
142.179463,128.098091,Slc17a7,56,false
127.068422,15.179315,Gad1,7,false
48.599578,124.778245,Aldoc,51,false
69.218576,42.450893,Slc17a7,20,false
65.637805,44.342046,Pdgfra,0,true
63.961632,108.301817,Slc17a7,44,false
146.399629,33.132577,Slc17a7,16,false
48.367280,104.899734,Pdgfra,43,false
48.107206,123.051614,Aldoc,51,false
125.678180,55.539100,Slc17a7,23,false
104.722535,89.578899,Sox10,38,false
67.087002,127.959140,Gad1,52,false
49.271298,105.923742,Gad1,43,false
136.397971,102.664197,Gad1,0,true
145.736087,31.382378,Gad1,16,false
144.221359,107.235708,Gad1,48,false
71.398342,64.267733,Sox10,28,false
123.424292,83.548781,Aldoc,39,false
15.389210,121.343903,Aldoc,49,false
148.200879,8.926346,Sox10,8,false
32.641772,34.841467,Sox10,10,false
11.853956,10.723092,Pdgfra,1,false
50.711046,89.072047,Slc17a7,35,false
37.037554,56.596163,Slc17a7,0,true
85.535263,91.053486,Slc17a7,37,false
47.082066,123.113353,Aldoc,51,false
90.096446,62.979507,Slc17a7,29,false
141.487427,105.725906,Ttr,48,false
147.617603,128.435315,Sox10,56,false
53.537035,30.053455,Slc17a7,11,false
123.432464,35.372577,Aldoc,15,false
104.481222,87.413736,Slc17a7,38,false
105.333223,19.690372,Gad1,0,true
83.002491,85.117709,Pdgfra,37,false
124.826190,34.173905,Sox10,15,false
12.250000,90.159329,Pdgfra,33,false
17.548183,149.900356,Aldoc,57,false
109.942307,49.426368,Slc17a7,22,false
145.042004,70.361569,Slc17a7,32,false
112.162322,45.695772,Pdgfra,22,false
47.143455,128.728996,Pdgfra,51,false
144.088391,71.074265,Slc17a7,32,false
50.561364,125.196954,Slc17a7,51,false
33.555492,52.774530,Sox10,18,false
12.966965,31.386237,Aldoc,9,false
47.101219,106.776003,Gad1,43,false
11.521978,42.689222,Slc17a7,17,false
106.137422,124.655367,Aldoc,54,false
71.707724,49.236235,Slc17a7,20,false
86.161805,94.485054,Gad1,37,false
85.992709,27.271890,Gad1,13,false
52.235106,102.681558,Gad1,43,false
72.254057,59.166928,Pdgfra,0,true
145.154556,107.631789,Aldoc,48,false
31.463484,10.620160,Aldoc,2,false
11.299323,15.027458,Slc17a7,1,false
29.790777,128.563584,Pdgfra,50,false
125.756377,103.692818,Sox10,47,false
50.303174,88.427352,Slc17a7,35,false
11.946109,46.897148,Slc17a7,17,false
108.490371,46.964709,Gad1,22,false
70.942826,53.062467,Sox10,20,false
9.142659,30.847289,Aldoc,0,true
69.721510,105.607147,Slc17a7,44,false
129.888869,105.910953,Sox10,47,false
123.429601,46.674206,Aldoc,23,false
50.066249,57.863006,Pdgfra,0,true
34.488521,28.363551,Ttr,10,false
33.365121,148.059605,Aldoc,58,false
101.911337,127.113722,Aldoc,54,false
11.803136,99.970519,Slc17a7,41,false
47.872971,144.857958,Slc17a7,59,false
71.026544,55.779549,Slc17a7,20,false
13.497149,6.732023,Gad1,1,false
105.463012,67.439106,Pdgfra,30,false
81.679505,136.049173,Ttr,0,true
146.260178,86.013536,Sox10,40,false
7.149366,47.269684,Slc17a7,17,false
110.000297,50.676593,Gad1,22,false
131.170365,32.596279,Aldoc,15,false
104.573647,29.392026,Slc17a7,14,false
68.185196,107.152573,Ttr,44,false
103.577391,10.066364,Pdgfra,6,false
68.545913,107.769338,Gad1,44,false
66.675789,52.166209,Sox10,20,false
11.455529,105.132214,Pdgfra,41,false
49.443573,47.935826,Pdgfra,19,false
129.036099,48.073111,Slc17a7,23,false
16.350553,7.367760,Gad1,1,false
49.374018,104.378236,Gad1,43,false
49.058843,150.728621,Slc17a7,59,false
142.838679,103.006863,Aldoc,48,false
3.895898,97.679897,Slc17a7,0,true
71.131579,104.501108,Slc17a7,44,false
44.982716,6.658900,Aldoc,3,false
126.858067,88.352088,Pdgfra,39,false
72.431087,47.136426,Slc17a7,20,false
51.980191,106.209002,Gad1,43,false
14.111193,68.099161,Gad1,25,false
126.617804,50.013051,Sox10,23,false
8.005026,52.983331,Pdgfra,17,false
128.530762,86.606787,Aldoc,39,false
13.490237,147.851555,Aldoc,57,false
14.433611,146.321939,Pdgfra,57,false
154.911110,4.045572,Ttr,0,true
9.981756,70.478714,Gad1,25,false
143.488797,5.222095,Gad1,0,true
104.193471,14.292127,Aldoc,6,false
127.520129,106.038535,Slc17a7,47,false
121.817239,30.561400,Aldoc,15,false
90.234723,49.323493,Aldoc,21,false
148.489056,29.192898,Gad1,16,false
89.257350,65.198373,Aldoc,29,false
53.207393,31.303178,Slc17a7,11,false
121.176952,25.720671,Ttr,0,true
142.023658,28.356794,Aldoc,16,false
29.140947,66.552248,Pdgfra,26,false
61.290518,84.377364,Aldoc,0,true
47.889467,30.686423,Ttr,11,false
104.088597,67.818634,Slc17a7,30,false
88.390207,129.689285,Slc17a7,53,false
87.364078,85.654207,Aldoc,37,false
104.660975,30.034679,Gad1,14,false
47.454459,33.125477,Slc17a7,11,false
34.156545,106.878010,Pdgfra,42,false
10.533278,69.994771,Gad1,25,false
86.816936,34.488137,Sox10,13,false
52.618665,36.873578,Aldoc,0,true
13.332320,106.457272,Slc17a7,41,false
90.027145,90.714479,Gad1,37,false
126.288505,109.356136,Slc17a7,47,false
31.431156,106.294741,Pdgfra,42,false
34.488449,51.878666,Ttr,18,false
47.969667,28.418512,Slc17a7,11,false
67.806744,107.288994,Ttr,44,false
105.759855,53.316672,Pdgfra,22,false
29.059502,29.532226,Aldoc,10,false
123.694367,76.432809,Aldoc,0,true
129.093606,151.639904,Ttr,0,true
127.492787,47.797772,Slc17a7,23,false
47.729888,105.527656,Gad1,43,false
87.131165,69.261078,Aldoc,29,false
8.400957,106.610072,Ttr,41,false
8.733720,47.769786,Gad1,0,true
54.767365,147.795207,Slc17a7,0,true
66.319593,9.609918,Ttr,4,false
93.700915,67.548384,Ttr,29,false
33.442347,91.368819,Ttr,34,false
71.500744,145.611321,Aldoc,60,false
50.152392,105.012225,Gad1,43,false
11.063568,51.308832,Slc17a7,17,false
34.226223,85.920308,Gad1,34,false
141.325271,88.268145,Gad1,40,false
30.594906,30.516163,Gad1,10,false
28.955081,129.337383,Slc17a7,50,false
37.523988,31.519896,Gad1,10,false
58.491571,22.835716,Pdgfra,0,true
146.877391,51.084298,Aldoc,24,false
86.940502,48.416130,Aldoc,21,false
112.493254,120.861264,Sox10,54,false
106.258442,91.923797,Slc17a7,38,false
89.732077,33.365801,Gad1,13,false
30.515550,55.279708,Slc17a7,18,false
113.437316,105.896651,Gad1,46,false
48.615340,7.593591,Aldoc,3,false
12.741955,12.429397,Sox10,1,false
128.753532,31.505042,Aldoc,15,false
109.026076,15.832603,Pdgfra,6,false
107.555657,90.721718,Sox10,38,false
14.252583,150.911894,Aldoc,57,false
29.710572,72.850162,Sox10,26,false
85.374915,84.810355,Pdgfra,37,false
90.798610,30.295401,Gad1,13,false
110.785740,86.208302,Gad1,0,true
147.364040,49.542112,Aldoc,24,false
31.543390,70.196872,Slc17a7,26,false
129.755328,41.500406,Slc17a7,23,false
127.965659,12.409618,Sox10,7,false
66.302013,64.051518,Gad1,0,true
147.346448,7.519816,Slc17a7,8,false
54.508828,70.273463,Aldoc,27,false
8.993210,69.586395,Ttr,25,false
85.364385,9.480371,Ttr,5,false
145.997018,34.285071,Aldoc,16,false
86.412039,125.228803,Ttr,53,false
45.574505,125.344302,Sox10,51,false
14.178567,147.108091,Aldoc,57,false
132.766525,16.925176,Gad1,7,false
50.221116,61.844447,Sox10,27,false
48.161234,127.081259,Sox10,51,false
65.715947,13.636268,Aldoc,4,false
23.927707,65.235420,Pdgfra,26,false
89.011357,88.078952,Ttr,37,false
12.645626,146.616960,Pdgfra,57,false
14.498418,7.788929,Pdgfra,1,false
49.333330,130.786157,Aldoc,51,false
65.056673,49.055258,Sox10,20,false
126.612427,28.324875,Sox10,15,false
45.800377,123.939301,Aldoc,51,false
102.756545,14.360873,Aldoc,6,false
87.998574,51.732388,Aldoc,21,false
151.978712,45.288787,Aldoc,0,true
14.391874,87.038156,Aldoc,33,false
104.866716,31.273524,Slc17a7,14,false
130.334900,90.765628,Aldoc,0,true
109.156518,87.860793,Gad1,38,false
126.897957,122.448729,Gad1,55,false
143.121196,87.240160,Gad1,40,false
126.369417,106.274076,Slc17a7,47,false
127.868637,93.212248,Aldoc,39,false
69.995272,49.538792,Slc17a7,20,false
30.148680,73.133241,Slc17a7,26,false
68.120012,16.857555,Gad1,4,false
93.049606,65.601544,Pdgfra,29,false
105.060749,129.742487,Slc17a7,54,false
104.466813,126.207752,Gad1,54,false
10.928997,76.667853,Pdgfra,0,true
69.913440,32.068447,Ttr,12,false
89.180628,68.910915,Gad1,29,false
69.962156,89.410477,Slc17a7,36,false
91.722385,64.999627,Gad1,29,false
67.970717,13.758062,Gad1,4,false
147.211680,146.925722,Sox10,0,true
80.946888,31.112710,Gad1,13,false
70.048821,107.804546,Slc17a7,44,false
20.956589,118.166326,Aldoc,0,true
105.183032,11.245209,Pdgfra,6,false
101.479577,116.149406,Aldoc,0,true
123.830244,73.349665,Pdgfra,31,false
124.625365,107.170989,Slc17a7,47,false
142.660950,86.248898,Gad1,40,false
4.746670,23.358397,Aldoc,0,true
110.048993,68.099811,Pdgfra,30,false
49.851252,103.531144,Gad1,43,false
108.882910,30.751620,Slc17a7,14,false
122.281740,51.285664,Gad1,23,false
73.881341,109.188055,Slc17a7,44,false
40.558205,89.295855,Sox10,0,true
28.686849,53.217353,Sox10,18,false
11.507744,11.562339,Gad1,1,false
44.951533,26.446413,Slc17a7,11,false
14.786341,68.691721,Gad1,25,false
125.009227,105.480678,Ttr,47,false
38.699119,143.650063,Ttr,58,false
66.586245,88.058951,Aldoc,36,false
33.635248,89.608899,Gad1,34,false
126.015182,30.629707,Aldoc,15,false
12.312092,67.181720,Gad1,25,false
10.652209,29.219290,Aldoc,9,false
37.264784,50.697339,Pdgfra,18,false
89.851229,64.036737,Slc17a7,29,false
107.288216,9.464463,Aldoc,6,false
33.320718,25.184809,Gad1,10,false
32.138078,47.985174,Aldoc,18,false
11.969596,142.646868,Aldoc,57,false
6.323637,122.580730,Gad1,49,false
107.495573,29.299203,Slc17a7,14,false
121.881457,121.376736,Ttr,55,false
148.720378,68.445251,Sox10,32,false
65.867192,12.313168,Gad1,0,true
109.714536,88.325275,Aldoc,38,false
144.761465,64.883344,Ttr,32,false
35.204307,119.246940,Slc17a7,50,false
8.916139,53.011215,Pdgfra,17,false
146.183161,10.773914,Slc17a7,8,false
87.867603,10.898401,Slc17a7,5,false
67.556734,111.394476,Gad1,44,false
65.449222,89.479606,Slc17a7,36,false
26.440800,144.279675,Gad1,0,true
144.505418,118.660309,Sox10,56,false
62.123090,126.172003,Gad1,52,false
37.449770,33.847260,Gad1,10,false
108.670265,49.995374,Gad1,22,false
124.505444,13.650155,Gad1,7,false
68.157991,109.081103,Pdgfra,44,false
105.024528,124.371316,Aldoc,54,false
107.393377,47.442770,Gad1,22,false
107.784777,12.810353,Aldoc,6,false
52.261171,69.641702,Ttr,27,false
131.487279,104.737589,Gad1,47,false
142.953757,69.465015,Slc17a7,32,false
68.240504,127.074996,Aldoc,52,false
52.369396,123.021049,Gad1,51,false
105.245387,48.354259,Gad1,22,false
34.671378,88.006118,Slc17a7,34,false
127.538399,88.336258,Aldoc,39,false
28.981432,50.944779,Aldoc,18,false
110.112834,31.266607,Sox10,14,false
1.797168,51.749917,Pdgfra,0,true
74.164559,104.979903,Sox10,0,true
30.409540,89.936164,Gad1,34,false
7.178193,52.047332,Slc17a7,17,false
28.412766,53.564264,Pdgfra,18,false
146.059458,31.178228,Slc17a7,16,false
9.545082,51.660843,Slc17a7,17,false
51.743469,15.743505,Aldoc,3,false
16.231049,130.156627,Gad1,49,false
130.457890,45.106167,Slc17a7,23,false
49.201741,105.108909,Gad1,43,false
108.334269,122.761624,Aldoc,54,false
67.650243,145.865073,Sox10,60,false
141.325846,88.016125,Slc17a7,40,false
108.634714,27.906909,Pdgfra,14,false
144.873825,33.891208,Gad1,16,false
103.545522,71.057526,Aldoc,30,false
84.293049,32.978015,Gad1,13,false
33.142509,60.580123,Ttr,0,true
66.819009,109.386765,Slc17a7,44,false
107.928151,69.641156,Aldoc,30,false
32.197734,87.490275,Gad1,34,false
105.719279,107.807235,Gad1,46,false
49.736783,48.417663,Aldoc,19,false
86.586398,90.906543,Gad1,37,false
90.461172,125.763538,Aldoc,53,false
88.727114,123.754529,Slc17a7,53,false
69.635366,84.863642,Ttr,36,false
126.120163,122.209501,Aldoc,55,false
88.781349,32.058112,Gad1,13,false
9.509256,124.813050,Gad1,49,false
52.293212,69.177512,Aldoc,27,false
69.510368,0.577433,Aldoc,0,true
67.886669,52.596445,Slc17a7,20,false
145.854314,88.846349,Aldoc,40,false
49.925547,85.310667,Slc17a7,35,false
123.777632,68.548945,Gad1,31,false
25.074146,154.721178,Sox10,0,true
34.941221,111.404178,Aldoc,42,false
48.045389,68.959665,Slc17a7,27,false
92.366765,107.114803,Sox10,45,false
29.946147,49.177568,Ttr,18,false
33.910674,143.633408,Gad1,58,false
138.743707,105.444005,Ttr,0,true
108.232763,104.184409,Gad1,46,false
97.702403,19.380027,Ttr,0,true
108.154266,67.442611,Sox10,30,false
105.235951,128.283057,Aldoc,54,false
53.350182,87.444597,Slc17a7,35,false
68.418079,13.771079,Gad1,4,false
86.255774,123.723984,Gad1,53,false
124.331989,91.320372,Aldoc,39,false
108.514166,30.385487,Slc17a7,14,false
104.821232,9.172245,Aldoc,6,false
88.846163,5.555948,Slc17a7,5,false
71.456575,111.937362,Ttr,44,false
48.796334,65.650798,Gad1,27,false
29.292881,74.670892,Slc17a7,26,false
75.273878,2.610242,Slc17a7,0,true
125.326888,49.071652,Sox10,23,false
153.607792,54.090925,Aldoc,24,false
49.325067,145.307959,Ttr,59,false
46.946933,69.220583,Gad1,27,false
144.558607,123.749589,Gad1,56,false
147.367394,125.240499,Slc17a7,56,false
28.866830,126.160181,Gad1,50,false
145.785730,129.405600,Slc17a7,56,false
88.407310,12.741704,Slc17a7,5,false
141.939528,7.666181,Pdgfra,8,false
12.533607,52.384430,Gad1,17,false
149.301815,51.758914,Aldoc,24,false
125.454076,46.449262,Slc17a7,23,false
33.528722,32.486159,Gad1,10,false
61.937129,107.254238,Gad1,0,true
14.747247,92.516863,Pdgfra,33,false
127.462997,109.162467,Ttr,47,false
145.277191,84.664329,Gad1,40,false
84.707168,47.809871,Gad1,0,true
106.480785,70.524723,Aldoc,30,false
49.452110,34.828993,Slc17a7,11,false
109.565396,50.654824,Gad1,22,false
45.953011,64.208944,Gad1,27,false
33.527636,128.587391,Aldoc,50,false
67.644769,87.214176,Sox10,36,false
88.553431,105.031894,Aldoc,45,false
96.138054,147.990324,Pdgfra,0,true
88.590316,88.137927,Aldoc,37,false
90.261629,66.868998,Slc17a7,29,false
63.994601,143.286860,Ttr,60,false
13.884873,53.260623,Aldoc,17,false
149.871163,128.691047,Slc17a7,56,false
11.188341,144.382406,Gad1,57,false
116.825050,141.107244,Aldoc,0,true
72.744719,126.425888,Ttr,52,false
14.775907,125.053766,Pdgfra,49,false
108.628819,106.033904,Pdgfra,46,false
13.857383,145.531578,Ttr,57,false
70.767687,31.972364,Sox10,12,false
106.083443,71.339606,Aldoc,30,false
92.719923,107.811268,Aldoc,45,false
32.640310,33.251244,Gad1,10,false
87.746908,125.127536,Pdgfra,53,false
50.485615,31.279181,Gad1,11,false
85.117784,29.880475,Gad1,13,false
107.363241,64.354874,Sox10,30,false
107.001313,87.579872,Slc17a7,38,false
70.797617,124.636683,Slc17a7,0,true
24.311069,14.339985,Slc17a7,2,false
70.668262,14.809994,Pdgfra,4,false
88.389373,51.507884,Slc17a7,21,false
125.162024,84.998518,Gad1,39,false
34.041589,146.801054,Sox10,58,false
85.304592,108.356138,Pdgfra,45,false
70.452300,144.622941,Slc17a7,60,false
30.183219,52.708271,Aldoc,18,false
148.722165,33.570089,Gad1,16,false
89.819959,14.691164,Slc17a7,5,false
18.301164,70.315259,Pdgfra,0,true
149.446434,52.349031,Ttr,24,false
74.832195,49.895960,Gad1,0,true
69.404019,14.256605,Gad1,4,false
32.643688,126.594841,Aldoc,50,false
9.379856,108.394456,Sox10,41,false
73.895106,89.374804,Pdgfra,0,true
68.730064,110.638289,Ttr,44,false
125.387172,51.910302,Pdgfra,23,false
46.070380,50.331200,Gad1,19,false
71.365302,68.580619,Pdgfra,28,false
32.699001,148.313753,Gad1,58,false
11.864064,105.219613,Pdgfra,0,true
30.879846,68.031003,Slc17a7,26,false
83.764577,125.217424,Sox10,53,false
49.804324,107.503997,Gad1,43,false
109.719865,50.405653,Aldoc,22,false
110.562363,33.407434,Slc17a7,14,false
69.993714,145.063786,Aldoc,60,false
140.677503,83.632306,Ttr,40,false
10.062198,70.111389,Gad1,25,false
28.954350,36.396136,Ttr,0,true
88.211447,32.122341,Aldoc,13,false
122.917147,122.436975,Gad1,55,false
123.241132,33.228164,Aldoc,15,false
144.482374,33.088739,Sox10,16,false
92.011445,90.188573,Gad1,37,false
112.572489,31.297308,Slc17a7,0,true
11.319997,12.497915,Gad1,1,false
12.280249,46.104791,Gad1,0,true
126.412824,125.348214,Aldoc,55,false
51.501143,10.915129,Slc17a7,3,false
34.636013,146.738627,Gad1,58,false
106.436999,83.649880,Sox10,38,false
89.489264,29.204293,Gad1,13,false
126.837789,68.398672,Pdgfra,31,false
10.148295,89.993643,Aldoc,33,false
16.621828,31.668908,Gad1,9,false
51.257606,50.621662,Sox10,19,false
16.174724,15.163645,Pdgfra,1,false
143.512638,42.544053,Aldoc,0,true
38.710184,144.390209,Pdgfra,0,true
14.094380,107.998159,Slc17a7,41,false
73.550987,4.696820,Ttr,0,true
108.085051,15.311542,Sox10,6,false
66.775287,9.676783,Pdgfra,4,false
67.953935,50.026943,Slc17a7,20,false
31.892302,146.619369,Ttr,58,false
144.811370,27.579728,Gad1,16,false
110.508104,89.789551,Slc17a7,38,false
109.942693,31.971885,Pdgfra,14,false
53.062738,106.771264,Sox10,0,true
65.620857,68.791107,Gad1,28,false
122.949209,12.592527,Gad1,7,false
29.563365,109.011283,Sox10,42,false
143.406441,107.942152,Pdgfra,48,false
102.388043,150.305314,Aldoc,0,true
28.141016,150.788976,Gad1,58,false
144.403237,67.039728,Pdgfra,32,false
47.937455,68.066744,Sox10,27,false
106.591290,103.760103,Gad1,46,false
28.280888,124.417119,Pdgfra,50,false
51.721447,68.327619,Pdgfra,27,false
88.301730,124.293194,Slc17a7,53,false
73.435694,85.817954,Slc17a7,36,false
105.255637,125.548556,Aldoc,54,false
13.602153,86.936146,Aldoc,33,false
12.521410,9.286270,Gad1,1,false
47.408741,8.378805,Slc17a7,3,false
124.514669,123.708998,Gad1,55,false
73.246257,90.195540,Aldoc,36,false
12.485882,48.562748,Gad1,17,false
141.888239,89.458581,Gad1,40,false
49.037359,104.589639,Gad1,43,false
108.496658,12.566197,Aldoc,6,false
146.089064,13.889479,Slc17a7,8,false
69.152616,52.542794,Slc17a7,20,false
33.749778,129.326703,Slc17a7,50,false
126.219366,71.715617,Gad1,31,false
33.030732,48.933916,Pdgfra,18,false
120.238933,67.240834,Ttr,31,false
151.650364,107.833063,Sox10,48,false
7.709242,151.941954,Slc17a7,0,true
84.651179,27.330137,Slc17a7,0,true
11.155354,104.589967,Ttr,41,false
143.009138,32.515774,Gad1,16,false
88.023819,29.665758,Gad1,13,false
11.605977,64.155191,Gad1,25,false
147.387574,129.065159,Slc17a7,56,false
123.757925,89.667663,Aldoc,39,false
34.499198,141.485499,Gad1,58,false
110.485759,31.031293,Slc17a7,14,false
124.074894,128.974157,Gad1,55,false
106.431684,28.626806,Pdgfra,14,false
146.650988,105.707275,Gad1,48,false
147.947529,29.669603,Gad1,16,false
66.678097,89.397382,Sox10,36,false
46.997306,48.489481,Pdgfra,19,false
145.176640,128.007290,Slc17a7,56,false
93.210067,124.298688,Slc17a7,53,false
107.094261,105.266250,Pdgfra,46,false
68.539141,51.772770,Slc17a7,20,false
66.839141,108.325206,Sox10,44,false
66.800382,15.074117,Gad1,4,false
93.084155,68.689888,Aldoc,29,false
106.330336,72.003879,Gad1,30,false
86.773914,91.781483,Gad1,37,false
48.820725,87.334330,Slc17a7,35,false
6.656751,52.033947,Gad1,17,false
65.768131,124.549006,Gad1,52,false
123.148264,90.675696,Slc17a7,39,false
122.190292,14.925789,Gad1,7,false
11.046368,86.293635,Aldoc,33,false
62.886463,67.921027,Sox10,28,false
29.658975,50.692726,Aldoc,18,false
87.425469,5.414736,Pdgfra,5,false
14.172085,8.117520,Sox10,1,false
84.860750,91.623008,Slc17a7,37,false
105.331200,66.932540,Slc17a7,30,false
52.507307,49.283350,Gad1,19,false
93.522755,32.412205,Aldoc,13,false
28.895510,143.448262,Gad1,58,false
11.254364,47.483920,Slc17a7,17,false
67.529990,108.751819,Slc17a7,44,false
148.455326,50.278467,Sox10,24,false
66.272649,11.413011,Pdgfra,4,false
87.132775,31.034454,Gad1,13,false
52.312721,91.557838,Slc17a7,35,false
104.797609,85.295002,Slc17a7,38,false
46.601110,61.102914,Sox10,27,false
22.748090,49.535636,Ttr,0,true
27.976839,87.364961,Gad1,34,false
142.616434,5.591815,Slc17a7,8,false
68.280695,144.829938,Slc17a7,60,false
16.615059,145.976756,Gad1,57,false
48.744432,126.271804,Aldoc,51,false
126.010897,107.643481,Gad1,47,false
123.979327,47.948240,Slc17a7,23,false
21.948059,146.655038,Pdgfra,0,true
124.951414,18.178550,Gad1,7,false
122.063839,88.522928,Pdgfra,39,false
127.227539,12.266679,Gad1,7,false
67.497002,107.522497,Slc17a7,44,false
103.604010,72.084534,Aldoc,30,false
144.733686,104.990915,Aldoc,48,false
9.462533,46.621578,Sox10,17,false
48.977517,72.847555,Pdgfra,27,false
11.920317,31.025759,Slc17a7,9,false
89.751603,125.204112,Sox10,53,false
50.626148,67.458230,Pdgfra,27,false
129.948797,24.686319,Pdgfra,0,true
13.184477,66.571655,Gad1,25,false
50.182477,30.181896,Slc17a7,11,false
106.290104,71.362353,Aldoc,30,false
68.026581,68.033123,Gad1,28,false
105.867041,107.043797,Gad1,46,false
25.062557,14.483921,Gad1,2,false
70.289955,105.566190,Sox10,0,true
27.077088,17.479912,Slc17a7,2,false
70.341447,16.009687,Pdgfra,4,false
97.339266,120.410946,Slc17a7,0,true
142.261968,127.355982,Sox10,56,false
13.259608,8.975443,Gad1,1,false
17.013061,142.159913,Sox10,57,false
44.855278,35.921919,Pdgfra,11,false
144.560125,103.589488,Ttr,0,true
147.413027,32.920992,Gad1,16,false
44.818144,13.951559,Gad1,3,false
102.711215,69.421007,Ttr,30,false
145.350294,108.354967,Aldoc,48,false
50.934425,11.083968,Aldoc,3,false
41.174784,123.487537,Aldoc,51,false
12.087313,145.220137,Aldoc,57,false
15.742946,30.444051,Gad1,9,false
31.526179,72.832552,Slc17a7,26,false
14.386946,87.965020,Sox10,33,false
124.652460,92.198122,Pdgfra,39,false
139.441263,51.332490,Slc17a7,0,true
36.821988,67.360552,Pdgfra,26,false
101.673020,12.708200,Pdgfra,6,false
31.907148,129.981658,Aldoc,50,false
85.430881,105.731589,Slc17a7,45,false
146.673734,107.099995,Pdgfra,48,false
63.104618,66.559213,Gad1,28,false
69.545881,125.646848,Slc17a7,52,false
47.024021,146.602546,Slc17a7,59,false
49.099568,15.222926,Aldoc,3,false
8.575485,70.384184,Gad1,25,false
123.608770,27.815553,Aldoc,15,false
31.091082,103.955424,Aldoc,42,false
54.598779,89.582478,Slc17a7,35,false
146.901616,130.422254,Sox10,56,false
13.409721,108.607897,Slc17a7,41,false
66.435743,148.609254,Aldoc,60,false
124.854906,90.994864,Sox10,39,false
125.329068,124.730069,Ttr,55,false
30.713746,32.379956,Gad1,10,false
144.312878,29.271713,Aldoc,16,false
31.535409,126.711572,Ttr,50,false
71.253738,73.224829,Gad1,28,false
67.555151,11.738439,Sox10,4,false
107.848454,86.733208,Slc17a7,38,false
139.840017,47.241924,Aldoc,24,false
107.631624,33.980193,Slc17a7,14,false
89.867688,71.686950,Pdgfra,29,false
31.144432,32.514012,Gad1,10,false
106.724556,15.488379,Pdgfra,6,false
85.221469,86.646413,Sox10,37,false
12.853251,125.458859,Gad1,49,false
30.058125,51.309371,Pdgfra,18,false
17.289577,12.974667,Gad1,1,false
88.487475,67.364868,Slc17a7,29,false
27.156483,157.814512,Pdgfra,0,true
71.472090,14.105490,Aldoc,4,false
71.225790,143.545730,Slc17a7,60,false
127.717203,28.189700,Ttr,15,false
129.447519,108.331569,Slc17a7,47,false
86.549224,106.516430,Aldoc,45,false
7.311779,14.936598,Pdgfra,1,false
85.443318,69.336286,Aldoc,29,false
31.669281,9.933872,Gad1,0,true
9.668927,29.601182,Sox10,9,false
142.750553,89.175675,Gad1,40,false
86.828097,11.404648,Slc17a7,5,false
13.738616,86.981907,Gad1,33,false
92.966887,123.080626,Slc17a7,53,false
35.139945,127.366475,Pdgfra,50,false
10.270983,88.895525,Pdgfra,33,false
129.863025,88.011145,Sox10,39,false
67.968015,11.198807,Gad1,4,false
13.074468,70.961843,Gad1,25,false
29.829334,87.678825,Gad1,34,false
94.749652,56.946042,Slc17a7,0,true
7.471036,88.281764,Aldoc,33,false
124.371807,48.980112,Pdgfra,23,false
125.602384,106.900046,Aldoc,47,false
12.439010,69.148925,Slc17a7,25,false
91.196821,29.500109,Pdgfra,13,false
32.332488,11.417312,Slc17a7,2,false
145.732310,122.931777,Pdgfra,56,false
52.643767,124.500578,Aldoc,51,false
50.189598,109.422890,Aldoc,43,false
11.603067,106.517235,Slc17a7,41,false
70.655112,52.180499,Pdgfra,20,false
13.083092,127.449030,Slc17a7,49,false
128.504521,108.013648,Ttr,47,false
108.936627,68.419134,Sox10,30,false
143.926917,90.089977,Gad1,40,false
89.790863,87.637451,Slc17a7,0,true
85.522737,128.692343,Gad1,53,false
86.463231,64.229956,Pdgfra,29,false
52.245459,109.864547,Gad1,43,false
70.497756,123.505525,Sox10,52,false
19.526609,58.882010,Gad1,0,true
69.284401,88.884208,Aldoc,36,false
30.055571,88.075924,Gad1,34,false
53.367443,88.012983,Slc17a7,35,false
148.983238,80.559200,Sox10,40,false
15.587131,52.017118,Aldoc,17,false
31.022808,124.247074,Pdgfra,50,false
28.462169,92.556184,Ttr,34,false
4.055959,25.575887,Slc17a7,0,true
15.717529,142.495385,Sox10,57,false
71.612071,49.333340,Slc17a7,20,false
89.122019,103.114359,Aldoc,45,false
121.385744,91.019738,Gad1,39,false
57.831854,133.339984,Pdgfra,0,true
30.880495,70.675067,Slc17a7,26,false
47.066599,122.456109,Aldoc,51,false
51.673568,45.885215,Gad1,19,false
89.639429,7.058498,Slc17a7,5,false
127.394328,126.514525,Gad1,55,false
114.585380,7.668324,Slc17a7,0,true
123.793055,127.749340,Ttr,55,false
87.693471,10.876545,Slc17a7,5,false
68.927464,124.289548,Gad1,52,false
68.831939,112.406086,Slc17a7,44,false
112.911703,124.459126,Aldoc,54,false
13.565675,85.721964,Sox10,33,false
31.921587,11.028696,Sox10,2,false
86.195068,65.905132,Gad1,29,false
128.648483,16.323951,Gad1,7,false
105.313117,34.404526,Gad1,14,false
86.810060,50.693125,Aldoc,21,false
13.233741,35.428321,Aldoc,9,false
31.221500,11.529856,Gad1,2,false
94.673800,126.607152,Slc17a7,53,false
110.866949,86.786827,Slc17a7,38,false
23.979976,49.140868,Pdgfra,0,true
149.927609,105.651464,Slc17a7,0,true
105.326657,85.438116,Slc17a7,38,false
90.138374,107.493672,Aldoc,45,false
142.693809,6.005093,Slc17a7,8,false
107.773027,30.931250,Ttr,14,false
86.373958,32.813770,Gad1,13,false
74.280495,48.506369,Slc17a7,20,false
108.582713,9.412135,Ttr,6,false
26.916678,109.466010,Aldoc,42,false
29.837327,16.014248,Slc17a7,2,false
122.740757,72.328216,Gad1,31,false
144.898467,86.896955,Pdgfra,40,false
108.838672,104.519075,Pdgfra,46,false
29.623885,45.549983,Aldoc,18,false
88.983994,127.801785,Slc17a7,53,false
69.718226,84.918827,Aldoc,36,false
54.290832,35.026155,Gad1,11,false
15.034252,157.755311,Sox10,0,true
145.669237,105.492842,Aldoc,48,false
29.165156,90.636267,Pdgfra,34,false
103.816391,32.537731,Slc17a7,14,false
125.616017,67.351235,Ttr,31,false
65.858069,31.629706,Sox10,12,false
122.420156,30.743541,Pdgfra,15,false
146.988282,47.792419,Slc17a7,24,false
129.997007,15.064282,Gad1,7,false
105.864966,107.954337,Gad1,46,false
123.797303,124.355280,Gad1,55,false
50.131549,127.818781,Slc17a7,51,false
49.668600,152.530033,Sox10,59,false
9.657754,70.466533,Aldoc,25,false
120.499444,121.512755,Gad1,55,false
89.279758,126.718406,Slc17a7,53,false
18.550512,89.111260,Aldoc,33,false
14.142727,5.734156,Gad1,1,false
30.667101,72.989598,Slc17a7,26,false
74.380244,55.485553,Gad1,0,true
111.293966,15.524276,Ttr,6,false
125.201151,125.238498,Aldoc,55,false
47.282845,148.890900,Slc17a7,59,false
33.758361,130.429114,Slc17a7,50,false
51.049848,32.760093,Slc17a7,11,false
31.035819,51.839816,Gad1,0,true
87.561008,124.645832,Slc17a7,53,false
16.364989,30.634039,Gad1,9,false
30.081938,68.463950,Slc17a7,26,false
144.972089,131.456066,Slc17a7,56,false
128.594972,74.813228,Sox10,31,false
103.118569,69.518099,Aldoc,30,false
127.451238,119.486018,Gad1,55,false
128.513955,17.138192,Pdgfra,7,false
31.178482,27.226276,Gad1,10,false
124.129824,88.493532,Aldoc,39,false
127.255621,70.176511,Gad1,31,false
90.225052,68.158164,Slc17a7,29,false
149.649889,106.056764,Pdgfra,48,false
68.466029,30.333242,Aldoc,12,false
66.468615,85.823369,Aldoc,36,false
86.198930,35.349255,Aldoc,13,false
31.519287,12.415133,Slc17a7,2,false
53.335559,15.213217,Ttr,3,false
12.786304,144.932481,Aldoc,57,false
11.080547,31.362990,Aldoc,9,false
103.922615,69.374420,Ttr,30,false
2.634386,7.798591,Sox10,0,true
88.814715,53.453966,Ttr,21,false
71.523077,46.946398,Sox10,20,false
107.770530,90.434663,Aldoc,38,false
107.989091,32.621641,Slc17a7,14,false
132.536600,134.392168,Aldoc,0,true
32.705840,143.731898,Slc17a7,58,false
13.841387,32.294091,Pdgfra,9,false
68.856347,83.631275,Aldoc,36,false
84.809335,14.007234,Ttr,5,false
65.020484,113.665824,Slc17a7,44,false
124.316581,84.228783,Aldoc,39,false
27.902646,12.389322,Slc17a7,2,false
65.003522,65.969198,Sox10,28,false
143.163793,51.551422,Aldoc,24,false
91.305247,85.096531,Gad1,37,false
69.605313,111.339831,Aldoc,0,true
140.844162,64.447614,Slc17a7,32,false
109.356196,13.451262,Pdgfra,6,false
108.591819,125.471355,Sox10,54,false
30.716148,128.071711,Pdgfra,50,false
66.949724,34.078079,Aldoc,12,false
9.778361,101.210494,Aldoc,41,false
92.923646,67.491377,Ttr,29,false
84.342184,105.503705,Ttr,45,false
125.606881,105.255853,Gad1,47,false
84.389841,7.279252,Aldoc,5,false
50.869479,146.087032,Slc17a7,59,false
75.124112,130.695662,Slc17a7,0,true
133.279224,9.292986,Gad1,0,true
55.851904,30.895970,Slc17a7,11,false
110.426083,68.179854,Aldoc,30,false
147.801907,28.872402,Sox10,16,false
86.962723,124.036793,Slc17a7,53,false
141.844366,90.199678,Gad1,40,false
49.153531,6.866038,Ttr,3,false
141.384757,88.739622,Pdgfra,40,false
30.665156,10.675027,Slc17a7,2,false
130.878366,67.690759,Gad1,31,false
147.948023,90.777889,Gad1,40,false
73.778712,13.040759,Slc17a7,4,false
51.093166,100.266031,Ttr,43,false
143.792300,106.781613,Pdgfra,48,false
86.763819,103.410725,Aldoc,45,false
80.101821,145.430538,Ttr,0,true
35.022103,12.688449,Aldoc,2,false
9.278810,63.901511,Pdgfra,0,true
48.871056,48.906648,Ttr,19,false
31.274958,109.511462,Sox10,42,false
10.706536,106.129232,Slc17a7,41,false
33.539686,148.584511,Gad1,58,false
49.515899,124.307982,Pdgfra,51,false
35.445279,81.860390,Slc17a7,0,true
53.915688,52.610634,Gad1,19,false
67.652064,125.322870,Gad1,52,false
64.511322,103.095208,Slc17a7,44,false
110.788104,63.117050,Sox10,30,false
51.602575,50.362560,Aldoc,19,false
50.176771,122.983253,Aldoc,51,false
141.899332,33.960832,Slc17a7,16,false
54.701685,50.974800,Gad1,19,false
50.948470,129.181065,Aldoc,51,false
12.932785,31.137543,Aldoc,9,false
105.451596,88.058134,Pdgfra,38,false
105.703203,109.958680,Gad1,46,false
8.519102,131.816796,Ttr,0,true
156.640978,138.418485,Gad1,0,true
10.563238,127.450008,Gad1,49,false
71.422667,12.668411,Gad1,4,false
12.755743,12.035335,Slc17a7,1,false
105.708405,72.080987,Gad1,30,false
146.383694,87.045596,Gad1,40,false
8.749995,98.058503,Sox10,0,true
13.987952,125.646590,Gad1,49,false
124.253077,46.946476,Slc17a7,23,false
86.097576,15.612143,Gad1,5,false
13.284721,126.255634,Gad1,49,false
10.618858,29.921506,Sox10,9,false
12.676525,108.371521,Slc17a7,41,false
34.245960,30.496580,Ttr,10,false
61.573918,20.225148,Aldoc,0,true
63.782460,14.384809,Gad1,4,false
89.349636,50.882543,Slc17a7,21,false
33.335271,126.205972,Slc17a7,50,false
145.947597,48.989797,Pdgfra,24,false
121.128252,88.927572,Aldoc,39,false
107.320047,51.744219,Sox10,22,false
129.237100,106.156204,Slc17a7,47,false
34.682173,27.512049,Gad1,10,false
67.466826,143.695088,Slc17a7,60,false
87.729819,116.159983,Aldoc,45,false
108.092579,88.596696,Gad1,38,false
49.361872,137.566748,Gad1,0,true
125.712502,130.208988,Aldoc,55,false
65.799543,71.495452,Gad1,28,false
90.192844,126.379472,Slc17a7,53,false
12.952013,27.828401,Pdgfra,9,false
101.139737,84.020211,Gad1,38,false
110.126889,51.545183,Ttr,0,true
103.177575,126.832309,Pdgfra,54,false
9.467231,89.474709,Aldoc,33,false
93.808384,137.760356,Pdgfra,0,true
124.776617,14.315475,Gad1,7,false
48.408790,125.623645,Pdgfra,51,false
147.031663,50.502174,Aldoc,24,false
28.982254,53.694900,Gad1,18,false
124.802292,70.230936,Gad1,31,false
140.240263,88.810507,Gad1,40,false
124.344837,17.098852,Aldoc,7,false
12.955686,30.346028,Aldoc,9,false
5.648639,42.202862,Sox10,0,true
146.694184,32.088823,Gad1,16,false
13.751572,52.515859,Slc17a7,17,false
51.863183,147.872023,Slc17a7,59,false
74.379629,125.892380,Aldoc,0,true
15.545824,12.893536,Gad1,1,false
34.089164,85.999482,Gad1,34,false
142.639524,14.540940,Sox10,0,true
89.578527,91.028077,Sox10,37,false
28.792051,148.090130,Sox10,58,false
50.599281,89.819928,Aldoc,35,false
127.929223,65.706820,Gad1,31,false
51.264681,48.262059,Gad1,19,false
51.194934,11.919526,Aldoc,3,false
30.773438,143.785340,Gad1,58,false
50.875730,30.766787,Aldoc,11,false
20.910774,14.063598,Slc17a7,0,true
124.784001,70.458830,Sox10,31,false
90.458780,108.603622,Aldoc,45,false
27.277434,49.998776,Aldoc,18,false
89.400371,32.337861,Gad1,13,false
27.985226,30.464878,Aldoc,10,false
107.874907,124.616265,Slc17a7,54,false
126.934025,71.516840,Gad1,31,false
32.450258,11.184067,Ttr,2,false
10.398855,46.176103,Slc17a7,17,false
75.189245,155.886983,Ttr,0,true
122.577211,66.154348,Gad1,31,false
120.313759,33.005163,Slc17a7,15,false
30.872104,146.078210,Pdgfra,58,false
32.963080,51.714161,Aldoc,18,false
33.002508,144.954247,Aldoc,58,false
101.074408,10.594088,Aldoc,6,false
14.207213,125.762648,Gad1,49,false
90.843196,69.032091,Slc17a7,29,false
125.744321,106.029294,Slc17a7,47,false
143.273618,12.884758,Ttr,8,false
94.634572,11.904086,Aldoc,5,false
54.346390,86.691473,Ttr,35,false
64.063321,139.087712,Aldoc,0,true
65.877957,31.225076,Sox10,12,false
31.122140,103.824054,Aldoc,42,false
117.467218,71.315776,Pdgfra,0,true
52.588824,143.234086,Pdgfra,59,false
148.578057,106.311639,Sox10,48,false
33.989071,28.592156,Gad1,10,false
127.411130,50.102230,Slc17a7,23,false
104.247410,68.312381,Aldoc,30,false
35.045734,126.155071,Slc17a7,50,false
29.567538,13.064077,Ttr,2,false
92.792130,105.960806,Aldoc,45,false
112.644232,123.258600,Aldoc,54,false
125.059267,53.952188,Pdgfra,23,false
125.835694,71.341840,Gad1,31,false
31.318815,8.522921,Slc17a7,2,false
13.201549,125.011552,Ttr,49,false
127.874723,67.716175,Gad1,31,false
11.343716,13.745688,Gad1,1,false
68.499478,125.265749,Slc17a7,52,false
156.453203,11.185862,Slc17a7,0,true
37.757246,72.795972,Slc17a7,26,false
12.509950,32.886805,Aldoc,9,false
69.447016,67.746568,Pdgfra,28,false
89.883542,13.451647,Ttr,5,false
51.497057,147.616825,Slc17a7,59,false
10.790674,102.732206,Aldoc,41,false
70.919198,47.189381,Slc17a7,20,false
14.566996,108.376682,Slc17a7,41,false
90.721712,69.141428,Slc17a7,29,false
109.833240,123.338630,Ttr,54,false
30.607639,105.160633,Ttr,42,false
48.598748,104.724914,Gad1,43,false
11.286108,49.225472,Gad1,17,false
65.669211,70.693967,Gad1,28,false
144.007884,11.048807,Gad1,8,false
146.662772,83.656402,Ttr,40,false
44.587634,12.260904,Aldoc,3,false
130.824828,40.261568,Aldoc,0,true
28.157118,126.198425,Slc17a7,50,false
86.566069,127.817620,Slc17a7,53,false
50.074426,126.952471,Aldoc,51,false
12.968380,28.149023,Aldoc,9,false
131.006294,108.980344,Sox10,0,true
105.449977,121.692330,Aldoc,54,false
69.717331,127.910268,Ttr,52,false
52.415904,65.784211,Gad1,27,false
125.584518,70.782329,Gad1,31,false
110.432222,8.101204,Slc17a7,6,false
87.897952,12.796008,Slc17a7,5,false
13.065697,25.856935,Aldoc,9,false
150.313181,12.864360,Gad1,8,false
31.360644,30.368668,Pdgfra,10,false
11.259540,105.570562,Slc17a7,41,false
10.855251,34.070181,Gad1,9,false
147.540899,106.346746,Aldoc,48,false
150.732984,107.663273,Aldoc,48,false
31.936192,27.245455,Gad1,10,false
109.472943,12.440790,Aldoc,6,false
12.742599,97.786089,Gad1,0,true
100.559689,127.203037,Slc17a7,0,true
105.557922,87.963934,Slc17a7,38,false
91.572606,107.430481,Slc17a7,45,false
148.051316,10.386666,Slc17a7,8,false
125.753267,12.082167,Gad1,7,false
103.764822,14.886745,Pdgfra,6,false
28.332401,11.278378,Ttr,2,false
129.523842,51.218850,Slc17a7,23,false
142.082341,86.035344,Gad1,40,false
105.164067,13.885236,Sox10,6,false
50.382958,90.810251,Slc17a7,35,false
151.558982,6.416921,Ttr,0,true
138.063056,65.461483,Pdgfra,32,false
48.037973,148.855909,Pdgfra,59,false
34.179569,56.740634,Ttr,18,false
16.105806,88.549239,Aldoc,33,false
107.147769,6.633619,Aldoc,6,false
43.136419,1.267631,Aldoc,0,true
10.368197,32.152291,Gad1,0,true
62.962174,68.563767,Sox10,28,false
11.612401,50.306229,Aldoc,17,false
48.502019,146.841847,Slc17a7,59,false
143.090390,31.876059,Gad1,16,false
14.129413,93.332072,Sox10,33,false
125.686709,86.573005,Pdgfra,39,false
156.104727,36.906143,Sox10,0,true
54.340140,138.570165,Gad1,0,true
35.262997,126.825834,Gad1,0,true
10.215037,48.163302,Ttr,17,false
147.272055,48.686284,Aldoc,24,false
130.536204,46.668038,Sox10,23,false
148.234940,102.215789,Slc17a7,48,false
28.824178,69.156257,Gad1,26,false
143.237384,7.860523,Slc17a7,8,false
107.184640,7.203669,Pdgfra,6,false
48.621917,121.307217,Aldoc,51,false
152.967829,137.802104,Gad1,0,true
30.110149,86.157765,Gad1,34,false
106.898178,69.676921,Pdgfra,30,false
53.531221,9.696641,Aldoc,0,true
67.535957,70.287889,Aldoc,28,false
64.647131,10.788923,Pdgfra,4,false
145.326471,8.214249,Slc17a7,8,false
29.375038,71.828626,Sox10,26,false
13.388710,49.152100,Gad1,17,false
15.904442,148.005344,Sox10,57,false
69.177703,34.216570,Aldoc,12,false
82.845884,104.082283,Aldoc,45,false
143.688080,11.754436,Slc17a7,8,false
88.564196,11.161359,Pdgfra,5,false
52.005853,9.612305,Aldoc,3,false
6.968615,127.174529,Gad1,49,false
129.188652,123.099792,Gad1,55,false
122.209637,30.885673,Aldoc,15,false
123.950002,127.980773,Aldoc,55,false
52.951816,68.680406,Pdgfra,27,false
127.096776,30.737118,Aldoc,15,false
85.379225,15.945369,Sox10,5,false
104.658170,48.932679,Ttr,22,false
13.699150,19.684456,Gad1,0,true
9.082546,88.970357,Pdgfra,33,false
69.875861,70.450658,Aldoc,28,false
150.030246,54.330032,Aldoc,24,false
13.606886,147.119483,Aldoc,57,false
47.876715,62.511380,Pdgfra,27,false
89.869996,124.292431,Slc17a7,53,false
19.397736,132.080257,Sox10,0,true
46.143105,35.606720,Slc17a7,11,false
91.365045,47.295391,Pdgfra,21,false
145.708130,69.090799,Gad1,32,false
69.504423,30.263104,Gad1,12,false
105.044251,85.224773,Slc17a7,38,false
102.142200,69.775193,Pdgfra,0,true
89.879635,69.916596,Slc17a7,29,false
15.061536,150.542475,Pdgfra,57,false
32.730544,146.268252,Aldoc,58,false
144.569009,109.151695,Aldoc,48,false
62.010452,68.508662,Pdgfra,28,false
30.989124,143.928493,Gad1,58,false
89.238931,85.396950,Gad1,37,false
32.733313,108.570509,Ttr,42,false
53.034629,85.575541,Slc17a7,35,false
32.653819,29.127092,Aldoc,10,false
88.007029,106.599227,Aldoc,45,false
144.172668,35.233607,Gad1,16,false
30.276668,83.748456,Gad1,34,false
11.554256,109.646387,Sox10,0,true
12.982878,67.301494,Slc17a7,25,false
51.401319,49.638926,Ttr,19,false
10.621931,89.469075,Sox10,33,false
12.703657,29.078203,Ttr,9,false
67.559479,68.170656,Sox10,28,false
144.424140,6.584068,Ttr,8,false
121.948032,85.438681,Aldoc,39,false
128.770450,122.450817,Gad1,55,false
88.423032,51.752774,Sox10,21,false
65.468859,108.381052,Aldoc,44,false
110.567653,33.220895,Slc17a7,14,false
36.133364,56.584751,Aldoc,18,false
42.946825,110.365987,Gad1,43,false
88.584272,72.143521,Slc17a7,29,false
31.744895,146.982740,Gad1,58,false
35.492648,46.292563,Aldoc,18,false
31.144424,29.449126,Gad1,10,false
69.572689,54.198231,Slc17a7,20,false
65.851309,144.319665,Gad1,60,false
88.341765,104.529228,Aldoc,45,false
28.285877,150.393820,Ttr,0,true
91.346620,94.398049,Aldoc,37,false
90.017973,93.345435,Gad1,37,false
49.841088,88.974078,Pdgfra,35,false
90.525718,106.673806,Aldoc,45,false
28.020895,145.584552,Ttr,58,false
146.470045,109.863454,Aldoc,48,false
88.757166,102.796349,Sox10,45,false
48.290344,11.632482,Ttr,3,false
108.395061,125.881539,Sox10,54,false
82.183857,65.178820,Pdgfra,29,false
10.596259,145.582240,Sox10,57,false
66.307524,90.090610,Sox10,36,false
87.519516,121.924963,Sox10,53,false
126.414113,7.010147,Gad1,7,false
10.269583,106.617640,Slc17a7,41,false
9.735781,72.790242,Aldoc,25,false
121.696704,30.273590,Ttr,0,true
11.744826,67.316453,Gad1,25,false
32.484483,108.793992,Aldoc,42,false
127.709163,90.426644,Slc17a7,39,false
30.547815,30.420619,Gad1,10,false
34.775514,90.035650,Sox10,34,false
15.717908,149.275913,Aldoc,57,false
111.273010,84.259318,Slc17a7,38,false
69.822998,107.381266,Slc17a7,44,false
148.630269,91.850723,Gad1,40,false
44.703136,52.215431,Slc17a7,0,true
65.251340,108.461148,Pdgfra,44,false
32.817371,72.551716,Slc17a7,26,false
54.196544,145.706458,Ttr,0,true
69.752005,47.908148,Pdgfra,20,false
49.863991,13.720879,Aldoc,3,false
9.778015,47.600001,Slc17a7,17,false
46.437166,147.831580,Aldoc,59,false
107.661647,88.666401,Slc17a7,38,false
48.609690,52.189528,Gad1,19,false
110.525398,107.639000,Gad1,46,false
127.152224,86.827722,Pdgfra,39,false
50.165237,67.354988,Sox10,27,false
72.296346,33.090657,Aldoc,12,false
82.961618,9.186769,Slc17a7,5,false
109.205955,50.056224,Sox10,22,false
51.301907,143.285724,Gad1,59,false
64.636529,107.322353,Sox10,44,false
123.390092,121.810467,Slc17a7,55,false
143.287041,19.059375,Ttr,0,true
89.136836,25.159593,Pdgfra,13,false
47.851538,28.262083,Pdgfra,11,false
34.809367,27.284068,Slc17a7,10,false
32.672533,25.644796,Gad1,10,false
148.296818,28.808533,Ttr,16,false
47.795494,8.902228,Aldoc,3,false
64.781149,146.737781,Sox10,60,false
92.309438,119.254323,Gad1,0,true
116.216782,113.045009,Slc17a7,0,true
68.510195,15.872323,Gad1,4,false
62.066539,127.158339,Gad1,0,true
119.707358,89.443615,Slc17a7,39,false
137.750803,24.427572,Slc17a7,0,true
90.795205,91.549379,Ttr,37,false
128.207134,30.465990,Aldoc,15,false
102.202008,72.865130,Aldoc,30,false
67.719956,47.569319,Aldoc,20,false
151.376838,143.297950,Pdgfra,0,true
70.777200,82.666522,Aldoc,36,false
147.728665,45.913162,Aldoc,24,false
125.263072,108.337386,Slc17a7,47,false
34.931706,68.668614,Gad1,26,false
91.702431,73.564574,Slc17a7,29,false
32.035518,50.126505,Gad1,18,false
70.126751,87.077590,Pdgfra,36,false
68.777430,145.875864,Aldoc,60,false
66.368069,147.539225,Aldoc,60,false
51.056049,130.729729,Aldoc,51,false
146.681818,71.797073,Pdgfra,32,false
106.182255,49.239077,Gad1,22,false
13.968232,125.046236,Slc17a7,49,false
109.694379,34.300728,Slc17a7,14,false
8.741555,32.623454,Aldoc,9,false
68.442830,87.625095,Ttr,36,false
126.508959,45.493229,Gad1,23,false
67.645806,125.897190,Aldoc,52,false
110.252300,108.489531,Gad1,46,false
126.792341,13.776153,Ttr,7,false
119.716767,33.263420,Aldoc,15,false
125.268654,69.632304,Pdgfra,31,false
90.806141,89.898298,Ttr,37,false
92.556736,127.743188,Pdgfra,53,false
126.039831,150.401175,Gad1,0,true
36.218497,112.186664,Aldoc,42,false
11.728812,12.935283,Gad1,1,false
126.257747,51.863373,Slc17a7,23,false
31.488985,15.749323,Sox10,2,false
71.301293,10.942665,Aldoc,4,false
67.544120,53.926448,Slc17a7,20,false
13.396644,46.529064,Slc17a7,17,false
48.060765,109.470438,Gad1,43,false
70.444501,66.906122,Gad1,28,false
64.109493,109.510086,Sox10,44,false
141.487446,32.831586,Gad1,16,false
69.272650,25.411662,Pdgfra,0,true
146.838650,123.111264,Gad1,56,false
79.689322,39.970705,Sox10,0,true
36.265524,50.333036,Pdgfra,18,false
140.743701,69.236224,Gad1,32,false
64.385548,67.588639,Gad1,28,false
144.359763,6.262773,Slc17a7,8,false
69.741869,129.662599,Gad1,52,false
143.860301,44.251126,Gad1,0,true
63.965155,127.427283,Gad1,52,false
32.949100,123.865714,Pdgfra,50,false
86.983512,46.800169,Aldoc,21,false
13.513791,104.381262,Slc17a7,41,false
30.232988,97.532512,Gad1,0,true
18.004933,13.967788,Gad1,1,false
123.717649,107.230103,Gad1,47,false
32.759182,143.318731,Aldoc,58,false
32.179456,13.803761,Slc17a7,2,false
125.541269,112.752966,Pdgfra,47,false
6.327137,103.740368,Pdgfra,0,true
63.823486,67.938546,Slc17a7,28,false
33.148790,142.813545,Ttr,58,false
32.944011,105.264215,Aldoc,42,false
32.127256,49.595279,Sox10,18,false
87.735472,125.849064,Ttr,53,false
141.699869,30.047771,Gad1,16,false
47.753522,65.465904,Aldoc,27,false
107.843620,10.515548,Pdgfra,6,false
17.303058,156.827433,Aldoc,0,true
87.127359,11.249999,Slc17a7,5,false
68.302797,88.571141,Slc17a7,36,false
108.471929,125.401047,Pdgfra,54,false
144.586385,101.979372,Aldoc,48,false
119.835102,32.710867,Gad1,15,false
48.375053,77.453170,Gad1,0,true
145.744296,31.507166,Aldoc,16,false
11.435807,10.710440,Aldoc,1,false
58.718338,104.912888,Gad1,0,true
51.385455,125.058868,Sox10,51,false
11.580791,122.575688,Gad1,49,false
56.267718,43.974131,Ttr,19,false
91.548933,94.504106,Ttr,0,true
10.080182,85.279753,Aldoc,33,false
110.758421,32.917942,Slc17a7,14,false
31.741669,52.778406,Ttr,18,false
83.736401,22.065402,Pdgfra,0,true
64.340712,37.760481,Aldoc,12,false
50.090416,72.403040,Pdgfra,27,false
32.183369,88.212634,Sox10,0,true
68.629847,82.905088,Aldoc,36,false
126.835274,105.737328,Aldoc,47,false
147.706895,127.557616,Aldoc,56,false
8.671362,73.402548,Pdgfra,25,false
106.766119,2.367498,Slc17a7,0,true
11.803840,16.588149,Pdgfra,1,false
37.023696,35.911707,Gad1,10,false
145.526547,7.261142,Ttr,8,false
146.199430,15.241407,Slc17a7,8,false
32.427208,145.411464,Gad1,58,false
88.405637,67.291751,Pdgfra,29,false
121.374592,125.406595,Gad1,55,false
107.030388,50.127624,Gad1,22,false
8.442500,12.309109,Slc17a7,0,true
70.610986,31.502033,Aldoc,12,false
12.776462,32.326692,Gad1,9,false
87.710468,101.547840,Pdgfra,45,false
13.601150,9.020643,Gad1,1,false
86.440783,50.507473,Aldoc,21,false
9.701105,67.352488,Gad1,25,false
111.795473,107.970863,Aldoc,46,false
71.979491,139.825497,Gad1,60,false
118.196017,120.206937,Aldoc,0,true
70.084011,36.755758,Aldoc,12,false
89.026179,88.965901,Gad1,37,false
97.325572,15.246376,Sox10,0,true
142.511753,32.308396,Gad1,16,false
122.976712,108.169078,Slc17a7,47,false
47.819342,88.276947,Slc17a7,35,false
90.115966,29.124406,Sox10,13,false
145.388792,26.626750,Gad1,16,false
68.684675,66.564670,Gad1,28,false
37.188175,112.031248,Sox10,0,true
102.564409,126.205920,Sox10,54,false
45.198197,9.148951,Sox10,3,false
108.407445,125.256729,Aldoc,54,false
13.596778,70.905331,Gad1,25,false
74.813118,52.852895,Slc17a7,20,false
13.048981,90.650317,Gad1,33,false
13.565170,125.556991,Slc17a7,49,false
68.834103,50.273447,Pdgfra,20,false
32.271365,84.783667,Gad1,34,false
15.231147,149.815883,Aldoc,57,false
70.991027,9.883124,Gad1,4,false
67.837075,13.039261,Gad1,4,false
92.513843,66.835788,Gad1,29,false
91.484312,92.148444,Gad1,37,false
8.073438,67.960061,Pdgfra,25,false
85.954214,48.491002,Gad1,21,false
31.866089,70.879884,Pdgfra,26,false
34.962977,46.063780,Ttr,18,false
132.011676,16.099049,Aldoc,7,false
123.636501,124.695951,Gad1,55,false
143.003722,69.331692,Slc17a7,32,false
143.661276,88.742161,Gad1,40,false
64.348968,29.596273,Aldoc,12,false
68.853236,52.176681,Slc17a7,20,false
15.700295,145.406510,Aldoc,57,false
107.226227,66.630233,Slc17a7,30,false
123.910890,89.733067,Slc17a7,39,false
28.342746,90.881040,Sox10,34,false
35.105318,141.952143,Pdgfra,58,false
70.440245,48.688046,Sox10,20,false
8.438457,33.205004,Aldoc,9,false
152.784327,154.608409,Gad1,0,true
28.841772,8.693678,Aldoc,2,false
127.450954,32.368054,Slc17a7,15,false
14.428868,12.402022,Gad1,1,false
70.946680,32.935010,Gad1,12,false
71.188580,33.561805,Ttr,12,false
70.377054,144.001658,Aldoc,60,false
123.432506,47.213523,Sox10,23,false
75.776430,145.293522,Aldoc,60,false
87.736810,11.706829,Slc17a7,5,false
146.703744,50.850714,Aldoc,24,false
3.436659,99.184004,Ttr,0,true
31.389971,111.020744,Aldoc,42,false
46.619134,8.557502,Sox10,3,false
70.265423,87.916822,Pdgfra,36,false
19.818891,118.915656,Gad1,0,true
45.380849,128.120657,Slc17a7,0,true
123.307667,91.435468,Aldoc,39,false
35.073047,112.049261,Aldoc,42,false
104.743542,30.416572,Slc17a7,14,false
69.208740,51.029636,Slc17a7,20,false
28.043433,69.952349,Pdgfra,26,false
50.031213,71.415860,Aldoc,27,false
33.826887,33.807288,Aldoc,10,false
71.546310,125.316917,Gad1,52,false
71.745586,56.531904,Sox10,20,false
126.129643,86.709374,Slc17a7,39,false
34.045235,71.799901,Slc17a7,26,false
11.307700,47.287011,Sox10,17,false
147.995950,71.058593,Pdgfra,32,false
65.535123,149.219454,Pdgfra,60,false
12.887739,51.685956,Gad1,17,false
123.114344,68.611901,Gad1,31,false
123.746044,28.465620,Pdgfra,15,false
86.529266,33.228983,Pdgfra,13,false
11.609916,90.328525,Gad1,33,false
47.592959,35.304075,Slc17a7,11,false
122.012829,125.756775,Gad1,55,false
34.908621,128.871006,Gad1,50,false
29.553056,10.062419,Slc17a7,2,false
29.412366,90.228560,Gad1,34,false
108.695044,51.847623,Aldoc,22,false
106.697674,12.666089,Aldoc,6,false
35.709371,126.951350,Slc17a7,50,false
89.148385,125.711026,Aldoc,0,true
49.968517,128.680328,Aldoc,51,false
141.886232,68.589745,Slc17a7,32,false
81.300905,39.409048,Slc17a7,0,true
142.361244,36.810326,Pdgfra,16,false
90.010219,69.283955,Slc17a7,29,false
13.711426,92.148221,Slc17a7,33,false
2.108340,67.392153,Gad1,0,true
12.538897,139.573835,Pdgfra,57,false
47.142423,64.110289,Aldoc,27,false
70.663666,31.694212,Pdgfra,12,false
31.069330,70.678929,Slc17a7,26,false
68.529871,31.995147,Pdgfra,12,false
84.742644,52.838021,Sox10,21,false
126.149115,17.224754,Sox10,7,false
12.624921,146.401428,Aldoc,57,false
33.631580,90.478445,Gad1,34,false
6.074636,31.574055,Sox10,9,false
146.413101,145.330787,Pdgfra,0,true
11.473939,91.344536,Aldoc,33,false
67.195921,12.488078,Gad1,4,false
7.457215,15.247333,Ttr,1,false
31.818045,53.063574,Ttr,18,false
9.448704,9.552091,Gad1,1,false
14.991156,147.368245,Aldoc,57,false
140.420064,131.803491,Sox10,56,false
44.123009,83.050343,Aldoc,35,false
109.909542,125.353929,Sox10,54,false
74.886660,106.178780,Gad1,0,true
145.919328,50.765491,Aldoc,24,false
130.550575,34.605300,Aldoc,15,false
109.600830,123.540711,Gad1,54,false
34.200442,148.421373,Aldoc,58,false
100.812834,96.525074,Sox10,0,true
122.343194,21.140587,Ttr,0,true
88.927834,51.685422,Ttr,21,false
108.121025,15.259252,Slc17a7,0,true
86.651214,49.031658,Pdgfra,21,false
89.705015,32.375231,Gad1,13,false
70.173712,48.808962,Slc17a7,20,false
30.136004,92.953497,Pdgfra,34,false
13.316355,49.471564,Slc17a7,17,false
82.873136,116.491887,Slc17a7,53,false
127.758510,100.211559,Sox10,0,true
105.122530,71.503259,Ttr,30,false
145.339610,52.017990,Pdgfra,24,false
7.821068,106.786602,Slc17a7,41,false
10.388051,50.970312,Slc17a7,17,false
102.996908,89.270539,Slc17a7,38,false
144.882685,87.766469,Pdgfra,40,false
120.207181,34.126137,Ttr,15,false
67.612938,83.990663,Aldoc,36,false
52.087093,28.864387,Slc17a7,11,false
127.832340,32.307488,Gad1,15,false
31.358849,71.284301,Slc17a7,26,false
70.631085,31.360525,Pdgfra,12,false
141.737794,82.391740,Sox10,40,false
64.439179,9.799885,Slc17a7,4,false
141.345318,70.700996,Slc17a7,32,false
133.100571,36.857445,Pdgfra,15,false
69.103406,70.558624,Ttr,28,false
143.947039,128.415969,Slc17a7,56,false
35.175201,144.741381,Aldoc,58,false
49.673687,47.532047,Gad1,19,false
49.038989,48.812166,Gad1,19,false
123.252136,107.847183,Slc17a7,47,false
10.329453,140.336085,Aldoc,57,false
49.569030,29.825084,Slc17a7,11,false
86.645987,7.414082,Slc17a7,5,false
72.956972,93.082295,Pdgfra,36,false
104.886629,87.751299,Slc17a7,38,false
52.195020,67.776624,Pdgfra,27,false
31.479697,86.941788,Gad1,34,false
146.246261,83.757233,Ttr,0,true
50.389089,87.515766,Ttr,35,false
88.197137,114.485907,Aldoc,45,false
126.696022,125.608579,Gad1,55,false
105.296760,131.013022,Aldoc,54,false
129.088588,122.817209,Gad1,55,false
13.319184,52.370841,Aldoc,0,true
144.293606,69.748559,Pdgfra,32,false
128.750828,86.812206,Aldoc,39,false
29.965129,73.075202,Gad1,26,false
120.677500,86.864412,Sox10,39,false
4.703223,151.149954,Aldoc,0,true
32.222193,28.707420,Gad1,10,false
29.331425,68.257376,Slc17a7,26,false
144.089787,81.897056,Aldoc,40,false
13.553419,142.987417,Sox10,57,false
124.461268,49.409184,Slc17a7,23,false
10.245776,126.781327,Slc17a7,49,false
46.972923,82.909224,Slc17a7,35,false
120.735385,53.315590,Slc17a7,23,false
14.636467,143.894572,Aldoc,57,false
126.189067,69.855912,Gad1,31,false
73.153618,28.712665,Slc17a7,12,false
26.904274,68.542144,Slc17a7,26,false
106.733870,125.553488,Aldoc,54,false
8.748690,73.078716,Gad1,25,false
52.172757,47.409568,Gad1,19,false
49.467697,69.727794,Pdgfra,27,false
69.585184,47.178296,Slc17a7,20,false
143.438822,11.254484,Slc17a7,8,false
31.143764,26.373436,Ttr,10,false
7.722949,45.654410,Slc17a7,17,false
139.801585,8.748999,Slc17a7,8,false
144.142263,15.544984,Aldoc,8,false
51.835520,123.837711,Ttr,51,false
9.637377,88.975186,Aldoc,33,false
35.772806,145.345463,Gad1,58,false
145.615187,103.562253,Aldoc,48,false
7.902779,46.474843,Gad1,17,false
9.037042,66.993103,Aldoc,25,false
71.996920,109.520668,Pdgfra,44,false
7.440346,50.185357,Ttr,17,false
67.694148,45.237815,Slc17a7,20,false
47.284775,125.438488,Pdgfra,51,false
32.305797,31.300308,Sox10,10,false
15.488470,107.230637,Aldoc,0,true
66.274895,111.870136,Slc17a7,44,false
86.472015,145.039636,Slc17a7,0,true
16.039993,142.294259,Sox10,57,false
16.779341,5.501466,Gad1,1,false
26.191278,146.290890,Gad1,58,false
123.597703,30.726134,Aldoc,15,false
53.974588,7.706126,Aldoc,3,false
122.408734,48.210347,Gad1,23,false
72.676528,142.172534,Aldoc,60,false
112.237068,152.996580,Slc17a7,0,true
26.521352,31.559017,Slc17a7,10,false
106.393226,13.434133,Sox10,6,false
50.560314,12.767435,Aldoc,3,false
89.838007,8.745134,Slc17a7,5,false
68.386862,143.283855,Aldoc,60,false
61.259618,111.515601,Aldoc,44,false
126.793256,50.297796,Gad1,23,false
27.483396,89.705847,Gad1,34,false
52.031792,30.419273,Slc17a7,11,false
35.204891,86.470729,Pdgfra,34,false
109.708799,37.692408,Pdgfra,14,false
7.565400,12.021164,Gad1,1,false
111.240564,70.998346,Aldoc,30,false
15.807959,11.360217,Ttr,1,false
107.232474,71.120134,Aldoc,30,false
113.516836,34.341583,Slc17a7,0,true
128.252782,49.487815,Ttr,23,false
91.592381,66.553166,Slc17a7,29,false
107.672559,125.384496,Aldoc,54,false
143.609901,71.647273,Slc17a7,32,false
34.494356,86.671369,Pdgfra,34,false
47.947184,36.118394,Pdgfra,0,true
108.914846,109.162084,Gad1,46,false
143.363376,55.010397,Pdgfra,24,false
144.502480,89.162477,Ttr,40,false
71.234401,27.526038,Aldoc,12,false
52.798402,51.578721,Gad1,19,false
25.563813,149.224023,Gad1,58,false
28.126683,51.420655,Sox10,18,false
46.347345,49.620093,Pdgfra,19,false
86.212101,11.421020,Aldoc,5,false
49.818865,53.408722,Gad1,19,false
89.491576,15.008204,Gad1,5,false
134.156518,108.628861,Sox10,0,true
109.210994,86.626388,Gad1,38,false
13.802798,51.595635,Slc17a7,17,false
68.790617,89.635113,Aldoc,36,false
11.782405,92.586444,Slc17a7,33,false
128.634937,90.918388,Aldoc,39,false
70.427838,29.025905,Ttr,12,false
71.345734,89.480863,Pdgfra,36,false
12.755520,65.863511,Gad1,25,false
16.735328,125.214832,Gad1,49,false
143.481781,126.238522,Slc17a7,56,false
140.080393,40.536498,Ttr,0,true
66.996159,130.088774,Sox10,52,false
142.384698,12.329656,Slc17a7,8,false
97.530918,126.407516,Pdgfra,0,true
138.446083,87.472313,Gad1,40,false
95.163372,82.847878,Ttr,0,true
51.556471,51.406202,Gad1,19,false
51.417103,82.523356,Aldoc,35,false
11.749165,10.553289,Gad1,1,false
16.381022,132.590414,Pdgfra,0,true
31.300076,69.519618,Slc17a7,26,false
92.557872,66.021748,Slc17a7,29,false
46.325017,123.917345,Aldoc,51,false
145.894096,108.845589,Aldoc,48,false
125.729601,47.770387,Slc17a7,23,false
126.367698,46.109511,Slc17a7,23,false
50.314969,28.554884,Slc17a7,11,false
48.809089,66.844196,Aldoc,27,false
107.933348,102.795312,Aldoc,46,false
50.453273,106.359383,Gad1,43,false
6.654556,128.724992,Gad1,49,false
64.746904,131.502325,Pdgfra,52,false
10.607160,129.827709,Ttr,49,false
148.285702,128.376006,Slc17a7,56,false
15.801755,31.788618,Aldoc,9,false
50.559461,64.733737,Aldoc,27,false
52.494650,9.827926,Ttr,3,false
90.496104,32.867774,Aldoc,13,false
148.006804,49.195784,Sox10,24,false
96.702674,95.585076,Pdgfra,0,true
24.244629,11.494043,Ttr,2,false
145.554345,122.210749,Pdgfra,56,false
58.575454,8.672818,Pdgfra,0,true
104.970542,11.123361,Slc17a7,6,false
8.019338,29.763087,Gad1,9,false
123.520094,125.957810,Sox10,55,false
126.773486,11.589532,Gad1,7,false
28.850508,127.994000,Gad1,50,false
91.540608,51.545249,Ttr,21,false
144.809316,146.348246,Pdgfra,0,true
82.773998,56.039869,Aldoc,0,true
49.106016,52.160001,Gad1,19,false
145.538028,6.351650,Gad1,8,false
144.849332,64.596773,Gad1,32,false
13.687122,120.342956,Aldoc,49,false
33.189771,67.388235,Slc17a7,26,false
110.433792,65.014314,Aldoc,30,false
52.974687,136.624089,Slc17a7,0,true
145.894167,29.943274,Gad1,16,false
148.427129,42.016354,Gad1,0,true
144.922420,86.578457,Aldoc,40,false
30.713000,48.965744,Aldoc,18,false
125.830337,14.485749,Gad1,7,false
44.302288,133.006909,Aldoc,51,false
49.456003,123.337587,Slc17a7,51,false
48.074404,68.756642,Aldoc,27,false
125.830181,69.853526,Gad1,31,false
127.992439,107.026862,Sox10,47,false
12.965945,68.297397,Gad1,25,false
12.142328,126.579633,Gad1,49,false
30.829587,130.606827,Slc17a7,50,false
144.382517,127.928800,Aldoc,56,false
104.362775,124.280608,Gad1,54,false
106.949633,106.805132,Sox10,46,false
29.887198,130.657414,Slc17a7,50,false
12.629134,52.758542,Slc17a7,17,false
31.814203,143.134093,Gad1,58,false
120.624513,30.064911,Pdgfra,15,false
143.510059,124.115558,Pdgfra,56,false
73.852127,31.209586,Aldoc,12,false
9.147367,68.267415,Ttr,25,false
109.640611,34.727971,Pdgfra,14,false
120.165342,153.939176,Aldoc,0,true
108.458228,50.779573,Pdgfra,22,false
92.391566,131.055132,Aldoc,0,true
9.453644,147.151002,Pdgfra,57,false
54.296675,128.987115,Ttr,51,false
40.374815,98.365978,Ttr,0,true
68.389053,71.882326,Sox10,28,false
108.775260,126.379919,Aldoc,54,false
87.361328,121.482567,Ttr,53,false
30.360643,26.574587,Gad1,10,false
50.358721,49.686026,Slc17a7,19,false
83.965933,30.141905,Gad1,13,false
90.322908,128.931484,Slc17a7,53,false
52.259155,11.415810,Sox10,3,false
53.933022,147.624066,Gad1,59,false
106.803899,66.891054,Sox10,30,false
85.440934,53.365829,Aldoc,21,false
71.891204,67.755400,Gad1,28,false
27.200076,147.988489,Gad1,58,false
111.272445,47.958236,Sox10,22,false
45.326938,4.712926,Aldoc,3,false
142.053150,69.780372,Slc17a7,32,false
52.505414,11.980685,Sox10,3,false
127.885916,12.961386,Aldoc,7,false
85.796757,106.498004,Aldoc,45,false
126.736546,126.438859,Gad1,55,false
46.401011,88.379436,Sox10,35,false
33.943924,117.332739,Gad1,0,true
33.664250,100.082670,Aldoc,42,false
70.769711,30.488780,Pdgfra,12,false
13.680089,126.960493,Slc17a7,49,false
124.697034,84.311773,Ttr,39,false
17.475770,128.277131,Gad1,49,false
14.206662,39.568178,Aldoc,9,false
26.761858,29.325619,Ttr,0,true
52.729927,8.570675,Pdgfra,3,false
106.705587,106.132352,Pdgfra,0,true
35.864325,127.923692,Sox10,50,false
32.113532,111.102198,Aldoc,42,false
106.295479,48.918489,Gad1,22,false
127.030584,52.187649,Aldoc,23,false
12.834705,15.684643,Aldoc,1,false
28.308221,12.627562,Ttr,2,false
27.012519,104.224208,Aldoc,42,false
143.949878,86.549701,Ttr,40,false
65.175084,108.871602,Slc17a7,44,false
29.834507,9.521942,Slc17a7,2,false
30.192939,9.811217,Slc17a7,2,false
105.998253,70.521219,Ttr,30,false
29.482254,11.204514,Slc17a7,2,false
87.676450,31.141405,Gad1,13,false
48.905575,38.739497,Slc17a7,11,false
35.964989,62.508229,Gad1,0,true
87.743231,27.205924,Gad1,0,true
67.700272,14.709551,Gad1,4,false
13.594833,29.177880,Aldoc,9,false
66.989386,68.478451,Ttr,28,false
15.116445,124.319004,Gad1,49,false
16.273227,29.843477,Sox10,9,false
110.896175,30.280251,Aldoc,14,false
142.439982,69.206741,Slc17a7,32,false
25.543330,47.659833,Aldoc,18,false
13.594174,127.020026,Gad1,49,false
12.601861,10.173793,Slc17a7,1,false
46.968512,86.693979,Slc17a7,35,false
139.856212,51.144632,Pdgfra,24,false
108.866670,48.298184,Slc17a7,22,false
35.477830,71.214488,Slc17a7,26,false
69.933678,103.905725,Sox10,44,false
10.926147,109.625783,Sox10,41,false
89.960029,34.276852,Gad1,13,false
106.783836,105.519154,Gad1,46,false
30.191522,69.050583,Slc17a7,26,false
89.433381,122.587249,Slc17a7,53,false
145.053101,7.771205,Slc17a7,8,false
65.211757,69.917000,Gad1,28,false
68.891376,147.326398,Gad1,60,false
52.142153,88.230151,Slc17a7,35,false
53.667333,48.866719,Gad1,19,false
86.893499,85.118490,Gad1,37,false
9.493085,106.599888,Slc17a7,41,false
92.623302,10.362560,Slc17a7,5,false
148.277671,104.237554,Aldoc,48,false
156.590655,51.322413,Ttr,0,true
9.471307,60.963323,Gad1,0,true
141.945791,126.590475,Gad1,56,false
70.964093,31.045833,Sox10,12,false
114.010272,2.476235,Slc17a7,0,true
144.587576,69.626750,Slc17a7,32,false
106.510317,11.284714,Aldoc,6,false
126.790037,90.206850,Aldoc,39,false
124.637994,88.065757,Sox10,39,false
43.263499,146.043994,Gad1,59,false
66.398161,142.255780,Sox10,60,false
45.558912,124.957220,Slc17a7,51,false
49.059344,144.307935,Slc17a7,59,false
29.580002,93.087088,Ttr,34,false
90.697362,69.002540,Slc17a7,29,false
125.820551,50.034705,Slc17a7,23,false
53.633576,34.036392,Pdgfra,11,false
112.134125,128.383555,Sox10,54,false
109.048870,109.911337,Gad1,46,false
72.419305,49.248098,Gad1,20,false
104.842220,50.495543,Pdgfra,22,false
7.685771,88.561086,Pdgfra,33,false
85.252576,51.633671,Ttr,21,false
142.760430,67.973334,Aldoc,32,false
66.534122,89.986189,Slc17a7,36,false
127.519392,106.926570,Sox10,47,false
146.566302,104.768924,Aldoc,48,false
53.979574,125.802041,Aldoc,51,false
144.132973,98.920876,Slc17a7,0,true
51.707202,105.168629,Gad1,43,false
109.253850,51.091502,Aldoc,22,false
128.540742,47.746882,Aldoc,23,false
146.219867,69.271968,Slc17a7,32,false
127.857583,68.106342,Gad1,31,false
147.317956,121.707327,Pdgfra,56,false
93.693350,133.844398,Pdgfra,0,true
112.364162,71.563026,Sox10,30,false
86.248362,111.743460,Aldoc,45,false
144.752499,32.237770,Ttr,16,false
70.824380,140.347464,Aldoc,60,false
14.914873,126.645915,Aldoc,49,false
68.039349,129.951097,Gad1,52,false
148.379288,85.374198,Slc17a7,40,false
105.589985,99.505541,Gad1,46,false
76.150401,43.312959,Gad1,0,true
104.329968,83.802275,Slc17a7,38,false
52.290046,53.672664,Gad1,19,false
33.234106,122.684997,Slc17a7,50,false
48.322926,8.668366,Pdgfra,3,false
147.812236,51.069201,Aldoc,24,false
91.564804,67.787621,Ttr,29,false
148.682180,68.307492,Slc17a7,32,false
35.872379,7.174343,Aldoc,0,true
110.710157,89.382819,Slc17a7,38,false
67.150078,36.447777,Slc17a7,12,false
28.517604,92.102462,Gad1,34,false
126.094708,33.051723,Gad1,15,false
107.363846,54.079941,Gad1,22,false
70.847980,105.089237,Gad1,44,false
127.099160,26.947401,Slc17a7,15,false
127.036681,29.060841,Aldoc,15,false
45.127932,51.317652,Slc17a7,19,false
122.970639,11.260701,Sox10,7,false
11.457707,32.913979,Aldoc,9,false
124.170518,11.677384,Gad1,7,false
91.005958,52.249367,Sox10,21,false
43.562828,138.081550,Pdgfra,0,true
122.912088,14.662987,Aldoc,7,false
127.583084,85.584207,Aldoc,39,false
146.161869,33.276014,Gad1,16,false
68.073299,127.733240,Aldoc,52,false
65.068686,33.454421,Aldoc,12,false
30.877087,48.044078,Aldoc,18,false
11.478738,127.929780,Slc17a7,49,false
128.794418,148.371742,Gad1,0,true
107.509195,90.607400,Ttr,38,false
90.729642,89.394653,Gad1,37,false
29.632524,48.056063,Slc17a7,18,false
13.420116,85.513327,Sox10,33,false
107.046435,125.900009,Aldoc,54,false
10.664776,86.477803,Aldoc,33,false
124.006311,50.714133,Sox10,23,false
109.872793,31.449951,Pdgfra,14,false
104.943274,125.670835,Slc17a7,54,false
143.709750,125.477683,Slc17a7,0,true
84.946672,32.076213,Aldoc,13,false
146.643696,71.048978,Aldoc,32,false
48.525208,51.853635,Gad1,19,false
71.567668,48.335817,Ttr,20,false
50.939166,74.687724,Ttr,27,false
35.228924,65.312200,Aldoc,26,false
32.199542,31.262738,Ttr,10,false
147.053811,10.954938,Slc17a7,8,false
147.738890,69.220119,Slc17a7,32,false
52.347123,11.445923,Ttr,3,false
89.718691,67.195959,Slc17a7,29,false
26.148456,14.761593,Slc17a7,2,false
79.150276,157.131501,Sox10,0,true
14.185592,147.520996,Aldoc,57,false
85.298945,12.720446,Slc17a7,5,false
31.962812,145.432159,Gad1,58,false
104.762459,10.957174,Aldoc,6,false
32.294763,122.789269,Slc17a7,50,false
146.930350,6.785178,Gad1,8,false
10.623292,103.383982,Aldoc,41,false
13.277324,69.302565,Ttr,25,false
118.843681,77.502718,Ttr,0,true
88.573396,4.749732,Pdgfra,5,false
124.795842,72.538148,Ttr,31,false
28.985715,129.622459,Slc17a7,50,false
123.339543,29.736222,Sox10,15,false
108.715601,127.785312,Gad1,54,false
69.052621,11.253324,Ttr,4,false
38.812948,24.741596,Ttr,0,true
108.979312,29.641770,Aldoc,0,true
14.038717,71.019322,Gad1,25,false
12.386118,52.212374,Slc17a7,17,false
30.769315,88.517255,Ttr,34,false
54.869396,48.939732,Aldoc,19,false
84.170151,8.624185,Gad1,0,true
130.164807,105.727122,Slc17a7,47,false
142.141222,12.702373,Slc17a7,8,false
4.060800,157.292768,Aldoc,0,true
13.628746,107.811770,Ttr,41,false
106.707335,27.773902,Slc17a7,14,false
108.517477,71.485469,Slc17a7,30,false
145.697150,45.861258,Aldoc,24,false
33.790375,147.482340,Sox10,58,false
81.291103,83.593199,Pdgfra,0,true
87.841255,126.475063,Slc17a7,53,false
12.830469,123.224815,Gad1,49,false
109.315250,107.078760,Sox10,46,false
111.526535,119.590665,Aldoc,54,false
69.407091,69.206200,Gad1,28,false
122.117246,126.078842,Aldoc,55,false
69.415857,48.631829,Ttr,20,false
109.592579,64.256295,Sox10,30,false
66.866191,71.575136,Pdgfra,28,false
49.626017,122.282905,Aldoc,51,false
141.868694,129.731568,Gad1,56,false
35.231111,129.339973,Slc17a7,50,false
87.675964,128.455434,Aldoc,53,false
105.938437,16.041186,Aldoc,6,false
89.796993,90.282831,Gad1,37,false
41.210962,130.413118,Pdgfra,51,false
74.431406,71.720779,Slc17a7,0,true
10.284793,101.698009,Aldoc,41,false
142.011791,105.350838,Aldoc,48,false
15.661535,32.257227,Slc17a7,9,false
87.551268,52.609862,Pdgfra,21,false
91.009894,66.870960,Sox10,29,false
60.060654,70.568910,Aldoc,28,false
46.598935,106.083368,Aldoc,43,false
12.181156,127.098192,Aldoc,49,false
90.144005,12.138232,Sox10,5,false
1.106829,22.861809,Pdgfra,0,true
31.759838,144.437697,Gad1,58,false
145.591313,127.003558,Slc17a7,56,false
51.988584,51.713345,Pdgfra,19,false
85.031986,33.420807,Slc17a7,13,false
104.252752,8.669727,Aldoc,6,false
109.716509,51.445701,Gad1,22,false
84.967147,49.417866,Aldoc,21,false
32.029382,49.597945,Pdgfra,18,false
70.791543,87.289724,Aldoc,36,false
51.710662,51.380049,Gad1,19,false
85.207776,128.720344,Slc17a7,53,false
146.223327,127.590724,Pdgfra,56,false
8.338350,11.110161,Slc17a7,1,false
67.985691,84.801286,Pdgfra,36,false
27.816792,68.733528,Ttr,26,false
106.587935,88.208028,Aldoc,38,false
90.673831,90.147261,Gad1,37,false
50.146316,11.221932,Aldoc,3,false
29.570267,106.915888,Aldoc,42,false
104.347613,88.486740,Gad1,38,false
85.343045,121.282675,Slc17a7,53,false
117.102986,58.783888,Gad1,0,true
108.224968,45.149661,Gad1,22,false
32.505823,49.299765,Aldoc,18,false
89.687309,85.343180,Gad1,37,false
9.126692,88.358255,Aldoc,33,false
72.658347,111.233859,Slc17a7,0,true
32.849938,124.632779,Gad1,50,false
127.680991,127.434917,Gad1,55,false
30.786222,124.713287,Slc17a7,50,false
145.944295,50.925702,Aldoc,24,false
10.653186,149.596295,Aldoc,57,false
12.310851,86.322739,Pdgfra,33,false
72.569916,53.074129,Slc17a7,20,false
54.896843,60.628221,Sox10,27,false
105.150487,122.939637,Pdgfra,54,false
43.980683,143.094318,Gad1,0,true
46.445051,107.666164,Gad1,43,false
26.097245,16.246679,Slc17a7,2,false
30.466213,5.551915,Slc17a7,2,false
17.551869,140.164457,Slc17a7,0,true
47.751935,25.704475,Slc17a7,11,false
51.219493,125.053090,Gad1,51,false
144.351555,69.309532,Slc17a7,32,false
53.565247,145.629016,Slc17a7,59,false
14.496607,49.908157,Slc17a7,17,false
67.175453,125.545493,Gad1,52,false
107.347977,87.446363,Slc17a7,38,false
44.266050,108.711447,Gad1,43,false
30.334374,18.786698,Pdgfra,2,false
92.116875,110.970901,Gad1,45,false
108.110285,66.725783,Aldoc,30,false
134.092946,107.673002,Ttr,0,true
11.555711,105.112439,Slc17a7,41,false
113.192951,30.187796,Aldoc,14,false
13.138267,31.892744,Pdgfra,9,false
90.957693,30.488000,Gad1,13,false
12.253316,149.063472,Aldoc,57,false
104.041027,103.818373,Gad1,46,false
107.074290,49.027687,Gad1,22,false
63.465140,7.533598,Slc17a7,0,true
13.679994,131.879030,Aldoc,49,false
67.933940,51.640487,Slc17a7,0,true
10.746287,9.832549,Pdgfra,1,false
69.686295,52.259427,Pdgfra,20,false
67.575209,99.985456,Sox10,44,false
118.800186,85.466140,Sox10,39,false
128.748223,110.582438,Sox10,47,false
50.747204,12.560567,Pdgfra,3,false
69.233259,49.722200,Slc17a7,20,false
87.666906,65.139322,Ttr,29,false
86.805271,9.541109,Pdgfra,5,false
136.355814,59.764892,Pdgfra,0,true
138.286500,55.938201,Aldoc,0,true
68.849638,28.103290,Sox10,0,true
69.546856,14.610498,Gad1,4,false
126.084592,109.016905,Slc17a7,47,false
150.403085,82.377056,Gad1,0,true
64.385236,52.028614,Slc17a7,20,false
51.881870,9.306367,Ttr,3,false
84.524696,10.513359,Slc17a7,5,false
66.520213,26.890163,Aldoc,12,false
46.654270,140.705609,Gad1,0,true
72.812425,53.122109,Sox10,20,false
103.855132,50.352019,Gad1,22,false
49.947183,107.614787,Gad1,43,false
93.206609,69.794646,Slc17a7,29,false
145.322298,51.329982,Aldoc,24,false
31.302298,50.244903,Aldoc,18,false
32.785899,90.747943,Gad1,34,false
13.833827,33.062919,Aldoc,9,false
53.444835,88.820686,Slc17a7,35,false
144.915128,86.645919,Gad1,40,false
15.041226,126.938058,Gad1,49,false
102.944938,16.276374,Ttr,6,false
32.397884,64.628598,Slc17a7,26,false
67.448737,126.823030,Gad1,52,false
125.634343,50.429067,Sox10,23,false
88.960999,31.870369,Gad1,13,false
71.447739,68.847967,Sox10,28,false
43.694242,102.367784,Gad1,43,false
30.510060,109.236626,Pdgfra,42,false
101.441283,16.605224,Ttr,6,false
141.222668,63.956042,Pdgfra,32,false
84.264782,26.595957,Gad1,13,false
50.418938,143.071383,Ttr,59,false
129.092052,48.072733,Ttr,23,false
145.677284,31.820810,Gad1,16,false
110.425505,48.979832,Gad1,22,false
123.217052,106.908991,Slc17a7,47,false
86.845537,31.756919,Slc17a7,13,false
91.459208,20.575434,Pdgfra,0,true
124.026116,73.149223,Ttr,31,false
30.043744,126.800719,Slc17a7,50,false
118.615436,46.663035,Gad1,23,false
87.526211,108.195413,Aldoc,45,false
106.026342,103.873202,Aldoc,46,false
13.352423,11.853167,Aldoc,1,false
47.162198,123.534532,Aldoc,51,false
66.489156,87.769740,Aldoc,36,false
16.884036,30.109914,Slc17a7,9,false
33.951373,85.856355,Gad1,34,false
104.294968,31.945625,Gad1,14,false
106.036110,126.791969,Pdgfra,54,false
34.806532,69.567286,Slc17a7,26,false
88.488713,51.965934,Aldoc,21,false
16.656920,10.447552,Gad1,1,false
143.623315,90.529892,Ttr,40,false
31.285635,146.563360,Gad1,58,false
51.986657,109.247694,Gad1,43,false
67.155547,72.976318,Gad1,28,false
124.672717,86.917818,Slc17a7,39,false
52.736091,72.569534,Aldoc,27,false
33.621080,75.181789,Aldoc,0,true
104.607028,123.850016,Aldoc,54,false
84.691554,46.771799,Sox10,21,false
64.072352,19.019169,Sox10,4,false
70.098078,83.184947,Aldoc,36,false
35.003407,149.191909,Pdgfra,58,false
32.290457,126.755736,Slc17a7,50,false
9.016156,73.244933,Gad1,0,true
45.449551,128.880119,Pdgfra,0,true
147.150420,105.053014,Aldoc,48,false
28.931831,89.089278,Gad1,34,false
30.612536,142.590716,Gad1,58,false
88.265206,35.927256,Gad1,13,false
91.723812,70.897884,Slc17a7,29,false
46.665971,46.797873,Gad1,19,false
51.927475,32.371689,Slc17a7,11,false
142.383480,8.481327,Slc17a7,8,false
86.935019,66.407420,Slc17a7,29,false
14.158403,28.918959,Slc17a7,9,false
49.119275,107.514909,Sox10,43,false
49.655890,36.437692,Ttr,11,false
75.601535,139.687173,Ttr,0,true
90.592963,65.574010,Slc17a7,29,false
51.335363,91.950873,Slc17a7,35,false
45.638326,62.476199,Pdgfra,27,false
70.800924,68.024944,Ttr,28,false
30.714587,55.363593,Aldoc,18,false
67.492670,68.629313,Gad1,28,false
84.657019,123.985811,Slc17a7,53,false
124.085667,88.994170,Pdgfra,39,false
32.040602,108.533266,Aldoc,42,false
89.320602,109.233729,Pdgfra,45,false
31.015150,108.315692,Ttr,42,false
67.223787,69.176592,Aldoc,28,false
9.977282,123.650630,Sox10,49,false
54.790003,68.228923,Aldoc,27,false
121.911296,45.522668,Slc17a7,23,false
109.725140,108.689636,Gad1,46,false
46.329269,88.618301,Aldoc,35,false
30.629062,134.437884,Slc17a7,50,false
89.627286,28.913565,Ttr,13,false
108.280257,9.328316,Ttr,6,false
88.312024,68.654666,Slc17a7,29,false
135.988950,20.956661,Slc17a7,0,true
49.846280,143.472915,Slc17a7,59,false
127.172727,83.627397,Gad1,39,false
72.219226,146.619847,Aldoc,60,false
125.780513,107.519551,Slc17a7,47,false
49.469893,126.462693,Sox10,51,false
57.477799,2.449208,Pdgfra,0,true
124.620245,34.339201,Aldoc,15,false
46.720979,127.506574,Slc17a7,51,false
67.899448,31.727490,Aldoc,12,false
49.918855,85.733136,Pdgfra,35,false
48.731586,9.559834,Slc17a7,3,false
127.115957,45.007128,Sox10,0,true
16.079255,122.578934,Gad1,49,false
86.608916,87.480038,Pdgfra,37,false
145.078682,129.838103,Pdgfra,56,false
12.743738,31.522703,Pdgfra,9,false
92.338327,125.181271,Gad1,53,false
148.422788,29.642230,Gad1,16,false
90.918947,46.121399,Sox10,21,false
28.719023,14.403224,Gad1,2,false
12.302854,101.699760,Slc17a7,41,false
71.298175,107.701767,Slc17a7,44,false
66.976141,14.599644,Slc17a7,4,false
146.658485,31.815445,Gad1,16,false
71.302062,17.650329,Gad1,4,false
110.421225,100.657144,Sox10,0,true
128.718041,13.705080,Aldoc,7,false
11.912301,47.560119,Sox10,17,false
55.388294,51.703294,Gad1,19,false
69.901827,15.619119,Gad1,4,false
151.207487,45.099704,Gad1,24,false
144.898378,101.426357,Aldoc,48,false
15.204597,89.812837,Aldoc,33,false
109.660684,107.664952,Gad1,46,false
118.193845,22.768884,Slc17a7,0,true
89.578996,50.365638,Pdgfra,21,false
30.196615,70.907193,Slc17a7,26,false
65.086551,142.093873,Ttr,60,false
64.273982,127.371319,Gad1,52,false
49.576927,90.385743,Slc17a7,35,false
125.499167,76.709852,Gad1,31,false
29.476713,12.597523,Slc17a7,2,false
131.818725,85.375022,Sox10,0,true
126.047010,70.926297,Gad1,31,false
91.071191,70.681447,Pdgfra,29,false
89.081651,49.504472,Gad1,21,false
127.828327,30.496825,Gad1,15,false
50.706506,64.671937,Aldoc,27,false
110.515532,102.820815,Gad1,46,false
72.094918,89.642390,Gad1,36,false
53.024853,147.615945,Aldoc,59,false
125.910856,34.808739,Aldoc,15,false
11.519683,50.782799,Gad1,17,false
130.257940,10.668491,Slc17a7,7,false
125.632053,107.887130,Slc17a7,47,false
105.792713,126.519662,Aldoc,54,false
111.836694,52.125142,Aldoc,22,false
126.300474,14.909515,Gad1,7,false
68.524283,33.357223,Sox10,12,false
70.307693,31.722231,Gad1,12,false
70.329077,108.888912,Pdgfra,44,false
125.727931,33.732098,Pdgfra,0,true
124.120816,12.924655,Gad1,7,false
69.282784,87.211274,Aldoc,36,false
8.456917,49.647977,Slc17a7,17,false
146.120724,52.406750,Sox10,24,false
126.538720,48.139853,Pdgfra,23,false
147.287486,89.534274,Gad1,40,false
137.608897,19.881883,Gad1,0,true
124.347655,7.023296,Slc17a7,0,true
129.963350,9.700054,Slc17a7,7,false
16.361874,30.898889,Gad1,9,false
123.130246,93.350172,Aldoc,39,false
32.210601,9.535265,Slc17a7,2,false
28.556516,110.825282,Gad1,42,false
152.011109,124.902067,Ttr,56,false
47.154613,29.233725,Pdgfra,11,false
47.280424,105.787251,Gad1,43,false
144.072645,106.217978,Aldoc,48,false
145.037856,85.160603,Gad1,40,false
105.896908,83.407014,Slc17a7,38,false
56.678008,80.822688,Sox10,0,true
122.997084,108.033942,Ttr,47,false
67.869342,14.176243,Gad1,4,false
126.703452,13.716123,Pdgfra,7,false
8.869291,4.875039,Aldoc,0,true
91.528880,49.114081,Aldoc,21,false
144.337125,88.252469,Gad1,40,false
124.399554,12.508399,Gad1,7,false
102.631530,52.057996,Slc17a7,22,false
141.180235,104.938472,Aldoc,48,false
10.062359,67.619987,Gad1,25,false
126.528454,11.369445,Gad1,7,false
46.599105,103.703505,Ttr,43,false
106.176382,68.366127,Slc17a7,30,false
145.839079,47.854544,Slc17a7,24,false
27.433124,50.599172,Slc17a7,18,false
71.860697,119.917059,Pdgfra,52,false
71.068650,69.352846,Gad1,28,false
13.505662,145.638676,Sox10,57,false
31.466410,52.507886,Slc17a7,18,false
143.447976,85.238413,Gad1,40,false
123.788639,128.122922,Gad1,55,false
55.781038,138.690401,Slc17a7,0,true
88.234926,84.659940,Slc17a7,0,true
155.420032,81.816652,Slc17a7,0,true
87.113591,107.169993,Sox10,45,false
112.777386,12.236767,Aldoc,6,false
87.406928,33.101224,Gad1,13,false
126.184540,69.704471,Gad1,31,false
142.962345,48.593031,Aldoc,24,false
107.346858,128.016573,Aldoc,54,false
144.213819,67.311901,Slc17a7,32,false
90.878577,9.515153,Pdgfra,5,false
3.670459,49.464795,Sox10,0,true
70.519617,49.099752,Slc17a7,20,false
51.958825,41.359108,Sox10,0,true
52.279114,106.190311,Gad1,43,false
135.990685,92.474323,Pdgfra,0,true
15.650480,86.425213,Aldoc,33,false
95.602502,83.606479,Gad1,37,false
14.703262,67.570116,Gad1,25,false
67.085307,67.677924,Ttr,28,false
123.900284,127.228275,Pdgfra,55,false
43.789311,139.344977,Gad1,0,true
53.369135,47.767410,Ttr,19,false
51.649282,148.552948,Pdgfra,59,false
48.397935,28.467141,Slc17a7,11,false
28.648476,107.988522,Slc17a7,42,false
51.442439,147.214752,Slc17a7,59,false
146.827657,105.291055,Aldoc,48,false
88.193631,31.762205,Slc17a7,13,false
126.561280,105.573596,Slc17a7,47,false
145.563874,53.251044,Slc17a7,24,false
28.832915,64.563466,Aldoc,26,false
53.820242,70.077986,Gad1,27,false
27.659243,145.764573,Gad1,58,false
35.718387,126.254952,Gad1,50,false
148.613461,11.806323,Slc17a7,8,false
125.727098,87.821628,Aldoc,39,false
34.168437,52.708355,Sox10,18,false
19.438191,134.290481,Gad1,0,true
66.781186,9.001750,Aldoc,4,false
6.966240,33.233167,Pdgfra,9,false
107.017151,68.243720,Aldoc,30,false
144.538660,127.597349,Ttr,56,false
63.320188,73.527716,Aldoc,28,false
125.467891,107.485479,Slc17a7,47,false
30.746789,70.636196,Slc17a7,26,false
82.620463,7.759233,Slc17a7,5,false
109.942838,14.187375,Pdgfra,6,false
69.008921,129.083245,Gad1,52,false
140.040991,10.934093,Slc17a7,8,false
69.323003,87.011981,Aldoc,36,false
106.569745,49.425953,Pdgfra,22,false
86.402790,6.975225,Slc17a7,5,false
69.801871,67.875292,Sox10,28,false
13.936683,91.780547,Sox10,33,false
11.130502,28.810556,Slc17a7,9,false
2.461441,40.152750,Slc17a7,0,true
146.077069,13.999904,Gad1,8,false
32.533513,67.623957,Slc17a7,26,false
8.672330,10.678985,Gad1,1,false
15.579520,126.116663,Gad1,49,false
49.502538,62.756165,Gad1,27,false
147.161602,67.970704,Slc17a7,32,false
10.114021,91.265508,Ttr,33,false
10.425445,150.014167,Slc17a7,57,false
14.108086,66.404695,Gad1,25,false
76.478792,4.384966,Slc17a7,0,true
151.121190,134.708489,Gad1,0,true
12.046319,44.010353,Sox10,17,false
101.278655,10.343025,Gad1,6,false
88.677895,27.362085,Gad1,13,false
67.819553,106.130935,Slc17a7,44,false
43.833223,16.217902,Sox10,0,true
108.261277,105.902515,Gad1,46,false
68.286064,109.010744,Gad1,44,false
116.169040,51.437677,Ttr,22,false
11.438579,27.769954,Aldoc,9,false
10.620732,88.811922,Aldoc,33,false
106.462074,10.559016,Pdgfra,0,true
114.517435,8.926133,Gad1,0,true
10.370074,103.771837,Slc17a7,41,false
11.699747,40.551894,Aldoc,0,true
126.068530,84.228504,Gad1,39,false
90.473367,28.876774,Pdgfra,13,false
66.748325,72.082967,Slc17a7,28,false
109.530141,66.224499,Aldoc,30,false
142.522684,129.798762,Pdgfra,56,false
125.345052,48.097890,Slc17a7,23,false
34.414163,8.841468,Aldoc,2,false
32.002427,106.933972,Sox10,42,false
69.292078,107.517833,Slc17a7,44,false
84.268916,10.847484,Slc17a7,5,false
48.105893,142.396135,Slc17a7,59,false
141.570863,30.429118,Sox10,16,false
120.335383,12.647543,Gad1,7,false
50.619701,145.010449,Slc17a7,59,false
67.839238,29.712912,Aldoc,12,false
69.625284,12.754607,Ttr,4,false
104.147535,52.139026,Slc17a7,22,false
87.000925,121.184170,Slc17a7,53,false
123.676793,129.737870,Pdgfra,55,false
69.497651,138.775163,Aldoc,60,false
68.086543,49.761858,Slc17a7,20,false
85.162826,83.601299,Slc17a7,0,true
141.757738,10.883335,Slc17a7,8,false
53.193511,90.610648,Pdgfra,35,false
9.748217,69.415121,Pdgfra,25,false
48.414382,145.154943,Sox10,59,false
8.501158,110.574090,Slc17a7,41,false
34.395361,91.443554,Ttr,34,false
88.132651,51.437139,Pdgfra,21,false
89.570503,110.040601,Aldoc,45,false
14.636902,12.747163,Slc17a7,1,false
108.638372,109.200528,Gad1,46,false
10.903884,50.635032,Slc17a7,17,false
127.672627,125.279518,Gad1,55,false
52.064268,104.263260,Aldoc,43,false
52.859620,107.428505,Aldoc,43,false
68.913369,66.403677,Gad1,28,false
14.378037,145.601156,Aldoc,57,false
51.945272,91.795643,Slc17a7,35,false
65.725888,72.835260,Ttr,28,false
101.695978,63.777006,Ttr,30,false
140.566200,91.226012,Aldoc,40,false
65.677007,30.789901,Ttr,12,false
93.891628,108.389363,Ttr,45,false
70.720401,143.818023,Pdgfra,60,false
82.701661,125.910061,Slc17a7,53,false
20.634520,41.796011,Sox10,0,true
10.810249,32.312547,Aldoc,9,false
112.331802,31.586008,Slc17a7,14,false
14.603820,127.340397,Gad1,49,false
126.572389,73.375584,Gad1,31,false
29.913142,145.507981,Ttr,58,false
98.370302,6.856644,Aldoc,0,true
105.438238,104.253257,Ttr,46,false
66.677380,30.181472,Gad1,12,false
50.553097,150.963342,Slc17a7,59,false
124.967609,89.472421,Slc17a7,0,true
147.301260,49.310629,Sox10,24,false
72.839375,85.320743,Sox10,36,false
106.365554,82.349636,Slc17a7,38,false
50.402523,85.474633,Slc17a7,35,false
105.218057,51.583458,Gad1,22,false
24.295190,55.216089,Sox10,0,true
121.955913,0.000130,Aldoc,0,true
108.219976,26.243907,Slc17a7,14,false
66.673113,29.833930,Aldoc,12,false
71.487000,48.799723,Slc17a7,20,false
35.780859,69.986043,Slc17a7,0,true
111.763294,110.052964,Gad1,46,false
91.892885,90.309103,Ttr,37,false
34.304644,122.950487,Slc17a7,50,false
103.143528,124.795912,Pdgfra,54,false
66.479079,102.107438,Slc17a7,44,false
30.249350,55.154591,Aldoc,18,false
8.047266,86.831502,Sox10,33,false
28.203084,9.359458,Ttr,2,false
142.457518,124.658216,Slc17a7,56,false
67.304064,12.925966,Gad1,4,false
108.786754,9.821905,Slc17a7,6,false
49.352963,69.759568,Aldoc,27,false
36.421170,74.379329,Sox10,26,false
108.378183,105.393442,Gad1,46,false
90.062131,119.618903,Gad1,53,false
144.488809,24.784781,Gad1,16,false
36.331877,71.431112,Slc17a7,26,false
51.829625,86.393135,Slc17a7,35,false
65.075376,118.119409,Gad1,52,false
33.838961,145.085864,Gad1,58,false
147.538595,69.311400,Ttr,32,false
45.873307,87.285024,Slc17a7,35,false
72.161306,130.955065,Ttr,52,false
123.251879,31.642127,Sox10,15,false
33.696741,68.676140,Slc17a7,26,false
124.891783,31.369230,Ttr,15,false
13.614289,127.114855,Pdgfra,49,false
84.605629,124.900850,Pdgfra,53,false
14.150471,125.922255,Gad1,49,false
106.148952,11.019184,Aldoc,6,false
12.999652,149.472115,Aldoc,57,false
129.672865,103.865581,Ttr,47,false
125.415263,128.023468,Gad1,55,false
119.348547,27.701950,Aldoc,15,false
11.355694,84.160153,Aldoc,33,false
68.574478,10.344288,Gad1,4,false
105.540390,85.537665,Slc17a7,38,false
63.392186,116.679592,Gad1,0,true
10.509850,10.380515,Gad1,1,false
88.308828,104.575850,Pdgfra,45,false
120.817571,66.363756,Sox10,31,false
85.760141,46.270767,Ttr,21,false
11.118898,102.634712,Slc17a7,41,false
51.214358,83.808817,Slc17a7,35,false
12.903781,9.565810,Gad1,1,false
86.621400,89.700934,Gad1,37,false
28.490273,144.515124,Ttr,58,false
48.396561,146.096698,Slc17a7,59,false
64.124248,119.221985,Ttr,0,true
15.563941,146.824835,Aldoc,57,false
119.630192,37.742325,Pdgfra,0,true
9.882165,107.035808,Slc17a7,41,false
126.276036,109.993423,Pdgfra,47,false
9.067341,46.873592,Slc17a7,17,false
12.610485,87.683662,Aldoc,33,false
49.032539,130.605604,Slc17a7,0,true
11.869959,69.284449,Gad1,25,false
109.661517,10.310165,Slc17a7,6,false
107.217998,88.282169,Gad1,38,false
28.740218,13.306134,Slc17a7,2,false
50.873012,12.475474,Aldoc,3,false
126.889457,120.920159,Pdgfra,55,false
106.507286,127.138938,Ttr,54,false
148.588525,50.706685,Pdgfra,24,false
123.677094,50.286601,Slc17a7,23,false
123.450621,32.715314,Aldoc,15,false
105.754983,64.698616,Gad1,30,false
48.533322,122.154413,Sox10,51,false
90.603094,90.679571,Gad1,37,false
51.263497,32.792634,Slc17a7,11,false
105.457156,23.608584,Ttr,0,true
106.767215,31.317546,Slc17a7,14,false
92.217437,34.814638,Gad1,13,false
69.294183,122.251103,Gad1,52,false
86.007934,111.244159,Aldoc,45,false
108.140081,26.552805,Slc17a7,14,false
69.136839,129.928800,Gad1,52,false
90.890211,94.758440,Slc17a7,0,true
52.105757,62.580763,Aldoc,27,false
10.705180,46.526854,Sox10,17,false
141.803440,85.186708,Slc17a7,40,false
32.320618,9.261466,Pdgfra,2,false
67.488883,120.602373,Slc17a7,52,false
44.938168,66.221520,Pdgfra,27,false
49.739619,10.664542,Aldoc,3,false
49.965161,30.959273,Ttr,11,false
67.832788,107.067015,Gad1,44,false
68.880762,129.131446,Gad1,52,false
85.347192,71.259747,Gad1,29,false
141.252000,65.403639,Gad1,32,false
30.309198,17.975819,Slc17a7,2,false
12.685185,147.307169,Aldoc,57,false
110.358524,107.653774,Gad1,46,false
47.386700,109.345216,Sox10,43,false
149.902443,129.078892,Slc17a7,56,false
29.150528,15.759412,Slc17a7,2,false
65.207484,71.647059,Slc17a7,0,true
66.414927,88.424453,Aldoc,0,true
144.881391,84.496141,Gad1,40,false
13.509631,101.613151,Pdgfra,0,true
87.803002,31.437428,Gad1,13,false
71.619889,107.779274,Sox10,44,false
108.456879,68.613666,Pdgfra,30,false
10.293226,103.304816,Sox10,41,false
10.438835,85.480721,Gad1,33,false
126.897711,125.600162,Gad1,55,false
119.601239,127.506976,Sox10,0,true
126.843743,67.654427,Aldoc,31,false
25.902781,12.694853,Slc17a7,2,false
82.527043,39.748524,Aldoc,0,true
142.343802,12.067013,Slc17a7,8,false
68.125969,93.758964,Aldoc,36,false
13.723139,147.822511,Gad1,57,false
82.939396,26.694905,Pdgfra,0,true
13.097326,14.250617,Gad1,1,false
86.930218,9.919697,Ttr,5,false
40.869517,134.834961,Pdgfra,0,true
8.603179,126.546994,Sox10,49,false
50.048708,30.704734,Slc17a7,11,false
75.824627,32.258596,Gad1,0,true
108.590773,30.486356,Slc17a7,14,false
107.285292,66.867857,Pdgfra,30,false
140.211624,50.468308,Aldoc,24,false
72.573358,33.663773,Aldoc,12,false
105.595920,1.455439,Sox10,0,true
126.089616,87.426878,Ttr,39,false
125.625565,110.456515,Slc17a7,47,false
144.939413,63.947138,Slc17a7,32,false
84.799849,11.549744,Slc17a7,5,false
65.999261,10.895490,Pdgfra,4,false
31.176834,46.122464,Aldoc,18,false
27.886169,105.379146,Aldoc,42,false
86.077559,47.493756,Pdgfra,21,false
49.148772,71.132279,Gad1,27,false
31.989488,142.973955,Gad1,58,false
29.916761,26.343207,Gad1,10,false
104.226090,72.224668,Aldoc,30,false
130.418557,37.072518,Aldoc,15,false
127.133910,92.936916,Pdgfra,39,false
46.433903,88.886594,Ttr,0,true
50.952524,48.820824,Slc17a7,19,false
67.462315,108.761230,Slc17a7,44,false
28.441883,67.721723,Gad1,26,false
142.965309,70.121331,Slc17a7,32,false
143.359616,10.784304,Slc17a7,8,false
139.333463,105.725717,Aldoc,48,false
48.899235,27.986053,Slc17a7,0,true
148.710549,14.412963,Slc17a7,8,false
113.156762,32.369895,Slc17a7,14,false
125.357492,51.248470,Ttr,23,false
31.498059,106.672958,Pdgfra,42,false
105.611305,87.032038,Slc17a7,38,false
48.157072,124.887786,Aldoc,51,false
70.637405,89.267609,Pdgfra,36,false
130.573876,13.455507,Ttr,7,false
68.522491,8.277158,Gad1,4,false
125.253013,106.115903,Gad1,47,false
95.456075,114.890329,Gad1,0,true
10.471669,30.991227,Aldoc,9,false
124.628669,52.145746,Slc17a7,23,false
146.477493,52.364292,Aldoc,24,false
112.234452,103.519732,Gad1,46,false
71.057836,14.662351,Gad1,4,false
108.338093,128.125151,Pdgfra,54,false
31.875406,54.134849,Aldoc,18,false
144.545574,83.344202,Gad1,40,false
58.128891,1.845037,Pdgfra,0,true
97.171382,51.892659,Pdgfra,0,true
10.236678,134.108111,Pdgfra,0,true
54.152144,50.975097,Aldoc,19,false
49.968160,28.983741,Slc17a7,11,false
106.395426,70.028086,Sox10,30,false
12.384769,104.642645,Ttr,41,false
119.824234,14.551600,Gad1,7,false
88.132590,47.167747,Aldoc,21,false
50.880009,87.753537,Pdgfra,35,false
105.326756,129.024436,Slc17a7,54,false
15.182211,123.975648,Pdgfra,49,false
87.778583,122.868445,Slc17a7,53,false
104.396321,89.635771,Gad1,38,false
90.042739,48.775205,Aldoc,21,false
36.982763,32.331117,Pdgfra,10,false
112.691945,125.222629,Aldoc,54,false
11.761734,123.652035,Gad1,49,false
43.999430,124.381439,Sox10,51,false
68.029753,103.467624,Pdgfra,44,false
9.931083,148.753006,Sox10,57,false
66.881137,146.485044,Slc17a7,60,false
32.315982,12.961000,Sox10,2,false
50.528356,7.538205,Sox10,3,false
29.265157,90.926759,Gad1,34,false
153.184100,93.864966,Pdgfra,0,true
32.333713,147.944052,Pdgfra,58,false
100.114327,9.604249,Gad1,6,false
125.535564,125.754908,Gad1,55,false
16.031326,27.653447,Pdgfra,9,false
143.117529,30.790661,Gad1,16,false
128.421772,10.373363,Gad1,7,false
25.737370,55.650581,Aldoc,0,true
141.119316,69.029709,Pdgfra,0,true
50.526662,105.781213,Sox10,43,false
112.213102,101.129122,Gad1,0,true
90.931546,106.213949,Aldoc,45,false
145.495304,44.585478,Aldoc,24,false
146.619528,66.988152,Slc17a7,32,false
48.006340,29.139661,Gad1,11,false
8.007517,7.421577,Gad1,1,false
124.263388,16.876582,Gad1,7,false
70.206220,125.254079,Gad1,52,false
12.108308,142.201121,Pdgfra,57,false
53.145323,9.712251,Aldoc,3,false
127.448345,122.606272,Gad1,55,false
86.988647,12.317700,Pdgfra,5,false
67.462676,122.956642,Gad1,52,false
9.027032,92.706576,Aldoc,33,false
34.042431,144.061669,Gad1,58,false
107.081457,125.162834,Slc17a7,54,false
30.589157,49.897331,Aldoc,18,false
29.360945,108.379251,Aldoc,42,false
7.452360,85.259269,Aldoc,33,false
154.457900,149.735588,Pdgfra,0,true
105.676504,105.886516,Sox10,46,false
46.029800,85.739565,Slc17a7,35,false
28.921285,8.748213,Slc17a7,2,false
46.952820,123.777946,Gad1,51,false
147.349696,32.032969,Gad1,16,false
147.791795,50.413470,Aldoc,24,false
70.658712,85.836133,Aldoc,36,false
14.385931,108.005357,Slc17a7,41,false
109.360437,125.047994,Sox10,54,false
38.971576,3.882743,Sox10,0,true
14.269976,8.635826,Aldoc,1,false
55.252974,14.327075,Gad1,3,false
106.157894,106.855497,Ttr,46,false
146.981444,91.332572,Slc17a7,40,false
123.417429,8.036479,Gad1,7,false
106.859940,127.355590,Aldoc,54,false
100.740212,67.004063,Aldoc,30,false
147.607134,32.267748,Ttr,16,false
140.773392,112.476550,Pdgfra,48,false
31.538015,52.452289,Aldoc,18,false
89.522635,10.296866,Slc17a7,5,false
11.393426,35.821130,Slc17a7,9,false
154.097617,141.276755,Pdgfra,0,true
44.846690,125.635044,Aldoc,51,false
46.824719,49.329469,Gad1,19,false
12.338426,71.863272,Gad1,25,false
107.921980,30.671541,Slc17a7,14,false
49.223989,149.050820,Gad1,59,false
142.554838,83.233915,Gad1,40,false
103.371146,89.704657,Pdgfra,38,false
140.961489,67.248239,Aldoc,32,false
144.044175,72.452070,Ttr,32,false
34.343213,134.203192,Ttr,50,false
9.702888,140.773433,Aldoc,57,false
69.143527,72.631360,Ttr,28,false
66.939241,15.838586,Gad1,4,false
10.731963,11.420834,Aldoc,1,false
66.292935,111.702201,Slc17a7,44,false
109.513253,29.969430,Slc17a7,14,false
108.776251,69.484981,Pdgfra,30,false
125.185536,52.366045,Slc17a7,23,false
110.160232,104.533725,Sox10,46,false
141.369282,87.562490,Gad1,40,false
11.924848,67.576503,Gad1,25,false
46.691389,147.445615,Sox10,59,false
68.283283,48.022297,Slc17a7,20,false
108.232486,69.966333,Ttr,30,false
50.960714,147.384650,Slc17a7,59,false
46.449493,9.469448,Aldoc,3,false
144.170785,30.254613,Pdgfra,16,false
11.304002,49.712017,Slc17a7,17,false
67.342483,31.310192,Sox10,12,false
8.124101,66.408854,Gad1,25,false
70.403430,48.390336,Slc17a7,20,false
4.586322,80.837440,Ttr,0,true
9.575158,74.829295,Ttr,25,false
67.705274,148.748122,Aldoc,60,false
126.108684,12.676425,Gad1,7,false
126.060163,125.393843,Gad1,55,false
34.298856,143.729948,Ttr,58,false
29.776141,85.257814,Pdgfra,34,false
109.806970,69.791571,Sox10,0,true
29.651253,7.942799,Slc17a7,2,false
47.579084,142.661387,Slc17a7,59,false
145.866875,105.221845,Aldoc,48,false
8.941961,120.824047,Gad1,49,false
37.107458,109.345219,Aldoc,42,false
127.755112,122.496463,Sox10,55,false
110.607180,111.510568,Pdgfra,0,true
96.039774,94.736488,Sox10,0,true
53.066059,129.173119,Aldoc,51,false
125.384168,89.170188,Slc17a7,39,false
50.507022,54.207723,Aldoc,19,false
51.913619,126.602486,Aldoc,51,false
101.880418,127.809166,Aldoc,54,false
5.323833,69.981385,Ttr,25,false
84.313617,32.347355,Gad1,13,false
62.940864,133.964254,Sox10,0,true
106.765862,86.886740,Slc17a7,38,false
32.623660,14.434513,Aldoc,2,false
66.003892,17.313703,Gad1,4,false
69.189904,140.060608,Aldoc,60,false
104.153939,88.484368,Slc17a7,38,false
18.139526,86.655971,Aldoc,33,false
127.416471,17.826563,Gad1,7,false
107.061658,126.241480,Aldoc,54,false
107.365182,35.636138,Slc17a7,14,false
74.296271,87.280793,Aldoc,36,false
106.054700,12.328434,Aldoc,6,false
22.139223,84.112394,Pdgfra,0,true
49.863676,51.288527,Pdgfra,19,false
89.804110,102.154728,Aldoc,45,false
65.098881,73.801519,Aldoc,28,false
148.054913,91.613174,Gad1,0,true
46.490707,34.253052,Gad1,11,false
147.430324,126.926971,Gad1,56,false
32.344234,126.148470,Ttr,50,false
10.642196,9.317807,Gad1,1,false
128.558534,109.466773,Slc17a7,47,false
127.116657,47.802043,Aldoc,23,false
30.663087,27.637363,Gad1,10,false
90.487009,85.654911,Gad1,37,false
144.627531,52.102718,Aldoc,24,false
146.599570,13.737193,Slc17a7,8,false
145.040771,110.048819,Aldoc,48,false
123.127778,65.071488,Gad1,31,false
45.267107,125.883892,Gad1,51,false
105.795320,32.275666,Gad1,14,false
90.966769,132.074118,Slc17a7,53,false
29.659167,11.664532,Slc17a7,2,false
147.850721,81.617629,Sox10,40,false
141.397092,11.454928,Gad1,8,false
89.999796,31.817119,Aldoc,13,false
70.026525,8.291547,Gad1,4,false
124.540162,86.071129,Aldoc,39,false
13.679898,14.065404,Aldoc,1,false
91.311174,85.436149,Ttr,37,false
109.008036,53.429990,Gad1,22,false
67.656016,92.137922,Aldoc,36,false
107.095930,35.429954,Pdgfra,14,false
10.874507,142.889472,Gad1,57,false
30.422327,109.633356,Aldoc,42,false
67.194117,107.467163,Slc17a7,44,false
145.084323,34.349591,Slc17a7,16,false
107.657137,13.156107,Aldoc,6,false
25.071846,27.676021,Gad1,10,false
107.380529,83.127457,Slc17a7,38,false
48.242634,120.905739,Pdgfra,0,true
142.499321,125.220029,Slc17a7,56,false
36.203709,84.918413,Gad1,34,false
50.418109,50.630767,Sox10,19,false
30.184543,103.137810,Slc17a7,0,true
13.459481,47.374223,Aldoc,17,false
140.458579,91.989161,Gad1,0,true
141.877444,127.359597,Pdgfra,56,false
11.113807,69.861335,Slc17a7,25,false
13.780383,143.149513,Aldoc,57,false
9.087817,88.532762,Aldoc,33,false
108.050427,118.988407,Sox10,0,true
34.373678,125.177994,Aldoc,0,true
13.188525,73.339978,Slc17a7,25,false
29.626279,24.989504,Gad1,10,false
88.764318,50.473833,Aldoc,21,false
145.030179,32.283971,Gad1,16,false
48.759266,146.372945,Slc17a7,59,false
89.249860,86.666532,Slc17a7,37,false
119.398111,50.154745,Aldoc,0,true
1.283841,46.942866,Slc17a7,0,true
32.988451,132.164887,Pdgfra,50,false
87.122998,124.969099,Aldoc,53,false
24.535782,86.387948,Gad1,34,false
85.828424,47.615594,Slc17a7,21,false
118.583228,84.221892,Gad1,39,false
148.843219,47.957060,Aldoc,24,false
13.902377,70.560074,Gad1,25,false
44.470100,107.057726,Gad1,43,false
11.988977,147.900040,Sox10,57,false
66.057091,46.742627,Slc17a7,20,false
66.424865,86.210807,Sox10,36,false
102.695855,125.759856,Ttr,54,false
144.941115,128.339698,Slc17a7,56,false
147.823851,48.449297,Sox10,24,false
10.840478,49.964449,Ttr,17,false
127.651222,107.261874,Slc17a7,47,false
110.950496,75.790710,Gad1,0,true
10.848404,7.162404,Gad1,1,false
72.139316,145.432873,Gad1,60,false
49.088992,106.989615,Gad1,43,false
13.282931,147.186738,Aldoc,57,false
109.468703,5.651773,Sox10,0,true
147.317224,131.881962,Gad1,56,false
113.127263,27.053680,Slc17a7,14,false
50.199019,85.294152,Aldoc,35,false
10.692648,125.893687,Sox10,49,false
5.851545,81.209843,Slc17a7,33,false
52.925431,143.886487,Gad1,59,false
109.382082,69.233426,Pdgfra,30,false
148.501049,68.715869,Slc17a7,32,false
108.327838,104.836659,Ttr,46,false
87.064682,30.096917,Gad1,13,false
147.446972,85.322144,Gad1,40,false
66.847668,10.790893,Gad1,4,false
123.641537,104.425626,Aldoc,0,true
33.243021,100.819504,Aldoc,42,false
66.620663,126.891829,Aldoc,52,false
8.220034,30.135847,Aldoc,9,false
84.029381,53.882193,Sox10,21,false
13.922496,51.791766,Pdgfra,17,false
70.333706,67.527849,Gad1,28,false
68.930930,70.158670,Gad1,28,false
12.370214,15.421630,Pdgfra,1,false
66.570691,103.272868,Slc17a7,44,false
14.825156,91.226789,Ttr,33,false
91.182985,32.311266,Gad1,13,false
85.631066,123.431134,Slc17a7,53,false
129.943347,109.194781,Slc17a7,47,false
102.696144,39.199180,Sox10,0,true
87.576510,106.872756,Aldoc,45,false
127.508392,89.550727,Aldoc,39,false
67.276953,14.071655,Slc17a7,4,false
141.159914,11.870001,Slc17a7,8,false
28.683482,88.693817,Gad1,34,false
133.480774,71.539882,Slc17a7,0,true
107.060833,31.842668,Gad1,14,false
88.418661,152.212893,Pdgfra,0,true
91.197157,106.183952,Slc17a7,45,false
12.962127,50.048443,Slc17a7,17,false
13.185071,53.081047,Slc17a7,17,false
61.408645,124.916993,Aldoc,0,true
70.124975,34.015362,Aldoc,12,false
51.956705,68.447948,Aldoc,27,false
72.172898,109.339978,Aldoc,44,false
92.157495,29.887418,Gad1,13,false
69.609040,95.259880,Sox10,36,false
33.979952,107.779285,Aldoc,42,false
31.508928,16.580829,Slc17a7,2,false
122.627240,127.777212,Aldoc,55,false
13.335714,55.014656,Pdgfra,17,false
32.430041,131.492899,Slc17a7,0,true
111.481937,86.950916,Slc17a7,38,false
87.136497,72.527331,Slc17a7,29,false
105.213943,13.756257,Ttr,6,false
127.439047,33.507638,Aldoc,15,false
143.059708,86.613362,Slc17a7,40,false
149.329859,12.933114,Slc17a7,8,false
124.342382,93.107204,Gad1,39,false
144.344176,50.552329,Sox10,24,false
121.735283,48.247657,Slc17a7,23,false
110.188131,69.877248,Gad1,30,false
106.305914,84.136649,Slc17a7,38,false
67.129100,69.032131,Slc17a7,28,false
88.265089,121.487917,Slc17a7,53,false
46.817930,109.694648,Gad1,43,false
145.767243,49.931889,Pdgfra,24,false
125.604319,106.179116,Slc17a7,47,false
14.990624,103.248332,Pdgfra,41,false
48.401852,99.863329,Gad1,43,false
86.236862,13.333590,Sox10,5,false
103.808127,100.413445,Gad1,46,false
33.470252,145.644615,Gad1,58,false
53.771798,126.216532,Ttr,51,false
10.055416,108.926367,Slc17a7,41,false
146.788526,67.327715,Slc17a7,32,false
47.911180,149.204679,Slc17a7,59,false
32.873437,8.266033,Sox10,2,false
32.195490,104.957372,Aldoc,42,false
70.736737,121.331326,Gad1,52,false
90.089321,30.772035,Gad1,13,false
148.230166,105.062401,Aldoc,48,false
30.065801,70.734917,Slc17a7,26,false
10.024322,87.610601,Sox10,33,false
83.703751,65.777194,Slc17a7,29,false
34.063340,86.697932,Aldoc,34,false
50.390564,124.104755,Aldoc,51,false
66.082417,87.631250,Pdgfra,36,false
94.836153,70.723160,Slc17a7,29,false
126.572238,105.685554,Ttr,47,false
17.351259,107.601738,Slc17a7,41,false
143.599603,107.649206,Aldoc,48,false
66.339073,126.222498,Sox10,52,false
70.357343,88.847151,Aldoc,36,false
35.735338,106.639874,Aldoc,42,false
10.833712,68.308293,Gad1,25,false
105.825773,105.014570,Pdgfra,46,false
64.445441,37.149163,Sox10,12,false
70.335700,126.653626,Gad1,52,false
146.461596,128.351565,Sox10,56,false
88.614872,10.688618,Ttr,5,false
66.079891,14.282421,Gad1,4,false
65.451074,68.845076,Ttr,28,false
45.102620,147.852789,Ttr,59,false
33.997911,44.759047,Aldoc,18,false
34.057342,27.462601,Gad1,10,false
122.902088,88.651649,Ttr,39,false
111.697992,110.772818,Gad1,46,false
45.685982,91.046200,Aldoc,35,false
125.458469,43.753576,Pdgfra,23,false
44.997086,30.927540,Slc17a7,11,false
127.247171,32.894249,Sox10,15,false
124.105665,69.374456,Ttr,31,false
71.448706,34.991110,Aldoc,12,false
13.633627,106.582747,Slc17a7,41,false
70.548162,105.429275,Slc17a7,44,false
69.215301,49.442553,Ttr,20,false
10.949699,144.030896,Sox10,57,false
51.129908,122.114213,Slc17a7,51,false
141.541006,46.222676,Pdgfra,24,false
141.862026,85.089668,Sox10,40,false
52.365909,125.937243,Sox10,0,true
54.395887,84.429137,Sox10,35,false
8.906977,124.609774,Gad1,49,false
12.786847,9.351155,Sox10,1,false
27.843177,87.023586,Gad1,34,false
11.527970,13.796936,Gad1,1,false
12.293309,50.529670,Slc17a7,17,false
67.836561,123.492823,Gad1,52,false
146.606012,46.516812,Pdgfra,24,false
146.377176,28.426611,Gad1,16,false
13.309850,142.580329,Gad1,57,false
49.035316,69.932162,Pdgfra,27,false
111.318311,26.354951,Slc17a7,14,false
50.035429,103.371432,Gad1,43,false
86.159037,69.069299,Pdgfra,29,false
128.767754,85.664401,Aldoc,39,false
112.665242,104.045161,Slc17a7,46,false
65.922324,107.172910,Sox10,44,false
144.574064,85.118933,Gad1,40,false
49.030134,58.254426,Aldoc,19,false
109.236587,105.196437,Gad1,46,false
10.895516,57.498126,Aldoc,17,false
48.080680,31.862705,Pdgfra,11,false
127.051383,25.657380,Ttr,0,true
145.321456,32.317795,Sox10,16,false
148.377823,126.496257,Gad1,56,false
151.087642,133.474362,Slc17a7,56,false
60.249445,107.941615,Aldoc,0,true
90.131243,47.616992,Aldoc,21,false
104.300231,51.562650,Gad1,22,false
108.793607,57.032965,Pdgfra,22,false
50.219587,32.498609,Slc17a7,11,false
12.850768,69.861749,Aldoc,25,false
33.089883,32.466116,Ttr,10,false
14.408078,87.774179,Aldoc,33,false
104.873239,48.347388,Pdgfra,22,false
29.962719,13.317749,Aldoc,2,false
63.823587,110.608294,Slc17a7,44,false
33.536951,26.962372,Sox10,10,false
65.338239,31.807072,Gad1,12,false
127.953420,127.054982,Sox10,55,false
10.029542,65.246992,Gad1,25,false
67.179489,49.704276,Slc17a7,20,false
67.842903,11.680873,Gad1,4,false
11.308582,69.458190,Aldoc,25,false
46.557047,83.220476,Slc17a7,35,false
147.762376,130.833628,Slc17a7,56,false
124.917769,70.325977,Sox10,31,false
71.662481,84.453471,Aldoc,36,false
68.826891,92.385445,Sox10,36,false
69.005409,122.750614,Gad1,52,false
51.520131,88.840570,Aldoc,35,false
141.317263,52.858217,Gad1,24,false
121.162406,22.948397,Ttr,0,true
69.731580,50.155444,Ttr,20,false
128.468608,73.594976,Aldoc,31,false
126.836617,71.395278,Aldoc,31,false
63.557160,17.736757,Slc17a7,4,false
12.394399,103.284894,Slc17a7,41,false
51.493487,140.469281,Slc17a7,59,false
90.807685,66.992603,Slc17a7,29,false
125.134319,35.317843,Aldoc,15,false
123.277349,95.464332,Pdgfra,0,true
132.434407,83.883174,Sox10,0,true
119.123335,107.474381,Sox10,0,true
71.215132,73.421140,Gad1,28,false
145.689620,67.990156,Slc17a7,32,false
88.014493,31.541851,Gad1,13,false
95.581602,110.473240,Pdgfra,45,false
51.167344,145.325838,Sox10,59,false
33.400565,10.622382,Pdgfra,2,false
12.959385,147.711448,Aldoc,57,false
13.711799,85.657448,Aldoc,33,false
122.838106,49.481743,Slc17a7,23,false
144.599088,128.595501,Slc17a7,56,false
81.921038,52.048366,Aldoc,21,false
74.150814,47.217601,Pdgfra,20,false
106.853882,68.869963,Aldoc,30,false
128.520012,103.798127,Slc17a7,47,false
53.815987,52.600387,Gad1,19,false
12.369344,32.062699,Gad1,9,false
47.110141,9.072566,Gad1,3,false
66.945206,128.608815,Gad1,52,false
65.764957,36.367537,Aldoc,12,false
110.580875,106.789262,Gad1,46,false
68.579588,28.978548,Aldoc,12,false
71.001945,92.504861,Pdgfra,36,false
27.690489,53.563922,Gad1,18,false
107.035848,47.314884,Aldoc,22,false
54.457974,125.794468,Aldoc,51,false
72.036359,44.655069,Slc17a7,20,false
29.689132,30.075661,Gad1,10,false
91.828018,64.889729,Ttr,29,false
31.622998,74.016774,Slc17a7,26,false
63.838947,12.486734,Gad1,4,false
63.219532,65.757042,Gad1,28,false
90.806207,109.742741,Aldoc,45,false
70.940732,85.273228,Aldoc,36,false
45.825819,13.596128,Sox10,3,false
147.390176,123.975727,Slc17a7,56,false
124.749880,50.677805,Ttr,0,true
89.933674,54.144784,Pdgfra,21,false
87.332423,7.987310,Slc17a7,5,false
15.995235,146.568590,Gad1,57,false
126.902529,14.336475,Sox10,7,false
28.471008,129.175436,Pdgfra,50,false
148.058412,67.783805,Ttr,32,false
124.393476,51.789145,Slc17a7,23,false
102.580499,87.140964,Slc17a7,38,false
108.445411,36.059044,Slc17a7,14,false
13.180026,144.113576,Aldoc,57,false
68.139640,68.130658,Gad1,28,false
66.893385,109.515239,Slc17a7,44,false
48.387245,43.116018,Aldoc,0,true
131.025234,101.466856,Pdgfra,0,true
106.079536,128.510868,Pdgfra,54,false
125.034083,72.234746,Pdgfra,31,false
146.052335,53.117503,Pdgfra,24,false
33.008765,29.945912,Gad1,10,false
105.038532,50.995046,Gad1,22,false
121.915581,49.496586,Slc17a7,23,false
63.061336,30.884368,Aldoc,12,false
124.974908,14.106685,Gad1,7,false
66.723147,10.890406,Pdgfra,4,false
46.232344,147.731816,Slc17a7,59,false
66.509241,45.316305,Slc17a7,20,false
106.035572,127.695226,Aldoc,54,false
124.762053,105.428066,Pdgfra,47,false
125.203346,86.521503,Aldoc,39,false
66.344518,34.016682,Slc17a7,12,false
109.788521,12.855307,Slc17a7,6,false
141.157264,47.257879,Aldoc,24,false
29.815700,88.257971,Aldoc,34,false
7.981155,125.791127,Slc17a7,49,false
123.089048,64.758864,Gad1,31,false
88.452628,51.987316,Pdgfra,21,false
50.119172,11.993905,Slc17a7,3,false
52.738430,89.802834,Slc17a7,35,false
109.835459,51.439451,Gad1,22,false
144.220005,65.800099,Slc17a7,32,false
29.104404,88.349399,Pdgfra,34,false
67.138155,139.655518,Aldoc,60,false
67.240347,140.937912,Ttr,60,false
90.877296,50.028939,Slc17a7,21,false
141.563230,49.492924,Aldoc,24,false
72.717598,54.136776,Slc17a7,20,false
125.913981,68.673376,Ttr,31,false
146.960963,107.794967,Slc17a7,48,false
102.082364,92.011723,Slc17a7,38,false
14.897198,126.276186,Gad1,49,false
105.410862,89.710573,Aldoc,38,false
30.603970,11.473791,Ttr,2,false
69.046912,124.634457,Pdgfra,52,false
108.953699,51.864851,Gad1,22,false
44.629423,126.597384,Aldoc,51,false
87.685327,86.163361,Slc17a7,37,false
69.163789,69.957619,Pdgfra,0,true
121.614283,30.077439,Sox10,15,false
50.352918,88.077489,Slc17a7,35,false
15.303821,28.343259,Pdgfra,9,false
33.654840,31.865409,Gad1,10,false
147.559854,72.390778,Slc17a7,32,false
142.531558,53.205024,Aldoc,24,false
123.867111,48.118102,Pdgfra,23,false
122.137095,34.065670,Aldoc,15,false
88.136240,33.324691,Gad1,13,false
26.452637,89.071607,Sox10,34,false
108.138653,87.456977,Slc17a7,38,false
57.911702,141.832188,Slc17a7,0,true
53.019031,144.897743,Slc17a7,59,false
13.187938,47.671727,Slc17a7,17,false
14.178275,27.682175,Pdgfra,9,false
51.649237,64.815414,Aldoc,27,false
123.588855,106.081435,Aldoc,47,false
33.247988,32.260825,Gad1,10,false
143.025894,73.571566,Slc17a7,32,false
122.621238,66.434273,Aldoc,31,false
52.723307,29.777975,Slc17a7,11,false
87.454941,8.578122,Slc17a7,5,false
124.397951,37.244738,Pdgfra,15,false
89.498072,122.288940,Aldoc,53,false
51.350035,14.475422,Slc17a7,3,false
68.494524,30.942320,Aldoc,12,false
107.185097,11.097868,Aldoc,6,false
30.769179,87.793435,Gad1,34,false
146.573915,105.271816,Pdgfra,48,false
106.422017,107.080810,Ttr,46,false
29.672491,69.179860,Slc17a7,26,false
90.179571,46.907983,Sox10,21,false
81.267115,81.785523,Slc17a7,0,true
128.225596,65.715717,Sox10,31,false
105.426030,122.428639,Sox10,54,false
26.358566,48.144168,Aldoc,18,false
91.731948,88.046546,Gad1,37,false
120.701147,109.579090,Aldoc,0,true
153.352377,103.590330,Aldoc,48,false
125.745033,72.405704,Gad1,31,false
5.847023,144.393968,Ttr,0,true
79.995069,58.001204,Sox10,0,true
88.373720,28.078427,Pdgfra,13,false
142.780519,60.494462,Slc17a7,0,true
48.106818,108.483373,Gad1,43,false
106.029547,128.957258,Pdgfra,54,false
105.182800,53.917566,Sox10,22,false
68.259410,65.493836,Gad1,28,false
50.838839,33.189894,Gad1,11,false
49.885918,139.685342,Slc17a7,0,true
7.935813,98.734516,Aldoc,0,true
33.258323,151.068179,Slc17a7,58,false
144.555267,144.157421,Ttr,0,true
34.958711,145.153511,Gad1,58,false
11.141911,104.389275,Slc17a7,41,false
29.140321,57.161094,Aldoc,18,false
144.912948,104.486654,Gad1,48,false
125.698702,70.616165,Gad1,31,false
130.530011,128.394938,Gad1,55,false
50.402054,30.384259,Aldoc,11,false
124.248428,107.156771,Pdgfra,47,false
86.044913,13.494553,Aldoc,0,true
129.321446,108.613242,Slc17a7,47,false
52.889076,83.528177,Aldoc,35,false
46.921734,12.282345,Sox10,3,false
147.212902,119.677769,Slc17a7,56,false
128.200820,65.532108,Slc17a7,31,false
106.566273,104.826918,Sox10,46,false
63.922692,68.293874,Gad1,28,false
87.724146,88.748005,Sox10,37,false
31.329806,87.798664,Gad1,34,false
67.253715,142.574879,Pdgfra,60,false
12.552513,128.907021,Slc17a7,49,false
109.180595,86.775123,Aldoc,38,false
102.432320,87.931881,Pdgfra,38,false
12.312551,9.940310,Gad1,1,false
123.526371,13.246818,Gad1,7,false
49.520000,11.779729,Aldoc,3,false
93.858343,84.861170,Aldoc,0,true
48.361147,124.286113,Aldoc,51,false
9.513590,126.908856,Aldoc,49,false
84.044330,33.322123,Slc17a7,13,false
15.788506,125.936423,Pdgfra,49,false
49.440149,144.746445,Slc17a7,59,false
144.743723,47.592330,Sox10,24,false
146.162640,10.547802,Slc17a7,8,false
121.731182,52.453959,Slc17a7,23,false
64.798636,72.664405,Aldoc,28,false
6.810111,109.762207,Pdgfra,0,true
30.792220,108.245583,Slc17a7,42,false
32.218031,128.280109,Aldoc,50,false
25.956210,50.431891,Sox10,18,false
81.896665,120.675560,Pdgfra,0,true
38.210485,105.897158,Ttr,42,false
27.203977,51.813099,Aldoc,18,false
10.386530,128.056346,Gad1,49,false
125.648600,104.557075,Pdgfra,47,false
142.930741,108.555929,Aldoc,48,false
12.116625,9.148717,Sox10,1,false
70.037359,35.816481,Slc17a7,12,false
146.209332,69.874476,Slc17a7,32,false
49.403374,125.754495,Aldoc,51,false
68.117557,32.496026,Slc17a7,12,false
127.674635,26.449816,Sox10,15,false
48.123429,105.947359,Gad1,43,false
148.325225,128.042104,Ttr,56,false
146.629542,35.329335,Slc17a7,16,false
88.686025,14.574077,Ttr,5,false
89.437756,89.956634,Gad1,37,false
124.413269,52.525355,Slc17a7,23,false
104.629462,83.331272,Aldoc,0,true
50.214397,82.385396,Slc17a7,35,false
141.136243,57.014376,Slc17a7,0,true
142.080049,130.016349,Slc17a7,56,false
50.804844,66.577831,Aldoc,27,false
52.938888,12.757318,Aldoc,3,false
35.887449,147.641406,Gad1,58,false
14.003386,142.914967,Aldoc,57,false
29.266940,147.300093,Gad1,58,false
109.514493,12.404251,Aldoc,6,false
90.620616,128.625208,Slc17a7,53,false
86.735298,134.387958,Sox10,0,true
103.893776,12.650389,Aldoc,6,false
70.694671,145.778760,Sox10,60,false
32.378153,49.695145,Aldoc,18,false
45.839118,146.303442,Slc17a7,59,false
43.278221,63.980931,Slc17a7,0,true
124.082124,44.392672,Ttr,0,true
70.536545,145.282763,Pdgfra,60,false
108.170827,13.132918,Aldoc,6,false
47.681989,129.881473,Aldoc,51,false
106.916330,69.032808,Aldoc,30,false
9.950774,13.747762,Ttr,1,false
87.840001,10.049582,Sox10,5,false
142.058778,128.717133,Slc17a7,56,false
100.284035,70.451736,Sox10,30,false
49.826347,49.247830,Gad1,19,false
29.078322,124.853168,Slc17a7,50,false
49.136727,104.096870,Ttr,43,false
13.667978,88.657119,Pdgfra,33,false
52.563469,8.275395,Aldoc,3,false
32.773748,27.969393,Ttr,10,false
69.176252,88.142309,Aldoc,36,false
49.356956,66.350590,Aldoc,27,false
69.045890,66.840953,Pdgfra,28,false
11.070571,46.055871,Slc17a7,17,false
125.293789,32.009757,Pdgfra,15,false
53.453021,26.415669,Sox10,11,false
126.319600,70.427778,Aldoc,31,false
48.192966,71.137087,Pdgfra,27,false
69.336535,30.026124,Gad1,12,false
143.048796,50.660776,Slc17a7,24,false
67.274227,90.599060,Aldoc,36,false
0.277104,97.795362,Gad1,0,true
89.173772,49.986188,Sox10,21,false
29.462005,88.840295,Sox10,34,false
68.595879,125.781460,Ttr,52,false
157.068873,52.511208,Sox10,0,true
26.375441,10.785329,Slc17a7,2,false
30.175523,79.500254,Sox10,0,true
12.258403,32.986012,Aldoc,9,false
145.907529,126.943167,Ttr,56,false
85.542737,84.907894,Slc17a7,37,false
69.562642,75.020561,Sox10,28,false
123.919127,109.618947,Slc17a7,47,false
84.495961,122.672144,Slc17a7,53,false
89.958634,12.592228,Ttr,5,false
52.038547,87.687953,Pdgfra,35,false
55.441603,135.822788,Slc17a7,0,true
11.069614,51.487837,Pdgfra,17,false
85.253018,28.765732,Gad1,13,false
122.517506,70.455254,Gad1,31,false
37.775488,126.266155,Sox10,50,false
112.785679,89.679272,Slc17a7,38,false
8.835263,68.225453,Pdgfra,25,false
67.165543,65.030400,Sox10,0,true
81.366899,15.885081,Pdgfra,0,true
10.411373,106.311168,Slc17a7,41,false
146.892170,31.512752,Gad1,16,false
58.530999,152.606492,Gad1,0,true
125.593836,14.634285,Ttr,7,false
50.474718,65.017267,Aldoc,27,false
11.155568,10.048485,Gad1,1,false
50.970244,70.805047,Aldoc,27,false
56.476925,11.883257,Aldoc,3,false
123.489369,28.697033,Aldoc,15,false
70.790247,120.138441,Aldoc,52,false
52.561631,88.303098,Ttr,35,false
124.796297,67.320779,Sox10,31,false
106.245072,51.205791,Gad1,22,false
14.600596,124.728035,Slc17a7,49,false
87.820940,68.971197,Pdgfra,29,false
127.329596,141.432381,Aldoc,0,true
30.251519,86.663680,Pdgfra,34,false
84.856273,7.796120,Gad1,0,true
90.050797,121.369350,Slc17a7,0,true
142.761866,7.245981,Slc17a7,8,false
127.181766,49.721034,Slc17a7,23,false
124.191403,86.691111,Gad1,39,false
67.904098,107.568137,Slc17a7,44,false
72.755948,50.114552,Sox10,20,false
26.651665,132.910280,Ttr,0,true
50.429230,50.689089,Gad1,19,false
88.418259,10.062065,Gad1,5,false
108.449298,145.009909,Aldoc,0,true
100.905606,50.145328,Ttr,22,false
12.677782,50.152768,Sox10,17,false
144.105470,64.713910,Slc17a7,32,false
28.825166,110.973587,Aldoc,42,false
86.835342,89.686808,Gad1,37,false
68.276694,122.542878,Gad1,52,false
87.619437,30.878472,Slc17a7,13,false
64.829668,125.351529,Gad1,52,false
123.697467,49.992188,Sox10,23,false
30.449637,67.868399,Slc17a7,26,false
89.686910,111.707189,Aldoc,45,false
32.986750,103.859932,Aldoc,42,false
122.221195,131.361166,Gad1,55,false
108.501464,54.311066,Aldoc,22,false
26.692933,86.705406,Gad1,34,false
50.923194,85.506478,Pdgfra,35,false
128.787197,87.580216,Pdgfra,39,false
31.819216,145.224314,Gad1,58,false
139.999742,63.520267,Ttr,32,false
31.491797,30.040560,Gad1,10,false
14.154615,126.530356,Gad1,49,false
69.953158,142.806838,Gad1,60,false
47.013444,87.572106,Pdgfra,35,false
67.858013,69.236893,Gad1,28,false
46.690610,11.724790,Aldoc,3,false
120.599759,50.187677,Slc17a7,23,false
46.902008,87.761562,Slc17a7,35,false
14.502573,127.848058,Aldoc,49,false
62.444170,37.009094,Ttr,12,false
70.073511,17.215996,Slc17a7,4,false
68.395973,108.717678,Slc17a7,44,false
125.077862,99.277803,Ttr,0,true
9.905255,28.317836,Aldoc,9,false
148.360560,11.609314,Pdgfra,8,false
74.866001,91.208349,Pdgfra,0,true
11.404985,52.028794,Slc17a7,17,false
14.163388,90.298410,Aldoc,33,false
25.596315,86.478628,Gad1,34,false
146.321522,85.900588,Gad1,40,false
48.932972,86.750058,Slc17a7,35,false
125.502988,52.256052,Slc17a7,23,false
34.150620,30.173942,Sox10,10,false
124.915051,33.925408,Aldoc,15,false
146.074492,8.290818,Slc17a7,8,false
49.983800,83.110858,Slc17a7,35,false
48.345931,148.534254,Slc17a7,59,false
146.963953,50.131349,Aldoc,24,false
91.780870,104.997828,Gad1,45,false
30.836320,70.028029,Slc17a7,26,false
5.554285,146.974613,Aldoc,57,false
70.650576,89.968362,Sox10,36,false
127.873106,51.179270,Ttr,23,false
144.229210,34.411274,Pdgfra,16,false
10.458995,107.899801,Slc17a7,41,false
29.273714,124.498712,Ttr,0,true
106.042990,108.891398,Gad1,46,false
147.076751,155.812708,Gad1,0,true
124.774768,29.130474,Aldoc,15,false
122.924285,6.238503,Gad1,0,true
23.925205,136.358771,Gad1,0,true
11.120743,65.302525,Gad1,25,false
71.155842,67.893021,Sox10,0,true
51.497764,87.853591,Slc17a7,35,false
84.968040,34.631438,Gad1,13,false
53.876730,88.312637,Ttr,35,false
90.078498,111.940450,Ttr,45,false
13.494679,107.534748,Aldoc,41,false
86.504587,54.092805,Aldoc,21,false
144.550698,7.480257,Pdgfra,8,false
140.889793,13.711945,Ttr,8,false
30.920960,122.524184,Pdgfra,50,false
67.278475,65.397831,Pdgfra,28,false
105.818004,88.017679,Slc17a7,38,false
89.305452,121.173690,Slc17a7,53,false
11.178804,66.227208,Aldoc,25,false
71.847810,89.395216,Ttr,36,false
89.917593,112.305408,Sox10,45,false
73.460792,144.939009,Sox10,60,false
18.558645,37.453480,Ttr,0,true
71.940640,11.744241,Gad1,4,false
29.252114,52.472858,Aldoc,18,false
126.643372,84.792760,Ttr,39,false
29.816022,127.599517,Pdgfra,50,false
88.693357,90.460230,Gad1,37,false
14.751355,93.046466,Ttr,33,false
108.659856,75.192991,Aldoc,30,false
31.503531,13.443318,Slc17a7,2,false
12.019686,121.104671,Sox10,0,true
31.621239,105.340214,Slc17a7,42,false
126.134118,73.279290,Ttr,31,false
10.717091,13.079185,Gad1,1,false
7.900327,128.892782,Ttr,49,false
106.253811,25.521785,Slc17a7,14,false
50.270860,33.751188,Gad1,11,false
10.986372,71.248686,Gad1,25,false
154.395630,37.527392,Ttr,0,true
33.142547,88.518166,Gad1,34,false
49.693982,69.354269,Aldoc,27,false
47.434478,151.270788,Gad1,59,false
69.427437,69.678505,Sox10,28,false
88.319734,10.145578,Pdgfra,5,false
89.206778,32.508127,Aldoc,13,false
70.669380,12.348472,Gad1,4,false
7.289080,67.336400,Aldoc,0,true
31.783896,7.790426,Ttr,2,false
128.056628,106.838975,Slc17a7,47,false
7.867993,110.104671,Slc17a7,41,false
33.402396,107.021175,Gad1,42,false
104.815985,28.569151,Gad1,0,true
36.078940,90.727143,Ttr,34,false
126.374858,49.683933,Sox10,23,false
29.127988,107.389157,Pdgfra,42,false
144.040911,104.344212,Pdgfra,48,false
149.342138,51.622935,Gad1,24,false
70.202545,35.582348,Slc17a7,12,false
90.420541,4.997911,Ttr,0,true
85.673220,125.880521,Ttr,53,false
48.830856,145.912253,Pdgfra,59,false
35.800481,110.563013,Pdgfra,0,true
86.044100,65.753844,Slc17a7,29,false
89.843447,91.037948,Gad1,37,false
11.064518,107.052662,Pdgfra,41,false
48.932648,128.380606,Ttr,51,false
48.587095,28.211606,Slc17a7,11,false
67.785889,129.391789,Gad1,52,false
65.959053,146.097582,Slc17a7,60,false
31.950408,25.805572,Pdgfra,0,true
53.227871,85.093349,Sox10,35,false
126.828217,16.136455,Gad1,7,false
80.617225,97.963583,Sox10,0,true
105.800527,120.776251,Ttr,54,false
12.829541,66.898633,Ttr,25,false
12.926606,48.138390,Slc17a7,17,false
143.847254,72.564271,Slc17a7,32,false
70.596890,143.324737,Ttr,60,false
48.832691,45.673377,Pdgfra,19,false
70.617038,69.984803,Pdgfra,28,false
45.995741,146.396902,Slc17a7,59,false
97.430907,95.969030,Sox10,0,true
48.548114,147.954617,Aldoc,59,false
50.088714,52.075763,Aldoc,19,false
88.519046,125.038073,Pdgfra,53,false
84.871202,124.924740,Slc17a7,53,false
65.152466,141.944437,Ttr,60,false
83.284387,51.684447,Slc17a7,21,false
35.691234,107.719596,Slc17a7,42,false
52.830340,29.178775,Slc17a7,11,false
128.759747,85.375498,Slc17a7,39,false
108.666793,3.892630,Ttr,0,true
105.983022,65.734798,Aldoc,30,false
98.709796,113.041848,Gad1,0,true
11.674668,11.912110,Gad1,1,false
29.549902,91.285160,Gad1,34,false
73.784589,143.905471,Slc17a7,60,false
67.475958,52.009420,Slc17a7,20,false
106.939542,103.048069,Gad1,46,false
48.648943,33.891674,Ttr,11,false
70.200515,87.906824,Ttr,36,false
147.115497,66.137290,Slc17a7,32,false
106.173069,47.522580,Aldoc,22,false
16.802893,65.458566,Gad1,25,false
89.811827,108.974087,Pdgfra,45,false
28.895301,125.917429,Pdgfra,50,false
29.639836,35.320557,Gad1,10,false
125.361079,106.784413,Slc17a7,47,false
70.394547,60.996240,Slc17a7,0,true
127.626892,105.453198,Slc17a7,47,false
47.112154,122.285364,Aldoc,51,false
28.810018,87.267829,Ttr,34,false
32.235607,71.814727,Gad1,26,false
110.853998,108.414101,Pdgfra,46,false
42.771655,156.719863,Slc17a7,0,true
13.532823,12.386703,Gad1,1,false
127.965144,109.680883,Slc17a7,47,false
66.648804,88.131857,Aldoc,36,false
31.754541,105.133396,Aldoc,42,false
104.229707,105.509453,Gad1,46,false
144.544232,10.615597,Slc17a7,8,false
51.557611,102.315000,Gad1,43,false
70.718182,144.281266,Aldoc,60,false
31.786019,126.096504,Slc17a7,50,false
145.151036,102.646686,Gad1,0,true
52.511460,85.167669,Sox10,0,true
149.949933,13.815917,Slc17a7,8,false
14.456289,33.862534,Ttr,9,false
105.291521,8.347819,Ttr,6,false
85.888785,9.381593,Pdgfra,0,true
11.014091,126.218855,Gad1,49,false
51.223140,66.702892,Ttr,27,false
86.884957,105.349534,Pdgfra,45,false
109.448281,32.074584,Slc17a7,14,false
10.542935,33.620381,Gad1,9,false
104.774897,13.903586,Ttr,6,false
34.715905,67.235774,Slc17a7,26,false
144.317229,83.449682,Sox10,0,true
66.442487,6.325961,Gad1,4,false
34.526224,103.967585,Aldoc,42,false
74.703099,146.145279,Aldoc,60,false
64.324284,8.977979,Gad1,4,false
12.504183,124.045192,Gad1,49,false
14.578797,50.212103,Pdgfra,17,false
139.807409,47.878615,Pdgfra,24,false
106.531023,126.782247,Gad1,54,false
71.650917,49.107958,Aldoc,20,false
11.288567,123.011578,Gad1,49,false
68.067292,69.946629,Sox10,28,false
43.613195,127.969997,Aldoc,0,true
90.571146,65.662867,Slc17a7,29,false
106.754242,33.063111,Pdgfra,14,false
127.742528,105.868306,Sox10,47,false
33.698833,29.873167,Ttr,10,false
50.810163,66.896481,Sox10,27,false
144.547394,70.348817,Ttr,32,false
145.957385,104.202020,Sox10,48,false
70.602666,108.805243,Slc17a7,44,false
127.705267,66.837713,Ttr,31,false
33.009137,104.303468,Pdgfra,42,false
64.978573,33.751697,Pdgfra,12,false
65.674034,128.596537,Pdgfra,52,false
107.197252,69.242069,Slc17a7,30,false
90.442910,83.308719,Pdgfra,37,false
84.858396,122.458169,Gad1,53,false
145.517982,33.755161,Aldoc,16,false
29.565870,122.644818,Slc17a7,50,false
51.678304,144.604053,Slc17a7,59,false
87.558552,107.261249,Pdgfra,45,false
54.776057,63.163234,Aldoc,27,false
30.975762,126.694345,Gad1,50,false
146.000299,72.682597,Slc17a7,32,false
144.079195,106.817930,Aldoc,48,false
88.345722,109.811409,Sox10,45,false
68.250935,30.435315,Aldoc,12,false
124.852932,105.952287,Slc17a7,47,false
126.586430,29.150152,Aldoc,15,false
125.585726,14.184219,Pdgfra,7,false
84.290801,125.474094,Sox10,53,false
65.814815,108.566919,Slc17a7,44,false
72.661927,124.184479,Gad1,52,false
66.945590,29.324403,Pdgfra,12,false
124.213301,127.290284,Pdgfra,55,false
83.878596,96.620582,Aldoc,0,true
31.935407,105.800485,Gad1,42,false
49.462412,10.524872,Aldoc,3,false
144.858507,124.406770,Slc17a7,56,false
143.466012,107.379048,Aldoc,48,false
146.354331,11.432083,Aldoc,8,false
127.590435,86.820956,Aldoc,39,false
13.119077,71.590825,Gad1,25,false
14.346315,110.381793,Slc17a7,41,false
125.937792,52.602543,Aldoc,23,false
47.320029,107.368081,Aldoc,43,false
16.242848,30.600880,Pdgfra,9,false
87.895783,9.422152,Ttr,5,false
50.983319,142.871884,Sox10,59,false
89.380565,65.568596,Slc17a7,29,false
49.379721,33.858431,Slc17a7,11,false
147.395950,12.183030,Pdgfra,8,false
145.000230,96.238302,Slc17a7,0,true
145.628702,123.977545,Slc17a7,56,false
13.669638,127.988791,Gad1,49,false
142.277631,28.082702,Aldoc,16,false
90.772878,51.676644,Aldoc,21,false
85.119805,83.742993,Aldoc,0,true
61.769855,31.972507,Ttr,0,true
126.674263,10.416211,Aldoc,7,false
122.141835,128.253264,Pdgfra,55,false
32.596622,126.236748,Slc17a7,50,false
106.399601,85.297482,Slc17a7,38,false
86.563941,8.460956,Slc17a7,5,false
126.345099,109.306238,Gad1,47,false
90.301203,50.481455,Aldoc,21,false
86.558263,12.085169,Slc17a7,5,false
11.754167,68.266644,Ttr,25,false
51.932348,114.287390,Ttr,0,true
61.598398,49.256553,Sox10,0,true
53.487365,33.663791,Pdgfra,11,false
68.740076,107.349195,Pdgfra,44,false
68.460378,106.847279,Slc17a7,44,false
34.221492,126.003235,Gad1,50,false
29.632639,128.072757,Sox10,50,false
125.228663,14.856060,Gad1,7,false
125.689170,33.425704,Ttr,15,false
143.936617,34.971173,Gad1,16,false
142.393341,101.604887,Aldoc,48,false
144.497159,88.446633,Gad1,40,false
48.921435,15.966522,Aldoc,3,false
71.321380,50.889052,Pdgfra,20,false
101.843632,59.599741,Pdgfra,0,true
109.802555,53.770051,Gad1,22,false
90.967962,35.947375,Aldoc,13,false
28.330503,144.129486,Slc17a7,58,false
126.233034,11.681762,Gad1,7,false
87.928045,29.479200,Sox10,13,false
29.920743,148.006315,Ttr,58,false
142.378506,72.881123,Slc17a7,32,false
47.068211,10.641708,Aldoc,3,false
111.975702,30.817061,Aldoc,14,false
143.432200,127.366632,Pdgfra,56,false
31.157593,49.405561,Aldoc,18,false
56.707007,40.410517,Aldoc,0,true
88.148490,107.160555,Pdgfra,45,false
87.141453,72.701218,Sox10,29,false
10.420386,70.356859,Ttr,25,false
107.399550,132.623136,Ttr,54,false
49.771382,100.732183,Aldoc,43,false
13.833464,125.355093,Gad1,49,false
87.672420,28.168806,Gad1,13,false
15.338909,69.045789,Ttr,25,false
144.644138,106.238024,Aldoc,48,false
27.485725,70.040925,Gad1,26,false
68.033128,17.710489,Ttr,4,false
35.063418,54.582826,Ttr,18,false
142.770478,49.377039,Aldoc,24,false
87.632988,55.514921,Aldoc,21,false
109.838199,54.358681,Gad1,22,false
36.423797,26.818713,Gad1,10,false
47.932866,102.451418,Aldoc,43,false
30.394319,90.536943,Ttr,34,false
128.291685,121.586858,Aldoc,0,true
115.438617,127.689312,Slc17a7,0,true
87.901730,53.871557,Aldoc,21,false
128.191228,107.313333,Slc17a7,47,false
69.193196,125.822589,Gad1,52,false
125.312062,127.502197,Sox10,55,false
31.085400,123.992648,Pdgfra,50,false
9.741240,124.416472,Ttr,49,false
129.804856,65.202613,Sox10,31,false
12.630482,68.903491,Gad1,25,false
89.472261,73.091443,Gad1,29,false
144.307980,87.411340,Aldoc,40,false
32.569257,146.471734,Gad1,58,false
125.707482,104.647804,Aldoc,47,false
144.520308,9.772610,Pdgfra,8,false
125.652892,124.639524,Gad1,55,false
70.073441,67.343624,Gad1,28,false
144.144118,12.250193,Pdgfra,8,false
143.458525,8.843445,Pdgfra,8,false
10.680456,87.305358,Aldoc,33,false
105.044224,31.768277,Ttr,14,false
127.842761,129.041155,Ttr,55,false
126.915574,107.125504,Ttr,47,false
99.026871,113.385503,Gad1,0,true
86.112622,8.103155,Aldoc,5,false
65.772659,92.982990,Ttr,36,false
53.947094,142.489991,Slc17a7,59,false
32.532836,33.346870,Ttr,0,true
127.525805,71.851683,Gad1,31,false
84.724125,48.389467,Sox10,21,false
86.755112,124.716207,Gad1,53,false
31.554894,98.162767,Aldoc,0,true
101.448748,10.444101,Ttr,6,false
24.944681,47.647783,Aldoc,0,true
13.371280,110.080797,Slc17a7,0,true
64.551332,105.333593,Slc17a7,44,false
68.403390,36.715245,Pdgfra,12,false
143.950193,86.552101,Sox10,40,false
37.558453,145.048952,Gad1,58,false
10.744776,102.141805,Slc17a7,41,false
51.954509,65.187845,Pdgfra,27,false
107.235145,31.484397,Pdgfra,14,false
68.134166,128.788953,Aldoc,52,false
106.836849,106.282021,Aldoc,46,false
35.352861,147.696036,Slc17a7,58,false
69.359396,66.678533,Aldoc,28,false
51.777184,68.101372,Gad1,27,false
141.566942,97.117167,Aldoc,0,true
50.641071,29.999489,Ttr,11,false
44.773752,110.028074,Gad1,43,false
45.673520,104.396207,Gad1,43,false
33.174447,71.709368,Gad1,26,false
125.607296,103.266205,Aldoc,47,false
70.080236,13.260324,Aldoc,4,false
143.473513,30.122527,Ttr,16,false
29.372981,53.633066,Slc17a7,18,false
71.137020,122.497379,Gad1,52,false
48.479504,29.567161,Sox10,11,false
49.543397,35.279522,Pdgfra,11,false
45.324022,107.236126,Aldoc,43,false
69.994148,79.715850,Sox10,36,false
109.916814,69.493739,Gad1,30,false
150.661529,9.629437,Sox10,8,false
30.672003,71.014689,Slc17a7,26,false
67.347612,72.491553,Ttr,28,false
126.867931,93.035967,Sox10,0,true
87.171407,113.132303,Gad1,0,true
143.838344,89.207832,Gad1,40,false
34.951953,73.236405,Slc17a7,26,false
67.274685,50.421278,Pdgfra,20,false
48.740690,49.599732,Sox10,19,false
122.946804,126.188104,Aldoc,55,false
67.168963,144.740695,Gad1,60,false
9.688125,33.125381,Ttr,9,false
108.980928,30.894582,Gad1,14,false
119.579996,14.418435,Pdgfra,0,true
87.274500,51.484828,Aldoc,21,false
118.829768,89.614231,Aldoc,0,true
29.464103,107.555651,Sox10,42,false
71.080234,87.924250,Aldoc,36,false
144.509013,72.183536,Aldoc,32,false
104.707411,88.829844,Gad1,38,false
34.691980,146.589241,Aldoc,58,false
127.539553,129.964695,Gad1,55,false
106.770127,48.239967,Gad1,22,false
33.423846,89.108167,Gad1,34,false
105.777936,42.474353,Ttr,22,false
86.547607,124.838821,Slc17a7,53,false
88.070265,8.466756,Ttr,5,false
32.243340,89.738862,Gad1,34,false
90.839135,72.304673,Slc17a7,29,false
67.806358,11.959205,Slc17a7,4,false
13.474510,49.939355,Slc17a7,17,false
143.076680,107.963028,Aldoc,48,false
28.484855,28.889188,Gad1,10,false
51.287911,90.043593,Slc17a7,35,false
14.388067,123.381610,Gad1,49,false
32.327441,36.522759,Pdgfra,10,false
143.611590,3.647205,Gad1,0,true
71.418512,87.579878,Pdgfra,36,false
48.064260,129.354848,Slc17a7,51,false
146.666639,14.057938,Slc17a7,8,false
130.650887,113.055941,Ttr,47,false
9.116569,105.457145,Slc17a7,41,false
35.176843,106.585823,Sox10,42,false
15.580190,104.253204,Ttr,41,false
65.645830,87.000942,Gad1,36,false
67.772688,105.776198,Slc17a7,44,false
107.423130,70.563188,Aldoc,30,false
44.292445,35.029777,Slc17a7,11,false
150.419433,105.427113,Aldoc,48,false
111.907573,106.317647,Gad1,46,false
123.008586,126.500543,Gad1,55,false
146.381893,34.633994,Gad1,16,false
109.208630,28.867826,Slc17a7,14,false
124.273303,53.970608,Gad1,23,false
24.745227,35.662834,Gad1,0,true
125.215290,72.870362,Gad1,31,false
27.659154,11.041496,Slc17a7,2,false
15.717708,28.289847,Aldoc,9,false
89.825601,52.046894,Gad1,21,false
127.344728,85.423116,Aldoc,39,false
49.819357,149.368542,Slc17a7,59,false
89.024963,12.712852,Slc17a7,5,false
91.421550,151.303099,Pdgfra,0,true
92.416785,91.069289,Gad1,37,false
103.909997,69.318012,Pdgfra,30,false
105.165721,103.509714,Gad1,46,false
48.903679,10.329459,Aldoc,3,false
70.837167,114.671042,Slc17a7,0,true
123.052496,124.014787,Gad1,55,false
106.956376,35.030455,Aldoc,14,false
93.763223,107.311152,Ttr,0,true
103.399004,49.773828,Pdgfra,22,false
15.837310,129.883893,Sox10,49,false
33.693854,108.650900,Aldoc,42,false
109.156864,92.637267,Slc17a7,38,false
46.967562,25.294429,Slc17a7,11,false
15.935202,145.111110,Slc17a7,57,false
64.365655,32.682724,Pdgfra,12,false
29.398952,128.461749,Slc17a7,50,false
53.330124,5.860334,Ttr,3,false
54.563690,51.961135,Aldoc,19,false
142.478302,67.809246,Slc17a7,32,false
110.711017,69.049767,Aldoc,30,false
68.897449,125.959726,Gad1,52,false
86.793715,95.180430,Gad1,37,false
47.486160,51.213384,Gad1,19,false
12.111842,13.211094,Ttr,1,false
144.046580,32.513908,Gad1,16,false
6.779219,91.666910,Aldoc,33,false
46.388847,105.603956,Gad1,43,false
68.499712,9.569461,Gad1,4,false
48.048844,70.114681,Pdgfra,27,false
11.266071,105.561672,Slc17a7,41,false
100.797311,9.583420,Aldoc,6,false
123.923368,14.776390,Pdgfra,7,false
66.550472,128.852685,Pdgfra,52,false
51.487091,126.645970,Aldoc,51,false
61.312840,9.246465,Gad1,0,true
128.073230,69.004949,Gad1,31,false
144.256582,123.380844,Slc17a7,56,false
109.069961,14.434999,Pdgfra,6,false
107.943620,104.763931,Aldoc,46,false
88.083745,43.298106,Sox10,0,true
13.149361,146.313530,Aldoc,57,false
86.204653,123.635183,Slc17a7,53,false
50.134466,107.039027,Slc17a7,43,false
11.905102,128.757139,Slc17a7,49,false
102.272256,9.276394,Sox10,6,false
141.818860,29.982482,Gad1,16,false
32.857002,148.972162,Ttr,58,false
127.896762,63.992372,Gad1,31,false
9.062401,120.532864,Ttr,0,true
144.590930,107.891209,Aldoc,48,false
147.699597,104.790469,Slc17a7,48,false
48.641738,123.155042,Gad1,51,false
84.966041,53.891933,Sox10,21,false
124.625778,49.541889,Slc17a7,23,false
50.266104,105.323922,Gad1,43,false
92.225541,105.702915,Pdgfra,45,false
127.354861,33.086044,Aldoc,15,false
35.243181,112.230052,Aldoc,42,false
87.982820,87.765144,Gad1,37,false
51.948991,12.383202,Sox10,3,false
123.790137,29.189933,Aldoc,15,false
25.215355,30.856442,Pdgfra,10,false
14.258896,104.267841,Slc17a7,41,false
131.462847,108.731303,Aldoc,47,false
74.280071,147.162208,Sox10,0,true
5.951251,123.935029,Sox10,0,true
31.453716,53.985449,Aldoc,18,false
50.382147,46.854981,Gad1,19,false
13.968883,150.648591,Aldoc,57,false
108.178126,86.846795,Slc17a7,38,false
42.604606,104.914568,Gad1,43,false
45.321528,66.592363,Aldoc,27,false
131.723980,15.015776,Gad1,7,false
66.209614,86.706599,Sox10,36,false
8.678849,108.998572,Pdgfra,41,false
70.397476,88.710279,Pdgfra,36,false
10.669349,32.091242,Aldoc,9,false
53.687634,152.504266,Ttr,59,false
64.060729,34.357916,Aldoc,12,false
121.507784,87.135871,Pdgfra,39,false
68.856061,51.035165,Pdgfra,20,false
83.568502,112.577449,Aldoc,45,false
94.215743,71.721832,Slc17a7,29,false
68.446282,106.159601,Slc17a7,44,false
129.502917,109.812993,Slc17a7,47,false
34.178359,72.092251,Pdgfra,0,true
17.355954,51.980510,Slc17a7,0,true
8.461596,29.448564,Slc17a7,9,false
25.434673,50.923819,Pdgfra,18,false
24.363333,70.380723,Slc17a7,26,false
52.399929,67.425845,Sox10,27,false
31.704680,122.593666,Ttr,50,false
84.256712,88.869634,Gad1,37,false
35.005935,54.802717,Slc17a7,18,false
10.932020,28.387265,Ttr,9,false
32.065350,129.205885,Slc17a7,50,false
73.948328,108.633984,Pdgfra,44,false
125.567336,72.332036,Gad1,31,false
25.419620,78.182178,Ttr,0,true
147.793261,92.548134,Ttr,0,true
145.355402,72.487163,Gad1,32,false
51.423599,69.514271,Sox10,27,false
145.703962,31.230472,Slc17a7,16,false
9.393127,106.981262,Gad1,41,false
7.418669,103.071269,Ttr,41,false
9.253402,129.469617,Gad1,49,false
148.113347,43.893284,Ttr,0,true
125.045095,63.173850,Gad1,31,false
125.908192,48.064792,Pdgfra,23,false
47.091781,146.877497,Slc17a7,59,false
126.546056,71.401553,Sox10,31,false
67.255787,29.059247,Pdgfra,12,false
142.089868,12.760556,Slc17a7,8,false
85.324554,92.164593,Slc17a7,0,true
125.019631,69.028091,Gad1,31,false
145.747466,32.783054,Gad1,16,false
51.261259,103.140158,Gad1,43,false
28.579331,80.384772,Pdgfra,0,true
33.689386,31.743651,Gad1,10,false
91.033943,5.892141,Ttr,5,false
33.726076,51.043401,Aldoc,18,false
71.735412,36.487984,Aldoc,12,false
10.477268,73.881226,Sox10,25,false
72.344422,51.180041,Slc17a7,20,false
66.959413,146.153487,Aldoc,60,false
111.511533,30.629570,Slc17a7,14,false
144.654337,103.473381,Aldoc,48,false
103.880547,51.472728,Gad1,22,false
17.782630,10.153589,Ttr,1,false
15.421541,13.158491,Ttr,0,true
49.658828,122.513958,Ttr,51,false
147.620423,127.025438,Pdgfra,56,false
122.623533,126.923925,Gad1,55,false
24.616003,8.589238,Pdgfra,2,false
90.004316,51.691757,Aldoc,21,false
84.899690,51.074386,Aldoc,21,false
28.243774,104.267196,Ttr,42,false
46.615485,142.765739,Slc17a7,59,false
126.543812,49.190309,Slc17a7,23,false
123.471119,88.164806,Gad1,39,false
12.136471,33.273353,Ttr,9,false
51.013107,145.831593,Slc17a7,59,false
50.431611,85.379019,Gad1,35,false
48.802718,9.260026,Slc17a7,3,false
11.777832,88.982483,Pdgfra,33,false
109.156965,49.017492,Ttr,22,false
70.474457,47.623949,Aldoc,20,false
69.961272,146.601544,Pdgfra,60,false
51.718533,88.311423,Slc17a7,35,false
17.057790,86.802184,Sox10,33,false
124.811548,123.513681,Sox10,55,false
151.148722,69.561438,Pdgfra,32,false
75.593911,31.177023,Aldoc,0,true
30.636615,144.665395,Gad1,58,false
99.220278,87.398146,Aldoc,0,true
122.927561,44.302008,Pdgfra,0,true
67.921878,49.546520,Slc17a7,20,false
10.770511,145.024814,Ttr,57,false
34.444003,69.480694,Aldoc,26,false
89.438776,88.968962,Slc17a7,37,false
108.533427,127.663319,Pdgfra,54,false
13.446576,145.722080,Aldoc,57,false
87.922699,13.433090,Gad1,5,false
10.307031,92.857199,Sox10,33,false
139.107102,88.029967,Slc17a7,40,false
49.759993,6.540299,Sox10,3,false
28.104019,8.655893,Slc17a7,2,false
123.965411,105.822628,Slc17a7,47,false
106.151985,66.879286,Aldoc,30,false
12.408075,66.409253,Gad1,25,false
34.813313,84.988069,Gad1,34,false
10.301278,89.558846,Aldoc,33,false
25.374200,51.185780,Sox10,18,false
11.024471,43.710891,Slc17a7,17,false
32.136455,120.809098,Slc17a7,50,false
48.748743,73.399963,Aldoc,27,false
29.502620,87.896685,Sox10,34,false
12.738189,143.663258,Slc17a7,57,false
87.999297,126.129940,Pdgfra,53,false
92.527812,110.389562,Pdgfra,0,true
30.597163,12.045005,Ttr,2,false
8.057761,50.420475,Aldoc,17,false
126.730342,70.322738,Gad1,31,false
26.451888,69.911446,Gad1,26,false
68.262337,48.854296,Pdgfra,20,false
50.977108,11.078345,Gad1,3,false
145.986254,126.391649,Slc17a7,56,false
15.172332,15.068455,Gad1,1,false
47.928129,67.758031,Gad1,0,true
84.541732,146.610071,Slc17a7,0,true
107.038970,14.127720,Gad1,6,false
28.238984,10.652494,Ttr,2,false
53.348558,48.123045,Gad1,19,false
50.517741,147.352647,Slc17a7,59,false
88.943509,104.936729,Aldoc,45,false
99.553815,130.678150,Gad1,54,false
13.493602,129.948117,Aldoc,49,false
95.376808,50.240976,Gad1,22,false
67.201689,26.405110,Aldoc,12,false
125.730405,127.652027,Gad1,55,false
143.990822,13.326671,Slc17a7,8,false
26.469366,48.495678,Slc17a7,18,false
144.332620,82.829842,Gad1,40,false
29.765641,146.040692,Gad1,58,false
88.808818,107.171395,Aldoc,45,false
11.750877,106.471363,Slc17a7,41,false
88.795308,67.134170,Pdgfra,29,false
121.825426,46.616004,Slc17a7,23,false
63.702781,145.049024,Sox10,60,false
144.437493,126.156148,Ttr,56,false
147.945924,29.045458,Gad1,16,false
123.776259,105.496545,Slc17a7,47,false
105.300667,105.243629,Gad1,46,false
31.001616,51.330865,Ttr,18,false
109.798535,84.790616,Slc17a7,38,false
28.860551,49.186108,Slc17a7,18,false
85.210758,43.478813,Aldoc,21,false
15.687049,30.785668,Aldoc,9,false
104.109489,128.991839,Pdgfra,54,false
25.874640,152.298525,Aldoc,0,true
51.857576,8.407732,Pdgfra,3,false
88.166588,64.727295,Slc17a7,29,false
64.380772,49.239890,Pdgfra,20,false
69.453699,110.586216,Gad1,44,false
28.895972,82.690021,Pdgfra,0,true
85.471191,102.562650,Aldoc,45,false
54.729269,51.742743,Gad1,19,false
45.018209,14.591342,Aldoc,3,false
89.397282,124.698983,Slc17a7,53,false
32.144241,148.212327,Slc17a7,58,false
90.905640,107.742463,Slc17a7,45,false
144.359955,54.232617,Ttr,24,false
87.967503,91.150277,Slc17a7,37,false
88.610381,4.613678,Slc17a7,5,false
70.300897,131.006046,Gad1,52,false
56.163532,88.561019,Slc17a7,35,false
145.077490,103.454992,Gad1,48,false
143.907663,30.868704,Gad1,16,false
49.776328,149.199857,Slc17a7,59,false
54.864250,141.819587,Pdgfra,0,true
45.222470,108.852102,Gad1,43,false
145.574179,53.728979,Aldoc,24,false
28.655990,9.741052,Slc17a7,2,false
142.601130,50.059664,Aldoc,24,false
67.426814,72.720621,Sox10,28,false
122.131157,31.544775,Aldoc,15,false
32.420177,27.049264,Gad1,10,false
127.493601,46.417462,Aldoc,23,false
67.959025,35.417065,Slc17a7,12,false
50.566855,109.824989,Gad1,43,false
7.689974,71.011760,Gad1,25,false
67.987266,128.551445,Gad1,52,false
120.025433,45.750553,Slc17a7,23,false
141.407976,71.289493,Ttr,32,false
13.182753,66.109861,Gad1,25,false
145.970804,38.678701,Gad1,16,false
145.901817,34.639231,Aldoc,16,false
67.187177,73.429953,Slc17a7,28,false
34.575358,104.241129,Ttr,42,false
86.742519,124.585575,Aldoc,53,false
141.838084,102.384707,Aldoc,48,false
127.425135,71.320827,Gad1,31,false
77.243179,85.128969,Slc17a7,36,false
128.851579,88.977278,Aldoc,39,false
11.370823,70.942825,Sox10,25,false
13.686408,143.788048,Aldoc,57,false
128.104843,9.840179,Gad1,7,false
32.592635,50.644541,Sox10,18,false
143.603616,72.518765,Slc17a7,32,false
69.770129,29.940136,Ttr,12,false
25.299778,23.660266,Aldoc,0,true
50.242109,65.492159,Gad1,27,false
105.059127,124.953633,Ttr,54,false
127.259200,88.216117,Aldoc,39,false
133.606361,64.234664,Aldoc,0,true
31.224257,124.788954,Gad1,50,false
139.958607,91.135552,Slc17a7,40,false
32.266028,105.061923,Aldoc,42,false
87.315929,50.009888,Aldoc,21,false
9.220844,67.264662,Gad1,25,false
99.920995,153.929529,Slc17a7,0,true
123.642196,73.760084,Gad1,31,false
14.499768,148.742109,Aldoc,57,false
142.327430,85.063177,Gad1,40,false
8.923075,108.929740,Slc17a7,41,false
48.728591,49.034531,Sox10,19,false
125.771667,16.402250,Ttr,7,false
144.506025,37.982649,Sox10,0,true
31.884884,127.149101,Slc17a7,50,false
90.114162,34.018680,Gad1,13,false
126.944686,77.361740,Sox10,31,false
12.386776,89.916926,Pdgfra,33,false
109.454960,48.125353,Gad1,22,false
86.873618,12.916655,Slc17a7,5,false
55.240077,53.360103,Aldoc,19,false
123.748439,47.135296,Sox10,23,false
86.409272,12.964176,Gad1,5,false
88.828416,25.324822,Gad1,13,false
107.156151,32.915323,Sox10,14,false
11.502197,50.738316,Gad1,17,false
13.708967,68.457625,Pdgfra,25,false
66.145645,149.174407,Pdgfra,60,false
54.926436,89.542498,Slc17a7,35,false
109.918373,49.471867,Gad1,22,false
10.919046,66.472627,Aldoc,25,false
124.738531,54.054016,Slc17a7,23,false
88.841771,33.253030,Gad1,13,false
32.269799,88.285639,Gad1,34,false
143.065998,150.497096,Pdgfra,0,true
145.009887,49.438641,Aldoc,24,false
106.477259,12.728298,Aldoc,6,false
30.965725,148.137051,Gad1,58,false
27.639724,120.829137,Slc17a7,50,false
128.191304,28.264421,Aldoc,15,false
108.261387,88.359399,Slc17a7,38,false
14.231288,68.234657,Gad1,25,false
139.688243,133.345995,Gad1,0,true
31.094339,126.569296,Sox10,50,false
106.280234,14.916073,Sox10,6,false
64.829999,12.870157,Ttr,0,true
72.658732,144.961429,Slc17a7,60,false
12.336193,14.166017,Pdgfra,1,false
29.911597,110.822315,Ttr,42,false
145.602663,10.064091,Slc17a7,8,false
17.329126,88.636203,Aldoc,33,false
47.848030,48.511013,Ttr,19,false
48.620412,48.406194,Gad1,19,false
27.768317,84.303422,Aldoc,34,false
88.822535,66.963050,Aldoc,29,false
67.671518,146.727263,Aldoc,60,false
105.213008,102.684579,Gad1,46,false
70.281206,33.646395,Aldoc,12,false
130.042469,14.173888,Pdgfra,7,false
53.630544,87.476924,Aldoc,35,false
124.751937,122.814203,Gad1,55,false
87.054166,72.041156,Aldoc,29,false
69.946770,108.887391,Slc17a7,44,false
87.480862,48.499087,Aldoc,21,false
11.214815,33.047240,Aldoc,9,false
120.493979,27.038250,Sox10,0,true
142.291192,51.483057,Ttr,24,false
142.400213,107.093526,Pdgfra,48,false
138.703886,13.565767,Slc17a7,8,false
11.380331,17.205208,Gad1,1,false
107.740380,19.749435,Ttr,0,true
12.640130,80.748724,Pdgfra,33,false
50.774863,49.039912,Pdgfra,19,false
144.769680,93.133529,Aldoc,40,false
67.110755,49.019819,Slc17a7,20,false
47.466166,48.551405,Gad1,19,false
128.410981,74.463074,Gad1,31,false
31.246881,142.067053,Gad1,58,false
44.925276,128.703552,Aldoc,51,false
52.948308,103.193477,Aldoc,43,false
150.351869,14.876675,Aldoc,0,true
88.788397,123.746776,Pdgfra,53,false
63.766829,88.953389,Pdgfra,36,false
30.037920,143.997304,Gad1,58,false
54.155847,46.529069,Gad1,19,false
146.062445,52.537144,Pdgfra,0,true
32.529711,31.894633,Gad1,10,false
66.679739,11.361656,Gad1,4,false
103.032614,9.820912,Pdgfra,6,false
10.523040,141.355767,Ttr,57,false
49.233799,126.557139,Aldoc,51,false
15.030596,28.388578,Pdgfra,9,false
48.359228,27.586846,Sox10,11,false
33.019181,119.697588,Slc17a7,50,false
123.591246,32.573619,Aldoc,15,false
88.028243,127.839298,Slc17a7,53,false
105.735052,12.425580,Aldoc,6,false
103.069968,127.416466,Aldoc,54,false
7.349873,10.089941,Ttr,1,false
32.756322,147.014692,Gad1,58,false
65.998610,108.877053,Aldoc,44,false
141.438954,32.222022,Gad1,16,false
144.448574,100.582521,Pdgfra,48,false
53.591070,100.951170,Slc17a7,43,false
86.389549,50.074521,Pdgfra,21,false
146.036064,44.321488,Slc17a7,24,false
15.247877,72.571897,Gad1,25,false
66.005609,7.233767,Gad1,0,true
35.969726,112.274276,Aldoc,42,false
141.594725,65.754133,Pdgfra,32,false
51.309234,89.034191,Slc17a7,35,false
68.427992,123.047278,Pdgfra,52,false
129.520954,11.187991,Pdgfra,7,false
149.490855,48.373850,Aldoc,24,false
124.616990,87.593343,Gad1,39,false
46.693130,11.095886,Pdgfra,3,false
91.533636,125.615360,Slc17a7,53,false
30.019065,12.217020,Slc17a7,2,false
124.588332,65.266747,Sox10,31,false
124.165181,29.922590,Aldoc,15,false
47.282182,28.390614,Aldoc,11,false
126.759875,123.714265,Ttr,55,false
69.827926,25.039754,Aldoc,12,false
124.211027,47.130597,Aldoc,23,false
130.137520,107.693435,Slc17a7,47,false
71.725765,86.451197,Slc17a7,36,false
130.426728,71.172318,Gad1,31,false
8.844223,53.342750,Gad1,17,false
48.301559,65.304879,Gad1,27,false
31.268454,51.934639,Ttr,18,false
140.493077,84.161416,Slc17a7,40,false
50.326229,34.672547,Ttr,11,false
145.167554,30.820826,Gad1,16,false
144.772990,106.077218,Slc17a7,48,false
10.148144,104.282312,Slc17a7,41,false
10.506489,93.046551,Aldoc,33,false
55.007265,144.786605,Slc17a7,59,false
30.712975,74.040062,Slc17a7,26,false
77.945078,124.770322,Aldoc,0,true
117.304194,72.385864,Gad1,0,true
14.857008,49.033392,Slc17a7,17,false
90.917007,125.561388,Slc17a7,53,false
110.127730,107.505076,Aldoc,46,false
9.195494,151.081529,Aldoc,57,false
148.975787,35.475803,Ttr,16,false
55.828300,96.593664,Gad1,0,true
51.777930,30.443499,Slc17a7,11,false
28.749846,70.343315,Sox10,26,false
127.273029,89.222221,Aldoc,39,false
47.048457,125.093295,Pdgfra,51,false
88.966623,14.768312,Sox10,5,false
126.335884,90.297159,Aldoc,39,false
147.067924,48.886295,Aldoc,24,false
8.752661,31.378053,Sox10,9,false
143.667641,68.427462,Slc17a7,32,false
126.304276,71.581508,Gad1,31,false
57.065929,53.691869,Gad1,19,false
69.959230,107.580170,Slc17a7,44,false
121.823073,125.283984,Gad1,55,false
48.703033,30.691190,Slc17a7,11,false
31.188505,11.040775,Sox10,2,false
141.650488,27.003822,Ttr,16,false
112.501959,31.381514,Slc17a7,14,false
7.505241,28.457532,Sox10,9,false
89.645964,114.853799,Aldoc,45,false
25.651281,119.366730,Gad1,0,true
70.480065,130.865806,Gad1,52,false
72.178677,87.890593,Aldoc,36,false
110.968724,32.633447,Ttr,14,false
43.718276,27.453695,Slc17a7,11,false
104.502066,14.563869,Aldoc,6,false
85.553703,12.565845,Ttr,0,true
127.695333,53.028858,Ttr,23,false
107.471145,34.410907,Slc17a7,14,false
145.838196,86.761013,Ttr,40,false
63.415831,126.625364,Aldoc,52,false
52.012322,89.971685,Slc17a7,35,false
106.762104,47.443898,Ttr,22,false
126.701466,29.763493,Pdgfra,15,false
145.683444,50.247134,Slc17a7,24,false
140.688288,11.724016,Slc17a7,8,false
93.863949,32.235795,Slc17a7,13,false
121.696724,85.502132,Pdgfra,39,false
48.451349,146.405270,Slc17a7,59,false
89.091398,68.045480,Sox10,29,false
43.695879,128.900800,Gad1,0,true
125.189002,7.881768,Ttr,7,false
53.912518,49.842792,Gad1,19,false
31.811155,127.659718,Slc17a7,50,false
67.481943,49.133863,Gad1,20,false
123.749467,53.356848,Slc17a7,0,true
72.018022,90.673062,Gad1,36,false
156.915988,98.440362,Slc17a7,0,true
87.436970,69.997647,Sox10,29,false
13.504116,145.702191,Aldoc,57,false
12.523413,104.103883,Slc17a7,41,false
103.458067,52.520540,Pdgfra,22,false
72.979549,29.706919,Aldoc,12,false
52.537225,89.643082,Ttr,35,false
69.591101,127.912682,Aldoc,52,false
106.717075,14.457036,Gad1,6,false
87.550839,46.575962,Aldoc,21,false
147.203654,126.251961,Pdgfra,56,false
142.317650,8.475785,Sox10,0,true
50.738021,91.229822,Slc17a7,35,false
53.161613,68.362500,Aldoc,27,false
69.947415,89.036295,Sox10,36,false
156.961321,46.022917,Aldoc,0,true
35.143564,106.766478,Gad1,42,false
29.222872,27.527052,Aldoc,10,false
142.708288,12.631429,Sox10,8,false
105.360245,99.948103,Gad1,46,false
87.349842,49.311421,Gad1,0,true
39.023357,50.094595,Gad1,0,true
57.404584,27.378360,Gad1,0,true
30.050772,27.668036,Aldoc,10,false
69.968803,128.174152,Gad1,52,false
143.495471,128.755765,Slc17a7,56,false
47.685905,62.089015,Ttr,27,false
91.625581,52.388160,Aldoc,21,false
9.950464,68.238577,Gad1,25,false
76.410900,82.681721,Pdgfra,0,true
87.821727,12.382629,Ttr,5,false
67.467056,68.146827,Gad1,28,false
72.823093,144.094425,Aldoc,60,false
145.979084,32.326405,Gad1,16,false
12.357361,143.503961,Pdgfra,57,false
145.526846,130.512089,Gad1,56,false
67.372481,68.301126,Gad1,28,false
143.140556,87.110733,Pdgfra,40,false
112.286775,10.699385,Pdgfra,6,false
72.832525,50.503215,Slc17a7,20,false
15.023180,32.627058,Aldoc,9,false
103.906705,68.331031,Aldoc,30,false
110.710902,13.264196,Pdgfra,6,false
131.305501,14.376388,Pdgfra,7,false
10.136204,109.395515,Slc17a7,41,false
51.390522,126.408385,Gad1,51,false
31.910547,14.456602,Slc17a7,2,false
101.322806,13.251593,Aldoc,6,false
116.417310,117.579574,Gad1,0,true
32.966696,49.636460,Aldoc,18,false
88.313703,108.472622,Aldoc,45,false
85.184297,108.725114,Aldoc,45,false
41.952357,5.762856,Aldoc,0,true
106.269519,44.516959,Gad1,22,false
70.426971,13.045601,Gad1,4,false
147.014824,70.488769,Slc17a7,32,false
7.621501,46.319122,Slc17a7,17,false
49.863084,149.632457,Slc17a7,59,false
129.805278,72.337429,Gad1,0,true
29.526486,148.553808,Sox10,58,false
145.462650,50.792142,Sox10,24,false
69.855290,143.136066,Gad1,60,false
31.396966,87.539008,Gad1,34,false
122.490174,84.941190,Aldoc,39,false
85.937875,30.750684,Gad1,13,false
11.195674,91.040877,Aldoc,33,false
142.433717,29.404045,Gad1,16,false
14.321625,146.997484,Aldoc,57,false
69.676168,141.986636,Aldoc,60,false
71.198091,125.586731,Aldoc,52,false
30.060172,109.103513,Sox10,42,false
30.433401,87.906261,Gad1,34,false
145.180897,83.438782,Gad1,40,false
33.155989,70.890685,Pdgfra,26,false
30.654238,53.039883,Aldoc,18,false
123.510218,106.508652,Slc17a7,47,false
89.400308,68.480991,Pdgfra,29,false
92.245771,30.307489,Gad1,13,false
87.156396,30.265812,Gad1,13,false
145.807455,106.570613,Aldoc,48,false
11.208380,10.727515,Gad1,1,false
27.253764,89.511245,Gad1,34,false
19.354136,3.218106,Aldoc,0,true
122.987521,32.438874,Slc17a7,15,false
88.967043,87.089074,Gad1,37,false
104.252587,68.518880,Ttr,30,false
73.298493,129.210190,Slc17a7,0,true
124.279122,123.384503,Gad1,55,false
103.412534,52.621750,Gad1,22,false
46.612752,107.607553,Sox10,43,false
12.604714,147.353479,Pdgfra,57,false
108.967867,108.989974,Slc17a7,46,false
73.200408,127.617699,Slc17a7,52,false
112.592502,108.218319,Gad1,46,false
31.637439,26.005893,Gad1,10,false
32.402543,30.749839,Aldoc,10,false
30.463208,69.818102,Slc17a7,26,false
73.735981,28.533889,Slc17a7,0,true
108.333986,60.765058,Pdgfra,30,false
45.531960,104.451833,Ttr,43,false
111.685314,46.490684,Aldoc,22,false
106.505961,102.786140,Sox10,46,false
147.775163,69.779044,Pdgfra,32,false
91.871437,91.424465,Gad1,37,false
125.599418,128.165336,Aldoc,55,false
140.636777,79.732547,Sox10,0,true
70.170701,89.794515,Aldoc,36,false
3.130321,48.679162,Gad1,0,true
89.852100,65.923570,Slc17a7,29,false
35.060937,75.573068,Slc17a7,26,false
86.289408,126.898455,Pdgfra,53,false
106.438677,90.308409,Sox10,0,true
86.336237,105.913906,Ttr,45,false
148.622741,127.529804,Slc17a7,56,false
30.798991,129.859862,Slc17a7,50,false
65.539565,104.478371,Slc17a7,44,false
127.965229,106.839140,Pdgfra,47,false
103.843862,49.318203,Aldoc,22,false
145.601370,124.333065,Slc17a7,56,false
11.300903,101.689206,Sox10,41,false
77.485987,116.589952,Ttr,0,true
85.456866,51.950128,Aldoc,21,false
28.140113,87.194821,Gad1,34,false
29.630532,44.918650,Slc17a7,18,false
66.372181,128.099038,Gad1,52,false
50.338600,65.852946,Sox10,27,false
124.183847,71.843852,Aldoc,31,false
121.899529,14.974018,Gad1,7,false
121.378040,35.574287,Slc17a7,15,false
94.401750,109.590179,Gad1,45,false
126.572989,34.934471,Pdgfra,15,false
73.220362,31.962541,Aldoc,12,false
51.705144,83.790292,Slc17a7,35,false
52.113948,7.544646,Pdgfra,3,false
144.217186,9.960164,Slc17a7,8,false
141.206476,105.240234,Ttr,0,true
142.947322,33.152757,Sox10,16,false
107.611518,50.131622,Gad1,22,false
88.327281,67.682633,Slc17a7,29,false
144.717058,13.605381,Pdgfra,8,false
69.812294,141.166507,Pdgfra,60,false
112.282768,24.074122,Gad1,0,true
105.716183,127.681563,Slc17a7,54,false
150.842301,101.773069,Aldoc,48,false
10.586813,45.798766,Pdgfra,17,false
94.587176,49.958741,Aldoc,21,false
12.344810,126.516135,Gad1,49,false
106.961057,29.298254,Pdgfra,14,false
88.582311,121.512782,Aldoc,53,false
124.307357,29.846055,Sox10,15,false
122.382514,68.332074,Slc17a7,31,false
44.583400,100.963713,Pdgfra,43,false
31.849355,86.030766,Gad1,34,false
122.417142,46.069900,Aldoc,23,false
112.393088,13.047564,Pdgfra,6,false
145.204262,9.488381,Slc17a7,8,false
145.435669,51.688733,Aldoc,24,false
2.923574,57.673418,Aldoc,0,true
123.389896,125.482972,Gad1,55,false
52.378950,27.774254,Slc17a7,11,false
68.027483,31.390560,Aldoc,12,false
29.667643,142.487035,Sox10,58,false
54.340316,60.173405,Gad1,0,true
12.695451,106.512179,Slc17a7,41,false
29.226794,68.831206,Slc17a7,26,false
13.703870,125.582234,Ttr,49,false
68.555549,145.102059,Slc17a7,60,false
67.545413,127.603339,Slc17a7,52,false
147.176637,68.743442,Sox10,32,false
30.015151,109.492662,Aldoc,42,false
13.784492,114.432893,Sox10,0,true
27.508173,13.781423,Slc17a7,2,false
69.568021,131.722683,Slc17a7,52,false
76.173296,91.604776,Pdgfra,36,false
11.155460,7.326640,Gad1,1,false
106.935926,112.825271,Gad1,46,false
66.442037,89.626757,Aldoc,36,false
63.126901,138.457929,Ttr,0,true
103.471508,86.684074,Ttr,38,false
9.903363,44.923887,Slc17a7,17,false
67.857348,122.088403,Gad1,52,false
88.865387,48.739931,Sox10,21,false
121.925992,131.490761,Ttr,55,false
124.878308,51.214415,Aldoc,23,false
51.204717,88.336603,Slc17a7,35,false
70.809385,32.856637,Ttr,12,false
88.374994,50.130787,Aldoc,21,false
46.049051,34.073316,Slc17a7,11,false
99.134841,120.863275,Pdgfra,0,true
33.975856,33.294534,Gad1,10,false
24.839545,128.289935,Pdgfra,50,false
124.716672,91.800039,Slc17a7,39,false
100.540303,24.860258,Slc17a7,0,true
102.397261,129.538719,Slc17a7,54,false
29.625630,129.713978,Slc17a7,50,false
70.519484,139.352684,Gad1,60,false
143.485761,84.173155,Pdgfra,40,false
8.830659,69.045368,Gad1,25,false
123.581432,33.761155,Ttr,15,false
8.321544,146.465891,Aldoc,57,false
123.055661,12.824636,Gad1,7,false
14.729887,14.132792,Gad1,1,false
91.280129,106.386857,Aldoc,45,false
27.810001,54.167633,Slc17a7,18,false
142.485072,50.877893,Sox10,24,false
34.750869,15.379039,Sox10,2,false
64.092130,103.562990,Slc17a7,44,false
62.250214,73.635675,Pdgfra,0,true
47.935879,14.353701,Aldoc,3,false
120.822275,52.617474,Slc17a7,23,false
17.320713,11.708312,Gad1,1,false
12.412067,106.722461,Pdgfra,41,false
88.679658,47.741025,Aldoc,21,false
122.792245,120.308859,Gad1,55,false
104.275762,51.571102,Gad1,22,false
65.332157,14.625895,Ttr,4,false
152.436553,62.587450,Sox10,0,true
134.587873,127.641639,Ttr,0,true
72.766904,108.096032,Slc17a7,44,false
94.447648,145.684054,Aldoc,0,true
67.017810,31.616932,Aldoc,12,false
108.742701,74.091145,Sox10,30,false
50.939105,85.441034,Aldoc,35,false
90.088206,29.184726,Slc17a7,0,true
10.599148,144.232703,Ttr,57,false
90.355973,85.525192,Gad1,37,false
106.680691,85.477549,Slc17a7,38,false
32.744493,68.400248,Pdgfra,26,false
66.567497,89.264609,Ttr,36,false
128.491657,58.550273,Ttr,0,true
70.255932,125.220779,Gad1,52,false
31.813145,105.859635,Aldoc,42,false
88.958364,49.901034,Ttr,21,false
120.901990,155.465185,Slc17a7,0,true
142.199729,106.385756,Aldoc,48,false
65.850417,29.618499,Aldoc,12,false
144.584035,125.817146,Aldoc,0,true
14.720675,29.492951,Sox10,9,false
51.847964,145.911039,Sox10,59,false
28.400153,54.339517,Aldoc,18,false
46.263249,98.989604,Gad1,0,true
106.963426,105.097251,Pdgfra,46,false
121.398752,50.338009,Slc17a7,23,false
110.038812,53.885084,Ttr,22,false
146.987125,31.402440,Gad1,16,false
70.258485,12.095560,Gad1,4,false
29.069141,85.988852,Gad1,34,false
14.549861,30.490348,Slc17a7,9,false
10.235557,50.987175,Slc17a7,17,false
67.904990,70.570721,Gad1,28,false
89.308111,29.843514,Pdgfra,13,false
69.459412,19.404843,Gad1,4,false
69.302886,104.860184,Pdgfra,44,false
49.519958,141.931854,Slc17a7,59,false
68.391624,136.702572,Aldoc,60,false
65.753847,147.005707,Aldoc,60,false
15.428086,126.555871,Gad1,49,false
140.982211,70.110052,Gad1,32,false
73.123460,145.293945,Aldoc,60,false
145.694130,101.769231,Aldoc,48,false
123.654725,14.063263,Gad1,7,false
49.499261,147.261167,Sox10,59,false
109.104956,90.762762,Slc17a7,38,false
149.070638,8.952745,Sox10,8,false
88.526036,29.411338,Gad1,13,false
76.331986,25.036914,Aldoc,0,true
86.615987,84.756824,Ttr,37,false
146.023522,101.743922,Gad1,48,false
17.265214,154.319791,Pdgfra,0,true
68.057421,30.191223,Aldoc,12,false
123.508701,120.538967,Aldoc,0,true
53.625965,10.109734,Ttr,3,false
12.918829,33.641081,Aldoc,9,false
85.445724,85.378256,Gad1,37,false
143.557971,29.552394,Pdgfra,16,false
10.572590,12.627059,Gad1,1,false
15.819339,84.548646,Pdgfra,33,false
49.282029,123.606804,Aldoc,51,false
143.721304,81.645103,Sox10,0,true
28.240669,54.122272,Aldoc,18,false
28.135579,106.484794,Aldoc,42,false
66.314434,107.324471,Gad1,44,false
67.676037,145.579679,Aldoc,60,false
32.484741,107.470085,Pdgfra,42,false
133.785693,24.934630,Pdgfra,0,true
123.858041,85.753499,Sox10,39,false
20.812683,11.699848,Aldoc,0,true
106.336934,87.982850,Slc17a7,38,false
49.634917,108.457998,Gad1,43,false
107.822485,30.193901,Slc17a7,14,false
102.983410,29.738159,Slc17a7,14,false
126.974412,10.986298,Sox10,7,false
108.183240,87.312183,Aldoc,38,false
33.169121,29.110419,Gad1,10,false
83.134590,127.885227,Slc17a7,53,false
97.638975,56.153909,Ttr,0,true
30.505791,6.833903,Slc17a7,2,false
50.170214,52.175942,Gad1,19,false
104.999572,85.580309,Slc17a7,38,false
12.008041,125.567874,Gad1,49,false
90.608121,67.633351,Sox10,29,false
9.191630,107.264317,Slc17a7,41,false
54.808092,89.143274,Slc17a7,35,false
142.757206,105.904425,Slc17a7,48,false
146.189461,26.050798,Gad1,16,false
145.149608,85.483580,Ttr,40,false
86.109121,10.779886,Pdgfra,5,false
84.159622,48.603284,Sox10,21,false
27.616794,70.720163,Gad1,26,false
29.340561,88.804248,Gad1,34,false
30.584588,75.676725,Sox10,0,true
146.580173,125.376991,Pdgfra,56,false
106.142206,104.826877,Ttr,46,false
9.235843,85.808865,Aldoc,33,false
88.018977,91.623234,Slc17a7,37,false
106.495413,69.034293,Sox10,30,false
90.185616,68.029226,Slc17a7,29,false
88.050767,65.944692,Slc17a7,29,false
144.089819,99.773662,Aldoc,48,false
129.039301,143.760587,Sox10,0,true
29.708776,108.965349,Aldoc,42,false
141.372550,86.521650,Pdgfra,40,false
111.669809,104.303818,Gad1,46,false
107.719899,13.075780,Aldoc,6,false
111.329707,35.707665,Slc17a7,14,false
147.012251,49.984383,Aldoc,24,false
107.550134,126.538380,Aldoc,54,false
13.174747,43.505754,Slc17a7,17,false
126.461122,19.148650,Gad1,7,false
53.744961,45.491384,Aldoc,19,false
27.220888,30.919084,Gad1,10,false
90.446626,88.888314,Slc17a7,37,false
125.881116,11.481663,Gad1,7,false
11.635257,107.581211,Pdgfra,41,false
78.481453,130.838553,Ttr,0,true
89.513245,108.444623,Aldoc,45,false
70.740999,141.548154,Slc17a7,60,false
125.395256,90.201370,Aldoc,39,false
50.428955,71.106902,Ttr,27,false
47.227656,13.139533,Aldoc,3,false
27.258238,31.949792,Gad1,10,false
51.471030,108.746660,Gad1,43,false
110.712498,28.873542,Aldoc,14,false
110.050986,128.067363,Pdgfra,54,false
104.866685,71.654070,Aldoc,30,false
146.642303,81.571935,Slc17a7,0,true
69.793276,46.634111,Slc17a7,20,false
44.077260,125.406680,Pdgfra,51,false
27.525819,13.744356,Pdgfra,2,false
88.432058,87.878073,Sox10,37,false
46.208024,124.790106,Pdgfra,51,false
14.260409,69.892022,Sox10,25,false
67.442334,71.447194,Gad1,28,false
46.370025,80.572761,Pdgfra,0,true
32.786799,111.011550,Sox10,42,false
88.607878,69.939529,Slc17a7,29,false
144.521990,12.323582,Ttr,8,false
29.712789,50.065808,Ttr,18,false
107.490722,85.982175,Slc17a7,38,false
65.698039,49.510700,Sox10,20,false
12.225857,92.290678,Aldoc,33,false
106.398210,46.805626,Slc17a7,22,false
121.054748,49.938059,Slc17a7,23,false
126.529214,122.208195,Gad1,55,false
7.146376,126.287521,Gad1,49,false
96.769948,149.926041,Slc17a7,0,true
108.898153,69.251982,Aldoc,30,false
92.797314,90.187896,Gad1,37,false
56.300205,105.532958,Aldoc,43,false
35.466149,28.870944,Gad1,10,false
66.086375,145.648428,Aldoc,60,false
70.916833,31.338504,Sox10,12,false
107.448784,33.899281,Slc17a7,14,false
102.466695,11.219202,Slc17a7,6,false
8.943467,150.808380,Sox10,57,false
34.673825,105.781059,Pdgfra,42,false
30.945071,106.594879,Slc17a7,42,false
47.766206,64.935575,Aldoc,27,false
35.508758,108.201879,Aldoc,42,false
11.980886,87.525272,Slc17a7,33,false
129.479757,33.978269,Aldoc,15,false
85.351941,89.002843,Gad1,37,false
127.123360,106.895617,Slc17a7,47,false
145.213870,128.870383,Gad1,56,false
32.468330,148.191144,Gad1,58,false
35.426183,87.373693,Sox10,34,false
125.348326,12.100406,Gad1,7,false
70.880704,34.173656,Aldoc,12,false
87.673699,29.801030,Gad1,13,false
104.245488,30.317594,Pdgfra,14,false
68.273353,145.346701,Ttr,60,false
140.939337,33.061859,Ttr,0,true
89.754587,86.643298,Gad1,37,false
47.951565,108.923206,Gad1,43,false
33.496926,107.861136,Sox10,42,false
12.942310,81.521186,Aldoc,33,false
13.251390,107.191568,Slc17a7,41,false
148.735771,129.572803,Slc17a7,56,false
47.761453,17.053651,Sox10,3,false
124.554998,64.743340,Sox10,0,true
49.148195,141.681140,Aldoc,59,false
106.938269,68.982458,Pdgfra,30,false
87.759780,49.625717,Aldoc,21,false
51.776299,31.499217,Slc17a7,11,false
83.947932,106.976990,Gad1,45,false
49.729187,23.571811,Slc17a7,0,true
31.123750,107.566694,Ttr,42,false
106.594160,10.260143,Aldoc,6,false
17.538006,90.758403,Aldoc,33,false
141.026713,124.991200,Aldoc,56,false
82.751778,87.927977,Sox10,37,false
126.448137,107.426560,Slc17a7,47,false
110.903232,65.517339,Aldoc,30,false
126.546328,69.173122,Aldoc,31,false
13.926478,107.430325,Aldoc,41,false
154.569451,114.815509,Gad1,0,true
50.767618,64.752946,Aldoc,27,false
86.989130,33.049273,Pdgfra,13,false
112.097639,154.163330,Pdgfra,0,true
26.934947,124.952537,Slc17a7,50,false
112.481362,105.804955,Ttr,46,false
32.500277,28.336614,Gad1,10,false
55.164649,86.706251,Slc17a7,35,false
9.246587,44.664662,Aldoc,17,false
107.205580,128.510666,Aldoc,54,false
124.894222,86.817041,Pdgfra,39,false
138.847787,90.756257,Gad1,0,true
102.933345,70.760324,Pdgfra,0,true
104.953251,85.816271,Ttr,38,false
124.271694,89.424136,Sox10,39,false
51.598961,51.804012,Pdgfra,19,false
126.580241,33.662772,Aldoc,15,false
111.788184,105.801168,Aldoc,46,false
16.215623,27.764763,Slc17a7,9,false
105.926130,103.642475,Pdgfra,46,false
112.786954,107.307412,Gad1,46,false
65.794841,32.942304,Sox10,0,true
31.739936,91.715431,Slc17a7,34,false
114.297011,83.273632,Pdgfra,0,true
11.163892,70.395582,Gad1,25,false
143.928296,52.760113,Aldoc,24,false
142.474481,52.207768,Aldoc,24,false
67.834543,15.169235,Gad1,4,false
51.773301,128.659588,Slc17a7,51,false
0.565583,55.705875,Gad1,0,true
72.142116,11.839247,Gad1,4,false
146.281900,127.162555,Slc17a7,56,false
149.353533,90.723869,Gad1,40,false
67.144243,11.849264,Gad1,4,false
45.292197,143.764700,Slc17a7,59,false
89.081170,67.693074,Slc17a7,29,false
83.770199,10.710894,Slc17a7,0,true
105.108823,104.230195,Slc17a7,46,false
31.561108,86.905731,Slc17a7,34,false
111.706327,30.535510,Ttr,14,false
139.163949,15.101003,Slc17a7,8,false
103.062526,114.602561,Pdgfra,0,true
145.422322,121.664420,Slc17a7,56,false
56.003986,89.307326,Pdgfra,35,false
127.739408,15.828312,Gad1,7,false
10.502908,48.727502,Pdgfra,17,false
52.686680,85.248917,Aldoc,35,false
53.820170,143.997111,Ttr,59,false
107.777416,102.703599,Aldoc,46,false
103.244844,87.239178,Slc17a7,38,false
70.059398,88.404650,Pdgfra,36,false
44.525177,149.664686,Slc17a7,59,false
122.736506,125.866256,Gad1,55,false
107.731867,123.208995,Pdgfra,54,false
28.840685,126.751923,Sox10,50,false
112.385094,29.059178,Slc17a7,14,false
125.448307,13.454605,Gad1,7,false
29.891387,11.153148,Slc17a7,2,false
124.907383,15.919491,Gad1,7,false
125.787811,30.050240,Aldoc,15,false
68.970711,67.120832,Slc17a7,28,false
145.707294,51.035686,Pdgfra,24,false
102.275225,86.667643,Pdgfra,0,true
85.345560,107.773293,Aldoc,45,false
107.512957,70.214622,Ttr,30,false
87.595558,36.332176,Slc17a7,13,false
145.830520,50.358664,Pdgfra,24,false
103.718502,51.263110,Gad1,22,false
52.383455,69.416809,Aldoc,27,false
12.109238,107.426558,Slc17a7,41,false
108.278059,87.819613,Slc17a7,38,false
106.672498,49.557476,Gad1,22,false
70.654953,143.580650,Aldoc,60,false
9.540266,10.896781,Gad1,1,false
127.425404,89.762990,Pdgfra,39,false
29.792871,129.019888,Aldoc,50,false
47.878195,152.226646,Sox10,59,false
108.065010,85.961226,Slc17a7,38,false
12.012242,89.508733,Slc17a7,33,false
62.886915,121.901255,Aldoc,0,true
87.773948,70.495637,Slc17a7,29,false
125.025519,110.055576,Pdgfra,47,false
89.412478,34.734421,Gad1,13,false
149.680135,35.879064,Gad1,16,false
91.457001,13.798732,Ttr,5,false
146.068267,105.632281,Sox10,48,false
83.671506,124.577377,Slc17a7,53,false
141.449401,121.425166,Slc17a7,56,false
70.509295,54.366503,Ttr,20,false
51.303197,34.986427,Gad1,11,false
106.005617,88.797151,Pdgfra,38,false
87.338927,10.832959,Aldoc,5,false
145.781039,109.505139,Aldoc,48,false
144.107809,69.106914,Gad1,32,false
146.245994,101.885025,Pdgfra,48,false
88.448085,32.899661,Gad1,13,false
86.216110,101.894859,Sox10,0,true
30.477299,73.130353,Slc17a7,26,false
126.484875,126.471002,Sox10,55,false
62.558153,126.387842,Gad1,52,false
7.351532,108.184249,Slc17a7,41,false
150.138274,130.979366,Slc17a7,56,false
63.910218,54.247273,Sox10,0,true
89.058136,106.651568,Aldoc,45,false
108.116063,52.464391,Sox10,22,false
29.280757,147.483493,Gad1,58,false
69.076836,124.646451,Pdgfra,52,false
11.628762,67.857040,Gad1,25,false
88.218901,14.486831,Ttr,5,false
87.281739,123.544955,Slc17a7,53,false
110.964632,27.840562,Gad1,14,false
107.233589,69.275178,Gad1,30,false
65.831862,14.817451,Gad1,4,false
141.154523,10.448426,Slc17a7,8,false
127.532685,108.522180,Pdgfra,47,false
86.277508,51.253021,Gad1,21,false
86.817656,8.949907,Slc17a7,5,false
144.185018,29.533639,Gad1,16,false
107.991444,105.058444,Pdgfra,46,false
68.039879,16.516914,Sox10,4,false
67.818156,71.219394,Gad1,28,false
23.549256,121.971496,Slc17a7,0,true
67.297429,104.756307,Pdgfra,44,false
13.164170,108.604476,Aldoc,41,false
123.591843,69.048236,Gad1,31,false
64.014601,70.583241,Pdgfra,28,false
128.288116,128.580754,Gad1,55,false
70.851242,88.102063,Sox10,36,false
50.164573,26.590317,Slc17a7,11,false
66.577079,146.224454,Aldoc,60,false
14.733180,89.567053,Aldoc,33,false
105.954322,125.813833,Aldoc,54,false
1.959954,10.890314,Gad1,0,true
17.714847,42.266670,Aldoc,0,true
15.222754,125.569477,Gad1,49,false
30.311610,127.584451,Pdgfra,50,false
66.957988,29.237300,Aldoc,12,false
144.206924,31.503932,Gad1,16,false
12.992525,6.496960,Gad1,1,false
14.527889,146.407601,Aldoc,57,false
127.707574,122.121188,Gad1,55,false
13.837034,14.547581,Gad1,1,false
86.230493,90.867224,Aldoc,37,false
17.875944,87.792971,Aldoc,33,false
8.833818,67.757731,Sox10,25,false
91.114286,108.247458,Sox10,45,false
13.021159,126.966143,Gad1,49,false
28.917747,54.351989,Aldoc,18,false
109.821879,80.693042,Slc17a7,38,false
87.835016,109.760486,Ttr,45,false
124.489176,53.672018,Pdgfra,23,false
32.461893,14.672352,Ttr,2,false
81.425007,155.087608,Aldoc,0,true
48.928675,57.564840,Sox10,0,true
70.082264,30.438244,Pdgfra,12,false
66.592860,31.426702,Gad1,12,false
66.260191,32.533061,Sox10,12,false
108.344509,52.417392,Aldoc,22,false
144.382290,107.220351,Aldoc,48,false
17.802026,108.551964,Slc17a7,41,false
145.337170,52.359312,Slc17a7,24,false
53.298736,145.039388,Pdgfra,59,false
86.118944,49.643460,Pdgfra,21,false
62.093840,106.422019,Pdgfra,44,false
47.896941,86.606803,Slc17a7,35,false
15.122474,87.996187,Aldoc,33,false
26.313073,121.939049,Pdgfra,50,false
68.817469,6.079778,Gad1,4,false
28.301067,68.247107,Aldoc,26,false
108.264577,48.544518,Slc17a7,0,true
14.191383,144.142782,Sox10,57,false
51.417464,13.140541,Aldoc,3,false
140.576430,56.633187,Aldoc,0,true
49.072602,32.429477,Slc17a7,11,false
110.720286,34.302654,Slc17a7,14,false
147.776020,53.180386,Aldoc,24,false
87.464381,12.481586,Slc17a7,5,false
66.542126,51.324190,Pdgfra,20,false
86.698616,110.128127,Sox10,45,false
33.933221,31.320609,Gad1,10,false
125.970916,14.730902,Ttr,0,true
32.122406,131.934677,Aldoc,50,false
110.757139,49.715863,Sox10,22,false
67.953322,110.482946,Gad1,44,false
67.709085,87.212089,Aldoc,36,false
140.318833,51.653359,Aldoc,24,false
53.519690,123.856337,Aldoc,51,false
6.368986,110.399374,Ttr,41,false
66.943294,109.307770,Pdgfra,44,false
126.610429,33.068863,Gad1,15,false
50.789554,32.450408,Slc17a7,11,false
50.524562,30.790228,Gad1,11,false
32.726302,108.448765,Pdgfra,42,false
55.822998,28.075471,Gad1,11,false
86.809838,5.749233,Slc17a7,5,false
142.677538,65.889791,Gad1,32,false
14.951335,84.820320,Pdgfra,33,false
50.557001,87.274086,Slc17a7,35,false
30.657721,91.560921,Gad1,34,false
126.515158,31.817690,Sox10,15,false
122.723577,34.190771,Aldoc,15,false
12.508003,70.149129,Gad1,25,false
84.137473,13.312368,Slc17a7,5,false
68.033291,52.877726,Slc17a7,20,false
147.424162,66.737703,Sox10,32,false
69.755157,46.126566,Ttr,20,false
32.237211,66.919452,Sox10,26,false
90.921676,68.815027,Gad1,29,false
88.949456,124.972541,Ttr,0,true
28.275752,85.832597,Pdgfra,34,false
78.686243,17.169580,Pdgfra,0,true
146.097715,6.175075,Ttr,8,false
53.674206,122.573526,Pdgfra,0,true
14.560740,46.494119,Slc17a7,17,false
65.153887,88.554976,Pdgfra,36,false
145.972659,31.977241,Slc17a7,16,false
87.181484,69.692062,Slc17a7,29,false
12.550819,10.477007,Ttr,1,false
68.886035,129.127362,Aldoc,52,false
34.612170,126.206620,Aldoc,50,false
66.433913,48.383738,Slc17a7,20,false
122.968517,70.121222,Gad1,31,false
103.943471,33.050948,Ttr,14,false
18.962626,7.363851,Slc17a7,1,false
12.127649,103.576182,Pdgfra,41,false
48.838341,64.622425,Aldoc,27,false
87.714442,67.379997,Pdgfra,29,false
149.434763,130.003784,Pdgfra,56,false
33.923262,143.002384,Gad1,58,false
105.271161,8.975390,Pdgfra,6,false
32.719443,145.354340,Sox10,58,false
130.912412,84.574524,Aldoc,39,false
34.060140,58.688633,Aldoc,0,true
30.830132,10.442714,Slc17a7,2,false
50.765552,152.389074,Slc17a7,59,false
9.488711,12.788059,Sox10,1,false
10.638634,34.439213,Slc17a7,9,false
3.616392,136.702218,Aldoc,0,true
30.403953,56.080787,Pdgfra,18,false
31.711591,55.497681,Sox10,18,false
6.693100,8.018212,Ttr,1,false
29.845749,50.664916,Sox10,18,false
51.519691,66.461410,Aldoc,27,false
14.689824,13.323252,Slc17a7,1,false
110.153216,109.129999,Gad1,46,false
119.583569,30.198446,Aldoc,15,false
108.450378,48.603582,Pdgfra,22,false
28.210018,150.337673,Gad1,58,false
7.766097,32.445764,Aldoc,9,false
105.976513,89.421537,Slc17a7,38,false
26.113920,131.783429,Slc17a7,50,false
89.139038,90.863897,Pdgfra,37,false
111.712585,7.778716,Aldoc,6,false
124.586473,123.740615,Gad1,55,false
103.860542,11.650705,Ttr,6,false
14.325871,106.885175,Slc17a7,41,false
9.846036,30.820416,Sox10,9,false
121.384125,50.768152,Aldoc,23,false
6.737833,71.217529,Pdgfra,25,false
145.919375,67.849498,Slc17a7,32,false
49.875212,149.103860,Slc17a7,59,false
85.715055,12.517807,Slc17a7,5,false
126.515983,130.348543,Pdgfra,55,false
30.378352,48.928619,Aldoc,18,false
65.859127,142.818556,Aldoc,60,false
33.331860,30.181312,Gad1,10,false
147.722583,51.431869,Aldoc,24,false
87.640774,10.403752,Slc17a7,5,false
144.162938,107.681220,Aldoc,48,false
31.026913,47.991909,Slc17a7,0,true
68.454099,10.884923,Gad1,4,false
53.324220,47.774413,Pdgfra,19,false
107.639016,87.638379,Slc17a7,38,false
145.786399,48.165757,Aldoc,24,false
72.959067,10.572597,Gad1,4,false
145.677020,70.563181,Slc17a7,32,false
30.056942,33.083721,Gad1,10,false
142.705719,104.404496,Slc17a7,48,false
45.019682,32.309988,Slc17a7,11,false
2.517557,157.643777,Ttr,0,true
91.044830,51.202131,Sox10,21,false
12.443046,86.390478,Sox10,33,false
29.869154,68.022573,Pdgfra,26,false
147.244239,51.894588,Aldoc,24,false
16.138662,100.549118,Slc17a7,41,false
142.805430,88.333168,Pdgfra,40,false
48.689215,51.466952,Gad1,19,false
141.856086,2.905745,Aldoc,0,true
84.608938,30.061525,Gad1,13,false
112.177056,84.369231,Pdgfra,0,true
11.761461,103.387318,Gad1,41,false
74.636838,111.868429,Sox10,0,true
89.249941,50.269449,Aldoc,21,false
92.579596,111.199807,Ttr,45,false
108.346121,49.183438,Gad1,22,false
51.447426,65.094399,Ttr,27,false
45.288276,124.849185,Sox10,51,false
85.091783,105.386833,Gad1,45,false
15.787508,141.248304,Ttr,57,false
50.694037,8.623909,Aldoc,3,false
46.958623,101.444315,Gad1,43,false
104.032009,87.593987,Pdgfra,38,false
107.444918,13.053570,Sox10,0,true
36.122650,69.770696,Aldoc,26,false
66.021464,86.655502,Aldoc,36,false
35.141516,105.007797,Sox10,42,false
17.122144,125.686325,Ttr,49,false
11.398717,140.335728,Ttr,57,false
49.875232,66.389031,Aldoc,27,false
77.482195,156.337548,Sox10,0,true
147.489283,83.711159,Aldoc,40,false
92.330391,129.183278,Ttr,53,false
47.807294,28.736860,Sox10,11,false
48.167029,123.996105,Aldoc,51,false
68.013072,13.397100,Slc17a7,4,false
91.156846,12.925251,Gad1,5,false
106.065095,125.086886,Sox10,54,false
69.196591,145.661834,Aldoc,60,false
104.115981,130.010562,Aldoc,54,false
75.430160,145.413793,Gad1,60,false
16.534513,32.548763,Sox10,9,false
30.132629,92.928180,Slc17a7,34,false
6.111515,71.898681,Gad1,25,false
31.928442,88.126779,Gad1,34,false
47.335072,106.242737,Sox10,43,false
55.896705,86.393577,Slc17a7,0,true
32.385476,110.543018,Aldoc,42,false
126.779188,14.825370,Slc17a7,7,false
46.958424,124.690714,Aldoc,51,false
49.871755,31.886425,Slc17a7,11,false
47.752814,124.965646,Gad1,51,false
69.591478,124.001997,Aldoc,52,false
102.084850,71.075452,Gad1,30,false
67.439269,11.951504,Slc17a7,4,false
32.399086,124.512535,Slc17a7,50,false
109.961673,4.966684,Aldoc,0,true
142.820542,105.144802,Sox10,48,false
66.064419,86.326183,Aldoc,36,false
50.751113,52.366775,Gad1,19,false
109.374009,106.145135,Ttr,46,false
113.483122,106.543416,Sox10,46,false
35.300132,144.244931,Gad1,58,false
116.261359,125.704372,Gad1,0,true
29.023402,54.124280,Aldoc,18,false
147.198654,52.198638,Aldoc,24,false
29.868210,129.314775,Slc17a7,50,false
55.842401,88.063827,Slc17a7,35,false
105.787120,27.696028,Slc17a7,14,false
68.797963,89.659603,Aldoc,36,false
124.272285,129.017039,Gad1,55,false
90.695200,9.537740,Gad1,5,false
88.409303,89.325793,Gad1,37,false
107.601248,81.094270,Slc17a7,38,false
124.448466,27.054428,Gad1,15,false
93.858038,146.311770,Gad1,0,true
9.225135,87.486959,Aldoc,33,false
145.960430,107.572862,Aldoc,48,false
108.913181,12.568265,Pdgfra,6,false
125.508540,119.346747,Gad1,55,false
91.050119,30.241309,Pdgfra,13,false
46.119195,29.123263,Slc17a7,11,false
88.525120,68.672890,Slc17a7,29,false
87.104738,123.981891,Sox10,53,false
49.340793,16.595443,Aldoc,3,false
144.734561,105.982004,Aldoc,48,false
146.923527,71.689528,Aldoc,32,false
49.733578,31.967671,Pdgfra,11,false
7.948091,49.128248,Gad1,17,false
88.342052,46.353896,Ttr,21,false
34.020928,130.461497,Slc17a7,50,false
36.876927,140.375959,Sox10,58,false
10.627725,77.319327,Pdgfra,0,true
95.422643,90.363719,Slc17a7,0,true
147.261565,29.304158,Gad1,16,false
32.079857,130.273065,Ttr,50,false
31.246522,86.012711,Ttr,34,false
106.243203,123.285966,Gad1,54,false
123.862034,9.879215,Pdgfra,7,false
31.404254,148.182315,Aldoc,58,false
54.230717,12.578085,Pdgfra,3,false
84.877007,124.016169,Slc17a7,53,false
30.303536,36.235767,Pdgfra,10,false
55.080361,7.645199,Ttr,0,true
53.983556,48.652430,Gad1,19,false
21.326683,66.723138,Sox10,0,true
49.934890,99.495503,Gad1,43,false
66.691926,124.458037,Gad1,52,false
71.534888,48.232550,Pdgfra,20,false
120.055845,51.608466,Sox10,23,false
89.156045,125.506060,Slc17a7,53,false
49.026485,67.979917,Slc17a7,27,false
111.892498,32.353733,Gad1,14,false
89.083834,107.628774,Aldoc,45,false
18.556291,30.852755,Aldoc,9,false
68.816544,121.806309,Slc17a7,52,false
145.034661,103.861407,Aldoc,48,false
71.526015,48.662424,Slc17a7,20,false
10.587533,145.513490,Ttr,57,false
64.415459,28.865602,Pdgfra,0,true
31.114046,64.912249,Slc17a7,26,false
78.231908,97.145856,Pdgfra,0,true
48.417141,28.771790,Ttr,11,false
47.097684,102.870016,Pdgfra,43,false
85.387890,123.480576,Gad1,53,false
143.807549,65.660464,Gad1,32,false
144.183375,86.320133,Aldoc,40,false
31.108664,67.325577,Pdgfra,26,false
15.011428,47.198569,Aldoc,17,false
144.056868,52.975937,Pdgfra,24,false
128.750141,33.587877,Aldoc,15,false
46.470914,17.152379,Sox10,3,false
64.859835,127.501577,Gad1,52,false
50.286219,32.969351,Slc17a7,11,false
144.939435,124.957587,Slc17a7,56,false
52.406202,89.505297,Slc17a7,35,false
10.401052,70.537132,Gad1,25,false
58.977520,16.573546,Sox10,0,true
150.126576,28.915723,Slc17a7,16,false
5.690761,49.113818,Ttr,17,false
147.115809,107.270109,Gad1,48,false
142.445479,12.548471,Ttr,8,false
72.331758,126.868618,Aldoc,52,false
27.812992,32.261675,Gad1,10,false
124.256357,13.290840,Gad1,7,false
30.914636,11.888796,Slc17a7,2,false
13.441920,146.430542,Pdgfra,57,false
66.647326,65.934155,Pdgfra,28,false
84.059367,29.657586,Gad1,13,false
30.000335,73.795811,Slc17a7,26,false
111.557780,35.533886,Slc17a7,14,false
47.617622,107.489732,Gad1,43,false
143.307077,8.305675,Sox10,8,false
29.607685,12.246087,Slc17a7,2,false
17.093852,33.337340,Slc17a7,0,true
122.212624,124.614016,Gad1,55,false
121.818190,85.189078,Slc17a7,0,true
36.529819,49.454848,Slc17a7,18,false
143.964947,87.608450,Gad1,40,false
144.123757,102.685967,Aldoc,48,false
129.041852,11.508262,Aldoc,7,false
122.528343,35.086768,Slc17a7,15,false
32.641726,51.076953,Aldoc,18,false
68.452157,70.660701,Gad1,28,false
126.494195,88.882768,Aldoc,39,false
36.635030,12.977458,Sox10,0,true
129.287724,60.543896,Gad1,0,true
124.907205,109.751844,Slc17a7,47,false
85.228086,104.623247,Pdgfra,45,false
66.928757,141.859924,Aldoc,60,false
68.180775,86.827797,Aldoc,36,false
141.559642,51.129470,Aldoc,24,false
143.141131,10.062041,Aldoc,8,false
87.019842,51.321592,Aldoc,21,false
144.094625,88.167104,Gad1,40,false
86.328162,107.529266,Aldoc,45,false
105.533213,13.111446,Ttr,6,false
53.662856,66.062568,Aldoc,27,false
67.803074,15.010603,Ttr,4,false
33.328400,146.240113,Gad1,58,false
129.132232,104.814565,Slc17a7,47,false
128.507796,107.118400,Aldoc,47,false
41.216254,66.885972,Aldoc,0,true
52.386105,92.532143,Gad1,0,true
125.020143,85.860310,Aldoc,39,false
106.405782,9.466715,Ttr,6,false
66.188784,105.902018,Sox10,44,false
59.310984,108.591394,Gad1,0,true
149.015626,27.652000,Gad1,16,false
142.322939,130.288163,Gad1,56,false
71.059063,144.576178,Aldoc,60,false
99.628373,97.839395,Slc17a7,0,true
144.360236,68.290893,Sox10,32,false
32.959744,128.037852,Slc17a7,50,false
28.997226,30.277215,Gad1,10,false
47.344739,101.987439,Pdgfra,43,false
143.420522,71.262449,Slc17a7,32,false
109.176426,70.902044,Aldoc,30,false
49.079280,122.668103,Aldoc,51,false
126.278219,72.360635,Ttr,31,false
32.128518,34.267254,Gad1,10,false
16.225224,70.258152,Pdgfra,25,false
64.112748,86.652342,Slc17a7,0,true
128.967339,111.487029,Pdgfra,47,false
51.214980,44.987152,Slc17a7,19,false
125.459037,71.819208,Gad1,31,false
136.640952,29.867090,Gad1,16,false
105.949161,14.085904,Aldoc,6,false
51.229730,123.755476,Aldoc,51,false
34.354766,87.996351,Sox10,34,false
30.270421,120.266156,Slc17a7,50,false
69.735748,13.595157,Gad1,4,false
71.297104,52.327339,Sox10,20,false
106.069941,50.873439,Sox10,22,false
104.322957,17.692585,Aldoc,6,false
49.666493,35.281162,Slc17a7,11,false
35.118663,72.821135,Slc17a7,26,false
106.664005,33.401900,Aldoc,14,false
